merchant_id,corridor,category,latitude,longitude,geo_precision,hotspot_min_dist_km,hotspot_proximity_score,hotspot_count_3km,nearest_hotspot,review_lang_share_source,n_reviews_sampled,name_script_source_share,exposure_score,exposure_components
ChIJ2e6Uu2kU2jERJNBBNMoMnN8,CN->SG,Beverage,1.4265573,103.8428669,crawler_exact,13.595,0.001117,0,Orchard Road,,0,0.0,0.29048582995951416,2
ChIJ5WGfo3o92jERLPxTnQ3j2Os,CN->SG,Beverage,1.3610215,103.9402422,crawler_exact,5.488,0.06432,0,Jewel Changi,,0,0.20689655172413793,0.6977058029689609,2
ChIJB4DN1L4R2jERRJdF4b8bKN8,CN->SG,Beverage,1.3784114,103.7546976,crawler_exact,11.852,0.00267,0,Orchard Road,,0,0.0,0.3107287449392713,2
ChIJM68ux0w92jER9yE2WrntyL4,CN->SG,Beverage,1.3256433,103.9290071,crawler_exact,7.749,0.020762,0,Jewel Changi,,0,0.0,0.37483130904183537,2
ChIJt_9UaBs92jERInQc82L3oP4,CN->SG,Beverage,1.3535555,103.9539729,crawler_exact,4.027,0.133537,0,Jewel Changi,,0,0.0,0.5172064777327936,2
ChIJydiQ65YZ2jERt_T20MW04xo,CN->SG,Beverage,1.3019385,103.840625,crawler_exact,1.031,0.597097,5,Orchard Road,,0,0.2857142857142857,0.8893387314439947,2
ChIJ-0DAQI4a2jERVIPajSdgj58,CN->SG,Food,1.3142853,103.7650862,crawler_exact,7.491,0.023625,0,Orchard Road,,0,0.18421052631578946,0.641025641025641,2
ChIJ-5vUSgsZ2jER8xAGp9SfK68,CN->SG,Food,1.2855584,103.8450154,crawler_exact,0.452,0.797754,7,Chinatown / Niu Che Shui,,0,0.0,0.6933198380566802,2
ChIJ-YcVucUV2jERo4NKS9Wl7WE,CN->SG,Food,1.428485,103.826507,crawler_exact,13.766,0.001025,0,Orchard Road,,0,0.0,0.2898110661268556,2
ChIJ-acM4LcZ2jERI5kCVYDvokk,CN->SG,Food,1.307781,103.857714,crawler_exact,0.824,0.662469,6,Bugis Street,,0,0.0,0.6460863697705803,2
ChIJ-b2mGjgT2jERStYhYNjd0eU,CN->SG,Food,1.427508,103.7920485,crawler_exact,14.342,0.000768,0,Orchard Road,,0,0.0,0.28643724696356276,2
ChIJ-d2VabkR2jERYQ1K_MKnO1M,CN->SG,Food,1.334501,103.735502,crawler_exact,11.203,0.003693,0,Orchard Road,,0,0.0,0.3188259109311741,2
ChIJ-zvlIDQZ2jERQmjhYTdSKMg,CN->SG,Food,1.3048733,103.8135205,crawler_exact,2.032,0.362026,1,Orchard Road,,0,0.0,0.6015519568151146,2
ChIJ01fgzLUe2jERxlhvImcbZ7g,CN->SG,Food,1.2476808,103.8420723,crawler_exact,2.149,0.341399,1,Sentosa / Resorts World,,0,0.0,0.5975033738191633,2
ChIJ04oiK_kZ2jERX0ctMP0WwiY,CN->SG,Food,1.3219317,103.8245858,crawler_exact,2.067,0.355779,1,Orchard Road,,0,0.0,0.6002024291497976,2
ChIJ09w94vg92jERb-r87uDlCOc,CN->SG,Food,1.3414933,103.918978,crawler_exact,8.119,0.01726,0,Jewel Changi,,0,0.0,0.36403508771929827,2
ChIJ0zevoBEZ2jER9eYTLSlcX1Q,CN->SG,Food,1.2803318,103.8475438,crawler_exact,0.332,0.847246,6,Chinatown / Niu Che Shui,,0,0.0,0.7189608636977058,2
ChIJ1-cdD7EZ2jERRwu1YXcr6jk,CN->SG,Food,1.301179,103.859969,crawler_exact,0.457,0.795768,6,Bugis Street,,0,0.0,0.6926450742240216,2
ChIJ10ST3Vo92jERg2zwKGJ5FKs,CN->SG,Food,1.3597824,103.9904808,crawler_exact,0.104,0.949287,1,Jewel Changi,,0,0.0,0.7324561403508771,2
ChIJ1TIAJCMa2jERxEA9Zo_-TMs,CN->SG,Food,1.3019405,103.8116485,crawler_exact,2.263,0.32261,1,Orchard Road,,0,0.0,0.5927800269905533,2
ChIJ1UPefHIZ2jERNw75Jntk0oM,CN->SG,Food,1.2794333,103.8416097,crawler_exact,0.423,0.80953,6,Chinatown / Niu Che Shui,,0,0.0,0.6980431848852902,2
ChIJ1_EJz8cZ2jERdsetNXi_zHc,CN->SG,Food,1.3095518,103.855504,crawler_exact,0.996,0.607633,5,Bugis Street,,0,0.0,0.6292172739541161,2
ChIJ1bio5vwV2jERYTVD256o8FQ,CN->SG,Food,1.3272183,103.6785455,crawler_exact,17.218,0.000182,0,Orchard Road,,0,0.0,0.25573549257759787,2
ChIJ1ceJAYIZ2jERBDq8G-PB1Ck,CN->SG,Food,1.3324028,103.8850935,crawler_exact,4.8,0.090729,0,Bugis Street,,0,0.0,0.48144399460188936,2
ChIJ1d0-d6oZ2jERbqzDiEHTuS8,CN->SG,Food,1.312811,103.8541745,crawler_exact,1.371,0.503766,4,Bugis Street,,0,0.0,0.6123481781376519,2
ChIJ1z1rl4YX2jER5Dm8jwFIGjY,CN->SG,Food,1.3303589,103.875493,crawler_exact,3.962,0.137963,0,Bugis Street,,0,0.0,0.5226045883940621,2
ChIJ26f-6Z4Z2jERGpsI6a3XdiU,CN->SG,Food,1.2919659,103.8426977,crawler_exact,0.446,0.80031,7,Clarke Quay,,0,0.0,0.6946693657219973,2
ChIJ27Nx_BgZ2jER-eTIMZ8ZORM,CN->SG,Food,1.3121512,103.8746939,crawler_exact,2.452,0.293392,1,Bugis Street,,0,0.0,0.5894062078272604,2
ChIJ2QyAErEb2jER2La0cesrzwA,CN->SG,Food,1.2529859,103.8205133,crawler_exact,0.382,0.825975,1,Sentosa / Resorts World,,0,0.0,0.7108636977058029,2
ChIJ2XAPSDYQ2jEROm78Hw5Pgos,CN->SG,Food,1.357657,103.7506629,crawler_exact,10.766,0.004595,0,Orchard Road,,0,0.0,0.33299595141700405,2
ChIJ2Y8ISqI92jERJAkMl3WwlXA,CN->SG,Food,1.3935658,103.9177688,crawler_exact,8.81,0.012219,0,Jewel Changi,,0,0.0,0.35728744939271256,2
ChIJ2cHrHK8P2jERrEVc8kgYqmg,CN->SG,Food,1.3294537,103.682807,crawler_exact,16.788,0.000226,0,Orchard Road,,0,0.0,0.2655195681511471,2
ChIJ2czce3IZ2jERsxb9tAMRD-Q,CN->SG,Food,1.2803389,103.8420164,crawler_exact,0.335,0.84565,7,Chinatown / Niu Che Shui,,0,0.0,0.7182860998650472,2
ChIJ31zEWooZ2jERhwUgBDWxuok,CN->SG,Food,1.305035,103.823845,crawler_exact,0.885,0.64252,2,Orchard Road,,0,0.0,0.6390013495276653,2
ChIJ34jrBNQi2jER8TS0jo_zrsY,CN->SG,Food,1.3320173,103.9462022,crawler_exact,5.747,0.056509,0,Jewel Changi,,0,0.07894736842105263,0.6761133603238866,2
ChIJ38SghT4Y2jER5Fe3J-Thu8M,CN->SG,Food,1.3117522,103.8877748,crawler_exact,3.754,0.153039,0,Bugis Street,,0,0.0,0.5280026990553306,2
ChIJ3ZiRQ0wR2jER9oCv4f9T9oY,CN->SG,Food,1.3423657,103.7752408,crawler_exact,7.549,0.022954,0,Orchard Road,,0,0.0,0.38292847503373817,2
ChIJ3bz7o1gF2jERqm8AJ08dOnI,CN->SG,Food,1.327209,103.678718,crawler_exact,17.199,0.000184,0,Orchard Road,,0,0.0,0.25809716599190285,2
ChIJ3x67XiIZ2jERNLoiO6raxGU,CN->SG,Food,1.295069,103.8599416,crawler_exact,0.762,0.683297,6,Bugis Street,,0,0.0,0.652834008097166,2
ChIJ4-VvVKQZ2jERpID4oMNCeLU,CN->SG,Food,1.2939134,103.8538711,crawler_exact,0.777,0.678082,7,Bugis Street,,0,0.0,0.6514844804318489,2
ChIJ40aBt_8W2jERuo-1JPazw4o,CN->SG,Food,1.3652583,103.8658003,crawler_exact,7.273,0.026339,0,Bugis Street,,0,0.0,0.3964237516869096,2
ChIJ487Dp2oR2jERTV1zM0iJNYo,CN->SG,Food,1.3305038,103.7443055,crawler_exact,10.138,0.00629,0,Orchard Road,,0,0.0,0.34210526315789475,2
ChIJ48Vict4b2jERkC8mMbyY8_o,CN->SG,Food,1.3418745,103.8113082,crawler_exact,4.71,0.094893,0,Orchard Road,,0,0.0,0.4875168690958165,2
ChIJ4SkXHigZ2jERe_tpWCuslzs,CN->SG,Food,1.2788698,103.8438265,crawler_exact,0.312,0.855625,6,Chinatown / Niu Che Shui,,0,0.0,0.7196356275303644,2
ChIJ4VIYcYM92jER3JjwNuznRrU,CN->SG,Food,1.3521977,103.9416774,crawler_exact,5.399,0.067231,0,Jewel Changi,,0,0.0,0.44365721997300944,2
ChIJ4ctYDaEZ2jERmhYhjWkjIf4,CN->SG,Food,1.2973463,103.857383,crawler_exact,0.398,0.81972,7,Bugis Street,,0,0.0,0.7061403508771931,2
ChIJ4fVxTf8b2jERtNRUV2Ng-0Q,CN->SG,Food,1.2524212,103.8161708,crawler_exact,0.866,0.648526,1,Sentosa / Resorts World,,0,0.0,0.6413630229419703,2
ChIJ4w9Rwbwb2jERbaN2kBT1Eqw,CN->SG,Food,1.2775513,103.8174644,crawler_exact,2.712,0.257709,1,Sentosa / Resorts World,,0,0.0,0.5725371120107963,2
ChIJ5-gaDK8Z2jERSUw9L4HrdK8,CN->SG,Food,1.2946756,103.8582806,crawler_exact,0.71,0.701197,6,Bugis Street,,0,0.0,0.657557354925776,2
ChIJ5SCE0q4e2jERLiATjgKeV90,CN->SG,Food,1.2457724,103.8267834,crawler_exact,0.973,0.614734,1,Sentosa / Resorts World,,0,0.0,0.6332658569500675,2
ChIJ5UCkFuEH2jERbLSqUpAAb4c,CN->SG,Food,1.3154265,103.6316115,crawler_exact,22.286,1.4e-05,0,Orchard Road,,0,0.0,0.24021592442645073,2
ChIJ5XjbxhgQ2jERM4SnMVct6-Q,CN->SG,Food,1.3446764,103.7353697,crawler_exact,11.601,0.003027,0,Orchard Road,,0,0.0,0.3147773279352227,2
ChIJ5ySHC3IZ2jERu-xiMMTjAVE,CN->SG,Food,1.3058022,103.810095,crawler_exact,2.415,0.298879,1,Orchard Road,,0,0.0,0.590080971659919,2
ChIJ5yUNSEUa2jERwFbLzYcct0g,CN->SG,Food,1.2996794,103.78726,crawler_exact,4.984,0.082745,0,Orchard Road,,0,0.0,0.4719973009446694,2
ChIJ60i8_RYY2jER0Ah_GzYBzeY,CN->SG,Food,1.3149417,103.8945413,crawler_exact,4.582,0.101162,0,Bugis Street,,0,0.0,0.49291497975708504,2
ChIJ6WJrhG0Z2jERFtVbDrD08jM,CN->SG,Food,1.2939004,103.8418116,crawler_exact,0.631,0.729388,7,Clarke Quay,,0,0.0,0.6690283400809717,2
ChIJ6ZICzEwP2jERlb1OvfWlxrk,CN->SG,Food,1.3425467,103.6354306,crawler_exact,22.229,1.5e-05,0,Orchard Road,,0,0.0,0.2432523616734143,2
ChIJ6c_XS6oV2jERnoFBMjB_LbE,CN->SG,Food,1.4344224,103.823281,crawler_exact,14.444,0.00073,0,Orchard Road,,0,0.0,0.28373819163292846,2
ChIJ6w20tYcP2jERTgGjpchB0Ng,CN->SG,Food,1.335214,103.7061558,crawler_exact,14.371,0.000758,0,Orchard Road,,0,0.0,0.2850877192982456,2
ChIJ6wtcjx0Z2jERgop9RFB4BCU,CN->SG,Food,1.30649,103.8519744,crawler_exact,0.787,0.674688,6,Bugis Street,,0,0.0,0.6494601889338731,2
ChIJ6yveHwAR2jER1AW2Ffr0uZ4,CN->SG,Food,1.3571577,103.7630314,crawler_exact,9.609,0.008192,0,Orchard Road,,0,0.0,0.35121457489878544,2
ChIJ74mSCrsi2jERJG7qojkJU-k,CN->SG,Food,1.3132206,103.9293525,crawler_exact,8.111,0.017325,0,Gardens by the Bay,,0,0.0,0.3647098515519568,2
ChIJ756pFwsf2jERSX3p6a-SwwI,CN->SG,Food,1.2472748,103.8399516,crawler_exact,1.945,0.378127,1,Sentosa / Resorts World,,0,0.0,0.604251012145749,2
ChIJ75ZsIMsX2jERnk3vHq-qutQ,CN->SG,Food,1.3627025,103.8939807,crawler_exact,8.1,0.017424,0,Bugis Street,,0,0.0,0.3653846153846154,2
ChIJ77snggwG2jER0wYRCz2-4yM,CN->SG,Food,1.3108778,103.630262,crawler_exact,22.414,1.4e-05,0,Orchard Road,,0,0.0,0.24021592442645073,2
ChIJ7VRKwAY92jERecn25Uf7_J8,CN->SG,Food,1.3600744,103.9536754,crawler_exact,3.994,0.135775,0,Jewel Changi,,0,0.0,0.5192307692307692,2
ChIJ80ZPPvUR2jERsK-jEZy1Owc,CN->SG,Food,1.330109,103.744756,crawler_exact,10.077,0.006483,0,Orchard Road,,0,0.0,0.3431174089068826,2
ChIJ82KCjowZ2jER37FvW5wmONU,CN->SG,Food,1.3061111,103.8286111,crawler_exact,0.383,0.825594,2,Orchard Road,,0,0.0,0.7101889338731444,2
ChIJ8TTpmsk92jERNHpupLAkT3Q,CN->SG,Food,1.3320183,103.9461061,crawler_exact,5.756,0.056258,0,Jewel Changi,,0,0.0,0.4335357624831309,2
ChIJ8VPbCQcY2jER_UWNKLjbjgQ,CN->SG,Food,1.3191889,103.9124729,crawler_exact,6.62,0.036517,0,Bugis Street,,0,0.0,0.4126180836707153,2
ChIJ8_VREaYR2jERtLdaxL0W1Sc,CN->SG,Food,1.3483489,103.7442538,crawler_exact,10.87,0.004361,0,Orchard Road,,0,0.0,0.3296221322537112,2
ChIJ9-t6OzsY2jER4mR3gW7x-s8,CN->SG,Food,1.3161875,103.8833377,crawler_exact,3.508,0.173062,0,Bugis Street,,0,0.2222222222222222,0.7908232118758434,2
ChIJ93wE0BcY2jERorSvVjCkWN8,CN->SG,Food,1.3151274,103.8917245,crawler_exact,4.298,0.116623,0,Bugis Street,,0,0.0,0.5043859649122807,2
ChIJ978lPHYP2jERf2c1HxrwMsQ,CN->SG,Food,1.332714,103.678929,crawler_exact,17.275,0.000177,0,Orchard Road,,0,0.0,0.25472334682861,2
ChIJ98EW-_g92jERT1piAsJAnow,CN->SG,Food,1.3933217,103.9176177,crawler_exact,8.813,0.012196,0,Jewel Changi,,0,0.0,0.356612685560054,2
ChIJ99TNbQ0Z2jERRn54Uqk3ojc,CN->SG,Food,1.3130143,103.8260798,crawler_exact,1.113,0.573228,1,Orchard Road,,0,0.14285714285714285,0.8717948717948718,2
ChIJ9ciIgO892jERUNJPC3z_jKA,CN->SG,Food,1.3427303,103.9530181,crawler_exact,4.502,0.105296,0,Jewel Changi,,0,0.0,0.49730094466936575,2
ChIJ9coFPjQY2jERbycvhMP_z-w,CN->SG,Food,1.3110978,103.8725542,crawler_exact,2.189,0.334764,1,Bugis Street,,0,0.0,0.5968286099865048,2
ChIJ9y7Rbo4a2jERLC1BGHJVV_w,CN->SG,Food,1.3151,103.7647806,crawler_exact,7.538,0.023077,0,Orchard Road,,0,0.13333333333333333,0.6322537112010795,2
ChIJA17IiV4X2jERbNjg85Wi4NU,CN->SG,Food,1.2945449,103.7961273,crawler_exact,4.126,0.127053,0,Orchard Road,,0,0.0,0.5104588394062078,2
ChIJA3PsA1QX2jER0STfSUKNqbU,CN->SG,Food,1.3332616,103.878829,crawler_exact,4.437,0.108772,0,Bugis Street,,0,0.0,0.5016869095816464,2
ChIJAQAAsAAc2jERbbHzLY1ImcM,CN->SG,Food,1.2516525,103.8171855,crawler_exact,0.78,0.676962,1,Sentosa / Resorts World,,0,0.0,0.6508097165991903,2
ChIJAXBY2D0U2jERZWpNAYMidOw,CN->SG,Food,1.4136054,103.8448136,crawler_exact,12.185,0.00226,0,Orchard Road,,0,0.0,0.30398110661268557,2
ChIJAaUa-RcU2jERfUdAHPUblEQ,CN->SG,Food,1.4109962,103.8443196,crawler_exact,11.89,0.002619,0,Orchard Road,,0,0.0,0.3093792172739541,2
ChIJAbqMFbsi2jEROYuBNPvVbvI,CN->SG,Food,1.3070356,103.9043681,crawler_exact,5.342,0.069177,0,Gardens by the Bay,,0,0.0,0.44635627530364375,2
ChIJAdJ_1hQ92jERP1rHP9LQY2Q,CN->SG,Food,1.3467606,103.9380649,crawler_exact,5.918,0.051877,0,Jewel Changi,,0,0.0,0.4274628879892038,2
ChIJAwFUL6QQ2jERRnZAgGX_g1k,CN->SG,Food,1.3317747,103.806434,crawler_exact,4.117,0.127657,0,Orchard Road,,0,0.0,0.511808367071525,2
ChIJAyjVlcs82jERAt-b0q8rhoM,CN->SG,Food,1.3292506,103.9796745,crawler_exact,3.603,0.165019,0,Jewel Changi,,0,0.0,0.5300269905533064,2
ChIJB6GpqcIT2jER9K6akoOWj14,CN->SG,Food,1.4347341,103.7860973,crawler_exact,15.315,0.000472,0,Orchard Road,,0,0.047619047619047616,0.5128205128205128,2
ChIJBUNpgbAX2jERZR8GXn-t9-o,CN->SG,Food,1.3322686,103.892106,crawler_exact,5.348,0.06898,0,Bugis Street,,0,0.0,0.44568151147098517,2
ChIJBaFPaMEj2jERDH3HboYBSX8,CN->SG,Food,1.3127347,103.9240304,crawler_exact,7.557,0.022852,0,Gardens by the Bay,,0,0.07547169811320754,0.6228070175438597,2
ChIJBcVP76MZ2jEROyOCv2NE8v4,CN->SG,Food,1.3972416,103.9615845,crawler_exact,5.173,0.0753,0,Jewel Changi,,0,0.0,0.45445344129554655,2
ChIJBcgWhBEY2jERvkEpJH2j-iQ,CN->SG,Food,1.3125473,103.9002718,crawler_exact,5.108,0.077754,0,Bugis Street,,0,0.0,0.4645748987854251,2
ChIJBf9ijzgZ2jERVOfl83L9Gfw,CN->SG,Food,1.2860955,103.8499191,crawler_exact,0.515,0.772891,7,Merlion Park,,0,0.0,0.6825236167341431,2
ChIJBwvgX8492jERuGqgO6qiZPc,CN->SG,Food,1.3618455,103.9902021,crawler_exact,0.205,0.902439,1,Jewel Changi,,0,0.0,0.7284075573549258,2
ChIJBxcAf-IZ2jERpPV_h8SXdXk,CN->SG,Food,1.2718599,103.8023731,crawler_exact,3.101,0.212115,0,Sentosa / Resorts World,,0,0.0,0.5516194331983806,2
ChIJC4p6u00X2jERvdPg-FGB6-M,CN->SG,Food,1.3756625,103.9550846,crawler_exact,4.209,0.121905,0,Jewel Changi,,0,0.0,0.5064102564102564,2
ChIJC690iKYi2jERvmTCA-JjDn8,CN->SG,Food,1.3142974,103.9194291,crawler_exact,7.193,0.027421,0,Gardens by the Bay,,0,0.0,0.39709851551956815,2
ChIJCSu9KUIQ2jERmAlWHXSKk9U,CN->SG,Food,1.3476898,103.7580109,crawler_exact,9.488,0.008702,0,Orchard Road,,0,0.0,0.35323886639676116,2
ChIJCXYS9GMZ2jER3VTObljuSjc,CN->SG,Food,1.3081398,103.8508054,crawler_exact,1.012,0.602977,5,Bugis Street,,0,0.0,0.6285425101214575,2
ChIJC_Bo7lYZ2jERATwK_6d9UUA,CN->SG,Food,1.3042087,103.904484,crawler_exact,5.194,0.074501,0,Gardens by the Bay,,0,0.0,0.4531039136302294,2
ChIJCaCSXqwi2jERDYg02QOWzng,CN->SG,Food,1.3235722,103.9220387,crawler_exact,7.783,0.02041,0,Bugis Street,,0,0.0,0.37280701754385964,2
ChIJCxTorhMY2jER96kxaVyOcZc,CN->SG,Food,1.3100053,103.8993095,crawler_exact,4.938,0.084682,0,Bugis Street,,0,0.0,0.47537112010796223,2
ChIJCzL6GnwW2jERtpXp_2IKVbI,CN->SG,Food,1.396217,103.8729069,crawler_exact,10.799,0.004519,0,Bugis Street,,0,0.0,0.3323211875843455,2
ChIJCzqSjTE92jERCxig5QFo4o8,CN->SG,Food,1.3311377,103.9475055,crawler_exact,5.681,0.058411,0,Jewel Changi,,0,0.0,0.43623481781376516,2
ChIJD-HIEdkT2jERTPBGsoeo-dg,CN->SG,Food,1.4044329,103.7935492,crawler_exact,11.867,0.00265,0,Orchard Road,,0,0.0,0.3100539811066127,2
ChIJDVTpC_8S2jERSz_upFj7WYo,CN->SG,Food,1.4539459,103.7776873,crawler_exact,17.642,0.000148,0,Orchard Road,,0,0.0,0.24932523616734142,2
ChIJDY2nRIQZ2jERIIYwqhVhqSY,CN->SG,Food,1.2952109,103.8295574,crawler_exact,1.095,0.578389,5,Orchard Road,,0,0.0,0.6244939271255061,2
ChIJDbcktlQ92jER_Ao30nl1TYs,CN->SG,Food,1.3270906,103.9187045,crawler_exact,7.578,0.022622,0,Bugis Street,,0,0.0,0.3809041835357625,2
ChIJDc8qzwkZ2jERhTL-WDLdqMk,CN->SG,Food,1.3139756,103.8872723,crawler_exact,3.791,0.150211,0,Bugis Street,,0,0.0,0.5266531713900136,2
ChIJDfXnoY8X2jERliGvwx0x__Y,CN->SG,Food,1.359469,103.8851289,crawler_exact,7.308,0.025887,0,Bugis Street,,0,0.0,0.3943994601889339,2
ChIJDxsfxWYZ2jER66T76Wy5Stw,CN->SG,Food,1.3037177,103.9029408,crawler_exact,5.017,0.081371,0,Gardens by the Bay,,0,0.0,0.46963562753036436,2
ChIJE0M5ac8F2jER4VyguvgqOAg,CN->SG,Food,1.3271996,103.6786162,crawler_exact,17.21,0.000183,0,Orchard Road,,0,0.0,0.25708502024291496,2
ChIJE8Ua3jsX2jERAG8RxkneTfg,CN->SG,Food,1.3595524,103.8884823,crawler_exact,7.489,0.023644,0,Bugis Street,,0,0.0,0.3890013495276653,2
ChIJE8vfxYoV2jERyXYCN80Q6lk,CN->SG,Food,1.4069042,103.9018729,crawler_exact,11.054,0.003978,0,Jewel Changi,,0,0.0,0.3215249662618084,2
ChIJEVP4-TsQ2jERgoJNF34c_Hs,CN->SG,Food,1.3503551,103.7459189,crawler_exact,10.808,0.004499,0,Orchard Road,,0,0.0,0.3316464237516869,2
ChIJEWNnq5of2jER69_bjd4nzlg,CN->SG,Food,1.2492482,103.8244513,crawler_exact,0.533,0.765936,1,Sentosa / Resorts World,,0,0.0,0.6784750337381916,2
ChIJEbQ9xpYZ2jERyBrI8a2FtEY,CN->SG,Food,1.2803733,103.8438899,crawler_exact,0.161,0.922639,6,Chinatown / Niu Che Shui,,0,0.0,0.7317813765182186,2
ChIJF9leE50Z2jER4uEdueSxtsM,CN->SG,Food,1.2896087,103.8358913,crawler_exact,1.186,0.552788,6,Clarke Quay,,0,0.0,0.6190958164642375,2
ChIJFUNR1fgZ2jER8_PFL26c8Ao,CN->SG,Food,1.3217087,103.8253106,crawler_exact,2.014,0.365348,1,Orchard Road,,0,0.0,0.6022267206477733,2
ChIJFZItt4EU2jERs4G5nrj3tTk,CN->SG,Food,1.4420426,103.823434,crawler_exact,15.289,0.000479,0,Orchard Road,,0,0.0,0.27564102564102566,2
ChIJFdruaMEb2jERMCmyEfu4Tws,CN->SG,Food,1.2738884,103.8033299,crawler_exact,3.173,0.204621,0,Sentosa / Resorts World,,0,0.0,0.5475708502024291,2
ChIJFw8zxhQY2jER2QJnMRERk90,CN->SG,Food,1.3082024,103.8953429,crawler_exact,4.465,0.107235,0,Bugis Street,,0,0.0,0.49966261808367074,2
ChIJFykj1mEQ2jER50T02kGd1OY,CN->SG,Food,1.3425021,103.7753333,crawler_exact,7.548,0.022956,0,Orchard Road,,0,0.0,0.3836032388663968,2
ChIJFzRwWakQ2jER4xnnIvUAwG4,CN->SG,Food,1.330341,103.8157055,crawler_exact,3.357,0.18669,0,Orchard Road,,0,0.0,0.5387989203778678,2
ChIJFzRwWakQ2jERhCPJUvP8VQM,CN->SG,Food,1.3308434,103.8160288,crawler_exact,3.385,0.184035,0,Orchard Road,,0,0.0,0.5381241565452092,2
ChIJG4HBP5M82jERqbo7uo6pc-g,CN->SG,Food,1.3552177,103.9859232,crawler_exact,0.68,0.711931,1,Jewel Changi,,0,0.0,0.6609311740890689,2
ChIJG5k102MQ2jER0OMTkkFt5XI,CN->SG,Food,1.3409149,103.7724501,crawler_exact,7.724,0.021029,0,Orchard Road,,0,0.0,0.3755060728744939,2
ChIJGVCKbHEY2jERe4sLs53yWvg,CN->SG,Food,1.3011283,103.9065943,crawler_exact,5.25,0.072451,0,Gardens by the Bay,,0,0.0,0.4510796221322537,2
ChIJH2qMV_Ab2jERmx2LbOg0S1Y,CN->SG,Food,1.3171058,103.7571912,crawler_exact,8.406,0.01495,0,Orchard Road,,0,0.0,0.3599865047233468,2
ChIJH8LySQkZ2jERFAGAVveJaA0,CN->SG,Food,1.3069216,103.9045661,crawler_exact,5.354,0.068763,0,Gardens by the Bay,,0,0.0,0.4450067476383266,2
ChIJHQALBw8Q2jERTRbxK3smjw0,CN->SG,Food,1.3336757,103.7425569,crawler_exact,10.427,0.005441,0,Orchard Road,,0,0.0,0.3390688259109312,2
ChIJHTeC7DUQ2jERQJ0WFpTQDCs,CN->SG,Food,1.361389,103.7512015,crawler_exact,10.949,0.004193,0,Orchard Road,,0,0.0,0.3255735492577598,2
ChIJHWpH1g0Q2jERAwYNmAwf7_g,CN->SG,Food,1.3349575,103.7468492,crawler_exact,10.021,0.006667,0,Orchard Road,,0,0.0,0.34446693657219973,2
ChIJHcaYLpMP2jERjhDMRZ9A7-k,CN->SG,Food,1.3399211,103.7058776,crawler_exact,14.533,0.000699,0,Orchard Road,,0,0.13636363636363635,0.529689608636977,2
ChIJHenLA_ET2jERbOlUI2JLLOc,CN->SG,Food,1.4694763,103.8194072,crawler_exact,18.363,0.000103,0,Orchard Road,,0,0.0,0.2479757085020243,2
ChIJHfUPa50Z2jERGJvm5OXf788,CN->SG,Food,1.2806358,103.8415896,crawler_exact,0.37,0.83127,7,Chinatown / Niu Che Shui,,0,0.0,0.7128879892037787,2
ChIJHwZEaooQ2jERl-shndvFq7I,CN->SG,Food,1.342311,103.7763425,crawler_exact,7.443,0.024193,0,Orchard Road,,0,0.0,0.391025641025641,2
ChIJI07EtWMU2jERtBIsqvMyp6E,CN->SG,Food,1.4366413,103.8374016,crawler_exact,14.673,0.000651,0,Orchard Road,,0,0.0,0.2790148448043185,2
ChIJITBrvHQG2jERcNDnppjqfR8,CN->SG,Food,1.308057,103.6314757,crawler_exact,22.209,1.5e-05,0,Sentosa / Resorts World,,0,0.0,0.2432523616734143,2
ChIJIWhO2LgZ2jER5HDOAKsQ1cA,CN->SG,Food,1.3054587,103.8521936,crawler_exact,0.679,0.711966,7,Bugis Street,,0,0.0,0.6616059379217274,2
ChIJIWql3dwP2jER2Vofb-ef4Y8,CN->SG,Food,1.3487191,103.7187866,crawler_exact,13.479,0.001183,0,Orchard Road,,0,0.0,0.2918353576248313,2
ChIJId31rWkb2jERHn7iY6qgijA,CN->SG,Food,1.289692,103.8153757,crawler_exact,2.481,0.289225,1,Orchard Road,,0,0.0,0.5873819163292848,2
ChIJIwIB3TYZ2jERc_YxKyz3ApI,CN->SG,Food,1.3052997,103.8284288,crawler_exact,0.379,0.82743,2,Orchard Road,,0,0.0,0.7122132253711201,2
ChIJIxNKcs8b2jER_qRtK-FF8z8,CN->SG,Food,1.3033447,103.8104234,crawler_exact,2.382,0.303938,1,Orchard Road,,0,0.0,0.5907557354925776,2
ChIJJ12oOwAF2jER1c9sOEh17uE,CN->SG,Food,1.3250128,103.6786652,crawler_exact,17.171,0.000187,0,Orchard Road,,0,0.0,0.25944669365721995,2
ChIJJ2b_-MM92jERX9O7FKfuL6s,CN->SG,Food,1.3319849,103.9461517,crawler_exact,5.753,0.056321,0,Jewel Changi,,0,0.0,0.4342105263157895,2
ChIJJ4D-iA0W2jERUnMrYe7fnkk,CN->SG,Food,1.3920104,103.895214,crawler_exact,11.064,0.003958,0,Bugis Street,,0,0.0,0.3208502024291498,2
ChIJJ8s24l8Z2jERmHd_s9Vxa1s,CN->SG,Food,1.2796868,103.8440099,crawler_exact,0.22,0.89587,6,Chinatown / Niu Che Shui,,0,0.0,0.7270580296896086,2
ChIJJSw0vREY2jERpJYzQVeUcMo,CN->SG,Food,1.3217646,103.905563,crawler_exact,6.002,0.04975,0,Bugis Street,,0,0.0,0.4267881241565452,2
ChIJJUKV97gb2jERKbp1AJJ9f4w,CN->SG,Food,1.2778449,103.7964888,crawler_exact,4.031,0.13326,0,Sentosa / Resorts World,,0,0.0,0.516531713900135,2
ChIJJY6vwBsZ2jERCkA10qyoLB8,CN->SG,Food,1.2949685,103.858587,crawler_exact,0.694,0.70688,6,Bugis Street,,0,0.0,0.6602564102564102,2
ChIJJajGausb2jERWTnnTRxm1w8,CN->SG,Food,1.3168845,103.7573947,crawler_exact,8.38,0.015148,0,Orchard Road,,0,0.0,0.3606612685560054,2
ChIJJdZUkWsa2jERge1hfzMuvAY,CN->SG,Food,1.3120183,103.7944017,crawler_exact,4.234,0.120381,0,Orchard Road,,0,0.0,0.5050607287449393,2
ChIJJeb3WfMV2jERwC5HFdWSrI4,CN->SG,Food,1.4288276,103.8361132,crawler_exact,13.8,0.001008,0,Orchard Road,,0,0.0,0.28846153846153844,2
ChIJJxuJ8Z4Z2jER4erCmq37t1A,CN->SG,Food,1.2910376,103.8405841,crawler_exact,0.659,0.719383,7,Clarke Quay,,0,0.0,0.6636302294197032,2
ChIJJyodxP0b2jERvwv6K_-NPY8,CN->SG,Food,1.2579753,103.8166317,crawler_exact,0.911,0.634043,1,Sentosa / Resorts World,,0,0.0,0.6366396761133604,2
ChIJKVSNn4sR2jERjznHMmMyMAQ,CN->SG,Food,1.3303721,103.7442673,crawler_exact,10.138,0.00629,0,Orchard Road,,0,0.0,0.34210526315789475,2
ChIJKaWLnqIi2jER8MCzTNDC7qg,CN->SG,Food,1.3075506,103.9242958,crawler_exact,7.338,0.025496,0,Gardens by the Bay,,0,0.0,0.39372469635627527,2
ChIJKcHQTXcT2jER5apKhqFZd8M,CN->SG,Food,1.4027461,103.8181274,crawler_exact,10.997,0.004094,0,Orchard Road,,0,0.0,0.3242240215924427,2
ChIJKf8-B1IZ2jERKoqDakRkZy0,CN->SG,Food,1.2911018,103.8402617,crawler_exact,0.695,0.706477,7,Clarke Quay,,0,0.0,0.6595816464237516,2
ChIJKw9mi8YZ2jERk7DUCxp57LY,CN->SG,Food,1.2837742,103.8438827,crawler_exact,0.273,0.872552,7,Chinatown / Niu Che Shui,,0,0.2,0.9784075573549258,2
ChIJKzu_XBgY2jERkZA-RarKtt8,CN->SG,Food,1.3187036,103.8930873,crawler_exact,4.598,0.100357,0,Bugis Street,,0,0.0,0.49190283400809715,2
ChIJL3YtUCI92jERwCp52oQhVSo,CN->SG,Food,1.3423802,103.953164,crawler_exact,4.504,0.105178,0,Jewel Changi,,0,0.0,0.49628879892037786,2
ChIJL7m1cy8Z2jERHtaorNYRzuQ,CN->SG,Food,1.3018398,103.8593332,crawler_exact,0.406,0.816363,6,Bugis Street,,0,0.0,0.7041160593792173,2
ChIJLQ-16_4Z2jERFj2nuT9QXas,CN->SG,Food,1.3137378,103.8861926,crawler_exact,3.671,0.159555,0,Bugis Street,,0,0.0,0.5293522267206479,2
ChIJLZ9DYnIZ2jERQ51Am7WzJLM,CN->SG,Food,1.304606,103.8089925,crawler_exact,2.536,0.281462,1,Orchard Road,,0,0.0,0.5860323886639676,2
ChIJLfD_pN8j2jERCH3WFHh6RN8,CN->SG,Food,1.3122359,103.922917,crawler_exact,7.422,0.024453,0,Gardens by the Bay,,0,0.0,0.3923751686909582,2
ChIJLyDlx6092jER1ovQGM8BqvA,CN->SG,Food,1.3330865,103.9659768,crawler_exact,3.99,0.136025,0,Jewel Changi,,0,0.0,0.5205802968960864,2
ChIJM-eKedc82jERGtX0Qt-ekFc,CN->SG,Food,1.33488,103.9640401,crawler_exact,3.992,0.135865,0,Jewel Changi,,0,0.0,0.5199055330634278,2
ChIJM5XhS5IP2jEROHYnmj2eHMA,CN->SG,Food,1.3413854,103.6914284,crawler_exact,16.126,0.000315,0,Orchard Road,,0,0.24,0.5290148448043185,2
ChIJM9NDV9gT2jERDIaoRwP9YIw,CN->SG,Food,1.4038005,103.7884284,crawler_exact,12.018,0.002457,0,Orchard Road,,0,0.0,0.3066801619433198,2
ChIJMX4yLYYX2jERsEEiF3cmpP4,CN->SG,Food,1.3504231,103.8905436,crawler_exact,6.747,0.034267,0,Bugis Street,,0,0.0,0.4105937921727395,2
ChIJMXrGuSo92jERowTcAJXvTlo,CN->SG,Food,1.3598399,103.9899885,crawler_exact,0.052,0.974346,1,Jewel Changi,,0,0.0,0.7351551956815114,2
ChIJMZS0f_kZ2jERS9Z6l2Jnw9g,CN->SG,Food,1.319502,103.8275459,crawler_exact,1.702,0.427027,1,Orchard Road,,0,0.0,0.608974358974359,2
ChIJMbxelGgV2jERft64o8N23NQ,CN->SG,Food,1.4347877,103.8382376,crawler_exact,14.472,0.00072,0,Orchard Road,,0,0.08333333333333333,0.524966261808367,2
ChIJMdepCAEEBBARWeEP9knjBok,CN->SG,Food,1.2930748,103.8510451,crawler_exact,0.57,0.751974,7,Clarke Quay,,0,0.0,0.6744264507422402,2
ChIJMduSTzgQ2jEROj60t5-zEL8,CN->SG,Food,1.3525875,103.7494101,crawler_exact,10.589,0.00502,0,Orchard Road,,0,0.0,0.3350202429149798,2
ChIJMfzHEP8Z2jER47wjTEBYUl8,CN->SG,Food,1.34748,103.6797845,crawler_exact,17.553,0.000154,0,Orchard Road,,0,0.0,0.25,2
ChIJN45D0_8W2jERw1-vlOEIacg,CN->SG,Food,1.3642091,103.8651725,crawler_exact,7.148,0.028047,0,Bugis Street,,0,0.0,0.4018218623481781,2
ChIJN4xfgXIY2jERK64qoJawCrY,CN->SG,Food,1.3044678,103.9037716,crawler_exact,5.139,0.076576,0,Gardens by the Bay,,0,0.0,0.45985155195681515,2
ChIJN550KU4V2jERoFZ6JduAo4w,CN->SG,Food,1.4096081,103.8581298,crawler_exact,12.016,0.002459,0,Orchard Road,,0,0.0,0.3073549257759784,2
ChIJNW68tAwY2jERLZZoVN5w44M,CN->SG,Food,1.307461,103.907404,crawler_exact,5.655,0.059154,0,Gardens by the Bay,,0,0.0,0.4369095816464238,2
ChIJO4L-b8EF2jERfcF00jX9Ae8,CN->SG,Food,1.3271539,103.678449,crawler_exact,17.228,0.000182,0,Orchard Road,,0,0.0,0.25573549257759787,2
ChIJO6-QXP0V2jERgS2qIeMexJI,CN->SG,Food,1.3221739,103.7695664,crawler_exact,7.183,0.027558,0,Orchard Road,,0,0.0,0.3984480431848853,2
ChIJO74wMH0T2jERLSsU6GCXz5M,CN->SG,Food,1.4484036,103.8198718,crawler_exact,16.023,0.000332,0,Orchard Road,,0,0.0,0.2709176788124157,2
ChIJO9op3n8Z2jERkJtP5VHiksg,CN->SG,Food,1.3029904,103.8362536,crawler_exact,0.534,0.765513,5,Orchard Road,,0,0.0,0.677800269905533,2
ChIJO_0iuLQI2jERkcDiNJD7aIA,CN->SG,Food,1.3422185,103.6352544,crawler_exact,22.242,1.5e-05,0,Orchard Road,,0,0.0,0.2432523616734143,2
ChIJOeo7rRYP2jERfaGpD0hs2vE,CN->SG,Food,1.34729,103.6807359,crawler_exact,17.445,0.000163,0,Orchard Road,,0,0.0,0.2526990553306343,2
ChIJOzIVm4AF2jERKcrCdeHuGAM,CN->SG,Food,1.3272086,103.6787828,crawler_exact,17.192,0.000185,0,Orchard Road,,0,0.0,0.25877192982456143,2
ChIJP2ybo_AX2jERoJ0YHyCCu4E,CN->SG,Food,1.336796,103.7791565,crawler_exact,6.849,0.032569,0,Orchard Road,,0,0.0,0.40654520917678816,2
ChIJPTigtosZ2jEROGhm4E1Gbm8,CN->SG,Food,1.3046549,103.8249313,crawler_exact,0.764,0.682584,2,Orchard Road,,0,0.0,0.6521592442645074,2
ChIJPW1NqYYa2jER5HY0GwG7WsM,CN->SG,Food,1.3218188,103.77005,crawler_exact,7.121,0.028431,0,Orchard Road,,0,0.0,0.4024966261808367,2
ChIJQ7ONulgZ2jER7Z-aF-EJ5K0,CN->SG,Food,1.2894144,103.8365075,crawler_exact,1.12,0.57121,6,Clarke Quay,,0,0.0,0.6224696356275303,2
ChIJQ7ONulgZ2jERMHtVg8e4VHg,CN->SG,Food,1.2634018,103.8220077,crawler_exact,1.064,0.587355,1,Sentosa / Resorts World,,0,0.0,0.6258434547908232,2
ChIJQ8OtUEwZ2jERiMkcBqLnjyQ,CN->SG,Food,1.3017018,103.8594839,crawler_exact,0.417,0.811874,6,Bugis Street,,0,0.0,0.7000674763832659,2
ChIJQQwlkXwZ2jERhgDDkxHH1Vc,CN->SG,Food,1.2811564,103.8264693,crawler_exact,2.038,0.360932,3,Chinatown / Niu Che Shui,,0,0.0,0.6008771929824561,2
ChIJQYPmbysY2jERWY6H8h83tn4,CN->SG,Food,1.3223465,103.8701396,crawler_exact,2.89,0.235728,1,Bugis Street,,0,0.0,0.5610661268556005,2
ChIJQe8Ik4wZ2jER9k1PRfGqLy0,CN->SG,Food,1.3059609,103.8285176,crawler_exact,0.387,0.824048,2,Orchard Road,,0,0.0,0.7088394062078273,2
ChIJR19GINoP2jERIVvcAXcatpg,CN->SG,Food,1.3542716,103.7227622,crawler_exact,13.311,0.001287,0,Orchard Road,,0,0.0,0.29318488529014847,2
ChIJR7kZRvUP2jER5WSA9lbb-oM,CN->SG,Food,1.3296779,103.6812636,crawler_exact,16.962,0.000207,0,Orchard Road,,0,0.0,0.2614709851551957,2
ChIJR8qLTngb2jERncHT3pQir5o,CN->SG,Food,1.2528382,103.8207408,crawler_exact,0.364,0.833686,1,Sentosa / Resorts World,,0,0.0,0.715587044534413,2
ChIJRR8bWM8Z2jER8ml0qU8UFeE,CN->SG,Food,1.3130167,103.8565232,crawler_exact,1.382,0.500971,4,Bugis Street,,0,0.0,0.6103238866396761,2
ChIJS2s-NswX2jERl8PJLvyATg8,CN->SG,Food,1.3964769,103.875425,crawler_exact,10.88,0.00434,0,Bugis Street,,0,0.0,0.32894736842105265,2
ChIJSSqJZm0Z2jERuHaJHZH3bnE,CN->SG,Food,1.2803004,103.8417202,crawler_exact,0.367,0.832169,7,Chinatown / Niu Che Shui,,0,0.0,0.7135627530364372,2
ChIJSYGeCXIY2jERMf3CjkFvA8E,CN->SG,Food,1.3037877,103.9029558,crawler_exact,5.023,0.081157,0,Gardens by the Bay,,0,0.0,0.4672739541160594,2
ChIJT0qQtv0b2jER-bVlf4iazQ4,CN->SG,Food,1.2579102,103.8174067,crawler_exact,0.833,0.659291,1,Sentosa / Resorts World,,0,0.0,0.6454116059379218,2
ChIJT8faQP4T2jERYXWhxMWmWzw,CN->SG,Food,1.4028831,103.8175781,crawler_exact,11.02,0.004045,0,Orchard Road,,0,0.17391304347826086,0.5742240215924427,2
ChIJTT5t4Ek92jERFUegYdjoYU8,CN->SG,Food,1.3316142,103.9373255,crawler_exact,6.618,0.036548,0,Jewel Changi,,0,0.0,0.4132928475033738,2
ChIJTbSyA8si2jERsZF1qd_ucZQ,CN->SG,Food,1.3236717,103.9408779,crawler_exact,6.763,0.033991,0,Jewel Changi,,0,0.0,0.4092442645074224,2
ChIJTcC3mA8a2jER8_61xS6bFN0,CN->SG,Food,1.319337,103.8087819,crawler_exact,3.027,0.220179,0,Orchard Road,,0,0.0,0.5563427800269906,2
ChIJTy0ppOgZ2jERe6fBEYFCvVY,CN->SG,Food,1.2776438,103.842759,crawler_exact,0.485,0.784617,6,Chinatown / Niu Che Shui,,0,0.0,0.6879217273954117,2
ChIJTyu1bwwZ2jERFtScJqploZY,CN->SG,Food,1.2837387,103.8486326,crawler_exact,0.493,0.781355,7,Chinatown / Niu Che Shui,,0,0.0,0.6845479082321188,2
ChIJU8Tj1WEQ2jEROPbVZAW14uE,CN->SG,Food,1.3433641,103.7751119,crawler_exact,7.622,0.022122,0,Orchard Road,,0,0.0,0.3775303643724697,2
ChIJUUJFJ4oX2jER-SsjZUKoUBI,CN->SG,Food,1.3245016,103.8879239,crawler_exact,4.443,0.108467,0,Bugis Street,,0,0.0,0.5003373819163293,2
ChIJUXAAUEUa2jERTkJUfdD1DXM,CN->SG,Food,1.2995285,103.7882033,crawler_exact,4.882,0.087082,0,Orchard Road,,0,0.0,0.47874493927125505,2
ChIJUZQWQPEZ2jERTACV9N1eJe4,CN->SG,Food,1.3136013,103.82868,crawler_exact,1.038,0.595025,1,Orchard Road,,0,0.0,0.6271929824561404,2
ChIJU_2KeToY2jER47l6QQxmtoM,CN->SG,Food,1.3140743,103.8799016,crawler_exact,3.06,0.21653,0,Bugis Street,,0,0.25925925925925924,0.8137651821862348,2
ChIJUcImHLgZ2jER4dEtGLOhpZY,CN->SG,Food,1.3069444,103.8561111,crawler_exact,0.706,0.702628,6,Bugis Street,,0,0.0,0.6582321187584346,2
ChIJUde_2ogZ2jER9qs3jw1xMgA,CN->SG,Food,1.3010307,103.859402,crawler_exact,0.392,0.821914,6,Bugis Street,,0,0.0,0.7068151147098516,2
ChIJV-4CoowZ2jERqZOWhKmnN4g,CN->SG,Food,1.3066408,103.827488,crawler_exact,0.521,0.770581,2,Orchard Road,,0,0.0,0.6804993252361673,2
ChIJV-B_5JAR2jERhshN1jt1f28,CN->SG,Food,1.387699,103.8692972,crawler_exact,9.799,0.007451,0,Bugis Street,,0,0.0,0.3491902834008097,2
ChIJV-z_710Z2jERKp2acbLHCwY,CN->SG,Food,1.3424106,103.7764256,crawler_exact,7.442,0.02421,0,Orchard Road,,0,0.0,0.3917004048582996,2
ChIJV0YWiNEZ2jERJCb2BdUtFww,CN->SG,Food,1.3186613,103.8622377,crawler_exact,2.128,0.345017,1,Bugis Street,,0,0.0,0.5981781376518218,2
ChIJV0ib2HIZ2jER_Zg0TzVzKeU,CN->SG,Food,1.2832653,103.8442614,crawler_exact,0.205,0.902478,7,Chinatown / Niu Che Shui,,0,0.0,0.7290823211875843,2
ChIJV15mQ6Ub2jERvlB6iB9FrN8,CN->SG,Food,1.3023263,103.7642234,crawler_exact,7.517,0.023315,0,Orchard Road,,0,0.0,0.3869770580296896,2
ChIJV1jY_msZ2jER2Nm55hFNYxo,CN->SG,Food,1.2774027,103.8464312,crawler_exact,0.49,0.782563,6,Chinatown / Niu Che Shui,,0,0.0,0.687246963562753,2
ChIJV34W7ecZ2jER_khbLcR0NSQ,CN->SG,Food,1.3183031,103.8437226,crawler_exact,2.003,0.36737,2,Orchard Road,,0,0.0,0.6035762483130904,2
ChIJV4DVMtg82jERbKVt1VxBZfA,CN->SG,Food,1.3356389,103.9636821,crawler_exact,3.962,0.137916,0,Jewel Changi,,0,0.0,0.5219298245614035,2
ChIJV5HqbUw92jERnQ7X4hYoVQU,CN->SG,Food,1.3298436,103.9309225,crawler_exact,7.339,0.025484,0,Jewel Changi,,0,0.0,0.39304993252361675,2
ChIJVUFS5CIa2jERGicUsfSt_2w,CN->SG,Food,1.3059056,103.8119806,crawler_exact,2.207,0.331762,1,Orchard Road,,0,0.0,0.5961538461538461,2
ChIJV_3I1r4b2jERXm75U0No9uo,CN->SG,Food,1.2749216,103.795184,crawler_exact,3.941,0.139383,0,Sentosa / Resorts World,,0,0.0,0.5246288798920378,2
ChIJVcTbzycP2jERsdR9HVEL2fY,CN->SG,Food,1.3321091,103.7229569,crawler_exact,12.475,0.001955,0,Orchard Road,,0,0.0,0.2992577597840756,2
ChIJVzhOFlEQ2jER3n2PjmRDbbk,CN->SG,Food,1.3581088,103.767846,crawler_exact,9.256,0.009772,0,Orchard Road,,0,0.0,0.3559379217273954,2
ChIJW34KHmIQ2jERkEZOiUOx5Ik,CN->SG,Food,1.3409066,103.774347,crawler_exact,7.544,0.023007,0,Orchard Road,,0,0.0,0.3842780026990553,2
ChIJW5UmLTY92jERHKQ3LeLjDEs,CN->SG,Food,1.3329829,103.9381512,crawler_exact,6.465,0.03945,0,Jewel Changi,,0,0.0,0.4159919028340081,2
ChIJWWpwVksH2jERIN9b4s7D0Ok,CN->SG,Food,1.3078432,103.6315106,crawler_exact,22.199,1.5e-05,0,Sentosa / Resorts World,,0,0.0,0.2432523616734143,2
ChIJWX6hZwAT2jERCJjVk3CHRmU,CN->SG,Food,1.4088282,103.7810406,crawler_exact,12.87,0.001604,0,Orchard Road,,0,0.0,0.2958839406207827,2
ChIJWXkyfhER2jERe2ctFxHPaNs,CN->SG,Food,1.3337765,103.7436699,crawler_exact,10.313,0.005761,0,Orchard Road,,0,0.0,0.3410931174089069,2
ChIJX-0vaTI92jER3JkUjV2Vh9s,CN->SG,Food,1.3526173,103.9440952,crawler_exact,5.126,0.077055,0,Jewel Changi,,0,0.0,0.4618758434547908,2
ChIJX9Q-djwY2jER3SjFTMOouOg,CN->SG,Food,1.3137131,103.8845443,crawler_exact,3.502,0.173579,0,Bugis Street,,0,0.0,0.5327260458839407,2
ChIJXTBJS0w92jERexiwvZ_ZAEQ,CN->SG,Food,1.3520939,103.9435653,crawler_exact,5.194,0.074487,0,Jewel Changi,,0,0.0,0.4524291497975709,2
ChIJXY4jC5ka2jER7-pcR1iUa70,CN->SG,Food,1.3204035,103.7564168,crawler_exact,8.558,0.013858,0,Orchard Road,,0,0.0,0.35796221322537114,2
ChIJXYrfjHkZ2jER2CDZHUnyXxs,CN->SG,Food,1.3189548,103.8944549,crawler_exact,4.747,0.093148,0,Bugis Street,,0,0.0,0.48549257759784076,2
ChIJXdHIvxEY2jERJNkYJvH_4J8,CN->SG,Food,1.312223,103.9002546,crawler_exact,5.097,0.078187,0,Bugis Street,,0,0.0,0.4659244264507423,2
ChIJXf9cwQUY2jER1VRPF86GDfw,CN->SG,Food,1.3182423,103.9074661,crawler_exact,6.059,0.048345,0,Bugis Street,,0,0.0,0.42611336032388664,2
ChIJXwluwgoP2jERulXZRFj8fYY,CN->SG,Food,1.3471227,103.6811829,crawler_exact,17.392,0.000167,0,Orchard Road,,0,0.0,0.2540485829959514,2
ChIJYTcgERU92jERsQYotcxqEyo,CN->SG,Food,1.3389491,103.9412884,crawler_exact,5.863,0.053319,0,Jewel Changi,,0,0.0,0.43083670715249667,2
ChIJZ27Ex-cZ2jERvJAsBMsgDak,CN->SG,Food,1.3180982,103.8426847,crawler_exact,1.911,0.384683,2,Orchard Road,,0,0.0,0.6056005398110662,2
ChIJZ5EV6CwY2jERVDWnLvbwFQA,CN->SG,Food,1.3207925,103.8703127,crawler_exact,2.758,0.251787,1,Bugis Street,,0,0.0,0.5684885290148448,2
ChIJZdFGZxgY2jERUcLn_QF2BV4,CN->SG,Food,1.3194919,103.8927503,crawler_exact,4.604,0.100073,0,Bugis Street,,0,0.0,0.4908906882591093,2
ChIJZfN4HSMa2jEROlvzGFzspWk,CN->SG,Food,1.3058011,103.811817,crawler_exact,2.224,0.328864,1,Orchard Road,,0,0.0,0.594804318488529,2
ChIJZzTg5yIa2jERNtVXMcuCOFU,CN->SG,Food,1.3061228,103.8117619,crawler_exact,2.232,0.32752,1,Orchard Road,,0,0.0,0.5941295546558705,2
ChIJ_0xLmyAQ2jERFnv2OAux8mQ,CN->SG,Food,1.3489432,103.729595,crawler_exact,12.377,0.002053,0,Orchard Road,,0,0.0,0.3006072874493927,2
ChIJ_2LlXg0Y2jERFJRp4jdBFTA,CN->SG,Food,1.3084176,103.9028881,crawler_exact,5.288,0.071061,0,Gardens by the Bay,,0,0.0,0.449055330634278,2
ChIJ_W2jIrEZ2jERpx5zNEeliOg,CN->SG,Food,1.3018761,103.8599942,crawler_exact,0.477,0.78791,6,Bugis Street,,0,0.0,0.6885964912280702,2
ChIJ__N6CugZ2jERpeCXKPjrHZo,CN->SG,Food,1.3172392,103.8434017,crawler_exact,1.891,0.388451,3,Orchard Road,,0,0.0,0.6062753036437247,2
ChIJ_____1YW2jERK63bsKwVVXo,CN->SG,Food,1.3530738,103.8906133,crawler_exact,6.995,0.030266,0,Bugis Street,,0,0.0,0.405195681511471,2
ChIJ_____zoY2jERaXrZkh3ZXuA,CN->SG,Food,1.3147789,103.8821586,crawler_exact,3.318,0.190364,0,Bugis Street,,0,0.0,0.5421727395411606,2
ChIJ_a1Lj4gb2jERqZrB0KKNDwU,CN->SG,Food,1.3029342,103.8098103,crawler_exact,2.453,0.293273,1,Orchard Road,,0,0.0,0.5887314439946019,2
ChIJ_bws6xEa2jERYE2B5blZocI,CN->SG,Food,1.3187577,103.8079784,crawler_exact,3.069,0.215516,0,Orchard Road,,0,0.0,0.5529689608636977,2
ChIJaXz5QqgZ2jERrq2spRELQ4c,CN->SG,Food,1.305035,103.823845,crawler_exact,0.885,0.64252,2,Orchard Road,,0,0.0,0.6390013495276653,2
ChIJadtiSWsY2jERrQniipDfcQA,CN->SG,Food,1.3071459,103.8956539,crawler_exact,4.479,0.106521,0,Bugis Street,,0,0.0,0.49898785425101216,2
ChIJaf1jCYoZ2jEREWP4zlROmdc,CN->SG,Food,1.3039288,103.8319512,crawler_exact,0.098,0.952029,4,Orchard Road,,0,0.0,0.7331309041835358,2
ChIJayQQ_q8R2jERLJbAEjVYqk0,CN->SG,Food,1.3454479,103.7307035,crawler_exact,12.113,0.002342,0,Orchard Road,,0,0.0,0.30465587044534415,2
ChIJayxA_-0a2jER8qiMOk6X4tY,CN->SG,Food,1.303813,103.7636313,crawler_exact,7.579,0.022609,0,Orchard Road,,0,0.10714285714285714,0.6241565452091768,2
ChIJb0fNgooa2jERRt4iEA6zg-4,CN->SG,Food,1.310065,103.7744328,crawler_exact,6.404,0.040679,0,Orchard Road,,0,0.0,0.41734143049932526,2
ChIJb4Q5VaAP2jERoPmeu9wPMb4,CN->SG,Food,1.3483645,103.685482,crawler_exact,16.971,0.000206,0,Orchard Road,,0,0.0,0.2607962213225371,2
ChIJb74dxZMX2jERRawUlFtLIsQ,CN->SG,Food,1.3387277,103.8862781,crawler_exact,5.42,0.066531,0,Bugis Street,,0,0.0,0.44298245614035087,2
ChIJb78bvik92jERzI0aJUQXHFg,CN->SG,Food,1.3334948,103.9586333,crawler_exact,4.539,0.103367,0,Jewel Changi,,0,0.21428571428571427,0.7526990553306343,2
ChIJbVBWhGk92jERN4-tigtHkjg,CN->SG,Food,1.3467773,103.9287993,crawler_exact,6.919,0.031441,0,Jewel Changi,,0,0.0,0.4058704453441295,2
ChIJbXfs1r4b2jERe6bLvwyx4Jo,CN->SG,Food,1.2749208,103.7952641,crawler_exact,3.934,0.139888,0,Sentosa / Resorts World,,0,0.0,0.5253036437246963,2
ChIJbZenkHYU2jERhSvELnsoFhI,CN->SG,Food,1.4257482,103.8256612,crawler_exact,13.466,0.001191,0,Orchard Road,,0,0.0,0.2925101214574899,2
ChIJbfDuOGwZ2jER0mtQ4rwdx7Q,CN->SG,Food,1.322078,103.7695238,crawler_exact,7.185,0.027535,0,Orchard Road,,0,0.0,0.3977732793522267,2
ChIJbwht1dk82jERGOoy1353_1E,CN->SG,Food,1.3080522,103.8540284,crawler_exact,0.854,0.652343,5,Bugis Street,,0,0.0,0.643387314439946,2
ChIJc1vpYBEY2jERTT_DlyCDrbg,CN->SG,Food,1.3225968,103.8765689,crawler_exact,3.356,0.186758,0,Bugis Street,,0,0.0,0.5394736842105263,2
ChIJc6s2rage2jERzvX_e5IB_6k,CN->SG,Food,1.243299,103.828128,crawler_exact,1.283,0.526373,1,Sentosa / Resorts World,,0,0.0,0.6163967611336032,2
ChIJc7Z7FtMb2jERueHO91Na1oI,CN->SG,Food,1.2879413,103.8143642,crawler_exact,2.696,0.259695,1,Orchard Road,,0,0.0,0.5752361673414306,2
ChIJcwkC8Co92jERxiPJ0rflF9c,CN->SG,Food,1.3821322,103.9478907,crawler_exact,5.244,0.072658,0,Jewel Changi,,0,0.0,0.4517543859649123,2
ChIJcwwkpSg92jEReBZfkbuYcSQ,CN->SG,Food,1.3523349,103.9437508,crawler_exact,5.169,0.075419,0,Jewel Changi,,0,0.08771929824561403,0.6983805668016194,2
ChIJcyu5cP4j2jERbTd6frhD34Y,CN->SG,Food,1.3120273,103.9244088,crawler_exact,7.559,0.02283,0,Gardens by the Bay,,0,0.0,0.381578947368421,2
ChIJczgzmjQZ2jERMtYxw3Z7OrQ,CN->SG,Food,1.3020104,103.834647,crawler_exact,0.443,0.801255,5,Orchard Road,,0,0.0,0.6953441295546559,2
ChIJd0jKulUF2jERzRvrkyRc5ao,CN->SG,Food,1.3165221,103.7576526,crawler_exact,8.345,0.015413,0,Orchard Road,,0,0.0,0.36133603238866396,2
ChIJd8vAz3A92jERlZeAeNiNjLk,CN->SG,Food,1.3603912,103.989642,crawler_exact,0.033,0.983776,1,Jewel Changi,,0,0.05454545454545454,0.9757085020242915,2
ChIJddKNzn4W2jERVGrDRcd5OxY,CN->SG,Food,1.3982126,103.8732428,crawler_exact,11.024,0.004038,0,Bugis Street,,0,0.0,0.32219973009446695,2
ChIJdzt92QsY2jERbh4sdYZ4Foo,CN->SG,Food,1.3118917,103.9105583,crawler_exact,6.205,0.044947,0,Bugis Street,,0,0.0,0.4200404858299595,2
ChIJe4R8RAoZ2jERGK0W6aIiKU4,CN->SG,Food,1.2635017,103.8227849,crawler_exact,1.063,0.587854,1,Sentosa / Resorts World,,0,0.0,0.6265182186234818,2
ChIJe_Oom44X2jERXUOvGj0BpP4,CN->SG,Food,1.3324127,103.8846859,crawler_exact,4.77,0.092087,0,Bugis Street,,0,0.0,0.48346828609986503,2
ChIJebuu92kT2jERtBQ6OGhKwH8,CN->SG,Food,1.4065452,103.7826085,crawler_exact,12.566,0.001868,0,Orchard Road,,0,0.0,0.29790823211875844,2
ChIJeeZvMiQZ2jERIigdrN9mSAA,CN->SG,Food,1.3116991,103.8760812,crawler_exact,2.561,0.277964,1,Bugis Street,,0,0.16129032258064516,0.8346828609986505,2
ChIJf1ojlwMZ2jERv8LCqVDIPGs,CN->SG,Food,1.312759,103.8811706,crawler_exact,3.118,0.210383,0,Bugis Street,,0,0.0,0.5482456140350878,2
ChIJf3_kfrAX2jERPyxegJC3-Cw,CN->SG,Food,1.3629707,103.895343,crawler_exact,8.205,0.01653,0,Bugis Street,,0,0.1111111111111111,0.6072874493927125,2
ChIJf7JfE68b2jERfkjctooUmCA,CN->SG,Food,1.2528069,103.8203696,crawler_exact,0.404,0.817189,1,Sentosa / Resorts World,,0,0.0,0.7047908232118758,2
ChIJfRsaqLYe2jERoKBUK2tvw8Q,CN->SG,Food,1.2458306,103.8398907,crawler_exact,2.006,0.366737,1,Sentosa / Resorts World,,0,0.0,0.6029014844804319,2
ChIJfXL2ZqQ92jERMW-BJZM1HH4,CN->SG,Food,1.3606335,103.9896991,crawler_exact,0.06,0.970282,1,Jewel Changi,,0,0.0,0.7344804318488529,2
ChIJfadGmY4X2jERn7fOuwqPpdE,CN->SG,Food,1.3324733,103.8848471,crawler_exact,4.787,0.091306,0,Bugis Street,,0,0.0,0.4821187584345479,2
ChIJg8dwrRIZ2jERmQfJ-q43cgA,CN->SG,Food,1.27929,103.8449588,crawler_exact,0.246,0.884098,6,Chinatown / Niu Che Shui,,0,0.0,0.7243589743589743,2
ChIJgUPIH4MR2jERde8yxvdgSks,CN->SG,Food,1.3315214,103.8075058,crawler_exact,4.015,0.134307,0,Orchard Road,,0,0.0,0.5185560053981106,2
ChIJgUxbod4T2jER7OICXNgcMKU,CN->SG,Food,1.4044484,103.780802,crawler_exact,12.446,0.001983,0,Orchard Road,,0,0.0,0.29993252361673417,2
ChIJgbsEHOsP2jERI7yaT9xZU_Y,CN->SG,Food,1.3352421,103.695759,crawler_exact,15.497,0.000431,0,Orchard Road,,0,0.0,0.27294197031039136,2
ChIJgfFl2wsZ2jERpA7kKbAsJkM,CN->SG,Food,1.2860763,103.849884,crawler_exact,0.519,0.771276,7,Merlion Park,,0,0.0,0.6811740890688259,2
ChIJgwJlSXMZ2jERGrsN1WJyQjs,CN->SG,Food,1.2833668,103.8443466,crawler_exact,0.214,0.898701,7,Chinatown / Niu Che Shui,,0,0.0,0.7277327935222673,2
ChIJgxdqAJAQ2jER-F11NQ5gnFg,CN->SG,Food,1.3363179,103.7869465,crawler_exact,6.095,0.047487,0,Orchard Road,,0,0.0,0.42476383265856954,2
ChIJgzcWh1Y92jERSn3vPT2EZ9A,CN->SG,Food,1.3454615,103.9456244,crawler_exact,5.152,0.076063,0,Jewel Changi,,0,0.2,0.7145748987854251,2
ChIJh-6lUgMZ2jERViChF4Ja8-4,CN->SG,Food,1.3318612,103.6382152,crawler_exact,21.729,1.9e-05,0,Orchard Road,,0,0.0,0.24527665317139002,2
ChIJhYVqYZYi2jER9ddB0NENqJs,CN->SG,Food,1.3051669,103.930673,crawler_exact,7.903,0.019222,0,Gardens by the Bay,,0,0.0,0.36943319838056676,2
ChIJhYwcCp4Z2jERjvc_bd6Iy9g,CN->SG,Food,1.2900331,103.8391614,crawler_exact,0.819,0.663925,7,Clarke Quay,,0,0.0,0.6467611336032388,2
ChIJhf74pKQi2jERCm22IG2N0JE,CN->SG,Food,1.3124373,103.9250066,crawler_exact,7.639,0.021937,0,Gardens by the Bay,,0,0.2,0.6322537112010796,2
ChIJi6Pne0QZ2jERgENRFplyufU,CN->SG,Food,1.3055305,103.8528931,crawler_exact,0.642,0.725382,7,Bugis Street,,0,0.0,0.668353576248313,2
ChIJi7sbeG0V2jERNW3Fv7w85uk,CN->SG,Food,1.4208268,103.9123599,crawler_exact,10.923,0.004246,0,Jewel Changi,,0,0.0,0.3269230769230769,2
ChIJiU7m7DE92jERLm2Tsy1syyg,CN->SG,Food,1.3313924,103.9478584,crawler_exact,5.632,0.059841,0,Jewel Changi,,0,0.0,0.4375843454790823,2
ChIJiVb94HcZ2jER3ozfH2-Ctro,CN->SG,Food,1.2888829,103.834153,crawler_exact,1.387,0.499731,5,Clarke Quay,,0,0.0,0.6096491228070176,2
ChIJiW9iJnIY2jERso6iA1vZ360,CN->SG,Food,1.3032454,103.9046936,crawler_exact,5.164,0.075641,0,Gardens by the Bay,,0,0.0,0.45715249662618085,2
ChIJiWh8W6UX2jERDmzImQkKQT4,CN->SG,Food,1.3865191,103.9095551,crawler_exact,9.37,0.009231,0,Jewel Changi,,0,0.0,0.3539136302294197,2
ChIJiWyNTIAX2jER2X2fvcjyjmM,CN->SG,Food,1.3285916,103.8699059,crawler_exact,3.48,0.1755,0,Bugis Street,,0,0.0,0.5347503373819164,2
ChIJicZ_8YAU2jERiWI15ePZYqc,CN->SG,Food,1.4406129,103.8249753,crawler_exact,15.121,0.000521,0,Orchard Road,,0,0.0,0.27766531713900133,2
ChIJizsi_DIa2jERs55gooVkYoo,CN->SG,Food,1.2912179,103.807355,crawler_exact,3.109,0.211301,0,Orchard Road,,0,0.0,0.5502699055330634,2
ChIJj0hJbewZ2jERHUJfjir_hI4,CN->SG,Food,1.3086842,103.9113904,crawler_exact,6.107,0.047195,0,Gardens by the Bay,,0,0.11764705882352941,0.6707152496626181,2
ChIJj2KdERs92jERpJ5pIYuFDqE,CN->SG,Food,1.3521705,103.9536667,crawler_exact,4.091,0.129339,0,Jewel Changi,,0,0.0,0.5138326585695007,2
ChIJj99Fo3IZ2jERFIUg_m-VhO8,CN->SG,Food,1.2897489,103.8562976,crawler_exact,0.384,0.825308,6,Merlion Park,,0,0.0,0.7095141700404859,2
ChIJjSLAppIZ2jERE7RyKgLD2yI,CN->SG,Food,1.3067879,103.8335671,crawler_exact,0.296,0.862552,3,Orchard Road,,0,0.0,0.7216599190283401,2
ChIJjVF5DtMX2jERD4JTapKFcWE,CN->SG,Food,1.3458983,103.8829899,crawler_exact,5.869,0.05317,0,Bugis Street,,0,0.0,0.43016194331983804,2
ChIJjWk9QGg92jERiH2RTxmnpw0,CN->SG,Food,1.3354079,103.9636261,crawler_exact,3.984,0.136395,0,Jewel Changi,,0,0.0,0.521255060728745,2
ChIJjeS1cqUZ2jERG8Hwz6rwZ3w,CN->SG,Food,1.2964499,103.8549138,crawler_exact,0.474,0.788867,7,Bugis Street,,0,0.0,0.6892712550607287,2
ChIJjwbpKRcb2jERcuohX9j8Wog,CN->SG,Food,1.3040928,103.809578,crawler_exact,2.472,0.290604,1,Orchard Road,,0,0.0,0.5880566801619433,2
ChIJjzcVSgoZ2jER6kPcJSDDXS0,CN->SG,Food,1.3132029,103.679241,crawler_exact,16.985,0.000205,0,Orchard Road,,0,0.0,0.2601214574898785,2
ChIJk2hjGKAP2jERtZYCT0TDDOc,CN->SG,Food,1.3470369,103.68034,crawler_exact,17.48,0.00016,0,Orchard Road,,0,0.0,0.2506747638326586,2
ChIJk3xSmQo92jERtw5qWNPitCY,CN->SG,Food,1.3339167,103.9624368,crawler_exact,4.195,0.122789,0,Jewel Changi,,0,0.0,0.5084345479082322,2
ChIJk4Tb_E8X2jERI63VAV5fJUw,CN->SG,Food,1.3917673,103.8505798,crawler_exact,9.893,0.007108,0,Orchard Road,,0,0.0,0.34649122807017546,2
ChIJkSFt868V2jERvdiIQsspXoM,CN->SG,Food,1.4029099,103.9129075,crawler_exact,9.764,0.007581,0,Jewel Changi,,0,0.07142857142857142,0.5897435897435898,2
ChIJkTDN2YYb2jERnRmbvhRlo0w,CN->SG,Food,1.2989605,103.7897541,crawler_exact,4.719,0.094469,0,Orchard Road,,0,0.0,0.4868421052631579,2
ChIJkZFsaaQZ2jERNwIpeScG3vM,CN->SG,Food,1.2953948,103.8521742,crawler_exact,0.712,0.70057,7,Bugis Street,,0,0.0,0.6568825910931174,2
ChIJkZqJeBgY2jERx_AR7wwXndk,CN->SG,Food,1.2975045,103.7872378,crawler_exact,5.02,0.081276,0,Orchard Road,,0,0.0,0.46794871794871795,2
ChIJk_OaEA4F2jERK4K76TfkSGc,CN->SG,Food,1.321007,103.7089233,crawler_exact,13.778,0.001019,0,Orchard Road,,0,0.21428571428571427,0.5468960863697706,2
ChIJkaQdeLEZ2jERO0CLf0C7-uU,CN->SG,Food,1.2996827,103.8607017,crawler_exact,0.543,0.762065,6,Bugis Street,,0,0.0,0.676450742240216,2
ChIJkep20zw92jERPUgGWoI5IDg,CN->SG,Food,1.3424411,103.9531845,crawler_exact,4.499,0.105442,0,Jewel Changi,,0,0.0,0.4983130904183536,2
ChIJl0gztCwU2jEREJMD-bby0iI,CN->SG,Food,1.4070942,103.8675995,crawler_exact,11.913,0.002589,0,Bugis Street,,0,0.0,0.30870445344129555,2
ChIJl3AtxBAY2jERX2eT1Y8ZrZE,CN->SG,Food,1.3154196,103.8980367,crawler_exact,4.966,0.08351,0,Bugis Street,,0,0.0,0.4733468286099865,2
ChIJl8ByoBEY2jERliTRqHYPZrA,CN->SG,Food,1.3134118,103.9000851,crawler_exact,5.114,0.077525,0,Bugis Street,,0,0.0,0.4639001349527665,2
ChIJl8MsE7EZ2jERlvkq31CnkIk,CN->SG,Food,1.3012613,103.8611825,crawler_exact,0.592,0.743853,6,Bugis Street,,0,0.0,0.6710526315789473,2
ChIJlQSK8XYX2jERQt2--tWx2Vk,CN->SG,Food,1.3594186,103.8847815,crawler_exact,7.286,0.026175,0,Bugis Street,,0,0.0,0.39574898785425106,2
ChIJlW0um74R2jERJB9IfmT4Qmo,CN->SG,Food,1.3803814,103.7572992,crawler_exact,11.799,0.002741,0,Orchard Road,,0,0.0,0.3120782726045884,2
ChIJlXUJlHAY2jER5kvDz4TuTUk,CN->SG,Food,1.2989919,103.90662,crawler_exact,5.159,0.075827,0,Gardens by the Bay,,0,0.0,0.45782726045883937,2
ChIJl_4mcKYP2jERaQTKAt7D5YU,CN->SG,Food,1.3542972,103.6876925,crawler_exact,16.939,0.00021,0,Orchard Road,,0,0.0,0.26282051282051283,2
ChIJl_sOMpIZ2jERfEyxCP8JIlU,CN->SG,Food,1.3037934,103.835331,crawler_exact,0.408,0.815391,5,Orchard Road,,0,0.0,0.7027665317139001,2
ChIJlbaBdqAP2jERlLl3ZDlREHY,CN->SG,Food,1.3471893,103.6807181,crawler_exact,17.444,0.000163,0,Orchard Road,,0,0.0,0.2526990553306343,2
ChIJlfOGefcj2jER8Ce0uih53Zo,CN->SG,Food,1.3127669,103.924493,crawler_exact,7.605,0.022317,0,Gardens by the Bay,,0,0.0,0.37955465587044535,2
ChIJm2lW36oe2jERYvH_3tPnR5Q,CN->SG,Food,1.2494479,103.82444,crawler_exact,0.511,0.774472,1,Sentosa / Resorts World,,0,0.0,0.6831983805668016,2
ChIJm91ZmwUQ2jERtVI5JAUHHiQ,CN->SG,Food,1.3112751,103.8265168,crawler_exact,0.929,0.628399,1,Orchard Road,,0,0.0,0.6352901484480432,2
ChIJmYd8yzAY2jERbDNfE2D1SkI,CN->SG,Food,1.3124936,103.8778779,crawler_exact,2.778,0.249303,1,Bugis Street,,0,0.16666666666666666,0.8184885290148448,2
ChIJmfR_XA0Y2jERCJdRzpmVhus,CN->SG,Food,1.3083557,103.9033374,crawler_exact,5.326,0.069742,0,Gardens by the Bay,,0,0.0,0.44703103913630227,2
ChIJnRywEBI92jERWqCDxYWJXzc,CN->SG,Food,1.3535741,103.9425224,crawler_exact,5.283,0.07124,0,Jewel Changi,,0,0.0,0.44973009446693657,2
ChIJnWKFQc092jERVhlCuu0VlwQ,CN->SG,Food,1.3652607,103.9812329,crawler_exact,1.093,0.579004,1,Jewel Changi,,0,0.0,0.6251686909581646,2
ChIJnXZ5BUMa2jERNg_FrwFyWAU,CN->SG,Food,1.3049669,103.7888696,crawler_exact,4.772,0.091976,0,Orchard Road,,0,0.0,0.4827935222672065,2
ChIJnzfVXaQZ2jER6Z8ZLoosM4o,CN->SG,Food,1.2959685,103.852255,crawler_exact,0.655,0.720616,7,Bugis Street,,0,0.0,0.6649797570850202,2
ChIJo3EXjvAZ2jERRdFfHa-rqT8,CN->SG,Food,1.3009105,103.8599077,crawler_exact,0.447,0.799772,6,Bugis Street,,0,0.0,0.6939946018893388,2
ChIJo8Nh_Q4Z2jERONS2OMrJ5tA,CN->SG,Food,1.2824913,103.8534753,crawler_exact,0.492,0.781742,6,Merlion Park,,0,0.0,0.6858974358974359,2
ChIJoT6zTIAU2jERGZnpJGsdAOg,CN->SG,Food,1.4415259,103.8235541,crawler_exact,15.231,0.000493,0,Orchard Road,,0,0.0,0.27631578947368424,2
ChIJoTHq2Q0Q2jERB9l7yL-EfVI,CN->SG,Food,1.3354005,103.7464978,crawler_exact,10.075,0.006491,0,Orchard Road,,0,0.0,0.34379217273954116,2
ChIJoY24zrIZ2jERCX5pMjlIyuw,CN->SG,Food,1.3014702,103.9051552,crawler_exact,5.121,0.077276,0,Gardens by the Bay,,0,0.0,0.463225371120108,2
ChIJo_DFwAQY2jEReoIbPM2zBJs,CN->SG,Food,1.3202759,103.9041581,crawler_exact,5.794,0.055198,0,Bugis Street,,0,0.0,0.43218623481781376,2
ChIJocGLsaIX2jER3pa988O9QP8,CN->SG,Food,1.3918418,103.8506644,crawler_exact,9.903,0.007072,0,Orchard Road,,0,0.0,0.3458164642375169,2
ChIJodByDQoZ2jERvBYW3yz9fiI,CN->SG,Food,1.2868048,103.8495162,crawler_exact,0.548,0.760428,7,Clarke Quay,,0,0.09302325581395349,0.918353576248313,2
ChIJodUzryIb2jER6ACm5zMG8Uo,CN->SG,Food,1.2883325,103.8058663,crawler_exact,3.415,0.181289,0,Orchard Road,,0,0.0,0.5360998650472335,2
ChIJoy1dmV492jERJQQy8TLYWws,CN->SG,Food,1.3315739,103.9486808,crawler_exact,5.545,0.06249,0,Jewel Changi,,0,0.0,0.43960863697705804,2
ChIJp2UFL20Z2jERJC_y2icO1kg,CN->SG,Food,1.2777778,103.8441667,crawler_exact,0.42,0.810651,6,Chinatown / Niu Che Shui,,0,0.0,0.6987179487179487,2
ChIJp4zYJ6QZ2jER9SRcNdNCCIo,CN->SG,Food,1.2942553,103.853902,crawler_exact,0.74,0.69086,7,Bugis Street,,0,0.0,0.6541835357624831,2
ChIJp4zYJ6QZ2jERqGdrsL7QL2Q,CN->SG,Food,1.2946453,103.8531695,crawler_exact,0.728,0.694754,7,Bugis Street,,0,0.0,0.6548582995951417,2
ChIJp85ZgUka2jERsvwRR9FvUwA,CN->SG,Food,1.2986242,103.7879068,crawler_exact,4.928,0.085114,0,Orchard Road,,0,0.0,0.47604588394062075,2
ChIJpUt2BGsa2jERBoxkX6iiAhs,CN->SG,Food,1.3107064,103.79608,crawler_exact,4.025,0.133667,0,Orchard Road,,0,0.0,0.5178812415654521,2
ChIJpZjQAAQX2jERpBAPeovphN4,CN->SG,Food,1.3980449,103.8732893,crawler_exact,11.006,0.004074,0,Bugis Street,,0,0.0,0.32354925775978405,2
ChIJpaXv6kIb2jERaR2t1KW20sk,CN->SG,Food,1.3164178,103.7577178,crawler_exact,8.336,0.015482,0,Orchard Road,,0,0.0,0.36201079622132254,2
ChIJpbpdPPwa2jER3qzoPX12xE8,CN->SG,Food,1.2927526,103.7684987,crawler_exact,7.163,0.027829,0,Orchard Road,,0,0.0,0.3997975708502024,2
ChIJpf6Wl2sa2jER6PON2f0Agl8,CN->SG,Food,1.3117599,103.7946859,crawler_exact,4.198,0.122592,0,Orchard Road,,0,0.0,0.5070850202429149,2
ChIJq0q0MvQZ2jERodJdZBEeH3A,CN->SG,Food,1.3542467,103.6880256,crawler_exact,16.902,0.000214,0,Orchard Road,,0,0.0,0.2634952766531714,2
ChIJq3cjkwsZ2jERaZ-Hkji-1mE,CN->SG,Food,1.285069,103.8491749,crawler_exact,0.622,0.732537,7,Merlion Park,,0,0.0,0.6697031039136303,2
ChIJq9GMiesZ2jER4yuwp540AV4,CN->SG,Food,1.277876,103.8528397,crawler_exact,0.98,0.612505,6,Chinatown / Niu Che Shui,,0,0.0,0.6319163292847503,2
ChIJqQoB8LIZ2jER0IIxCHZXkuY,CN->SG,Food,1.2868741,103.8494219,crawler_exact,0.535,0.765195,7,Clarke Quay,,0,0.0,0.6771255060728745,2
ChIJqUBqNTYQ2jERBBDpYC6v9DY,CN->SG,Food,1.3575717,103.7506922,crawler_exact,10.758,0.004613,0,Orchard Road,,0,0.0,0.33367071524966263,2
ChIJqYD-_g4Y2jERlBdApP-zGi4,CN->SG,Food,1.3385775,103.9409815,crawler_exact,5.911,0.052058,0,Jewel Changi,,0,0.0,0.4288124156545209,2
ChIJqYXtH3AP2jERkVSR2wkqdew,CN->SG,Food,1.329549,103.6826171,crawler_exact,16.811,0.000224,0,Orchard Road,,0,0.11428571428571428,0.5101214574898786,2
ChIJqZQBhRAY2jERklBwkZhguHo,CN->SG,Food,1.3163958,103.8992916,crawler_exact,5.134,0.076785,0,Bugis Street,,0,0.0,0.4605263157894737,2
ChIJqb2jphoF2jERDiStSMJ99FU,CN->SG,Food,1.3215273,103.6611946,crawler_exact,19.056,7.3e-05,0,Orchard Road,,0,0.0,0.24730094466936572,2
ChIJr2vXDu4W2jERC8RbWLTvCYM,CN->SG,Food,1.3765878,103.8563501,crawler_exact,8.436,0.014727,0,Orchard Road,,0,0.0,0.3593117408906883,2
ChIJr7gLwH092jERmisqL5i-QDs,CN->SG,Food,1.3762402,103.9534748,crawler_exact,4.399,0.110881,0,Jewel Changi,,0,0.0,0.5030364372469636,2
ChIJrR-yV54Z2jERWC-z85UFpls,CN->SG,Food,1.2912881,103.8413851,crawler_exact,0.572,0.751129,7,Clarke Quay,,0,0.0,0.6737516869095816,2
ChIJrYMeu5sQ2jERfpA5zK1UM9U,CN->SG,Food,1.3034696,103.81043,crawler_exact,2.38,0.304187,1,Orchard Road,,0,0.0,0.5914304993252362,2
ChIJrbKTuQ4Z2jERoROa0AZS-k0,CN->SG,Food,1.2637151,103.8220786,crawler_exact,1.097,0.57779,1,Sentosa / Resorts World,,0,0.0,0.6238191632928476,2
ChIJrccu6fUa2jERtI5L2Txe-_g,CN->SG,Food,1.3046518,103.7728757,crawler_exact,6.55,0.037809,0,Orchard Road,,0,0.0,0.4139676113360324,2
ChIJrcigH-E92jERRz8uQOzhH90,CN->SG,Food,1.352239,103.9534508,crawler_exact,4.112,0.127936,0,Jewel Changi,,0,0.0,0.5124831309041835,2
ChIJryFkhMoX2jER24OPF5ajj58,CN->SG,Food,1.3277014,103.9038524,crawler_exact,6.124,0.046805,0,Bugis Street,,0,0.0,0.42273954116059376,2
ChIJryJnfhIZ2jERUCR3eLh90fM,CN->SG,Food,1.277033,103.8523999,crawler_exact,0.98,0.612609,6,Chinatown / Niu Che Shui,,0,0.11538461538461539,0.8785425101214575,2
ChIJs26k7TE92jER3ujFW9aQHOw,CN->SG,Food,1.3313374,103.9479106,crawler_exact,5.631,0.05988,0,Jewel Changi,,0,0.0,0.4382591093117409,2
ChIJswRqCegZ2jERkzvdDnu8ero,CN->SG,Food,1.3171483,103.8438852,crawler_exact,1.921,0.382703,3,Orchard Road,,0,0.0,0.6049257759784076,2
ChIJsyKAD4k92jERH0WSmzVbaOk,CN->SG,Food,1.3337758,103.9489059,crawler_exact,5.388,0.067605,0,Jewel Changi,,0,0.0,0.444331983805668,2
ChIJt1JYLbcZ2jERKWJKL4mMLaM,CN->SG,Food,1.303149,103.8585258,crawler_exact,0.407,0.815924,7,Bugis Street,,0,0.0,0.7034412955465588,2
ChIJtaVM0QgZ2jERkD9z0aHNw6A,CN->SG,Food,1.2846419,103.8540406,crawler_exact,0.245,0.884554,6,Merlion Park,,0,0.0,0.725033738191633,2
ChIJtcvgd4oQ2jERYftwlvgqa68,CN->SG,Food,1.3431686,103.7751553,crawler_exact,7.606,0.022302,0,Orchard Road,,0,0.0,0.3782051282051282,2
ChIJu1_G5ggZ2jER_LJ4SRQX9JQ,CN->SG,Food,1.2861235,103.8541527,crawler_exact,0.085,0.958605,6,Merlion Park,,0,0.0,0.7338056680161944,2
ChIJu2JDl44X2jER5aLuetJfw8I,CN->SG,Food,1.3323758,103.8846207,crawler_exact,4.762,0.092451,0,Bugis Street,,0,0.0,0.4841430499325236,2
ChIJu2Xyl0AR2jERqiJV3y1HsKU,CN->SG,Food,1.341446,103.8099989,crawler_exact,4.741,0.09343,0,Orchard Road,,0,0.0,0.48616734143049933,2
ChIJu5zaGrEZ2jERXBOkYyPAchI,CN->SG,Food,1.3011827,103.859622,crawler_exact,0.419,0.811069,6,Bugis Street,,0,0.0,0.6993927125506073,2
ChIJuScwyhQZ2jERirvNvi2XHAg,CN->SG,Food,1.273767,103.8450399,crawler_exact,0.86,0.650416,5,Chinatown / Niu Che Shui,,0,0.0,0.6427125506072875,2
ChIJuZfHmdQZ2jEROUKKNzDb0ew,CN->SG,Food,1.3218041,103.8664067,crawler_exact,2.631,0.268309,1,Bugis Street,,0,0.0,0.5813090418353577,2
ChIJucjD4T8Q2jERvRGHo178L_c,CN->SG,Food,1.3603279,103.9895173,crawler_exact,0.027,0.986612,1,Jewel Changi,,0,0.0,0.7385290148448043,2
ChIJue3QPzsY2jERNukowLKc7HU,CN->SG,Food,1.3158269,103.8837301,crawler_exact,3.527,0.171463,0,Bugis Street,,0,0.0,0.5313765182186234,2
ChIJufaZrz0Q2jERjiCKiNsRsh4,CN->SG,Food,1.348023,103.743534,crawler_exact,10.926,0.004241,0,Orchard Road,,0,0.0,0.32624831309041835,2
ChIJuwj3ZAAP2jERv5RH9QjS_YQ,CN->SG,Food,1.329666,103.6813728,crawler_exact,16.949,0.000209,0,Orchard Road,,0,0.2608695652173913,0.5229419703103914,2
ChIJv32r6hsj2jERp8IkdVo7cts,CN->SG,Food,1.3079033,103.9256787,crawler_exact,7.495,0.023573,0,Gardens by the Bay,,0,0.0,0.38765182186234814,2
ChIJv8VwWlQR2jER7Tq7qdxh8bs,CN->SG,Food,1.3983977,103.8183064,crawler_exact,10.515,0.005208,0,Orchard Road,,0,0.0,0.3363697705802969,2
ChIJvU7-YQ0Y2jERwWWTcxRlhsg,CN->SG,Food,1.309038,103.902772,crawler_exact,5.294,0.07085,0,Bugis Street,,0,0.0,0.4483805668016194,2
ChIJvWnM-E4Q2jERrcEc1xul0NA,CN->SG,Food,1.3576834,103.7605786,crawler_exact,9.862,0.007219,0,Orchard Road,,0,0.0,0.34784075573549256,2
ChIJvXLm6kIa2jER7fCO5fPmUAo,CN->SG,Food,1.3069682,103.7879546,crawler_exact,4.88,0.087157,0,Orchard Road,,0,0.0,0.47941970310391363,2
ChIJw5R6WqAZ2jERDcFBzMX3sC0,CN->SG,Food,1.292643,103.8385582,crawler_exact,0.909,0.634792,6,Clarke Quay,,0,0.0,0.6373144399460189,2
ChIJwRKXcHYZ2jERSTeVD5ugzaQ,CN->SG,Food,1.3080791,103.8509709,crawler_exact,0.996,0.607767,5,Bugis Street,,0,0.0,0.6298920377867746,2
ChIJwRQ-uw0Z2jERtffbY4KMOw4,CN->SG,Food,1.2812893,103.8485025,crawler_exact,0.412,0.813726,6,Chinatown / Niu Che Shui,,0,0.0,0.7007422402159245,2
ChIJwSEc38oX2jERi8JrxEosqL0,CN->SG,Food,1.3626409,103.8940102,crawler_exact,8.096,0.01746,0,Bugis Street,,0,0.0,0.36605937921727394,2
ChIJwXjZTPMZ2jERQymyd8VIPhE,CN->SG,Food,1.2882665,103.8141523,crawler_exact,2.689,0.26072,1,Orchard Road,,0,0.0,0.5765856950067476,2
ChIJwdNgut4P2jERADBq9nQIGc8,CN->SG,Food,1.3484778,103.7244273,crawler_exact,12.886,0.001591,0,Orchard Road,,0,0.0,0.29520917678812414,2
ChIJwyHucfQZ2jERC3mkl-kQWk0,CN->SG,Food,1.3111934,103.8267875,crawler_exact,0.903,0.636587,1,Orchard Road,,0,0.0,0.6379892037786774,2
ChIJxRngZDU92jER5wOzmY9J8Os,CN->SG,Food,1.3275778,103.93801,crawler_exact,6.78,0.03371,0,Jewel Changi,,0,0.0,0.40789473684210525,2
ChIJxVQqvIwZ2jER4WhnK5h7S0g,CN->SG,Food,1.3073141,103.8289099,crawler_exact,0.426,0.808205,2,Orchard Road,,0,0.0,0.6973684210526316,2
ChIJxZ2RNaUZ2jERbiQfyAWjkDU,CN->SG,Food,1.298179,103.854676,crawler_exact,0.302,0.860004,7,Bugis Street,,0,0.0,0.7209851551956815,2
ChIJxescUYEa2jERQAF3aQjd56U,CN->SG,Food,1.3222771,103.7695981,crawler_exact,7.183,0.027562,0,Orchard Road,,0,0.0,0.3991228070175439,2
ChIJxyAVvKYX2jER0H80pk90rIA,CN->SG,Food,1.3511556,103.8723792,crawler_exact,5.912,0.052014,0,Bugis Street,,0,0.0,0.42813765182186236,2
ChIJxyAVvKYX2jERoMQ4HzbxvKs,CN->SG,Food,1.3508273,103.8726938,crawler_exact,5.889,0.052634,0,Bugis Street,,0,0.19047619047619047,0.6835357624831309,2
ChIJxzbY1z4Q2jERHEKnSUZd9vM,CN->SG,Food,1.3500983,103.7493183,crawler_exact,10.462,0.005349,0,Orchard Road,,0,0.0,0.33771929824561403,2
ChIJy6YytPIP2jERWrVkEebL3kc,CN->SG,Food,1.334902,103.7062666,crawler_exact,14.351,0.000765,0,Orchard Road,,0,0.0,0.2857624831309042,2
ChIJy6rv-54Z2jERnd34-vJP7mM,CN->SG,Food,1.2851118,103.8336154,crawler_exact,1.307,0.520322,4,Chinatown / Niu Che Shui,,0,0.0,0.6150472334682862,2
ChIJy7ZSX9Y92jERyWrpKKxpQwE,CN->SG,Food,1.3598614,103.9894833,crawler_exact,0.03,0.985342,1,Jewel Changi,,0,0.0,0.7378542510121457,2
ChIJyULPPDsY2jER38AapqZYPGc,CN->SG,Food,1.3159921,103.8833033,crawler_exact,3.494,0.174279,0,Bugis Street,,0,0.0,0.5334008097165992,2
ChIJyYWJU4IZ2jERwPqP707ye-Y,CN->SG,Food,1.3082064,103.855798,crawler_exact,0.846,0.655121,5,Bugis Street,,0,0.0,0.6447368421052632,2
ChIJyZRYnbgZ2jERqr6t6jIpjqE,CN->SG,Food,1.3076919,103.8527311,crawler_exact,0.864,0.64931,5,Bugis Street,,0,0.0,0.6420377867746289,2
ChIJybldADQZ2jERZEtKFZaY_94,CN->SG,Food,1.3046292,103.8962284,crawler_exact,4.44,0.108607,0,Gardens by the Bay,,0,0.0,0.5010121457489878,2
ChIJyd5nY4oQ2jERRdOues0DbgE,CN->SG,Food,1.3431192,103.7759016,crawler_exact,7.535,0.023116,0,Orchard Road,,0,0.0,0.3856275303643725,2
ChIJyfiXtHE92jERVnTdeuYDCmY,CN->SG,Food,1.3527219,103.9436721,crawler_exact,5.171,0.075358,0,Jewel Changi,,0,0.0,0.4551282051282051,2
ChIJz0r0SnoU2jERiGkHvp7o8qs,CN->SG,Food,1.4318801,103.8289483,crawler_exact,14.134,0.000853,0,Orchard Road,,0,0.0,0.28711201079622134,2
ChIJz58UwTsY2jERfGVsl8xpUQM,CN->SG,Food,1.3133235,103.8837532,crawler_exact,3.404,0.182296,0,Bugis Street,,0,0.0,0.536774628879892,2
ChIJz8Iz1qwi2jER4uI2iSaPVOc,CN->SG,Food,1.3257348,103.9227964,crawler_exact,7.944,0.018832,0,Bugis Street,,0,0.0,0.36875843454790824,2
ChIJzS4a-JU92jERtXlh9tIkG64,CN->SG,Food,1.3589767,103.9551077,crawler_exact,3.836,0.146876,0,Jewel Changi,,0,0.0,0.5259784075573549,2
ChIJzX8R020Q2jER0zdPF20KjmM,CN->SG,Food,1.3295008,103.683201,crawler_exact,16.746,0.000231,0,Orchard Road,,0,0.0,0.26619433198380565,2
ChIJ-ZXewTkY2jER7zyN2IJInWg,CN->SG,Hotel,1.3112202,103.8810409,crawler_exact,3.034,0.219362,0,Bugis Street,,0,0.0,0.5549932523616734,2
ChIJ04Bw1zAY2jERYwqFp3RVlg4,CN->SG,Hotel,1.3128079,103.8769622,crawler_exact,2.706,0.258406,1,Bugis Street,,0,0.0,0.5738866396761133,2
ChIJ1e3y99sZ2jERjIm62pEnUS4,CN->SG,Hotel,1.3119305,103.87775,crawler_exact,2.736,0.254579,1,Bugis Street,,0,0.0,0.5705128205128205,2
ChIJ2RYvmDE92jERydbpoKoXNZ4,CN->SG,Hotel,1.3315894,103.9471647,crawler_exact,5.684,0.058321,0,Jewel Changi,,0,0.0,0.43556005398110664,2
ChIJ2a-inzYY2jERLUhmFqKO46I,CN->SG,Hotel,1.311202,103.8740079,crawler_exact,2.333,0.311488,1,Bugis Street,,0,0.0,0.5921052631578947,2
ChIJ37tThhEY2jERRBycMYB-rUA,CN->SG,Hotel,1.3115909,103.9007217,crawler_exact,5.13,0.076906,0,Bugis Street,,0,0.0,0.46120107962213225,2
ChIJ3QOMkwkZ2jER48gyfhfXUA8,CN->SG,Hotel,1.3131939,103.8781191,crawler_exact,2.839,0.24179,1,Bugis Street,,0,0.0,0.5651147098515519,2
ChIJ3XwHWncZ2jERxgr5QCa0gDw,CN->SG,Hotel,1.2851578,103.8334609,crawler_exact,1.325,0.515682,4,Chinatown / Niu Che Shui,,0,0.0,0.6143724696356275,2
ChIJ3cFdbwA92jERqA3tMiwPfJs,CN->SG,Hotel,1.3538562,103.9889065,crawler_exact,0.699,0.7052,1,Jewel Changi,,0,0.0,0.6589068825910931,2
ChIJ3yzWnq0Z2jERsPnwbQa5kq4,CN->SG,Hotel,1.3110148,103.8786211,crawler_exact,2.779,0.249243,1,Bugis Street,,0,0.0,0.5671390013495277,2
ChIJ48dSqHQZ2jERezyfMJmZfNA,CN->SG,Hotel,1.2845216,103.8443767,crawler_exact,0.339,0.843974,7,Chinatown / Niu Che Shui,,0,0.0,0.7176113360323887,2
ChIJ5UYXQhgZ2jERQCI74fJWWK0,CN->SG,Hotel,1.3116221,103.8774994,crawler_exact,2.696,0.259781,1,Bugis Street,,0,0.0,0.5759109311740891,2
ChIJ6-LwGCgZ2jERLkfMIA8oTwg,CN->SG,Hotel,1.2969031,103.8557985,crawler_exact,0.411,0.814146,7,Bugis Street,,0,0.0,0.701417004048583,2
ChIJ78jOqDkY2jER6Dug5gnIsaI,CN->SG,Hotel,1.311195,103.8818608,crawler_exact,3.117,0.210434,0,Bugis Street,,0,0.0,0.5489203778677463,2
ChIJ7f6S5goY2jERtgx0w1iCz84,CN->SG,Hotel,1.3088164,103.9119891,crawler_exact,6.172,0.045682,0,Gardens by the Bay,,0,0.0,0.4207152496626181,2
ChIJ7x88fqUX2jER7NhWcEMV6lg,CN->SG,Hotel,1.3541265,103.8787259,crawler_exact,6.47,0.039356,0,Bugis Street,,0,0.0,0.41531713900134953,2
ChIJ8zqkjjkY2jERJzYktAZL5tg,CN->SG,Hotel,1.3118582,103.881492,crawler_exact,3.108,0.211378,0,Bugis Street,,0,0.0,0.5509446693657221,2
ChIJ9TacjjkY2jERRGG-r3VJq5c,CN->SG,Hotel,1.3119605,103.8811106,crawler_exact,3.074,0.215014,0,Bugis Street,,0,0.0,0.5522941970310391,2
ChIJCfKnhhIY2jER7fL0siPQ4ac,CN->SG,Hotel,1.3095793,103.9023878,crawler_exact,5.263,0.071954,0,Bugis Street,,0,0.0,0.45040485829959515,2
ChIJD2ws16gZ2jERc-UCGfcV-eo,CN->SG,Hotel,1.293589,103.8589017,crawler_exact,0.848,0.654423,6,Bugis Street,,0,0.0,0.6440620782726045,2
ChIJDcdcfX4b2jER4_VtEzPC9wY,CN->SG,Hotel,1.3045242,103.7878834,crawler_exact,4.882,0.087068,0,Orchard Road,,0,0.0,0.47807017543859653,2
ChIJDyOtkBc82jERkMqi4Nb1gpo,CN->SG,Hotel,1.3904644,103.9860557,crawler_exact,3.399,0.182749,0,Jewel Changi,,0,0.0,0.5374493927125505,2
ChIJE49v1JAZ2jERWDP05HHNONo,CN->SG,Hotel,1.3007935,103.8390901,crawler_exact,0.925,0.629772,5,Orchard Road,,0,0.0,0.6359649122807017,2
ChIJESFr2k0Z2jERrLN54MLYQoM,CN->SG,Hotel,1.2965032,103.8552859,crawler_exact,0.461,0.794283,7,Bugis Street,,0,0.0,0.6912955465587045,2
ChIJF-8-srwZ2jERhn9mpTQylp4,CN->SG,Hotel,1.2986498,103.8496701,crawler_exact,0.726,0.695686,7,Bugis Street,,0,0.0,0.6555330634278003,2
ChIJH2EgPRIY2jERKrUAQ90dG9U,CN->SG,Hotel,1.3113635,103.9010865,crawler_exact,5.164,0.075629,0,Bugis Street,,0,0.0,0.4564777327935223,2
ChIJHR8LfugZ2jERUzNAwBJc5sE,CN->SG,Hotel,1.3168137,103.8416014,crawler_exact,1.724,0.422344,3,Orchard Road,,0,0.0,0.6076248313090418,2
ChIJHeeu2LU92jER_BzfOqfIE0w,CN->SG,Hotel,1.3798904,103.9549644,crawler_exact,4.435,0.108896,0,Jewel Changi,,0,0.0,0.502361673414305,2
ChIJIWIoD5gZ2jER2_xl1rm6lwU,CN->SG,Hotel,1.297724,103.84441,crawler_exact,0.815,0.665358,7,Clarke Quay,,0,0.0,0.6474358974358974,2
ChIJJ11qGTcY2jER3aUek1VzpTw,CN->SG,Hotel,1.3107751,103.8773254,crawler_exact,2.637,0.267556,1,Bugis Street,,0,0.0,0.5799595141700404,2
ChIJJWyZdjcY2jERc1Im57AB7t8,CN->SG,Hotel,1.3101408,103.878629,crawler_exact,2.74,0.254059,1,Bugis Street,,0,0.0,0.569838056680162,2
ChIJK0hRYHIZ2jERrxw0TDSz0vs,CN->SG,Hotel,1.2808073,103.8418231,crawler_exact,0.34,0.843758,7,Chinatown / Niu Che Shui,,0,0.0,0.7169365721997301,2
ChIJKYPoKcEZ2jERBoqvT--ppEQ,CN->SG,Hotel,1.3113979,103.8548037,crawler_exact,1.207,0.546937,4,Bugis Street,,0,0.0,0.618421052631579,2
ChIJL4fcgTkY2jERg7V-al0gtt4,CN->SG,Hotel,1.3121878,103.8824365,crawler_exact,3.219,0.199979,0,Bugis Street,,0,0.0,0.5448717948717949,2
ChIJMz0o57YZ2jEREDiZ5R5MEk0,CN->SG,Hotel,1.3042953,103.8597429,crawler_exact,0.593,0.743513,5,Bugis Street,,0,0.0,0.6703778677462888,2
ChIJN5U7dJ4Z2jERhI5Md3L9RYM,CN->SG,Hotel,1.2908153,103.8391747,crawler_exact,0.814,0.665501,7,Clarke Quay,,0,0.0,0.648110661268556,2
ChIJN9sOMrsZ2jERO_ldHOJI_8U,CN->SG,Hotel,1.311666,103.8614966,crawler_exact,1.379,0.50187,3,Bugis Street,,0,0.0,0.6109986504723347,2
ChIJNX-LGjcY2jERoD8kXMt-TSQ,CN->SG,Hotel,1.3106267,103.8772773,crawler_exact,2.625,0.26915,1,Bugis Street,,0,0.0,0.5826585695006747,2
ChIJObxCsL4Z2jERF5ZUjJPyIcg,CN->SG,Hotel,1.3036924,103.8499932,crawler_exact,0.741,0.690312,7,Bugis Street,,0,0.0,0.6535087719298245,2
ChIJObxVvTAY2jERmDEeKZxKjy8,CN->SG,Hotel,1.3134517,103.8788156,crawler_exact,2.921,0.232133,1,Bugis Street,,0,0.0,0.5590418353576249,2
ChIJQUiaH9IZ2jERI30MhK2ro10,CN->SG,Hotel,1.3112028,103.8775634,crawler_exact,2.681,0.26167,1,Bugis Street,,0,0.0,0.5772604588394061,2
ChIJRY0iDMAZ2jERv4i-yL80Of4,CN->SG,Hotel,1.3116085,103.8778331,crawler_exact,2.728,0.255605,1,Bugis Street,,0,0.0,0.571187584345479,2
ChIJRxETRTMZ2jERMjyc5epBSzI,CN->SG,Hotel,1.3118867,103.8801907,crawler_exact,2.978,0.225631,1,Bugis Street,,0,0.0,0.5576923076923077,2
ChIJS2xZIjcY2jER-d7Gd8C9k2I,CN->SG,Hotel,1.3112057,103.8772766,crawler_exact,2.653,0.265419,1,Bugis Street,,0,0.0,0.5792847503373819,2
ChIJSXENi68Z2jERvaPlcGJg1PY,CN->SG,Hotel,1.2972136,103.8564618,crawler_exact,0.382,0.826259,7,Bugis Street,,0,0.0,0.7115384615384616,2
ChIJT2GP0LEZ2jER4VmH4dpvFE8,CN->SG,Hotel,1.2917357,103.8494682,crawler_exact,0.349,0.839673,7,Clarke Quay,,0,0.0,0.7162618083670715,2
ChIJU5hYEDs82jERwKQU9YNLjmc,CN->SG,Hotel,1.3885329,103.9765627,crawler_exact,3.478,0.175701,0,Jewel Changi,,0,0.0,0.535425101214575,2
ChIJVVWlLu0Z2jERANZMbF0JwJY,CN->SG,Hotel,1.3081872,103.8357101,crawler_exact,0.575,0.750081,3,Orchard Road,,0,0.0,0.6730769230769231,2
ChIJW75AJsoZ2jERuRo3qs5Otpk,CN->SG,Hotel,1.3094972,103.8623811,crawler_exact,1.224,0.542301,4,Bugis Street,,0,0.0,0.6177462887989205,2
ChIJWdLw7TAY2jERXBXiRLDjIgQ,CN->SG,Hotel,1.3139908,103.8778684,crawler_exact,2.86,0.239276,1,Bugis Street,,0,0.0,0.5644399460188934,2
ChIJXYIF8zkY2jERIMVQABHx2F0,CN->SG,Hotel,1.311901,103.8808932,crawler_exact,3.049,0.217691,0,Bugis Street,,0,0.0,0.5543184885290149,2
ChIJY5BNN8kZ2jERb4NfPF21dH4,CN->SG,Hotel,1.3117957,103.8604987,crawler_exact,1.346,0.51023,3,Bugis Street,,0,0.0,0.6130229419703104,2
ChIJZYm6guYN2jERdmoxoxm98Kc,CN->SG,Hotel,1.4198053,103.7195597,crawler_exact,17.866,0.000132,0,Orchard Road,,0,0.0,0.24865047233468288,2
ChIJ_8C8mKcf2jERc7enpi1mU2Q,CN->SG,Hotel,1.2283389,103.8514755,crawler_exact,4.196,0.122693,0,Sentosa / Resorts World,,0,0.0,0.5077597840755735,2
ChIJ_ao2NzoY2jERSIS8EdcpG9E,CN->SG,Hotel,1.3133191,103.8817594,crawler_exact,3.204,0.201517,0,Bugis Street,,0,0.0,0.546221322537112,2
ChIJ_zN7PjcY2jER8S9wD3oL9QE,CN->SG,Hotel,1.3112557,103.8778325,crawler_exact,2.711,0.257843,1,Bugis Street,,0,0.0,0.5732118758434548,2
ChIJa7DWQDcY2jERMFNLTD7UWYQ,CN->SG,Hotel,1.3114895,103.8780663,crawler_exact,2.746,0.2534,1,Bugis Street,,0,0.0,0.5691632928475034,2
ChIJaYVwpDkY2jERbLBVdk2RiOc,CN->SG,Hotel,1.3110148,103.8818968,crawler_exact,3.113,0.210834,0,Bugis Street,,0,0.0,0.5495951417004048,2
ChIJb8vmsAwZ2jERi38fKF0P_rE,CN->SG,Hotel,1.2834693,103.8455568,crawler_exact,0.235,0.889326,7,Chinatown / Niu Che Shui,,0,0.0,0.72638326585695,2
ChIJbehm8Jwj2jERleuVMdTkNu8,CN->SG,Hotel,1.3231319,103.9624751,crawler_exact,5.098,0.078159,0,Jewel Changi,,0,0.0,0.46524966261808365,2
ChIJbxecDwkZ2jER0HC_ulAswUE,CN->SG,Hotel,1.2863532,103.8530671,crawler_exact,0.167,0.919956,6,Merlion Park,,0,0.0,0.7311066126855601,2
ChIJby1qk0sZ2jERl1EX_MTwMrA,CN->SG,Hotel,1.2873637,103.8475361,crawler_exact,0.388,0.823473,7,Clarke Quay,,0,0.0,0.7081646423751686,2
ChIJc_CtvrAZ2jERZhmZq1rHkXQ,CN->SG,Hotel,1.314451,103.877801,crawler_exact,2.881,0.23682,1,Bugis Street,,0,0.0,0.5624156545209177,2
ChIJcysh2TYY2jEROOPaqjhaKV4,CN->SG,Hotel,1.310963,103.8766498,crawler_exact,2.578,0.275479,1,Bugis Street,,0,0.0,0.5846828609986505,2
ChIJczBPm3gZ2jER16Rus-8px3M,CN->SG,Hotel,1.3150011,103.8985851,crawler_exact,5.008,0.081755,0,Bugis Street,,0,0.0,0.47064777327935226,2
ChIJdVMCSTcY2jERpqgFGkQ7VYI,CN->SG,Hotel,1.311987,103.8784172,crawler_exact,2.805,0.24596,1,Bugis Street,,0,0.0,0.5664642375168691,2
ChIJdchlr7wZ2jERLaqo-KWYuaY,CN->SG,Hotel,1.2988541,103.8501467,crawler_exact,0.668,0.715915,7,Bugis Street,,0,0.0,0.6629554655870445,2
ChIJdeB0FI0Z2jERfMMx7jtAfsg,CN->SG,Hotel,1.3062156,103.8311493,crawler_exact,0.173,0.917029,3,Orchard Road,,0,0.0,0.7304318488529015,2
ChIJdzYEE3MZ2jERGuVTH_L6nTw,CN->SG,Hotel,1.2831547,103.8429817,crawler_exact,0.273,0.87226,7,Chinatown / Niu Che Shui,,0,0.0,0.7223346828609987,2
ChIJg-tFGTcY2jERYfQGM3B9q9Q,CN->SG,Hotel,1.3109337,103.8769685,crawler_exact,2.609,0.271337,1,Bugis Street,,0,0.0,0.5840080971659919,2
ChIJhXc73hAY2jER0F4zrjxDfvI,CN->SG,Hotel,1.3147698,103.8983936,crawler_exact,4.98,0.082923,0,Bugis Street,,0,0.0,0.4726720647773279,2
ChIJhYW77TkY2jER2Uyw5zJgJHM,CN->SG,Hotel,1.3115084,103.8809148,crawler_exact,3.034,0.219388,0,Bugis Street,,0,0.0,0.5556680161943319,2
ChIJha8gn6UZ2jERGvxowvZkPXs,CN->SG,Hotel,1.29592,103.855164,crawler_exact,0.527,0.76844,7,Bugis Street,,0,0.0,0.6791497975708503,2
ChIJheQjQQoZ2jERykwfyfBI1QA,CN->SG,Hotel,1.2876562,103.8489561,crawler_exact,0.435,0.804585,7,Clarke Quay,,0,0.0,0.696693657219973,2
ChIJi06pUZYZ2jERW8krXJbsl5Q,CN->SG,Hotel,1.301345,103.8424238,crawler_exact,1.242,0.537427,6,Orchard Road,,0,0.0,0.6170715249662618,2
ChIJiYGgrJ8Z2jERgiIOxtAZAOg,CN->SG,Hotel,1.2912564,103.8420506,crawler_exact,0.498,0.779393,7,Clarke Quay,,0,0.0,0.6838731443994601,2
ChIJifzF-ZYZ2jERJuKqhZ4PRi8,CN->SG,Hotel,1.3013335,103.8416861,crawler_exact,1.165,0.558601,6,Orchard Road,,0,0.0,0.6211201079622133,2
ChIJjXems6cZ2jERep-fc4y_1qA,CN->SG,Hotel,1.300762,103.901126,crawler_exact,4.684,0.096121,0,Gardens by the Bay,,0,0.0,0.488191632928475,2
ChIJjadGkvsZ2jERWeClIDAZ0NA,CN->SG,Hotel,1.3021018,103.8403409,crawler_exact,0.996,0.607825,5,Orchard Road,,0,0.0,0.6305668016194332,2
ChIJk3SwyxQZ2jER3MLPLbxbsOw,CN->SG,Hotel,1.2736658,103.8450622,crawler_exact,0.872,0.646743,5,Chinatown / Niu Che Shui,,0,0.0,0.6406882591093117,2
ChIJk4yRWh8Y2jER9qcLFos5l1A,CN->SG,Hotel,1.3220908,103.8916189,crawler_exact,4.634,0.098552,0,Bugis Street,,0,0.0,0.49021592442645073,2
ChIJkcR9eDkY2jERn0fkzmgGYZo,CN->SG,Hotel,1.3120814,103.882434,crawler_exact,3.214,0.200477,0,Bugis Street,,0,0.0,0.5455465587044535,2
ChIJkyvW2pIZ2jERWyYW3DpUgEg,CN->SG,Hotel,1.30718,103.8355304,crawler_exact,0.492,0.781944,3,Orchard Road,,0,0.0,0.6865721997300944,2
ChIJl0h4qfUb2jERSxPt8ytMI28,CN->SG,Hotel,1.2916299,103.7870686,crawler_exact,5.184,0.074878,0,Orchard Road,,0,0.0,0.453778677462888,2
ChIJl5S5fT0Y2jERwJsMUEULTa0,CN->SG,Hotel,1.3149712,103.8909796,crawler_exact,4.214,0.121579,0,Bugis Street,,0,0.0,0.5057354925775979,2
ChIJl6XhVzcY2jER8wHTnTNvCIg,CN->SG,Hotel,1.3117788,103.8797191,crawler_exact,2.925,0.231641,1,Bugis Street,,0,0.0,0.5583670715249662,2
ChIJmbSiPDEY2jERwY-f9Lgy128,CN->SG,Hotel,1.3132274,103.8758914,crawler_exact,2.629,0.26864,1,Bugis Street,,0,0.0,0.5819838056680162,2
ChIJmdToVIoT2jERFcg421N7d68,CN->SG,Hotel,1.4071032,103.7907476,crawler_exact,12.257,0.00218,0,Orchard Road,,0,0.0,0.303306342780027,2
ChIJmfrJMXUZ2jERQxc2VBBowUg,CN->SG,Hotel,1.2772128,103.8487045,crawler_exact,0.645,0.724439,6,Chinatown / Niu Che Shui,,0,0.0,0.667004048582996,2
ChIJmwrAvCQZ2jERxzMkadSbf_U,CN->SG,Hotel,1.3025087,103.8642451,crawler_exact,0.952,0.621368,5,Bugis Street,,0,0.0,0.6346153846153846,2
ChIJn1-b2CU92jER7pvyLYfEfWQ,CN->SG,Hotel,1.3368116,103.9549938,crawler_exact,4.637,0.098404,0,Jewel Changi,,0,0.0,0.48954116059379216,2
ChIJnb-ocDkY2jERqMhvbUmQH8s,CN->SG,Hotel,1.3115822,103.882711,crawler_exact,3.221,0.199793,0,Bugis Street,,0,0.0,0.5441970310391363,2
ChIJndAszrAZ2jERdXYoJaKBQfw,CN->SG,Hotel,1.3028832,103.8582876,crawler_exact,0.367,0.83223,7,Bugis Street,,0,0.0,0.7142375168690958,2
ChIJo8cvPgsZ2jERzUp0v52SdI0,CN->SG,Hotel,1.2857588,103.8460409,crawler_exact,0.493,0.781437,7,Chinatown / Niu Che Shui,,0,0.0,0.6852226720647774,2
ChIJoSIklaQZ2jERgKc2lL92rAA,CN->SG,Hotel,1.2975451,103.8520722,crawler_exact,0.544,0.761671,7,Bugis Street,,0,0.0,0.6757759784075574,2
ChIJoeV2WKQZ2jERvqFd1_XG4jg,CN->SG,Hotel,1.2955565,103.8530862,crawler_exact,0.642,0.725369,7,Bugis Street,,0,0.0,0.6676788124156545,2
ChIJp3kFgDkY2jER7ijI2SjP9G8,CN->SG,Hotel,1.3123248,103.8824019,crawler_exact,3.222,0.199718,0,Bugis Street,,0,0.0,0.5435222672064777,2
ChIJp6Le2zYY2jERIyzHaNF7g8E,CN->SG,Hotel,1.3102181,103.8762086,crawler_exact,2.498,0.286772,1,Bugis Street,,0,0.0,0.5867071524966262,2
ChIJpbvU9zkY2jERmz3Firlf-lo,CN->SG,Hotel,1.3122433,103.8804338,crawler_exact,3.019,0.221018,0,Bugis Street,,0,0.0,0.5570175438596492,2
ChIJpc_euAwZ2jER-6AtSZ4spRQ,CN->SG,Hotel,1.2833703,103.8458178,crawler_exact,0.237,0.888361,7,Chinatown / Niu Che Shui,,0,0.0,0.7257085020242915,2
ChIJq6NC6HYZ2jER6RVRp3cIqZg,CN->SG,Hotel,1.3156947,103.8977558,crawler_exact,4.946,0.084314,0,Bugis Street,,0,0.0,0.47469635627530365,2
ChIJqa5XGDcY2jERIzwinkLz1us,CN->SG,Hotel,1.3100543,103.8774434,crawler_exact,2.615,0.270431,1,Bugis Street,,0,0.0,0.5833333333333333,2
ChIJqygdacQZ2jERdAWn-LllLbs,CN->SG,Hotel,1.3087218,103.9119842,crawler_exact,6.166,0.04581,0,Gardens by the Bay,,0,0.0,0.42139001349527666,2
ChIJqytKobwZ2jER1RlaYLYwXec,CN->SG,Hotel,1.2991045,103.8501894,crawler_exact,0.656,0.720274,7,Bugis Street,,0,0.0,0.6643049932523617,2
ChIJqz8O_lEZ2jEREOTMicavqYU,CN->SG,Hotel,1.3031709,103.8591124,crawler_exact,0.457,0.795552,6,Bugis Street,,0,0.0,0.691970310391363,2
ChIJrQAuWKUX2jERshr3uRB1oe0,CN->SG,Hotel,1.3542504,103.8789223,crawler_exact,6.491,0.03894,0,Bugis Street,,0,0.0,0.41464237516869096,2
ChIJrT_wz7YZ2jER-lLS7atyJsk,CN->SG,Hotel,1.3034746,103.860275,crawler_exact,0.582,0.74752,6,Bugis Street,,0,0.0,0.6717273954116059,2
ChIJrXZUXmsZ2jERdZPWv7o3QHA,CN->SG,Hotel,1.2752457,103.8434106,crawler_exact,0.712,0.700335,5,Chinatown / Niu Che Shui,,0,0.0,0.6562078272604588,2
ChIJraA5MPwa2jERbXtj4LEfXiM,CN->SG,Hotel,1.3067602,103.9058362,crawler_exact,5.466,0.065038,0,Gardens by the Bay,,0,0.0,0.44163292847503377,2
ChIJrz0R-NQZ2jERXz6RyhbELLg,CN->SG,Hotel,1.2826642,103.8482839,crawler_exact,0.408,0.815317,6,Chinatown / Niu Che Shui,,0,0.0,0.7020917678812415,2
ChIJsSmdkRM92jERrmjHq_mOda4,CN->SG,Hotel,1.3338557,103.9636626,crawler_exact,4.102,0.128581,0,Jewel Changi,,0,0.0,0.513157894736842,2
ChIJscyhaKUZ2jERMoA0Gv3a4iI,CN->SG,Hotel,1.297009,103.855585,crawler_exact,0.401,0.818389,7,Bugis Street,,0,0.0,0.7054655870445344,2
ChIJt6LDlDAY2jER0FBeXHldcBE,CN->SG,Hotel,1.313693,103.878285,crawler_exact,2.883,0.236567,1,Bugis Street,,0,0.0,0.561740890688259,2
ChIJv3oMC7EZ2jER2kSvNGCPTiQ,CN->SG,Hotel,1.3010259,103.8605305,crawler_exact,0.517,0.772236,6,Bugis Street,,0,0.0,0.6818488529014846,2
ChIJvwKrbdk72jER-Cew02jZNKA,CN->SG,Hotel,1.3668974,104.0130688,crawler_exact,2.716,0.257154,1,Jewel Changi,,0,0.0,0.5718623481781376,2
ChIJvySRapM82jERRQTFHA8XoHQ,CN->SG,Hotel,1.3585609,103.9879672,crawler_exact,0.249,0.882732,1,Jewel Changi,,0,0.0,0.7236842105263158,2
ChIJw6HFVGkZ2jER8zoBT70YpAw,CN->SG,Hotel,1.2842291,103.8442512,crawler_exact,0.31,0.856615,7,Chinatown / Niu Che Shui,,0,0.0,0.7203103913630229,2
ChIJw7KGjXEY2jER0am68tliua4,CN->SG,Hotel,1.3037177,103.9029408,crawler_exact,5.017,0.081371,0,Gardens by the Bay,,0,0.0,0.46963562753036436,2
ChIJwUTKu6UZ2jERwt5ctkU4f2Q,CN->SG,Hotel,1.294889,103.854483,crawler_exact,0.654,0.720983,7,Bugis Street,,0,0.0,0.6656545209176787,2
ChIJwas0SnUZ2jERZ5k9uwMQX1I,CN->SG,Hotel,1.287965,103.8446657,crawler_exact,0.366,0.832704,7,Clarke Quay,,0,0.0,0.7149122807017544,2
ChIJy0ZILzcY2jERM6xKJmTOaUE,CN->SG,Hotel,1.3118091,103.8771744,crawler_exact,2.673,0.26272,1,Bugis Street,,0,0.0,0.5779352226720648,2
ChIJy0tmZskZ2jER8OTBC1Aiuxw,CN->SG,Hotel,1.3109757,103.8617721,crawler_exact,1.326,0.515407,3,Bugis Street,,0,0.0,0.6136977058029689,2
ChIJzQ8_2Is82jERDedahbH33Nw,CN->SG,Hotel,1.3603912,103.989642,crawler_exact,0.033,0.983776,1,Jewel Changi,,0,0.0,0.7365047233468286,2
ChIJzYOzRgwZ2jERM3h3MIvqrts,CN->SG,Hotel,1.2829731,103.8487244,crawler_exact,0.466,0.792153,6,Chinatown / Niu Che Shui,,0,0.0,0.6899460188933872,2
ChIJzYo2cqUZ2jERNK5di9Ug7GU,CN->SG,Hotel,1.2964732,103.8553007,crawler_exact,0.464,0.793069,7,Bugis Street,,0,0.0,0.6906207827260459,2
ChIJ-1eu0KMX2jER13MfvvTYCzI,CN->SG,Retail,1.3532655,103.8715001,crawler_exact,6.108,0.047181,0,Bugis Street,,0,0.0,0.4234143049932524,2
ChIJ-QEBJw492jERA4T6m9TNxUo,CN->SG,Retail,1.354212,103.9450352,crawler_exact,4.997,0.082205,0,Jewel Changi,,0,0.0,0.4713225371120108,2
ChIJ-a1KOwAZ2jERbfRMkBGT2Fc,CN->SG,Retail,1.3144249,103.8944741,crawler_exact,4.555,0.102522,0,Bugis Street,,0,0.0,0.4942645074224022,2
ChIJ07kCGPwZ2jERGl-Ek5HhQVY,CN->SG,Retail,1.2841159,103.8424418,crawler_exact,0.392,0.822186,7,Chinatown / Niu Che Shui,,0,0.0,0.7074898785425101,2
ChIJ09xRq0IX2jER80us2CFZbLY,CN->SG,Retail,1.3630059,103.8952559,crawler_exact,8.203,0.016546,0,Bugis Street,,0,0.0,0.3633603238866397,2
ChIJ14BXzDsT2jERaRYCDuj0c94,CN->SG,Retail,1.4468632,103.8055899,crawler_exact,16.063,0.000325,0,Orchard Road,,0,0.0,0.2702429149797571,2
ChIJ14X4KGwX2jERE6qkZNS2JlY,CN->SG,Retail,1.3384655,103.8716089,crawler_exact,4.558,0.102375,0,Bugis Street,,0,0.0,0.4935897435897436,2
ChIJ1VWOUQ492jERT6ShQTPTOZc,CN->SG,Retail,1.356115,103.945942,crawler_exact,4.873,0.08745,0,Jewel Changi,,0,0.0,0.4800944669365722,2
ChIJ1ZD3MgAP2jERQvGVLFKfqVQ,CN->SG,Retail,1.347641,103.6806205,crawler_exact,17.468,0.000161,0,Orchard Road,,0,0.0,0.25134952766531715,2
ChIJ2QcVw3UZ2jEREjm88AVOKQ4,CN->SG,Retail,1.286971,103.8417616,crawler_exact,0.67,0.715204,7,Clarke Quay,,0,0.0,0.6622807017543859,2
ChIJ2TQikGwZ2jERHGPeD2UcWHE,CN->SG,Retail,1.2758753,103.8430795,crawler_exact,0.654,0.721073,5,Chinatown / Niu Che Shui,,0,0.0,0.6663292847503374,2
ChIJ2Ulmp4sX2jERNAywLFoljmI,CN->SG,Retail,1.3291829,103.8882572,crawler_exact,4.8,0.090718,0,Bugis Street,,0,0.0,0.4807692307692308,2
ChIJ2W1-PnwV2jEReBwbgDPcUpg,CN->SG,Retail,1.4109454,103.8973937,crawler_exact,11.706,0.002872,0,Jewel Changi,,0,0.0,0.3134278002699055,2
ChIJ2Zxh8XIY2jERm5xQHVxhv60,CN->SG,Retail,1.3048955,103.9052146,crawler_exact,5.302,0.07058,0,Gardens by the Bay,,0,0.0,0.4477058029689609,2
ChIJ2wWIz58i2jERxCC-2zM6RDc,CN->SG,Retail,1.3054466,103.9153644,crawler_exact,6.336,0.042087,0,Gardens by the Bay,,0,0.0,0.4180161943319838,2
ChIJ3RvU2Ms92jERn8m4VpW10oY,CN->SG,Retail,1.35534,103.9316454,crawler_exact,6.464,0.039475,0,Jewel Changi,,0,0.0,0.41666666666666663,2
ChIJ3_zCA-E92jERMg-ZGMoqa14,CN->SG,Retail,1.3610328,103.9402046,crawler_exact,5.492,0.064185,0,Jewel Changi,,0,0.0,0.4402834008097166,2
ChIJ3aWJqDsR2jERqLVEI3MuG9I,CN->SG,Retail,1.3574047,103.7433269,crawler_exact,11.443,0.003275,0,Orchard Road,,0,0.0,0.3168016194331984,2
ChIJ3d-qTdoW2jERjR5RsN5MalY,CN->SG,Retail,1.369042,103.8347188,crawler_exact,7.151,0.028005,0,Orchard Road,,0,0.0,0.40114709851551955,2
ChIJ4UUIyR05nycRcMOPUohvvrk,CN->SG,Retail,1.3079689,103.928646,crawler_exact,7.803,0.020214,0,Gardens by the Bay,,0,0.0,0.37213225371120107,2
ChIJ5-yYEcsi2jERkzNohBuXwi8,CN->SG,Retail,1.3246666,103.9414375,crawler_exact,6.647,0.036018,0,Jewel Changi,,0,0.0,0.41194331983805665,2
ChIJ502VRHwZ2jERn80qua87iWE,CN->SG,Retail,1.2827291,103.8257931,crawler_exact,2.117,0.346913,3,Chinatown / Niu Che Shui,,0,0.0,0.5988529014844804,2
ChIJ5WxqOhs92jERtMqy7oPoDdQ,CN->SG,Retail,1.353375,103.9530772,crawler_exact,4.128,0.126926,0,Jewel Changi,,0,0.0,0.5097840755735492,2
ChIJ7eycVVEX2jERh6RO7RYJc58,CN->SG,Retail,1.3689687,103.8740602,crawler_exact,7.866,0.019587,0,Bugis Street,,0,0.0,0.3701079622132254,2
ChIJ84Jc86w92jER_qsWlRQZx6g,CN->SG,Retail,1.3687428,103.9586745,crawler_exact,3.57,0.167831,0,Jewel Changi,,0,0.0,0.5307017543859649,2
ChIJ84XXKE892jER1sFk5YAawBg,CN->SG,Retail,1.3338691,103.9308501,crawler_exact,7.153,0.027979,0,Jewel Changi,,0,0.0,0.40047233468286103,2
ChIJ8aSMC60i2jERLtNlU4lxnO8,CN->SG,Retail,1.3243079,103.9237795,crawler_exact,7.993,0.018379,0,Bugis Street,,0,0.0,0.3667341430499325,2
ChIJ9_7w3iQZ2jER7mtoL9cUKdU,CN->SG,Retail,1.2642274,103.8229442,crawler_exact,1.141,0.565184,1,Sentosa / Resorts World,,0,0.0,0.6217948717948718,2
ChIJA-ZBOAwW2jERTLUMv9haG-E,CN->SG,Retail,1.3952669,103.8959572,crawler_exact,11.12,0.003849,0,Jewel Changi,,0,0.0,0.3201754385964912,2
ChIJAclFRFQ82jERhO7Vj2spfr0,CN->SG,Retail,1.367217,103.9651818,crawler_exact,2.827,0.243239,1,Jewel Changi,,0,0.0,0.5657894736842105,2
ChIJAxy-azYQ2jERaHfp-09JBoY,CN->SG,Retail,1.359016,103.7504996,crawler_exact,10.864,0.004375,0,Orchard Road,,0,0.0,0.3302968960863698,2
ChIJAz309bET2jERjtPg35MXQxA,CN->SG,Retail,1.42895,103.781124,crawler_exact,14.91,0.000579,0,Orchard Road,,0,0.0,0.2783400809716599,2
ChIJBQL7wAoP2jERx3d8MFX0-os,CN->SG,Retail,1.346709,103.6806331,crawler_exact,17.439,0.000163,0,Orchard Road,,0,0.0,0.2526990553306343,2
ChIJCVWJpaQi2jERw9mrwsyICjg,CN->SG,Retail,1.3124099,103.9252111,crawler_exact,7.658,0.02173,0,Gardens by the Bay,,0,0.0,0.3761808367071525,2
ChIJDbm1IFMS2jERU6smv4NKIkY,CN->SG,Retail,1.4325257,103.7743636,crawler_exact,15.572,0.000416,0,Orchard Road,,0,0.0,0.2722672064777328,2
ChIJEZPa3ckZ2jERfK1TlSGo_Ts,CN->SG,Retail,1.3080621,103.8606415,crawler_exact,0.983,0.611705,5,Bugis Street,,0,0.0,0.6312415654520918,2
ChIJF-ddtVIS2jERcC3gBIn-uA8,CN->SG,Retail,1.4314699,103.7737778,crawler_exact,15.492,0.000433,0,Orchard Road,,0,0.0,0.27361673414304993,2
ChIJF9WwooMa2jERojSmCo5p7XQ,CN->SG,Retail,1.3236329,103.7674751,crawler_exact,7.451,0.0241,0,Orchard Road,,0,0.0,0.39035087719298245,2
ChIJFS_GYhIY2jERaLhL-4yv_vg,CN->SG,Retail,1.3154898,103.8985107,crawler_exact,5.018,0.081354,0,Bugis Street,,0,0.0,0.4686234817813765,2
ChIJGXPO2GYT2jERq0m5nuLy8UM,CN->SG,Retail,1.4556143,103.8146789,crawler_exact,16.877,0.000216,0,Orchard Road,,0,0.0,0.26417004048583,2
ChIJG_JDXXwR2jERpkD5Gvs69tU,CN->SG,Retail,1.3556661,103.7392906,crawler_exact,11.737,0.002828,0,Orchard Road,,0,0.0,0.31275303643724695,2
ChIJHR6ed3892jERM9X9jZyW5EA,CN->SG,Retail,1.3523888,103.9438567,crawler_exact,5.157,0.075896,0,Jewel Changi,,0,0.1794871794871795,0.7105263157894737,2
ChIJHygElBE92jERj7OeMeUomuA,CN->SG,Retail,1.3523484,103.944448,crawler_exact,5.093,0.078365,0,Jewel Changi,,0,0.0,0.4665991902834008,2
ChIJI7lMoVkW2jERW5QHvDCXZQw,CN->SG,Retail,1.375548,103.871883,crawler_exact,8.521,0.014114,0,Bugis Street,,0,0.0,0.35863697705802966,2
ChIJIbGU73sU2jERDA_nKBo4-oc,CN->SG,Retail,1.4160596,103.834869,crawler_exact,12.376,0.002054,0,Orchard Road,,0,0.0,0.30128205128205127,2
ChIJJ-zNpysV2jERaYnXPue7600,CN->SG,Retail,1.4152236,103.839624,crawler_exact,12.309,0.002124,0,Orchard Road,,0,0.0,0.3026315789473684,2
ChIJJ61VBzMY2jERbkfeEDW0nRc,CN->SG,Retail,1.3141218,103.8704848,crawler_exact,2.211,0.331012,1,Bugis Street,,0,0.0,0.5954790823211875,2
ChIJJTKmXAAZ2jERH_XyGM1KmqM,CN->SG,Retail,1.3187036,103.8930873,crawler_exact,4.598,0.100357,0,Bugis Street,,0,0.0,0.49190283400809715,2
ChIJJcttf4UZ2jERGfoE5xQeY8k,CN->SG,Retail,1.3148469,103.8823364,crawler_exact,3.339,0.188377,0,Bugis Street,,0,0.0,0.5408232118758435,2
ChIJJdG2aIUX2jERXdYO5DvHju8,CN->SG,Retail,1.3343555,103.878653,crawler_exact,4.526,0.10403,0,Bugis Street,,0,0.0,0.4956140350877193,2
ChIJJejSdc0H2jERcYUkcT2h68E,CN->SG,Retail,1.2987666,103.6282369,crawler_exact,22.303,1.4e-05,0,Sentosa / Resorts World,,0,0.0,0.24021592442645073,2
ChIJJw-iqTgY2jERDj6WjoYM2AQ,CN->SG,Retail,1.3076012,103.8848196,crawler_exact,3.308,0.191302,0,Bugis Street,,0,0.0,0.5428475033738192,2
ChIJK3ZOu1IQ2jERXBDsZ-sShE4,CN->SG,Retail,1.3637528,103.7645293,crawler_exact,9.945,0.006927,0,Orchard Road,,0,0.0,0.3451417004048583,2
ChIJK7fG1KQX2jERfuzRLIXnlTM,CN->SG,Retail,1.351901,103.879536,crawler_exact,6.28,0.043273,0,Bugis Street,,0,0.0,0.41936572199730093,2
ChIJKT_1j6UH2jERkLci31GhzzY,CN->SG,Retail,1.310815,103.632409,crawler_exact,22.176,1.5e-05,0,Orchard Road,,0,0.0,0.2432523616734143,2
ChIJLfRqV6AG2jERjP1FABo-jd0,CN->SG,Retail,1.2699707,103.635003,crawler_exact,21.063,2.7e-05,0,Sentosa / Resorts World,,0,0.0,0.24595141700404857,2
ChIJM2PUltsX2jERK0R6qABWtgo,CN->SG,Retail,1.3339382,103.8707593,crawler_exact,4.058,0.131439,0,Bugis Street,,0,0.0,0.5158569500674763,2
ChIJMTHI4rcZ2jERvOHSVXCjjJY,CN->SG,Retail,1.3077714,103.8570934,crawler_exact,0.808,0.667516,6,Bugis Street,,0,0.0,0.6487854251012146,2
ChIJMYZm8oEZ2jERFzqcK7DK5rw,CN->SG,Retail,1.2898284,103.8267171,crawler_exact,1.758,0.415188,3,Orchard Road,,0,0.0,0.6069500674763832,2
ChIJMZS0f_kZ2jER_bAUMhCVOyc,CN->SG,Retail,1.3195742,103.8271568,crawler_exact,1.722,0.422739,1,Orchard Road,,0,0.0,0.6082995951417004,2
ChIJNUTrswwW2jERaPHsLwq2RVw,CN->SG,Retail,1.3964981,103.8890625,crawler_exact,11.283,0.003548,0,Bugis Street,,0,0.0,0.3174763832658569,2
ChIJO9s3Udgb2jERJBygjJQgDsA,CN->SG,Retail,1.2778159,103.8191551,crawler_exact,2.698,0.259489,2,Sentosa / Resorts World,,0,0.0,0.5745614035087719,2
ChIJP2I30Pkb2jERYT5EAFJ1QtQ,CN->SG,Retail,1.3110039,103.7952549,crawler_exact,4.121,0.127407,0,Orchard Road,,0,0.0,0.5111336032388665,2
ChIJPaoohUEQ2jERHN__b997Zak,CN->SG,Retail,1.3477778,103.7572222,crawler_exact,9.569,0.008357,0,Orchard Road,,0,0.0,0.35256410256410253,2
ChIJPevMtzMP2jERtAMYoTk2QM4,CN->SG,Retail,1.3395649,103.7070278,crawler_exact,14.399,0.000747,0,Orchard Road,,0,0.0,0.28441295546558704,2
ChIJQ-phSKMT2jERS9sYVgPP-gk,CN->SG,Retail,1.4310724,103.7942279,crawler_exact,14.649,0.000659,0,Orchard Road,,0,0.0,0.27968960863697706,2
ChIJQVzt58QP2jERTfjYXffX_iQ,CN->SG,Retail,1.3523331,103.7158932,crawler_exact,13.927,0.000946,0,Orchard Road,,0,0.0,0.2877867746288799,2
ChIJQfIUTlo92jER7J4LNZtEFWA,CN->SG,Retail,1.3372954,103.9217041,crawler_exact,7.962,0.018665,0,Jewel Changi,,0,0.0,0.36808367071524967,2
ChIJRSXbuswb2jERniZFPvq_zFg,CN->SG,Retail,1.2885299,103.8049479,crawler_exact,3.491,0.174601,0,Orchard Road,,0,0.0,0.5340755735492577,2
ChIJSc8egUIR2jERodwQZbKrOew,CN->SG,Retail,1.3530678,103.7440451,crawler_exact,11.134,0.003821,0,Orchard Road,,0,0.0,0.31950067476383265,2
ChIJSfoJ4W8W2jERfT3Zh6PA9Mg,CN->SG,Retail,1.3917026,103.8801715,crawler_exact,10.483,0.005291,0,Bugis Street,,0,0.0,0.33704453441295545,2
ChIJT7Abab8R2jERgZYAd7wZGRw,CN->SG,Retail,1.3800633,103.7531633,crawler_exact,12.102,0.002356,0,Orchard Road,,0,0.0,0.3053306342780027,2
ChIJT8tGlrMZ2jERayt-D2HOn_g,CN->SG,Retail,1.3096539,103.8642831,crawler_exact,1.372,0.50362,4,Bugis Street,,0,0.0,0.6116734143049933,2
ChIJT9dKN_IZ2jER_JvlIhM97rk,CN->SG,Retail,1.2931964,103.8322629,crawler_exact,1.291,0.524325,5,Orchard Road,,0,0.0,0.6157219973009447,2
ChIJTX8Iit4P2jERD6kbBNea58g,CN->SG,Retail,1.3486892,103.7241675,crawler_exact,12.922,0.001563,0,Orchard Road,,0,0.0,0.29453441295546556,2
ChIJTXT5XbwR2jERL48e-UWy7rQ,CN->SG,Retail,1.3807529,103.7597555,crawler_exact,11.639,0.002969,0,Orchard Road,,0,0.0,0.3141025641025641,2
ChIJTyzXyCoZ2jERayrg1xKChyA,CN->SG,Retail,1.3126833,103.8791656,crawler_exact,2.915,0.232873,1,Bugis Street,,0,0.1875,0.8130904183535762,2
ChIJUXhrN6MR2jER7xtwryUocpY,CN->SG,Retail,1.3800079,103.7642894,crawler_exact,11.236,0.003631,0,Orchard Road,,0,0.0,0.31815114709851555,2
ChIJUZqPvv892jERQK0k92dHeo0,CN->SG,Retail,1.3994704,103.9160791,crawler_exact,9.271,0.009699,0,Jewel Changi,,0,0.0,0.35526315789473684,2
ChIJUfjIWGga2jERRf0pCDHHK3E,CN->SG,Retail,1.3101845,103.7880986,crawler_exact,4.895,0.086515,0,Orchard Road,,0,0.0,0.4767206477732794,2
ChIJVYEAaEca2jERpxajHtlWFRE,CN->SG,Retail,1.3014357,103.7983856,crawler_exact,3.733,0.154637,0,Orchard Road,,0,0.0,0.5286774628879892,2
ChIJVYq7b7Mi2jER384kemjPuyI,CN->SG,Retail,1.3246791,103.931066,crawler_exact,7.606,0.022303,0,Jewel Changi,,0,0.0,0.37887989203778677,2
ChIJVaxrUIoZ2jER2XUwyAC7Svw,CN->SG,Retail,1.3050717,103.8239546,crawler_exact,0.873,0.646402,2,Orchard Road,,0,0.0,0.6400134952766532,2
ChIJVzLtujYR2jERg0JHAlvIqXw,CN->SG,Retail,1.344408,103.7549935,crawler_exact,9.607,0.0082,0,Orchard Road,,0,0.0,0.351889338731444,2
ChIJY8m93RIW2jERzp_MpU1xStM,CN->SG,Retail,1.3899182,103.8929263,crawler_exact,10.751,0.004629,0,Bugis Street,,0,0.0,0.3343454790823212,2
ChIJYWfo21E92jER0gDo5eXYpA0,CN->SG,Retail,1.3322877,103.9255866,crawler_exact,7.759,0.020661,0,Jewel Changi,,0,0.0,0.3741565452091768,2
ChIJYXyfrD0Y2jERvyjh2qymC7E,CN->SG,Retail,1.3142421,103.8886885,crawler_exact,3.948,0.138898,0,Bugis Street,,0,0.0,0.5232793522267207,2
ChIJZ-o8J58Q2jERTcCpQQpptu8,CN->SG,Retail,1.3307531,103.7956124,crawler_exact,4.951,0.084126,0,Orchard Road,,0,0.0,0.4740215924426451,2
ChIJZ4UHIGoa2jER3WcV7kOWmKY,CN->SG,Retail,1.3090882,103.7927932,crawler_exact,4.362,0.112907,0,Orchard Road,,0,0.0,0.5037112010796221,2
ChIJZxhtw-0R2jERG0NQyn6zY_E,CN->SG,Retail,1.3576377,103.734142,crawler_exact,12.344,0.002087,0,Orchard Road,,0,0.0,0.30195681511470984,2
ChIJ__-vgnUT2jERfGu1arvQHuU,CN->SG,Retail,1.3232446,103.9240448,crawler_exact,7.983,0.018473,0,Bugis Street,,0,0.0,0.3674089068825911,2
ChIJa50oABgZ2jERveJHp_gMOnQ,CN->SG,Retail,1.3093863,103.8885135,crawler_exact,3.755,0.152983,0,Bugis Street,,0,0.0,0.5273279352226721,2
ChIJa95cA5MP2jERwZ8IsdDiiA0,CN->SG,Retail,1.3389402,103.7051311,crawler_exact,14.584,0.000681,0,Orchard Road,,0,0.0,0.28036437246963564,2
ChIJaX2Gfm0T2jER5y-jLNFVXGw,CN->SG,Retail,1.4484251,103.8008521,crawler_exact,16.337,0.000283,0,Orchard Road,,0,0.0,0.2675438596491228,2
ChIJaXaqRyQH2jERsidCj1nXpT4,CN->SG,Retail,1.2987879,103.6280837,crawler_exact,22.32,1.4e-05,0,Sentosa / Resorts World,,0,0.0,0.24021592442645073,2
ChIJc1tfUJYR2jERsNqQ4sFo5dU,CN->SG,Retail,1.3850533,103.7603815,crawler_exact,11.944,0.002549,0,Orchard Road,,0,0.0,0.30802968960863697,2
ChIJc777GbIX2jERP7cqMBsaxi0,CN->SG,Retail,1.3335819,103.888085,crawler_exact,5.124,0.077166,0,Bugis Street,,0,0.0,0.4625506072874494,2
ChIJc7IqA_sP2jERCSZRunFNMoY,CN->SG,Retail,1.3346617,103.7200783,crawler_exact,12.856,0.001616,0,Orchard Road,,0,0.0,0.2965587044534413,2
ChIJcc0cRVQ82jERFJjCylFGe_E,CN->SG,Retail,1.3663879,103.9644743,crawler_exact,2.879,0.237017,1,Jewel Changi,,0,0.0,0.5630904183535763,2
ChIJcxUE46c92jERhaFTIj2CI78,CN->SG,Retail,1.3556316,103.9869288,crawler_exact,0.579,0.7487,1,Jewel Changi,,0,0.0,0.6724021592442645,2
ChIJd1RZyQQ92jERMSG7-R8QqPw,CN->SG,Retail,1.3647774,103.9371959,crawler_exact,5.849,0.053702,0,Jewel Changi,,0,0.0,0.4315114709851552,2
ChIJdY3lt4wZ2jERUJdXzjIUMwc,CN->SG,Retail,1.3074242,103.8288303,crawler_exact,0.441,0.802276,2,Orchard Road,,0,0.0,0.6960188933873144,2
ChIJdcEXXnI92jER8C4T4FJU2qs,CN->SG,Retail,1.3552288,103.9346613,crawler_exact,6.131,0.046627,0,Jewel Changi,,0,0.0,0.42206477732793524,2
ChIJdxS7gPEa2jERd53GKJ48Dr4,CN->SG,Retail,1.3038808,103.7662488,crawler_exact,7.288,0.02615,0,Orchard Road,,0,0.0,0.3950742240215924,2
ChIJe-ZwN_wF2jER0KBwGkVwwHk,CN->SG,Retail,1.2726549,103.6369395,crawler_exact,20.876,2.9e-05,0,Sentosa / Resorts World,,0,0.0,0.24662618083670715,2
ChIJeUc5O7EX2jERFrzkwlzbkCE,CN->SG,Retail,1.3577279,103.8840853,crawler_exact,7.083,0.028969,0,Bugis Street,,0,0.0,0.40384615384615385,2
ChIJedK5PUYT2jERAnGwSFWfmpM,CN->SG,Retail,1.4446627,103.815949,crawler_exact,15.652,0.000399,0,Orchard Road,,0,0.0,0.2715924426450742,2
ChIJf0MqSi0T2jER_Hd-6cE8tV8,CN->SG,Retail,1.4382999,103.8035285,crawler_exact,15.174,0.000507,0,Orchard Road,,0,0.0,0.2769905533063428,2
ChIJf_ZwEGs92jER2UzN0TgMhHY,CN->SG,Retail,1.3489326,103.9340708,crawler_exact,6.297,0.042927,0,Jewel Changi,,0,0.0,0.4186909581646424,2
ChIJfaJxlqU92jER_iDuf9fDzkA,CN->SG,Retail,1.3695847,103.9479356,crawler_exact,4.75,0.093009,0,Jewel Changi,,0,0.0,0.4848178137651822,2
ChIJfybIpT0Q2jER6RorLl-26FU,CN->SG,Retail,1.3474063,103.7436727,crawler_exact,10.882,0.004335,0,Orchard Road,,0,0.0,0.3282726045883941,2
ChIJg27o3Q492jERFc2innzfKu0,CN->SG,Retail,1.3603912,103.989642,crawler_exact,0.033,0.983776,1,Jewel Changi,,0,0.0,0.7365047233468286,2
ChIJg7--XWsZ2jERFMp9MlsDiOY,CN->SG,Retail,1.2746159,103.8434073,crawler_exact,0.781,0.676726,5,Chinatown / Niu Che Shui,,0,0.0,0.6501349527665317,2
ChIJg9nMZhI92jERS58JBkif8g8,CN->SG,Retail,1.3536721,103.940946,crawler_exact,5.456,0.065363,0,Jewel Changi,,0,0.0,0.4423076923076923,2
ChIJgRt__K892jERLK-wMiITUc4,CN->SG,Retail,1.3725642,103.9494771,crawler_exact,4.671,0.096783,0,Jewel Changi,,0,0.0,0.4888663967611336,2
ChIJgWQB27M92jERb7jMXRnaWdE,CN->SG,Retail,1.3759318,103.9554591,crawler_exact,4.184,0.123463,0,Jewel Changi,,0,0.0,0.5091093117408907,2
ChIJgX-VV-EV2jERqNsQc1Dp8H4,CN->SG,Retail,1.4054107,103.8969094,crawler_exact,11.47,0.003232,0,Jewel Changi,,0,0.0,0.3161268556005398,2
ChIJgZaMD7gX2jERLYP4mN8b0lY,CN->SG,Retail,1.3539646,103.8908968,crawler_exact,7.096,0.028789,0,Bugis Street,,0,0.0,0.4031713900134953,2
ChIJgyzxhIwa2jER7b7r_1rt5s0,CN->SG,Retail,1.3099817,103.7686266,crawler_exact,7.046,0.029506,0,Orchard Road,,0,0.0,0.40452091767881243,2
ChIJhYB_Y5kP2jER2c0QSdbUyvA,CN->SG,Retail,1.3417038,103.6912316,crawler_exact,16.156,0.00031,0,Orchard Road,,0,0.0,0.2682186234817814,2
ChIJhZRC3Y082jERG0KFHXoTMe8,CN->SG,Retail,1.3566264,103.9863923,crawler_exact,0.526,0.768866,1,Jewel Changi,,0,0.0,0.6798245614035088,2
ChIJhetLvt892jERcApqrWqLIdg,CN->SG,Retail,1.3586073,103.9695464,crawler_exact,2.235,0.32703,1,Jewel Changi,,0,0.0,0.593454790823212,2
ChIJiYYOhEEU2jERYpnzIwZXcWU,CN->SG,Retail,1.4252164,103.8474053,crawler_exact,13.502,0.00117,0,Orchard Road,,0,0.0,0.29116059379217274,2
ChIJiZI9ky0a2jERkfpCgUqARNE,CN->SG,Retail,1.2927082,103.8110301,crawler_exact,2.672,0.262912,1,Orchard Road,,0,0.0,0.5786099865047234,2
ChIJiZK1LHMT2jER_eGWISBtLZk,CN->SG,Retail,1.4458405,103.7978924,crawler_exact,16.13,0.000314,0,Orchard Road,,0,0.0,0.26889338731443996,2
ChIJi_Q0SAAR2jERfnOsyaxVed0,CN->SG,Retail,1.3603774,103.7324359,crawler_exact,12.657,0.001785,0,Orchard Road,,0,0.0,0.29723346828609987,2
ChIJj9NVTyI92jERWBB5iR4rnmg,CN->SG,Retail,1.3427303,103.9530181,crawler_exact,4.502,0.105296,0,Jewel Changi,,0,0.0,0.49730094466936575,2
ChIJjWEM0X4Z2jER_GFbcVs_brU,CN->SG,Retail,1.2866477,103.8266321,crawler_exact,2.099,0.350181,3,Orchard Road,,0,0.0,0.5995276653171391,2
ChIJjc3w5NYb2jERb8RCUEfkBuo,CN->SG,Retail,1.282769,103.8176777,crawler_exact,2.91,0.233444,1,Orchard Road,,0,0.0,0.560391363022942,2
ChIJjfDfXwAb2jERsMqlTSv7sD0,CN->SG,Retail,1.3223055,103.7635624,crawler_exact,7.831,0.019926,0,Orchard Road,,0,0.0,0.37145748987854255,2
ChIJkV9LSGoj2jERDHJ2ByTr-UM,CN->SG,Retail,1.3245543,103.9319703,crawler_exact,7.528,0.023196,0,Jewel Changi,,0,0.16216216216216217,0.6363022941970311,2
ChIJk_LGIe0V2jER5yxLQws41Vg,CN->SG,Retail,1.4026301,103.9129247,crawler_exact,9.747,0.007645,0,Jewel Changi,,0,0.0,0.35053981106612686,2
ChIJl4mMAFs92jERKIHPBGU34EE,CN->SG,Retail,1.338086,103.9232933,crawler_exact,7.767,0.020581,0,Jewel Changi,,0,0.0,0.3734817813765182,2
ChIJlVRELyEZ2jERY8xomS8JkuY,CN->SG,Retail,1.3199579,103.887166,crawler_exact,4.088,0.129493,0,Bugis Street,,0,0.0,0.5151821862348178,2
ChIJlYayXjYQ2jERJ7RjBDWVkug,CN->SG,Retail,1.3586553,103.7492748,crawler_exact,10.955,0.004179,0,Orchard Road,,0,0.0,0.3248987854251012,2
ChIJm03XszAY2jERgzoldDmXeqw,CN->SG,Retail,1.3127734,103.878652,crawler_exact,2.869,0.238271,1,Bugis Street,,0,0.0,0.5637651821862348,2
ChIJmb2-YY0Z2jERUxx5nU1r6F4,CN->SG,Retail,1.3060532,103.8330494,crawler_exact,0.197,0.906311,3,Orchard Road,,0,0.0,0.7297570850202428,2
ChIJn66lIy4a2jERq5Jv2SVXkEE,CN->SG,Retail,1.2954625,103.8100288,crawler_exact,2.634,0.268,1,Orchard Road,,0,0.0,0.5806342780026991,2
ChIJn8YtMl0W2jERdScFrkWE5U0,CN->SG,Retail,1.3807848,103.8792652,crawler_exact,9.287,0.009625,0,Bugis Street,,0,0.0,0.35458839406207826,2
ChIJnV4ZVGoa2jERtOxCkkl9xvA,CN->SG,Retail,1.3101604,103.7954036,crawler_exact,4.09,0.129399,0,Orchard Road,,0,0.0,0.5145074224021593,2
ChIJnY-o2OwP2jERas6kAZFslVE,CN->SG,Retail,1.3399257,103.7062886,crawler_exact,14.489,0.000714,0,Orchard Road,,0,0.0,0.2823886639676113,2
ChIJnyDM7jE92jERSgrwGVlLGWE,CN->SG,Retail,1.3312966,103.9484324,crawler_exact,5.586,0.061244,0,Jewel Changi,,0,0.0,0.43893387314439947,2
ChIJo8wN5qUa2jERTAxWc0A6fak,CN->SG,Retail,1.3222501,103.7383727,crawler_exact,10.566,0.005078,0,Orchard Road,,0,0.0,0.3356950067476383,2
ChIJo9sY6-IV2jER16JxVW7stl8,CN->SG,Retail,1.4023496,103.9012804,crawler_exact,10.884,0.004331,0,Jewel Changi,,0,0.0,0.3275978407557355,2
ChIJoX5M5W492jERqRtgcDDGnCk,CN->SG,Retail,1.3510671,103.9294202,crawler_exact,6.765,0.033966,0,Jewel Changi,,0,0.0,0.40856950067476383,2
ChIJp0JVlEIa2jER9lM6m1VP3S0,CN->SG,Retail,1.3068384,103.7879216,crawler_exact,4.883,0.087028,0,Orchard Road,,0,0.0,0.4773954116059379,2
ChIJp9ZrEIka2jERn5mVRHSOsMo,CN->SG,Retail,1.3144477,103.7711383,crawler_exact,6.828,0.032904,0,Orchard Road,,0,0.0,0.4072199730094467,2
ChIJq0tW03Q92jER9dhmMp6wcWw,CN->SG,Retail,1.3612331,103.9375882,crawler_exact,5.783,0.055487,0,Jewel Changi,,0,0.0,0.43286099865047234,2
ChIJq1ymIRMT2jERzTwMeVukiWA,CN->SG,Retail,1.4508933,103.7968967,crawler_exact,16.702,0.000236,0,Orchard Road,,0,0.0,0.26686909581646423,2
ChIJq378adsR2jERViTMRBdSnlo,CN->SG,Retail,1.3779481,103.7386749,crawler_exact,13.165,0.001384,0,Orchard Road,,0,0.0,0.29385964912280704,2
ChIJq87uVLMi2jERG__vNYu1YhQ,CN->SG,Retail,1.3259118,103.9315981,crawler_exact,7.485,0.023695,0,Jewel Changi,,0,0.0,0.38967611336032393,2
ChIJqVqJA6YT2jERRFXc02C2gAw,CN->SG,Retail,1.4349053,103.78678,crawler_exact,15.308,0.000474,0,Orchard Road,,0,0.0,0.2749662618083671,2
ChIJqZHhhGgX2jERYDhYPfIWG4s,CN->SG,Retail,1.336312,103.8480562,crawler_exact,3.943,0.13928,0,Orchard Road,,0,0.0,0.5239541160593792,2
ChIJq_yPw5MZ2jERU4_IsIN0aKk,CN->SG,Retail,1.2645756,103.8228979,crawler_exact,1.18,0.554265,1,Sentosa / Resorts World,,0,0.0,0.619770580296896,2
ChIJrWmr6hkV2jERPhqHEs7MqVw,CN->SG,Retail,1.4164711,103.9020912,crawler_exact,11.572,0.00307,0,Jewel Changi,,0,0.0,0.31545209176788125,2
ChIJrzj-Gz8Q2jER-z5m4a4uGBM,CN->SG,Retail,1.3487356,103.7493448,crawler_exact,10.387,0.005553,0,Orchard Road,,0,0.0,0.33974358974358976,2
ChIJsRuXFlMF2jERafIFHLChthA,CN->SG,Retail,1.3220042,103.7269198,crawler_exact,11.815,0.002719,0,Orchard Road,,0,0.0,0.3114035087719298,2
ChIJsYxQUPwV2jERyrhmjB7DGRc,CN->SG,Retail,1.4037663,103.9062885,crawler_exact,10.457,0.005362,0,Jewel Changi,,0,0.0,0.3383940620782726,2
ChIJt3FaVB092jERxX-RI0O4Abg,CN->SG,Retail,1.3544194,103.96002,crawler_exact,3.348,0.187463,0,Jewel Changi,,0,0.0,0.5401484480431848,2
ChIJtV4cjx8Q2jERMTt5rW87q9Y,CN->SG,Retail,1.3455564,103.7309456,crawler_exact,12.093,0.002366,0,Orchard Road,,0,0.0,0.3060053981106613,2
ChIJta18CyQj2jERKFkUvOiLDJQ,CN->SG,Retail,1.3172492,103.9465713,crawler_exact,6.752,0.034192,0,Jewel Changi,,0,0.0,0.409919028340081,2
ChIJtyVFlKMX2jERzI-QksGIDzk,CN->SG,Retail,1.3931662,103.8871038,crawler_exact,10.862,0.004379,0,Bugis Street,,0,0.0,0.3309716599190283,2
ChIJu3mTX4MZ2jERLCptOU3zEXQ,CN->SG,Retail,1.2942052,103.8319203,crawler_exact,1.178,0.554836,5,Orchard Road,,0,0.0,0.6204453441295547,2
ChIJuSSIDBEZ2jER7Rj7S1OIj1A,CN->SG,Retail,1.2773408,103.8524995,crawler_exact,0.973,0.614809,6,Chinatown / Niu Che Shui,,0,0.0,0.6339406207827261,2
ChIJuSYLsDIb2jERdhHc_yYhFwc,CN->SG,Retail,1.2985644,103.8038797,crawler_exact,3.18,0.203895,0,Orchard Road,,0,0.0,0.5468960863697706,2
ChIJuc9ztnwW2jER_WrP4ME7jfw,CN->SG,Retail,1.3921044,103.8724145,crawler_exact,10.339,0.005687,0,Bugis Street,,0,0.0,0.34041835357624833,2
ChIJv4lMoQ8X2jERzyrm9dPMbK0,CN->SG,Retail,1.3847718,103.8820372,crawler_exact,9.8,0.007446,0,Bugis Street,,0,0.0,0.34851551956815113,2
ChIJvVsiOBIU2jERTrBUwq7V8dE,CN->SG,Retail,1.4170914,103.8353494,crawler_exact,12.492,0.001938,0,Orchard Road,,0,0.0,0.298582995951417,2
ChIJvasR2lE92jER7qFZqOavL4E,CN->SG,Retail,1.3313175,103.936479,crawler_exact,6.717,0.034793,0,Jewel Changi,,0,0.0,0.41126855600539813,2
ChIJwz3yHMEb2jERolztbVQZjiI,CN->SG,Retail,1.2737189,103.8013831,crawler_exact,3.319,0.190202,0,Sentosa / Resorts World,,0,0.0,0.541497975708502,2
ChIJxRq1VgEW2jERxwnLfpI_vvU,CN->SG,Retail,1.3966546,103.9086654,crawler_exact,9.873,0.007181,0,Jewel Changi,,0,0.0,0.34716599190283404,2
ChIJxUOYG7Mi2jERXAvFIJ8W2pM,CN->SG,Retail,1.3244384,103.9286889,crawler_exact,7.847,0.019773,0,Jewel Changi,,0,0.0,0.3707827260458839,2
ChIJy64vxOwP2jERGHAwoXFbzZA,CN->SG,Retail,1.339454,103.7057032,crawler_exact,14.538,0.000697,0,Orchard Road,,0,0.0,0.2810391363022942,2
ChIJyV81n4AF2jERnrHVt04CmMU,CN->SG,Retail,1.3272037,103.6786391,crawler_exact,17.208,0.000183,0,Orchard Road,,0,0.0,0.25708502024291496,2
ChIJy_2CZvcX2jERw0LdDu1lGZk,CN->SG,Retail,1.3298685,103.9019344,crawler_exact,6.065,0.048203,0,Bugis Street,,0,0.0,0.42543859649122806,2
ChIJ1R35K4FT5TQRcyLApip8m0E,SG->JP,Beverage,26.1724137,127.3455877,crawler_exact,875.763,0.0,0,Fukuoka Tenjin,1.0,1,0.0,0.48541194255479964,3
ChIJ9x9VF4it-jQRSZWsZaekQ-w,SG->JP,Beverage,26.2274288,127.2951277,crawler_exact,871.63,0.0,0,Fukuoka Tenjin,0.0,2,0.7,0.3113378684807256,3
ChIJAWBN5IZT5TQRljvAC0P_bBU,SG->JP,Beverage,26.1706135,127.3470935,crawler_exact,875.904,0.0,0,Fukuoka Tenjin,0.0,3,1.0,0.45895691609977324,3
ChIJJ5KlfiSNGGARU-3HkPiyWM4,SG->JP,Beverage,35.733392,139.729663,crawler_exact,5.524,0.063155,0,Akihabara,0.0,3,1.0,0.6261526832955404,3
ChIJK08WusxT5TQRf10CJUmTqJ0,SG->JP,Beverage,26.2012907,127.3677949,crawler_exact,872.008,0.0,0,Fukuoka Tenjin,0.3333333333333333,3,1.0,0.6006802721088434,3
ChIJZ3NBuFeLGGARyHA2c70MusY,SG->JP,Beverage,35.6580491,139.6995089,crawler_exact,0.185,0.91187,1,Shibuya,0.6666666666666666,3,1.0,0.8401738473167045,3
ChIJbQyg6umt-jQRAfe6ChZIePc,SG->JP,Beverage,26.1904611,127.2827217,crawler_exact,875.919,0.0,0,Fukuoka Tenjin,1.0,1,1.0,0.6573696145124716,3
ChIJ04uWMIFT5TQRzL22cLcdqiI,SG->JP,Food,26.1716807,127.3449071,crawler_exact,875.863,0.0,0,Fukuoka Tenjin,0.3333333333333333,3,1.0,0.6006802721088434,3
ChIJ0dq0AitT5TQRTZ1X-6lcddU,SG->JP,Food,26.1984127,127.365955,crawler_exact,872.371,0.0,0,Fukuoka Tenjin,0.5,2,1.0,0.6256235827664399,3
ChIJ1eTVWABT5TQRHpecD-naa20,SG->JP,Food,26.1715946,127.3453289,crawler_exact,875.858,0.0,0,Fukuoka Tenjin,0.3333333333333333,3,0.0,0.42872260015117153,3
ChIJ29nxtLmt-jQRblerA0V822Y,SG->JP,Food,26.1917313,127.2827465,crawler_exact,875.785,0.0,0,Fukuoka Tenjin,1.0,2,0.0,0.48541194255479964,3
ChIJ3XxPrrGLGGARYxqRMDZRI0o,SG->JP,Food,35.6469997,139.7442252,crawler_exact,3.327,0.189511,0,Ginza,1.0,1,1.0,0.8309145880574452,3
ChIJ42-HtKmLGGAR5Va23PeTTtk,SG->JP,Food,35.673214,139.7653677,crawler_exact,0.172,0.91778,2,Ginza,0.6666666666666666,3,1.0,0.8412320483749056,3
ChIJ50qQPtxT5TQR03W_MWh4Jx0,SG->JP,Food,26.2297124,127.3024459,crawler_exact,871.15,0.0,0,Fukuoka Tenjin,1.0,3,0.6363636363636364,0.5086923658352229,3
ChIJ56RKQILY4zQRYiohotJp6LI,SG->JP,Food,27.3929838,128.6517635,crawler_exact,709.232,0.0,0,Fukuoka Tenjin,0.0,1,0.0,0.28699924414210126,3
ChIJ6a1VZIzJHzURCMS5Iredbgc,SG->JP,Food,28.2683336,129.4095878,crawler_exact,599.362,0.0,0,Fukuoka Tenjin,0.0,1,0.0,0.28699924414210126,3
ChIJ6d8QElVPH2ARxiaxHgic8_I,SG->JP,Food,36.2992265,139.8105111,crawler_exact,64.997,0.0,0,Asakusa / Sensoji,0.0,2,1.0,0.45895691609977324,3
ChIJ6eoOW7mSGGARoZPieUTuwqI,SG->JP,Food,35.748499,139.704586,crawler_exact,6.559,0.037644,0,Shinjuku,0.0,2,1.0,0.6229780801209372,3
ChIJ750o-T9TFTURV3BG7OIrVg0,SG->JP,Food,32.7428228,129.8784046,crawler_exact,106.068,0.0,0,Fukuoka Tenjin,0.0,3,0.0,0.28699924414210126,3
ChIJAQAAAH9i4TQRPRezfoLdDzY,SG->JP,Food,27.3956142,128.6573281,crawler_exact,708.822,0.0,0,Fukuoka Tenjin,0.0,2,0.0,0.28699924414210126,3
ChIJATLPb68L3DQRSK-ddxCIhKk,SG->JP,Food,25.8329289,131.2313612,crawler_exact,866.43,0.0,0,Fukuoka Tenjin,0.0,3,1.0,0.45895691609977324,3
ChIJB-LJuxssHjUR9ZfkIgQexxw,SG->JP,Food,28.1236121,129.2442789,crawler_exact,617.884,0.0,0,Fukuoka Tenjin,0.0,3,1.0,0.45895691609977324,3
ChIJB0_uAA2t-jQRx1c7kFMt7fE,SG->JP,Food,26.1898242,127.2834027,crawler_exact,875.963,0.0,0,Fukuoka Tenjin,0.0,2,1.0,0.45895691609977324,3
ChIJB6xToPyKGGARd7v-KYqy2dM,SG->JP,Food,35.6274554,139.7229567,crawler_exact,4.101,0.128701,0,Shibuya,0.0,3,1.0,0.6293272864701437,3
ChIJDZE8Dj6LImARszboH7WRnuQ,SG->JP,Food,35.784534,140.3284727,crawler_exact,48.611,0.0,0,Asakusa / Sensoji,0.0,1,1.0,0.45895691609977324,3
ChIJEWyhkrgTImARVc2b5Rp0ILg,SG->JP,Food,36.1482258,140.2380539,crawler_exact,62.465,0.0,0,Asakusa / Sensoji,0.5,2,1.0,0.6256235827664399,3
ChIJG169W4nJHzURLuEBMzr_iuA,SG->JP,Food,28.2665113,129.4080265,crawler_exact,599.586,0.0,0,Fukuoka Tenjin,0.0,2,1.0,0.45895691609977324,3
ChIJIzWDoY_JHzURM5vXUzWzxUM,SG->JP,Food,28.259651,129.4089075,crawler_exact,600.327,0.0,0,Fukuoka Tenjin,0.0,3,1.0,0.45895691609977324,3
ChIJJQ8x9UWLGGARIumMh_ntBjg,SG->JP,Food,35.6475822,139.7012382,crawler_exact,1.327,0.515077,1,Shibuya,0.0,2,1.0,0.6430839002267573,3
ChIJKbm3dodi4TQRNgM8EDT2c9I,SG->JP,Food,27.3951809,128.6587843,crawler_exact,708.836,0.0,0,Fukuoka Tenjin,0.0,2,1.0,0.45895691609977324,3
ChIJLSWTTwCPGGAR5UnkDMXvn88,SG->JP,Food,35.7095002,139.7801328,crawler_exact,1.388,0.499557,2,Akihabara,0.3333333333333333,3,1.0,0.7826908541194255,3
ChIJLXA2vt6PGGARbZVYfTF2YkA,SG->JP,Food,35.7605471,139.8289363,crawler_exact,5.86,0.053393,0,Asakusa / Sensoji,0.3333333333333333,3,0.0,0.5948601662887377,3
ChIJLf4vsobJHzURJQeDkxg_no0,SG->JP,Food,28.2573229,129.4080554,crawler_exact,600.595,0.0,0,Fukuoka Tenjin,0.0,3,0.0,0.28699924414210126,3
ChIJO5nouNF_ImARp3MybeuOK6Y,SG->JP,Food,35.8087218,140.0924534,crawler_exact,28.657,1e-06,0,Asakusa / Sensoji,0.0,1,1.0,0.5970521541950113,3
ChIJOSoWVm-PGGARUbLJBMPl55E,SG->JP,Food,35.7473637,139.8276953,crawler_exact,4.576,0.101476,0,Asakusa / Sensoji,0.6666666666666666,3,0.0,0.6428193499622071,3
ChIJOwd4LIFT5TQRrMlKXR7C0Kw,SG->JP,Food,26.1711802,127.3450252,crawler_exact,875.911,0.0,0,Fukuoka Tenjin,0.3333333333333333,3,1.0,0.6006802721088434,3
ChIJPzGlh8SIGGARdv51MeB1cTw,SG->JP,Food,35.6968135,139.8264564,crawler_exact,3.349,0.187358,0,Asakusa / Sensoji,0.0,3,1.0,0.6314436885865458,3
ChIJRxjdeKYL3DQRBKJEEChwHCM,SG->JP,Food,25.8319842,131.2285128,crawler_exact,866.51,0.0,0,Fukuoka Tenjin,0.0,2,1.0,0.45895691609977324,3
ChIJS5xE8tmMGGARqy1MPhrsvI4,SG->JP,Food,35.693043,139.702419,crawler_exact,0.417,0.811963,1,Shinjuku,0.0,3,1.0,0.6504913076341647,3
ChIJTWB9KCuLGGAR_bvE0ilkH2A,SG->JP,Food,35.6643287,139.7598275,crawler_exact,0.943,0.623914,1,Ginza,0.6666666666666666,3,1.0,0.8338246409674981,3
ChIJTddN4yCNGGAR_ErtcrSpxl8,SG->JP,Food,35.7016894,139.708348,crawler_exact,1.515,0.468727,1,Shinjuku,0.5,2,0.717948717948718,0.6568405139833712,3
ChIJU_fMik-JGGARrHJBzYB37Ss,SG->JP,Food,35.6842202,139.7843478,crawler_exact,1.876,0.391488,2,Akihabara,,0,0.92,0.5428571428571428,2
ChIJUaJR8NaOGGARbaGu0XYUkl4,SG->JP,Food,35.710256,139.8107946,crawler_exact,1.369,0.504297,1,Asakusa / Sensoji,0.5,2,1.0,0.8086923658352229,3
ChIJUyJylxh3QDUR1L1-bVenKuw,SG->JP,Food,32.6030267,130.4378225,crawler_exact,109.962,0.0,0,Fukuoka Tenjin,0.0,2,0.0,0.28699924414210126,3
ChIJUzr2OHFT5TQRUragBceGuno,SG->JP,Food,26.2278325,127.3026426,crawler_exact,871.34,0.0,0,Fukuoka Tenjin,0.5,2,0.0,0.45366591080876795,3
ChIJVfqYW9PLHzURw92DCIdNd9c,SG->JP,Food,28.2517898,129.3808248,crawler_exact,601.616,0.0,0,Fukuoka Tenjin,0.0,2,1.0,0.45895691609977324,3
ChIJXVW6D9FS5TQR_2iOxRxA508,SG->JP,Food,26.2279884,127.304105,crawler_exact,871.276,0.0,0,Fukuoka Tenjin,0.5,2,1.0,0.6256235827664399,3
ChIJb_o7HiiMGGARn7CfylxH0V0,SG->JP,Food,35.7173923,139.7734015,crawler_exact,2.112,0.34784,2,Akihabara,0.0,2,1.0,0.6346182917611489,3
ChIJc990b3vzImARqggIJ2NCSsY,SG->JP,Food,35.7364387,140.3677901,crawler_exact,51.609,0.0,0,Asakusa / Sensoji,0.0,1,0.9166666666666666,0.31451247165532875,3
ChIJd1fxRQCNGGARLhZIVwH8DM0,SG->JP,Food,35.6990914,139.700585,crawler_exact,1.055,0.589961,1,Shinjuku,0.0,1,1.0,0.6452003023431595,3
ChIJd7g-b7H0ImARbwaUJ562vJo,SG->JP,Food,35.7844938,140.3542665,crawler_exact,50.91,0.0,0,Asakusa / Sensoji,0.0,2,1.0,0.45895691609977324,3
ChIJeQ4IKDiNGGARcLA1OEXQXfw,SG->JP,Food,35.7133601,139.7013904,crawler_exact,2.643,0.266739,1,Shinjuku,0.0,1,1.0,0.6335600907029478,3
ChIJe_jE8J1T5TQR_EqsP1v4-pI,SG->JP,Food,26.1712918,127.344958,crawler_exact,875.902,0.0,0,Fukuoka Tenjin,0.0,2,1.0,0.45895691609977324,3
ChIJkShVOKeLGGARcYDRvE0Xl3U,SG->JP,Food,35.6590551,139.7035292,crawler_exact,0.278,0.87018,1,Shibuya,0.5,2,1.0,0.8192743764172334,3
ChIJkctAQVdT5TQRcsezX7zSMZg,SG->JP,Food,26.1712021,127.3446195,crawler_exact,875.922,0.0,0,Fukuoka Tenjin,0.6666666666666666,3,1.0,0.6454648526077097,3
ChIJlwdcmojJHzURlpzM6HiSvIw,SG->JP,Food,28.262806,129.406966,crawler_exact,600.009,0.0,0,Fukuoka Tenjin,0.0,2,0.0,0.28699924414210126,3
ChIJn1OEhQKTGGAR0jREHfO2ILc,SG->JP,Food,35.779698,139.72388,crawler_exact,9.76,0.007596,0,Asakusa / Sensoji,0.5,2,1.0,0.7822373393801966,3
ChIJnYBuE-6NGGAROr_Ei9Y8Ju0,SG->JP,Food,35.7021972,139.6979736,crawler_exact,1.421,0.491476,1,Shinjuku,0.5,2,1.0,0.8065759637188208,3
ChIJp-ACQ225GGARWTGrYAVHGLw,SG->JP,Food,35.9781265,139.7509036,crawler_exact,29.57,0.0,0,Asakusa / Sensoji,0.0,2,1.0,0.45895691609977324,3
ChIJr41LK4FT5TQRk7UIXjCSuIA,SG->JP,Food,26.1710298,127.3452511,crawler_exact,875.92,0.0,0,Fukuoka Tenjin,0.0,3,1.0,0.45895691609977324,3
ChIJs5GOvE-NGGARjVMEAz7wDHM,SG->JP,Food,35.7027778,139.6981746,crawler_exact,1.482,0.476736,1,Shinjuku,,0,1.0,0.7626984126984127,2
ChIJszAzlW_Y4zQR8fHh1HTyz_s,SG->JP,Food,27.4143412,128.6423751,crawler_exact,707.134,0.0,0,Fukuoka Tenjin,0.0,1,1.0,0.45895691609977324,3
ChIJtei3y2JzFWARLjc-PIAi7s8,SG->JP,Food,33.1056091,139.7903733,crawler_exact,284.1,0.0,0,Shibuya,0.3333333333333333,3,0.5625,0.44882842025699166,3
ChIJuSfGdA-BGGARHK2v9-Su_b4,SG->JP,Food,35.7054644,139.9687039,crawler_exact,15.565,0.000417,0,Asakusa / Sensoji,0.0,2,1.0,0.6071050642479213,3
ChIJvSxK3YZT5TQRjcWnlyIJnH4,SG->JP,Food,26.1709833,127.3465639,crawler_exact,875.882,0.0,0,Fukuoka Tenjin,0.0,3,1.0,0.45895691609977324,3
ChIJw441x4ZT5TQRjZf1AI0AfMg,SG->JP,Food,26.1716587,127.3463097,crawler_exact,875.82,0.0,0,Fukuoka Tenjin,0.0,3,1.0,0.45895691609977324,3
ChIJ0YMotIdi4TQRi0btX64w3PE,SG->JP,Hotel,27.398039,128.661969,crawler_exact,708.455,0.0,0,Fukuoka Tenjin,0.0,3,1.0,0.45895691609977324,3
ChIJ0dAP3r-AGGARSjERItlFuLY,SG->JP,Hotel,35.7059057,139.9569379,crawler_exact,14.501,0.00071,0,Asakusa / Sensoji,0.0,1,1.0,0.6092214663643235,3
ChIJ23Ty8lA-TjURHd89nkstaTQ,SG->JP,Hotel,33.4325301,133.4517193,crawler_exact,233.55,0.0,0,Dotonbori / Namba,0.0,2,1.0,0.45895691609977324,3
ChIJ2bHiYZn3UjUR17rpMG4aVso,SG->JP,Hotel,33.6642317,134.4310572,crawler_exact,148.896,0.0,0,Dotonbori / Namba,0.0,3,1.0,0.45895691609977324,3
ChIJ2fON6nbe4zQRnRlOvatgIgs,SG->JP,Hotel,27.3318969,128.572876,crawler_exact,717.649,0.0,0,Fukuoka Tenjin,0.0,2,1.0,0.45895691609977324,3
ChIJ40uOR4FT5TQRKUdFaS45m5Q,SG->JP,Hotel,26.17231,127.34454,crawler_exact,875.808,0.0,0,Fukuoka Tenjin,0.0,3,1.0,0.45895691609977324,3
ChIJ5wAyHX9i4TQRmd_7XZ7CoYo,SG->JP,Hotel,27.3945789,128.6551232,crawler_exact,708.984,0.0,0,Fukuoka Tenjin,,0,1.0,0.4928571428571428,2
ChIJ8RbiHzSNGGARPJ9RXa_ITnE,SG->JP,Hotel,35.7016348,139.7713281,crawler_exact,0.394,0.821324,2,Akihabara,0.5,2,1.0,0.8182161753590323,3
ChIJ8UEqOIFT5TQROWxUHSQqdCc,SG->JP,Hotel,26.1720021,127.3447641,crawler_exact,875.833,0.0,0,Fukuoka Tenjin,0.5,2,0.0,0.45366591080876795,3
ChIJ8b-IBu3FGGAROsH3lBLT9Tw,SG->JP,Hotel,35.9710346,139.5914974,crawler_exact,32.803,0.0,0,Shinjuku,0.0,2,1.0,0.45895691609977324,3
ChIJ8xJryGclBmARXC9G8KfjTxw,SG->JP,Hotel,33.4887264,135.7942228,crawler_exact,133.952,0.0,0,Dotonbori / Namba,0.5,2,1.0,0.6256235827664399,3
ChIJ9QbHvwShB2ARm_c7tzpaVnw,SG->JP,Hotel,33.678592,135.3453863,crawler_exact,111.025,0.0,0,Dotonbori / Namba,0.0,2,1.0,0.45895691609977324,3
ChIJ9ZETy4ZT5TQRmbK6DpMndL0,SG->JP,Hotel,26.1717236,127.3454083,crawler_exact,875.842,0.0,0,Fukuoka Tenjin,0.6666666666666666,3,0.0,0.4735071806500378,3
ChIJAQDANiOhB2ARozB7DE6bPIY,SG->JP,Hotel,33.6812844,135.3591161,crawler_exact,110.572,0.0,0,Dotonbori / Namba,0.0,2,1.0,0.45895691609977324,3
ChIJB0Knh_ugB2ARt2oS3Iz6wH8,SG->JP,Hotel,33.6721405,135.3422046,crawler_exact,111.775,0.0,0,Dotonbori / Namba,0.0,3,0.8,0.3134542705971277,3
ChIJB4XG7fyzSDURAPllKKeARk0,SG->JP,Hotel,32.7985821,132.7130546,crawler_exact,232.67,0.0,0,Fukuoka Tenjin,0.0,1,1.0,0.45895691609977324,3
ChIJBf0-UJTSHzURIp-0VjAfCeo,SG->JP,Hotel,28.139005,129.344544,crawler_exact,614.562,0.0,0,Fukuoka Tenjin,0.0,3,0.0,0.28699924414210126,3
ChIJC4xhdTMxTzURXF_y7u6DGZc,SG->JP,Hotel,32.8266936,132.9546706,crawler_exact,252.512,0.0,0,Fukuoka Tenjin,0.0,3,1.0,0.45895691609977324,3
ChIJCbIvD4YNUjURUhJwARvmrGs,SG->JP,Hotel,33.5566774,134.0491971,crawler_exact,182.097,0.0,0,Dotonbori / Namba,0.0,2,1.0,0.45895691609977324,3
ChIJDcLFwkoZTjURvxrrOlvXGh4,SG->JP,Hotel,33.5658819,133.5432319,crawler_exact,218.005,0.0,0,Dotonbori / Namba,0.0,2,1.0,0.45895691609977324,3
ChIJDyIL3C6PTTURgvZjo-yjrso,SG->JP,Hotel,33.257756,134.181024,crawler_exact,198.591,0.0,0,Dotonbori / Namba,0.6666666666666666,3,1.0,0.6454648526077097,3
ChIJEeC9UjvTHzURHHZDC2CVRrI,SG->JP,Hotel,28.1097078,129.3356003,crawler_exact,617.918,0.0,0,Fukuoka Tenjin,0.0,2,1.0,0.45895691609977324,3
ChIJEwGRrykdTjUR1Q-xKWgtSWo,SG->JP,Hotel,33.5665518,133.6305409,crawler_exact,211.364,0.0,0,Dotonbori / Namba,0.0,1,1.0,0.45895691609977324,3
ChIJEx0kWj0XBmARBWC6ATWnxgA,SG->JP,Hotel,33.6239031,135.952386,crawler_exact,123.369,0.0,0,Dotonbori / Namba,0.0,3,1.0,0.45895691609977324,3
ChIJGVSBpjcZTjURer2CV3JBARE,SG->JP,Hotel,33.5609983,133.5394272,crawler_exact,218.604,0.0,0,Dotonbori / Namba,,0,1.0,0.4928571428571428,2
ChIJGcnc96Cs-jQRfSZca6zCjs4,SG->JP,Hotel,26.1901819,127.2786612,crawler_exact,876.082,0.0,0,Fukuoka Tenjin,0.0,2,1.0,0.45895691609977324,3
ChIJH-Wn-f2gB2ARS4TWH95okbI,SG->JP,Hotel,33.6793687,135.3448522,crawler_exact,110.946,0.0,0,Dotonbori / Namba,0.0,2,1.0,0.45895691609977324,3
ChIJHQKd0cRxFWARH8nkmYlQobU,SG->JP,Hotel,33.1232846,139.815178,crawler_exact,282.211,0.0,0,Shibuya,0.0,2,1.0,0.45895691609977324,3
ChIJIUfD8euNGGARieH9N6pncOw,SG->JP,Hotel,35.6938702,139.6982771,crawler_exact,0.519,0.771398,1,Shinjuku,0.5,2,1.0,0.8160997732426303,3
ChIJJYCXErI8TjUR0HY8WxRWNH8,SG->JP,Hotel,33.5449043,133.41826,crawler_exact,228.893,0.0,0,Dotonbori / Namba,0.0,3,1.0,0.45895691609977324,3
ChIJJwl4ftFS5TQRfip8TSCS92M,SG->JP,Hotel,26.228774,127.302727,crawler_exact,871.239,0.0,0,Fukuoka Tenjin,1.0,3,1.0,0.6573696145124716,3
ChIJJzUrZ8hhTzUR9XCZuIhsrBk,SG->JP,Hotel,33.225529,132.568412,crawler_exact,205.442,0.0,0,Fukuoka Tenjin,0.3333333333333333,3,1.0,0.6006802721088434,3
ChIJLZ1p1vv1TTURO49Os2rjVE8,SG->JP,Hotel,33.4215447,134.0267729,crawler_exact,194.13,0.0,0,Dotonbori / Namba,0.0,2,1.0,0.45895691609977324,3
ChIJMXdC9yolTjUR4lPuBr2Z34Y,SG->JP,Hotel,33.5735244,133.3665069,crawler_exact,231.179,0.0,0,Dotonbori / Namba,0.0,2,1.0,0.45895691609977324,3
ChIJN2Lu08lT5TQRuQqXf49TPsE,SG->JP,Hotel,26.1964569,127.3618266,crawler_exact,872.709,0.0,0,Fukuoka Tenjin,0.6666666666666666,3,1.0,0.6454648526077097,3
ChIJOQFtKlLTHzURHUhTz83QHiw,SG->JP,Hotel,28.0912196,129.3257629,crawler_exact,620.102,0.0,0,Fukuoka Tenjin,0.0,3,1.0,0.45895691609977324,3
ChIJOSVyOA8ATjURv39i2iiANvw,SG->JP,Hotel,33.5224876,133.785507,crawler_exact,202.986,0.0,0,Dotonbori / Namba,0.0,2,1.0,0.45895691609977324,3
ChIJOZ2EOvu5amARQKqfzRIZ4fs,SG->JP,Hotel,32.4646556,139.7603276,crawler_exact,355.294,0.0,0,Shibuya,0.3333333333333333,3,1.0,0.6006802721088434,3
ChIJP8MpT8r1TTURJbKzHjB2ZPc,SG->JP,Hotel,33.388716,134.0370978,crawler_exact,196.117,0.0,0,Dotonbori / Namba,1.0,2,1.0,0.6573696145124716,3
ChIJPy2EI3li4TQRAkMWjZCI4p4,SG->JP,Hotel,27.391784,128.6561013,crawler_exact,709.265,0.0,0,Fukuoka Tenjin,0.5,2,1.0,0.6256235827664399,3
ChIJQUiWh1SfGWARIusTE1UGB50,SG->JP,Hotel,35.2460468,139.0367835,crawler_exact,75.682,0.0,0,Shibuya,0.5,2,1.0,0.6256235827664399,3
ChIJRUDR6mOb-jQR9rb_Hva5SFA,SG->JP,Hotel,26.3328475,126.8101483,crawler_exact,877.855,0.0,0,Fukuoka Tenjin,0.0,2,1.0,0.45895691609977324,3
ChIJRzWGCABT5TQR-HEl39ElQq8,SG->JP,Hotel,26.1980333,127.3659176,crawler_exact,872.412,0.0,0,Fukuoka Tenjin,0.3333333333333333,3,0.0,0.42872260015117153,3
ChIJS-8OKV-hTzURYHn-Ae8dpCg,SG->JP,Hotel,33.3937694,132.9268704,crawler_exact,235.445,0.0,0,Fukuoka Tenjin,0.0,1,1.0,0.45895691609977324,3
ChIJU3zvvIZT5TQRuJ08DJ4fN_8,SG->JP,Hotel,26.1721345,127.3464485,crawler_exact,875.765,0.0,0,Fukuoka Tenjin,0.3333333333333333,3,1.0,0.6006802721088434,3
ChIJVVURHdymB2ARahi09ZcVCys,SG->JP,Hotel,33.6750853,135.3385667,crawler_exact,111.495,0.0,0,Dotonbori / Namba,0.6666666666666666,3,1.0,0.6454648526077097,3
ChIJVXkeu0oUBmARBEriNZSPvcw,SG->JP,Hotel,33.6482208,135.9427834,crawler_exact,120.524,0.0,0,Dotonbori / Namba,0.0,2,1.0,0.45895691609977324,3
ChIJX1VrVi9T5TQRGYXJFA3ZGPE,SG->JP,Hotel,26.2297444,127.3029946,crawler_exact,871.128,0.0,0,Fukuoka Tenjin,1.0,2,1.0,0.6573696145124716,3
ChIJYap7ZaktHjURbM_9Gtripok,SG->JP,Hotel,28.1464101,129.311549,crawler_exact,614.272,0.0,0,Fukuoka Tenjin,0.0,2,0.0,0.28699924414210126,3
ChIJYyJ2-vXSHzUR-w461bsiy_w,SG->JP,Hotel,28.1260541,129.3617229,crawler_exact,615.718,0.0,0,Fukuoka Tenjin,0.0,2,1.0,0.45895691609977324,3
ChIJZ-5Yq0wZTjURuRxXKNlraY8,SG->JP,Hotel,33.5653754,133.5465382,crawler_exact,217.785,0.0,0,Dotonbori / Namba,0.0,2,1.0,0.45895691609977324,3
ChIJZ6-xRBiNGGAR9dp_Aq2HeJI,SG->JP,Hotel,35.7066831,139.7695409,crawler_exact,0.975,0.614007,2,Akihabara,0.5,2,1.0,0.8129251700680271,3
ChIJ_8Nv80wZTjURkqn_-tJbRKM,SG->JP,Hotel,33.563028,133.5475822,crawler_exact,217.855,0.0,0,Dotonbori / Namba,0.3333333333333333,3,1.0,0.6006802721088434,3
ChIJ_Ulh3zctHjURVwTSQAD_a68,SG->JP,Hotel,28.1473777,129.3117163,crawler_exact,614.164,0.0,0,Fukuoka Tenjin,0.0,3,1.0,0.45895691609977324,3
ChIJ___jhUwZTjURCWpR3u1AXTo,SG->JP,Hotel,33.5633713,133.546819,crawler_exact,217.891,0.0,0,Dotonbori / Namba,0.0,2,1.0,0.45895691609977324,3
ChIJ_yFI-xqhB2AR2OpJrJCqDC8,SG->JP,Hotel,33.673034,135.334343,crawler_exact,111.774,0.0,0,Dotonbori / Namba,0.0,3,1.0,0.45895691609977324,3
ChIJaeIO2TFyFWARVUi1aPczROw,SG->JP,Hotel,33.1090078,139.7623901,crawler_exact,283.659,0.0,0,Shibuya,0.0,3,1.0,0.45895691609977324,3
ChIJaxCiaK8L3DQROZBWoq742nM,SG->JP,Hotel,25.8326742,131.2313445,crawler_exact,866.459,0.0,0,Fukuoka Tenjin,0.0,3,1.0,0.45895691609977324,3
ChIJbZKrq7JxFWARpLyVOzp8xgQ,SG->JP,Hotel,33.1255565,139.8133198,crawler_exact,281.952,0.0,0,Shibuya,0.0,3,1.0,0.45895691609977324,3
ChIJcQBF3xEZTjURNq9-z-T3xRs,SG->JP,Hotel,33.5670066,133.5421117,crawler_exact,218.019,0.0,0,Dotonbori / Namba,0.0,1,1.0,0.45895691609977324,3
ChIJcaSNEKBT5TQRnxFmzhn4mUI,SG->JP,Hotel,26.228039,127.3012871,crawler_exact,871.363,0.0,0,Fukuoka Tenjin,0.3333333333333333,3,0.6190476190476191,0.4498866213151927,3
ChIJcaXA6Kas-jQRXaVc9XAumGg,SG->JP,Hotel,26.1903747,127.2827674,crawler_exact,875.927,0.0,0,Fukuoka Tenjin,0.3333333333333333,3,1.0,0.6006802721088434,3
ChIJcxxI387SHzURm-r3H7qi3-s,SG->JP,Hotel,28.1358298,129.3282036,crawler_exact,615.167,0.0,0,Fukuoka Tenjin,0.0,3,1.0,0.45895691609977324,3
ChIJdYKgAVm5amARjwlDWcY3yV0,SG->JP,Hotel,32.4650171,139.7613242,crawler_exact,355.255,0.0,0,Shibuya,0.0,2,1.0,0.45895691609977324,3
ChIJdceyxTUZTjURSwOtP6VFKFY,SG->JP,Hotel,33.5646391,133.5398003,crawler_exact,218.345,0.0,0,Dotonbori / Namba,0.0,2,1.0,0.45895691609977324,3
ChIJeYZiLeNVTzURTN1yZ0UAuGo,SG->JP,Hotel,32.9595726,132.5608304,crawler_exact,212.901,0.0,0,Fukuoka Tenjin,0.5,2,1.0,0.6256235827664399,3
ChIJew6ckqqlB2ARDPJQY3YW5RU,SG->JP,Hotel,33.6000284,135.3883289,crawler_exact,119.285,0.0,0,Dotonbori / Namba,0.5,2,1.0,0.6256235827664399,3
ChIJfzJvxoqD-jQRV6DUtrRQOkM,SG->JP,Hotel,26.3545206,126.7178047,crawler_exact,879.165,0.0,0,Fukuoka Tenjin,0.0,3,1.0,0.45895691609977324,3
ChIJg6GQnwKhB2ARtfMvOw6GAUY,SG->JP,Hotel,33.6837354,135.3451172,crawler_exact,110.462,0.0,0,Dotonbori / Namba,0.0,2,1.0,0.45895691609977324,3
ChIJh_JccECt-jQRCwxCcLC9VD8,SG->JP,Hotel,26.2269976,127.2938085,crawler_exact,871.719,0.0,0,Fukuoka Tenjin,0.3333333333333333,3,1.0,0.6006802721088434,3
ChIJhb56_XuOTTUR5QSMLIkzQxM,SG->JP,Hotel,33.2459451,134.1769447,crawler_exact,199.865,0.0,0,Dotonbori / Namba,0.0,2,1.0,0.45895691609977324,3
ChIJhx919j5nUjUR7diMCoXtUmQ,SG->JP,Hotel,33.5685346,134.3071287,crawler_exact,164.466,0.0,0,Dotonbori / Namba,0.3333333333333333,3,1.0,0.6006802721088434,3
ChIJi00Z6TYZTjUR_B-qiDgtMcU,SG->JP,Hotel,33.5631649,133.5380653,crawler_exact,218.57,0.0,0,Dotonbori / Namba,0.0,2,1.0,0.45895691609977324,3
ChIJi7F2RkheUjURVa4qrzcNyHA,SG->JP,Hotel,33.5880333,134.3539037,crawler_exact,159.977,0.0,0,Dotonbori / Namba,0.0,3,1.0,0.45895691609977324,3
ChIJi7vr4PT9UTURh8LMZ0nlk1w,SG->JP,Hotel,33.5747553,133.696344,crawler_exact,205.913,0.0,0,Dotonbori / Namba,0.5,2,1.0,0.6256235827664399,3
ChIJi_NZTU4ZTjUREfsRUDkcfJs,SG->JP,Hotel,33.5574461,133.5493215,crawler_exact,218.079,0.0,0,Dotonbori / Namba,0.0,2,1.0,0.45895691609977324,3
ChIJifw-i1L_5DQRDb-V7Bu6pEo,SG->JP,Hotel,26.3286504,126.8053637,crawler_exact,878.467,0.0,0,Fukuoka Tenjin,0.0,2,1.0,0.45895691609977324,3
ChIJk-PNMzgZTjURg6gBLSY3kgI,SG->JP,Hotel,33.5588359,133.5393213,crawler_exact,218.749,0.0,0,Dotonbori / Namba,0.0,2,1.0,0.45895691609977324,3
ChIJk70n5GlxFWAR_45svBOlU5s,SG->JP,Hotel,33.1433034,139.7876361,crawler_exact,279.903,0.0,0,Shibuya,0.0,3,1.0,0.45895691609977324,3
ChIJkZnuI0gtHjURO0cteApWMao,SG->JP,Hotel,28.1477097,129.3117445,crawler_exact,614.127,0.0,0,Fukuoka Tenjin,0.3333333333333333,3,1.0,0.6006802721088434,3
ChIJlw-uOgehB2ARBdq0OgakDRo,SG->JP,Hotel,33.675873,135.338693,crawler_exact,111.406,0.0,0,Dotonbori / Namba,0.3333333333333333,3,0.0,0.42872260015117153,3
ChIJm42uSbMeTjURuZdjMDVfGGA,SG->JP,Hotel,33.5655115,133.547352,crawler_exact,217.715,0.0,0,Dotonbori / Namba,0.0,3,1.0,0.45895691609977324,3
ChIJp_uTpMOLGGARuV0qHAQguMU,SG->JP,Hotel,35.6619681,139.7598879,crawler_exact,1.177,0.555281,1,Ginza,0.5,2,1.0,0.810808767951625,3
ChIJpxh8rgChB2AR9_Mu_CGFFiw,SG->JP,Hotel,33.6764691,135.3373919,crawler_exact,111.357,0.0,0,Dotonbori / Namba,0.0,3,1.0,0.45895691609977324,3
ChIJq6qqqhahB2ARkWhiWtlTpxE,SG->JP,Hotel,33.6827547,135.3454295,crawler_exact,110.566,0.0,0,Dotonbori / Namba,0.0,2,0.0,0.28699924414210126,3
ChIJqYmrdtRhTzUR8YmcNBWIdxo,SG->JP,Hotel,33.2258608,132.5555947,crawler_exact,204.269,0.0,0,Fukuoka Tenjin,0.0,1,1.0,0.45895691609977324,3
ChIJqzan7vpxFWARY6slAYJTgyI,SG->JP,Hotel,33.0930001,139.7815036,crawler_exact,285.479,0.0,0,Shibuya,0.0,2,1.0,0.45895691609977324,3
ChIJr5djliS3B2ARAdi16m_hOJA,SG->JP,Hotel,33.5532493,135.4795227,crawler_exact,124.049,0.0,0,Dotonbori / Namba,0.0,3,1.0,0.45895691609977324,3
ChIJs67tvDUZTjUR5dEIVvRKRkU,SG->JP,Hotel,33.5653553,133.5399543,crawler_exact,218.287,0.0,0,Dotonbori / Namba,0.0,3,1.0,0.45895691609977324,3
ChIJsbjsjijKTzURkTXaxVfKfm0,SG->JP,Hotel,33.5689746,133.0997459,crawler_exact,250.206,0.0,0,Fukuoka Tenjin,0.0,2,0.6285714285714286,0.3092214663643235,3
ChIJu9l_ois8TzURpfW7pjFlDDM,SG->JP,Hotel,32.981576,132.945364,crawler_exact,246.212,0.0,0,Fukuoka Tenjin,0.0,3,1.0,0.45895691609977324,3
ChIJue1QZphT5TQRXIN9P36M-Iw,SG->JP,Hotel,26.1863834,127.3485591,crawler_exact,874.198,0.0,0,Fukuoka Tenjin,1.0,2,1.0,0.6573696145124716,3
ChIJuywYZSxT5TQRjs7tEWz70QA,SG->JP,Hotel,26.2279256,127.304691,crawler_exact,871.263,0.0,0,Fukuoka Tenjin,0.6666666666666666,3,1.0,0.6454648526077097,3
ChIJw3UUciMZTjUR8dHk5MVO-8w,SG->JP,Hotel,33.558185,133.5300089,crawler_exact,219.499,0.0,0,Dotonbori / Namba,0.0,2,1.0,0.45895691609977324,3
ChIJwYhPh30WBmARzpqb-mqeEgM,SG->JP,Hotel,33.622709,135.941968,crawler_exact,123.176,0.0,0,Dotonbori / Namba,0.0,2,1.0,0.45895691609977324,3
ChIJwYy4TiMZTjUR9Of5Pw_Q7tE,SG->JP,Hotel,33.5576814,133.5315094,crawler_exact,219.417,0.0,0,Dotonbori / Namba,0.0,2,0.0,0.28699924414210126,3
ChIJwyKcGwCLGGARTZtkTe3qBMI,SG->JP,Hotel,35.65325,139.7071111,crawler_exact,0.916,0.632426,1,Shibuya,0.6666666666666666,3,1.0,0.8348828420256992,3
ChIJxWzBi4k0BmARI-8tFk-BWAs,SG->JP,Hotel,33.5055581,135.6370205,crawler_exact,129.938,0.0,0,Dotonbori / Namba,0.0,2,1.0,0.45895691609977324,3
ChIJy1na-6X-UTURLUuDuI2DXf4,SG->JP,Hotel,33.6252812,133.7194447,crawler_exact,200.865,0.0,0,Dotonbori / Namba,0.0,1,1.0,0.45895691609977324,3
ChIJyZM2LoFT5TQRVO_Yn_LkotU,SG->JP,Hotel,26.1715128,127.3448149,crawler_exact,875.883,0.0,0,Fukuoka Tenjin,0.6666666666666666,3,0.0,0.4735071806500378,3
ChIJye76eFF_RTURpOVixKp8hjU,SG->JP,Hotel,33.5067021,132.5484417,crawler_exact,199.42,0.0,0,Fukuoka Tenjin,0.0,3,1.0,0.45895691609977324,3
ChIJz-uVoxoCTjURvVzrdujZDtQ,SG->JP,Hotel,33.558477,133.705055,crawler_exact,206.357,0.0,0,Dotonbori / Namba,,0,1.0,0.4928571428571428,2
ChIJzQOO3UsZTjURy_YZI0iLfTc,SG->JP,Hotel,33.561942,133.54505,crawler_exact,218.117,0.0,0,Dotonbori / Namba,0.0,2,1.0,0.45895691609977324,3
ChIJzXocmetxFWARDZgZO-agxsM,SG->JP,Hotel,33.1153374,139.7684974,crawler_exact,282.967,0.0,0,Shibuya,0.0,2,1.0,0.45895691609977324,3
ChIJ-YdSW2w8TjURXQqwi5_BYOw,SG->JP,Retail,33.4963359,133.4196233,crawler_exact,231.826,0.0,0,Dotonbori / Namba,0.0,1,1.0,0.45895691609977324,3
ChIJ-YoHy9oCTjURxr9C5njIJ8k,SG->JP,Retail,33.5665451,133.6487329,crawler_exact,210.003,0.0,0,Dotonbori / Namba,0.0,1,1.0,0.45895691609977324,3
ChIJ-ciDSZKIGGARK3ruxPUTLyw,SG->JP,Retail,35.6891831,139.8379796,crawler_exact,4.691,0.095788,0,Asakusa / Sensoji,0.0,1,1.0,0.6272108843537415,3
ChIJ06Qw3T8qIDUR4Ihq3EpkRSw,SG->JP,Retail,28.3383132,130.0022306,crawler_exact,585.339,0.0,0,Fukuoka Tenjin,0.0,1,0.0,0.28699924414210126,3
ChIJ0xUUj2Y7BmARvUOhVoTdjqY,SG->JP,Retail,33.5249255,135.8214741,crawler_exact,130.554,0.0,0,Dotonbori / Namba,0.0,1,1.0,0.45895691609977324,3
ChIJ2dQaqIYUBmARy3BIT-_hgns,SG->JP,Retail,33.684388,135.974779,crawler_exact,117.799,0.0,0,Dotonbori / Namba,0.0,2,1.0,0.45895691609977324,3
ChIJ2zixJNi6HzURx0sOJNDVpDE,SG->JP,Retail,28.3973759,129.5261455,crawler_exact,583.502,0.0,0,Fukuoka Tenjin,0.0,3,0.0,0.28699924414210126,3
ChIJ306Qsh9gTzURYfi1LFCBlhM,SG->JP,Retail,33.2032248,132.5530496,crawler_exact,204.579,0.0,0,Fukuoka Tenjin,0.0,1,1.0,0.45895691609977324,3
ChIJ3VFmD-ozTzUR1qHGXwFBp9M,SG->JP,Retail,32.779412,132.960655,crawler_exact,254.911,0.0,0,Fukuoka Tenjin,0.0,1,1.0,0.45895691609977324,3
ChIJ4S9I8FgYTjUR1Y1j8ARObq8,SG->JP,Retail,33.5436524,133.5097852,crawler_exact,221.96,0.0,0,Dotonbori / Namba,0.0,1,1.0,0.45895691609977324,3
ChIJ6-ZLYd0iTjURewRjar_4XiU,SG->JP,Retail,33.551488,133.45342,crawler_exact,225.778,0.0,0,Dotonbori / Namba,,0,1.0,0.4928571428571428,2
ChIJ6fCnsDUjTjUR_-tCLCX2MCA,SG->JP,Retail,33.5477726,133.4279814,crawler_exact,227.966,0.0,0,Dotonbori / Namba,0.0,3,1.0,0.45895691609977324,3
ChIJ72cAtWKD-jQRyYS6Kh3IQfY,SG->JP,Retail,26.3455,126.74979,crawler_exact,878.856,0.0,0,Fukuoka Tenjin,0.0,2,0.0,0.28699924414210126,3
ChIJ7RY-YIe6HzUR9bqavQXSQXE,SG->JP,Retail,28.3800075,129.4929753,crawler_exact,585.872,0.0,0,Fukuoka Tenjin,0.0,2,1.0,0.45895691609977324,3
ChIJ7WQdysgbTjUR1EwVUIEGihs,SG->JP,Retail,33.5265709,133.5724496,crawler_exact,218.333,0.0,0,Dotonbori / Namba,0.0,2,1.0,0.45895691609977324,3
ChIJ7cdaWf2gB2ARcnkVTXB6-k8,SG->JP,Retail,33.6843347,135.3457237,crawler_exact,110.388,0.0,0,Dotonbori / Namba,0.0,2,1.0,0.45895691609977324,3
ChIJ8SYKih8cTjURd_mAMtiF7Ug,SG->JP,Retail,33.5769231,133.5618951,crawler_exact,215.884,0.0,0,Dotonbori / Namba,0.0,2,1.0,0.45895691609977324,3
ChIJ8YbaUH4-TzURRY60AklFWwk,SG->JP,Retail,32.9894999,132.9390534,crawler_exact,245.397,0.0,0,Fukuoka Tenjin,0.0,1,1.0,0.45895691609977324,3
ChIJ9XeUhJRxFWARGhpqYX-Tk3Q,SG->JP,Retail,33.108544,139.7886026,crawler_exact,283.769,0.0,0,Shibuya,0.0,1,1.0,0.45895691609977324,3
ChIJ9Z7JU_8YTjURFaYPKMLF908,SG->JP,Retail,33.5421285,133.5176256,crawler_exact,221.462,0.0,0,Dotonbori / Namba,0.0,3,1.0,0.45895691609977324,3
ChIJ9f-_lNPlGGARboPYg1dKWa4,SG->JP,Retail,35.716298,139.4910627,crawler_exact,19.152,6.9e-05,0,Shinjuku,0.0,2,1.0,0.6028722600151172,3
ChIJ9zRx9RklBmARLB7L5mI5nOM,SG->JP,Retail,33.4627762,135.7815246,crawler_exact,136.554,0.0,0,Dotonbori / Namba,0.0,1,1.0,0.45895691609977324,3
ChIJA6N-hJm6HzURlLE4zhIVQxQ,SG->JP,Retail,28.3945407,129.4946122,crawler_exact,584.249,0.0,0,Fukuoka Tenjin,0.0,2,1.0,0.45895691609977324,3
ChIJAQA0oaSWGGARISLDh9Zmi9A,SG->JP,Retail,35.850409,139.7799483,crawler_exact,15.155,0.000512,0,Asakusa / Sensoji,0.0,2,1.0,0.6081632653061224,3
ChIJAQAUNeVFTzUR2VraKIbsGmg,SG->JP,Retail,32.9545085,132.7775421,crawler_exact,232.19,0.0,0,Fukuoka Tenjin,0.0,2,1.0,0.45895691609977324,3
ChIJAQNEYDnbGGARYmRkysa1CKQ,SG->JP,Retail,35.9275036,139.491708,crawler_exact,32.475,0.0,0,Shinjuku,0.0,2,1.0,0.45895691609977324,3
ChIJAWzvAQccTjURjn3xQayT-o4,SG->JP,Retail,33.55855,133.5672504,crawler_exact,216.65,0.0,0,Dotonbori / Namba,,0,1.0,0.4928571428571428,2
ChIJAY0sYWYcTjURwu-N5aQFesM,SG->JP,Retail,33.5602885,133.5916179,crawler_exact,214.698,0.0,0,Dotonbori / Namba,0.0,1,1.0,0.45895691609977324,3
ChIJBWVwtLcCTjURxdn43SPnwaw,SG->JP,Retail,33.5784095,133.6451855,crawler_exact,209.492,0.0,0,Dotonbori / Namba,0.0,2,1.0,0.45895691609977324,3
ChIJCeHWq2W6HzURoOE98n4fIBU,SG->JP,Retail,28.3700108,129.4995949,crawler_exact,586.879,0.0,0,Fukuoka Tenjin,0.0,3,0.0,0.28699924414210126,3
ChIJD367XcSATzURKngfmyLJwv8,SG->JP,Retail,33.5318219,132.5775354,crawler_exact,201.973,0.0,0,Fukuoka Tenjin,0.0,2,1.0,0.45895691609977324,3
ChIJD8FUeWBNTzURIG4ljh12NUg,SG->JP,Retail,32.8448791,132.7097931,crawler_exact,230.433,0.0,0,Fukuoka Tenjin,0.0,2,1.0,0.45895691609977324,3
ChIJDWVe5eUXTjURDIjeEdro8Bk,SG->JP,Retail,33.5030761,133.4927819,crawler_exact,225.85,0.0,0,Dotonbori / Namba,0.0,1,0.14285714285714285,0.30604686318972035,3
ChIJESUyve-JRTURP7aubyL11ZE,SG->JP,Retail,33.2770369,132.5397098,crawler_exact,201.703,0.0,0,Fukuoka Tenjin,0.0,2,1.0,0.45895691609977324,3
ChIJEWPGC6LyGGARq8NKk17BIFo,SG->JP,Retail,35.7156465,139.6709494,crawler_exact,3.944,0.139167,0,Shinjuku,0.3333333333333333,3,1.0,0.7721088435374149,3
ChIJEWoHAUyjHzURQCUM0jED-Cc,SG->JP,Retail,28.392349,129.584499,crawler_exact,583.29,0.0,0,Fukuoka Tenjin,0.0,2,0.0,0.28699924414210126,3
ChIJF-cgTgAfGWARIoirtlrQve0,SG->JP,Retail,35.7202717,139.3238396,crawler_exact,34.19,0.0,0,Shinjuku,,0,1.0,0.4928571428571428,2
ChIJFddDpJQZTjURyW6MN_sW8RQ,SG->JP,Retail,33.5114796,133.5457914,crawler_exact,221.319,0.0,0,Dotonbori / Namba,0.0,1,1.0,0.45895691609977324,3
ChIJGV_ZOoi6HzUReOTw-0gvGBc,SG->JP,Retail,28.3786892,129.4986475,crawler_exact,585.937,0.0,0,Fukuoka Tenjin,0.0,1,1.0,0.45895691609977324,3
ChIJGZCQyVXyHmARjnDKwWsuKIo,SG->JP,Retail,36.388831,139.0837348,crawler_exact,95.506,0.0,0,Shinjuku,0.0,2,1.0,0.45895691609977324,3
ChIJH-Eq6s5hTzURotHgKhIRr_w,SG->JP,Retail,33.2250587,132.5640748,crawler_exact,205.059,0.0,0,Fukuoka Tenjin,0.0,2,1.0,0.45895691609977324,3
ChIJI3M1GGRp5TQRXrTjqFoIWZU,SG->JP,Retail,26.2164345,127.6965713,crawler_exact,860.324,0.0,0,Fukuoka Tenjin,0.0,2,1.0,0.45895691609977324,3
ChIJIRFAdjr6GGARZ0ug1rN3PTQ,SG->JP,Retail,35.5901362,139.4975446,crawler_exact,19.9,4.8e-05,0,Shibuya,0.0,1,1.0,0.600755857898715,3
ChIJIacjNXAYTjURAVqJPAkOOws,SG->JP,Retail,33.5412896,133.4924222,crawler_exact,223.432,0.0,0,Dotonbori / Namba,0.5,2,1.0,0.6256235827664399,3
ChIJIaxr1fQYTjURMiAMyZIRfFM,SG->JP,Retail,33.5504554,133.5030493,crawler_exact,222.042,0.0,0,Dotonbori / Namba,0.0,2,0.0,0.28699924414210126,3
ChIJIycjiMYeTjUR_TJ-PX1LG08,SG->JP,Retail,33.5802308,133.5367282,crawler_exact,217.596,0.0,0,Dotonbori / Namba,0.0,1,1.0,0.45895691609977324,3
ChIJJYVRv3GwHzURXPp9basX59c,SG->JP,Retail,28.3986239,129.4773575,crawler_exact,584.045,0.0,0,Fukuoka Tenjin,0.0,2,1.0,0.45895691609977324,3
ChIJJzmhDeYcTjURajliGbzj9BQ,SG->JP,Retail,33.5641073,133.6141275,crawler_exact,212.756,0.0,0,Dotonbori / Namba,0.0,3,1.0,0.45895691609977324,3
ChIJM4JNnaBp5TQRWJoKcE3QxMY,SG->JP,Retail,26.204042,127.6811658,crawler_exact,862.091,0.0,0,Fukuoka Tenjin,0.3333333333333333,3,1.0,0.6006802721088434,3
ChIJMV9yuX4YTjURMjszFnNPVOw,SG->JP,Retail,33.5517049,133.4885811,crawler_exact,223.069,0.0,0,Dotonbori / Namba,0.0,2,1.0,0.45895691609977324,3
ChIJMyQRVfPrGGAR7x3nAqQS1vM,SG->JP,Retail,35.782676,139.6297386,crawler_exact,12.166,0.002281,0,Shinjuku,0.0,3,1.0,0.6102796674225245,3
ChIJN-UyNaciTjUR3mMhE2WId9s,SG->JP,Retail,33.53444,133.482426,crawler_exact,224.627,0.0,0,Dotonbori / Namba,0.0,1,1.0,0.45895691609977324,3
ChIJN6As5IRp5TQRSaKIWYxdHfA,SG->JP,Retail,26.2210294,127.6736385,crawler_exact,860.506,0.0,0,Fukuoka Tenjin,0.0,1,1.0,0.45895691609977324,3
ChIJN9BRXyCNGGARm7uxQ7eg0JY,SG->JP,Retail,35.7010886,139.7089833,crawler_exact,1.485,0.475935,1,Shinjuku,0.0,3,1.0,0.6377928949357521,3
ChIJNSfmjx2hB2ARepOLRTgMRKw,SG->JP,Retail,33.6853479,135.3493095,crawler_exact,110.234,0.0,0,Dotonbori / Namba,0.0,1,1.0,0.45895691609977324,3
ChIJO40InSUlBmARom-h3xB5v5A,SG->JP,Retail,33.4760048,135.7831304,crawler_exact,135.138,0.0,0,Dotonbori / Namba,0.5,2,1.0,0.6256235827664399,3
ChIJP8nsfDy7HzURIJUNp2-zGvA,SG->JP,Retail,28.3875785,129.5412353,crawler_exact,584.378,0.0,0,Fukuoka Tenjin,0.0,2,1.0,0.45895691609977324,3
ChIJPR_i4_IBTjUR1qbPFkqACZA,SG->JP,Retail,33.544428,133.721684,crawler_exact,206.087,0.0,0,Dotonbori / Namba,0.0,2,1.0,0.45895691609977324,3
ChIJPRf50V9NTzURLheqNtnPl5w,SG->JP,Retail,32.8444485,132.7089131,crawler_exact,230.375,0.0,0,Fukuoka Tenjin,0.0,3,0.0,0.28699924414210126,3
ChIJQ04b4ZL3UjURXk0ZQ0QoE4o,SG->JP,Retail,33.671948,134.419536,crawler_exact,148.957,0.0,0,Dotonbori / Namba,,0,1.0,0.4928571428571428,2
ChIJQ1ZsCjWETzURB-b5fg1AIJo,SG->JP,Retail,33.5478882,132.6515982,crawler_exact,208.763,0.0,0,Fukuoka Tenjin,0.0,1,1.0,0.45895691609977324,3
ChIJQSWvksxo5TQRj8IXr_brL_A,SG->JP,Retail,26.1607418,127.7220687,crawler_exact,865.515,0.0,0,Fukuoka Tenjin,0.0,1,1.0,0.45895691609977324,3
ChIJQVa-88ceTjURIsvMKqjl-sE,SG->JP,Retail,33.5778686,133.5410722,crawler_exact,217.412,0.0,0,Dotonbori / Namba,0.0,3,1.0,0.45895691609977324,3
ChIJR6-pVx0cTjURsbi3byDVIR0,SG->JP,Retail,33.5688663,133.5616521,crawler_exact,216.414,0.0,0,Dotonbori / Namba,0.0,2,1.0,0.45895691609977324,3
ChIJRRFsll4ATzUR7IDU9DPK4CA,SG->JP,Retail,33.2095884,133.1400102,crawler_exact,257.968,0.0,0,Fukuoka Tenjin,,0,1.0,0.4928571428571428,2
ChIJS_dwpM1OTjURe-R64xTtOBo,SG->JP,Retail,33.3878323,133.2795674,crawler_exact,249.397,0.0,0,Dotonbori / Namba,0.0,1,1.0,0.45895691609977324,3
ChIJSxnZHRMCTjURV7Wz3gznxNc,SG->JP,Retail,33.5611848,133.6962871,crawler_exact,206.822,0.0,0,Dotonbori / Namba,0.0,2,1.0,0.45895691609977324,3
ChIJU7vB_639UTUR-O0qar1bAEU,SG->JP,Retail,33.6089673,133.6856744,crawler_exact,204.463,0.0,0,Dotonbori / Namba,0.0,1,1.0,0.45895691609977324,3
ChIJUW09i1mkB2ARI_4lFeRz4L4,SG->JP,Retail,33.642111,135.401452,crawler_exact,114.521,0.0,0,Dotonbori / Namba,0.0,3,1.0,0.45895691609977324,3
ChIJV-UWEcWlGWARXQYpVkvGb4Q,SG->JP,Retail,35.2894112,139.1743191,crawler_exact,62.959,0.0,0,Shibuya,,0,1.0,0.4928571428571428,2
ChIJV-e6WwD9GGARcdeSovBIODQ,SG->JP,Retail,35.6149148,139.4384282,crawler_exact,24.197,6e-06,0,Shibuya,0.0,2,1.0,0.599697656840514,3
ChIJV7R9hsLCHmARoTVbeLEH0Go,SG->JP,Retail,36.2253652,139.1881943,crawler_exact,75.34,0.0,0,Shinjuku,0.0,1,1.0,0.45895691609977324,3
ChIJVedckhqSGGAREwZac8equvw,SG->JP,Retail,35.7692435,139.7637789,crawler_exact,6.744,0.034327,0,Asakusa / Sensoji,0.0,2,1.0,0.6219198790627362,3
ChIJW5fQKXOMTTURBV_MZRrRJjI,SG->JP,Retail,33.2910178,134.1524498,crawler_exact,197.318,0.0,0,Dotonbori / Namba,0.0,3,1.0,0.45895691609977324,3
ChIJWQedWBKFGGARU7WDyU8tSGQ,SG->JP,Retail,35.778139,139.877776,crawler_exact,10.156,0.006233,0,Asakusa / Sensoji,0.0,3,1.0,0.6134542705971276,3
ChIJWx_MxSSTGGARA7K3iLGuMwY,SG->JP,Retail,35.7799939,139.7047656,crawler_exact,10.058,0.006544,0,Shinjuku,0.0,1,1.0,0.6145124716553287,3
ChIJXUt04-oZTjURxaduQHG97ts,SG->JP,Retail,33.5106689,133.5436523,crawler_exact,221.532,0.0,0,Dotonbori / Namba,0.0,1,1.0,0.45895691609977324,3
ChIJYwXEqqgeTjURKMUdeAFk71A,SG->JP,Retail,33.5704371,133.5559146,crawler_exact,216.751,0.0,0,Dotonbori / Namba,0.0,1,1.0,0.45895691609977324,3
ChIJZ8jdFCe7HzURW8eeBD0q6hc,SG->JP,Retail,28.393414,129.529192,crawler_exact,583.897,0.0,0,Fukuoka Tenjin,0.0,2,1.0,0.45895691609977324,3
ChIJ_RY5U1mGGGARFfh86D94mcs,SG->JP,Retail,35.7129389,139.8909711,crawler_exact,8.514,0.014167,0,Asakusa / Sensoji,0.5,2,1.0,0.7854119425547997,3
ChIJ__-vONXzGGARWYuj1KEJpb8,SG->JP,Retail,35.6592514,139.6108505,crawler_exact,8.099,0.017427,0,Shibuya,0.0,2,1.0,0.6198034769463341,3
ChIJ__9PVN5YGGAR53mTFlnQLDo,SG->JP,Retail,35.5081169,139.591405,crawler_exact,19.511,5.8e-05,0,Shibuya,0.0,2,1.0,0.6018140589569161,3
ChIJa8vLc_4DGWARsUPWovzlXsU,SG->JP,Retail,35.5814171,139.3366928,crawler_exact,34.011,0.0,0,Shibuya,0.0,1,1.0,0.45895691609977324,3
ChIJb70E4ZL3UjURzGm_nO2ELU8,SG->JP,Retail,33.671948,134.419536,crawler_exact,148.957,0.0,0,Dotonbori / Namba,0.0,1,0.0,0.28699924414210126,3
ChIJbRuWbPs2TjURNDqcC0sVZqA,SG->JP,Retail,33.505144,133.2845972,crawler_exact,241.675,0.0,0,Dotonbori / Namba,,0,1.0,0.4928571428571428,2
ChIJbSGffjUZTjUR7mMXkOkiuG4,SG->JP,Retail,33.5657851,133.5412384,crawler_exact,218.162,0.0,0,Dotonbori / Namba,,0,1.0,0.4928571428571428,2
ChIJc6VJNdJeGGARxk2psHxPies,SG->JP,Retail,35.5074421,139.6134601,crawler_exact,18.65,8.9e-05,0,Shibuya,0.0,2,1.0,0.6039304610733182,3
ChIJc6WDP7G8HzUR9c2-OxHW9C8,SG->JP,Retail,28.3810437,129.5838057,crawler_exact,584.546,0.0,0,Fukuoka Tenjin,0.0,2,1.0,0.45895691609977324,3
ChIJcZaxb326HzURceczpIooGo0,SG->JP,Retail,28.3786841,129.4947214,crawler_exact,585.993,0.0,0,Fukuoka Tenjin,0.0,3,1.0,0.45895691609977324,3
ChIJcx28VwNlTzURJ_cF9311bsE,SG->JP,Retail,33.255399,132.67329,crawler_exact,214.353,0.0,0,Fukuoka Tenjin,0.0,1,1.0,0.45895691609977324,3
ChIJd102giTHGGARyPPNfqt0xbA,SG->JP,Retail,35.9492666,139.6583651,crawler_exact,28.901,1e-06,0,Asakusa / Sensoji,0.0,2,1.0,0.5970521541950113,3
ChIJdUEt_OwzTzURFAZmNmhDvAc,SG->JP,Retail,32.7801437,132.9538769,crawler_exact,254.292,0.0,0,Fukuoka Tenjin,0.0,1,0.0,0.28699924414210126,3
ChIJdd1aUF8R5TQRUNX1sPsRVmI,SG->JP,Retail,26.4037172,127.7364456,crawler_exact,839.249,0.0,0,Fukuoka Tenjin,0.0,1,1.0,0.45895691609977324,3
ChIJe2Vsq3c1TzURHuJaw2_BsdI,SG->JP,Retail,32.790909,132.875881,crawler_exact,247.073,0.0,0,Fukuoka Tenjin,0.0,1,0.0,0.28699924414210126,3
ChIJe2xV6s1hTzUReXpR1um_rrA,SG->JP,Retail,33.22366,132.561802,crawler_exact,204.884,0.0,0,Fukuoka Tenjin,0.0,3,1.0,0.45895691609977324,3
ChIJe3880LWmB2ARkE1O1UVQ0jU,SG->JP,Retail,33.6794883,135.3787225,crawler_exact,110.572,0.0,0,Dotonbori / Namba,0.0,1,1.0,0.45895691609977324,3
ChIJeT6Z21E8TjURxx44W4B2xkY,SG->JP,Retail,33.4949138,133.438793,crawler_exact,230.459,0.0,0,Dotonbori / Namba,,0,1.0,0.4928571428571428,2
ChIJeWBIKsb8GGAR8VecLdb1-2A,SG->JP,Retail,35.6119331,139.4235333,crawler_exact,25.583,3e-06,0,Shibuya,0.0,2,1.0,0.5986394557823129,3
ChIJfQCJZSk9TjURVZvB5ZJrTv8,SG->JP,Retail,33.5307143,133.4482878,crawler_exact,227.469,0.0,0,Dotonbori / Namba,0.0,1,1.0,0.45895691609977324,3
ChIJfRgJk82HRTURBN2QteMUlho,SG->JP,Retail,33.3600632,132.5152502,crawler_exact,197.966,0.0,0,Fukuoka Tenjin,0.0,1,1.0,0.45895691609977324,3
ChIJfbkFnB2kB2ARd9yoo2a4LHk,SG->JP,Retail,33.6660815,135.3865617,crawler_exact,111.985,0.0,0,Dotonbori / Namba,0.0,1,1.0,0.45895691609977324,3
ChIJfygdFc09TzURPtoHteohVkk,SG->JP,Retail,32.9828704,132.9531551,crawler_exact,246.868,0.0,0,Fukuoka Tenjin,0.0,3,1.0,0.45895691609977324,3
ChIJheAl4uUZTjUR4PHEuYFwrZk,SG->JP,Retail,33.501075,133.546405,crawler_exact,221.956,0.0,0,Dotonbori / Namba,,0,1.0,0.4928571428571428,2
ChIJi8wFIbMeTjURpxXXrEgxxIQ,SG->JP,Retail,33.5657628,133.5487857,crawler_exact,217.59,0.0,0,Dotonbori / Namba,,0,1.0,0.4928571428571428,2
ChIJj9ZCQAwHUjURpny6kqOtTAY,SG->JP,Retail,33.5036528,133.899492,crawler_exact,196.317,0.0,0,Dotonbori / Namba,0.0,2,1.0,0.45895691609977324,3
ChIJjxSX5PMBTjURQfaMzShY-nE,SG->JP,Retail,33.548158,133.719754,crawler_exact,205.974,0.0,0,Dotonbori / Namba,0.0,2,1.0,0.45895691609977324,3
ChIJk9UYJvQATzURjk8GAXSsLvU,SG->JP,Retail,33.2117544,133.1325103,crawler_exact,257.238,0.0,0,Fukuoka Tenjin,,0,1.0,0.4928571428571428,2
ChIJmaLZZFnxGGAR7l_PNC1oGnk,SG->JP,Retail,35.6329917,139.604815,crawler_exact,9.135,0.010385,0,Shibuya,,0,1.0,0.7309523809523809,2
ChIJmcHdP0xnGGAR4PA_pkxyAag,SG->JP,Retail,35.5110255,139.7051752,crawler_exact,16.515,0.000259,0,Shibuya,,0,1.0,0.7134920634920634,2
ChIJnZO1bGrhHmARdrhjW1ZwmVM,SG->JP,Retail,36.3602778,139.3052778,crawler_exact,82.616,0.0,0,Shinjuku,0.0,1,1.0,0.45895691609977324,3
ChIJnbVsoVfATzURBPd35TALWN4,SG->JP,Retail,33.6554302,132.9007662,crawler_exact,231.755,0.0,0,Fukuoka Tenjin,0.0,3,0.0,0.28699924414210126,3
ChIJo1wSuqLlGGARjSl_GxYHUsM,SG->JP,Retail,35.7003006,139.5066454,crawler_exact,17.556,0.000154,0,Shinjuku,0.0,3,1.0,0.6049886621315193,3
ChIJoTeOiaQiTjURisFKPxRQa7A,SG->JP,Retail,33.5363261,133.4764232,crawler_exact,224.966,0.0,0,Dotonbori / Namba,0.0,1,1.0,0.45895691609977324,3
ChIJoeZ5XT5gGGAR7xPGHIzSYAo,SG->JP,Retail,35.5765037,139.7136085,crawler_exact,9.305,0.00954,0,Shibuya,0.0,3,1.0,0.6166288737717308,3
ChIJowu_pTIZTjURYsZr7zEtEWo,SG->JP,Retail,33.5709998,133.5323507,crawler_exact,218.511,0.0,0,Dotonbori / Namba,0.0,2,1.0,0.45895691609977324,3
ChIJp6Qr6Is-TjUReSLfM1htlNk,SG->JP,Retail,33.4513319,133.4414797,crawler_exact,233.076,0.0,0,Dotonbori / Namba,0.0,2,1.0,0.45895691609977324,3
ChIJp7YVbui2B2ARXX3XzjgSTM0,SG->JP,Retail,33.5541164,135.4972892,crawler_exact,123.937,0.0,0,Dotonbori / Namba,0.0,2,1.0,0.45895691609977324,3
ChIJq2U9WPxVTzURwmR2N0XcaQE,SG->JP,Retail,32.960745,132.5585888,crawler_exact,212.66,0.0,0,Fukuoka Tenjin,0.0,2,1.0,0.45895691609977324,3
ChIJq98yBAEXBmARs-KlQaCSlE4,SG->JP,Retail,33.5917408,135.9448671,crawler_exact,126.52,0.0,0,Dotonbori / Namba,0.0,1,1.0,0.45895691609977324,3
ChIJqfU5CMkCTjURvrv2FloklIQ,SG->JP,Retail,33.5751784,133.644021,crawler_exact,209.79,0.0,0,Dotonbori / Namba,0.0,2,1.0,0.45895691609977324,3
ChIJqzSN0KkeTjURW_TUZoKDuU4,SG->JP,Retail,33.5658028,133.5601794,crawler_exact,216.722,0.0,0,Dotonbori / Namba,0.0,3,1.0,0.45895691609977324,3
ChIJrRaoDG8cTjUR7EytYQpWSeU,SG->JP,Retail,33.5588475,133.5884342,crawler_exact,215.031,0.0,0,Dotonbori / Namba,0.0,2,1.0,0.45895691609977324,3
ChIJrxGO2FBeUjUReqybdoLobsY,SG->JP,Retail,33.599224,134.354374,crawler_exact,159.011,0.0,0,Dotonbori / Namba,0.0,2,1.0,0.45895691609977324,3
ChIJs0T4LfHtGGARliHWfKaeYug,SG->JP,Retail,35.7067054,139.6228908,crawler_exact,7.27,0.026378,0,Shinjuku,,0,1.0,0.7357142857142858,2
ChIJsSfBLDIaTjURZLm1JIX2mhg,SG->JP,Retail,33.5135565,133.5727009,crawler_exact,219.17,0.0,0,Dotonbori / Namba,0.0,1,1.0,0.45895691609977324,3
ChIJsUEFzcGATzURB6iXXZYxsqM,SG->JP,Retail,33.5287504,132.5728742,crawler_exact,201.556,0.0,0,Fukuoka Tenjin,,0,1.0,0.4928571428571428,2
ChIJsxDt6sweTjURuMM3UVzvol4,SG->JP,Retail,33.5715759,133.5353851,crawler_exact,218.243,0.0,0,Dotonbori / Namba,0.0,1,1.0,0.45895691609977324,3
ChIJt7FDHlYcTjURVLARPslTdQM,SG->JP,Retail,33.5733054,133.599053,crawler_exact,213.297,0.0,0,Dotonbori / Namba,0.0,1,1.0,0.45895691609977324,3
ChIJtQ0tUuCGHzURui3ktKT0BXA,SG->JP,Retail,28.3209156,129.9376941,crawler_exact,587.697,0.0,0,Fukuoka Tenjin,0.0,2,1.0,0.45895691609977324,3
ChIJtS6uDv4bTjURmOhzO1WSDUg,SG->JP,Retail,33.5543957,133.5611177,crawler_exact,217.381,0.0,0,Dotonbori / Namba,0.0,2,1.0,0.45895691609977324,3
ChIJtTzN1mkZTjURFU3V1_zwIOI,SG->JP,Retail,33.5462397,133.5482608,crawler_exact,218.877,0.0,0,Dotonbori / Namba,0.0,2,1.0,0.45895691609977324,3
ChIJtWmZcoJp5TQR2A111MP-vzg,SG->JP,Retail,26.2213788,127.6807971,crawler_exact,860.259,0.0,0,Fukuoka Tenjin,0.0,1,1.0,0.45895691609977324,3
ChIJtZSUlLceTjURoA_4ryeyAgA,SG->JP,Retail,33.5774773,133.5423217,crawler_exact,217.341,0.0,0,Dotonbori / Namba,0.0,1,0.0,0.28699924414210126,3
ChIJtajWmHTyGGAR6xYKsY1PeMw,SG->JP,Retail,35.7009927,139.6313737,crawler_exact,6.379,0.041202,0,Shinjuku,0.0,2,1.0,0.6240362811791383,3
ChIJtzSvQzgtHjURWM1-kqLXjoQ,SG->JP,Retail,28.1470678,129.3086623,crawler_exact,614.247,0.0,0,Fukuoka Tenjin,0.0,2,1.0,0.45895691609977324,3
ChIJv14IenFWTzURu8nIlsyxYp8,SG->JP,Retail,32.9629656,132.5755194,crawler_exact,214.064,0.0,0,Fukuoka Tenjin,0.0,1,1.0,0.45895691609977324,3
ChIJv1ESuGbsGGARYeEJM0OK1tM,SG->JP,Retail,35.7690023,139.6444744,crawler_exact,10.179,0.00616,0,Shinjuku,0.0,1,1.0,0.6123960695389267,3
ChIJvSNUrQq6B2AR3H349NlLqHM,SG->JP,Retail,33.569672,135.44933,crawler_exact,122.3,0.0,0,Dotonbori / Namba,0.0,2,1.0,0.45895691609977324,3
ChIJw-YN6tYYTjURiVYXBTInQ38,SG->JP,Retail,33.5719848,133.5185311,crawler_exact,219.505,0.0,0,Dotonbori / Namba,0.0,1,1.0,0.45895691609977324,3
ChIJw3dYAu6GHzURYm5VtY0Nzq8,SG->JP,Retail,28.31813,129.925158,crawler_exact,588.097,0.0,0,Fukuoka Tenjin,0.0,1,0.0,0.28699924414210126,3
ChIJwdAayV6hTzURWFw0TWLU7r4,SG->JP,Retail,33.392783,132.9267188,crawler_exact,235.443,0.0,0,Fukuoka Tenjin,0.0,2,1.0,0.45895691609977324,3
ChIJx8lJPDoZTjURJrASlhOSI2g,SG->JP,Retail,33.5599086,133.5358093,crawler_exact,218.948,0.0,0,Dotonbori / Namba,0.0,2,1.0,0.45895691609977324,3
ChIJxY4MbFsTBmARcaa14Mizlog,SG->JP,Retail,33.6799856,135.9675192,crawler_exact,118.01,0.0,0,Dotonbori / Namba,0.0,1,1.0,0.45895691609977324,3
ChIJxY6ci7nsGGAREIgRSHIT4Ek,SG->JP,Retail,35.7839848,139.6792975,crawler_exact,10.67,0.00482,0,Shinjuku,0.0,2,1.0,0.6113378684807256,3
ChIJzX1Gn26MTTURnXV2kmbEcgI,SG->JP,Retail,33.287421,134.14804,crawler_exact,197.886,0.0,0,Dotonbori / Namba,0.3333333333333333,3,1.0,0.6006802721088434,3
