series,month,value
Afghanistan,2019-01,263.0
Afghanistan,2019-02,205.0
Afghanistan,2019-03,245.0
Afghanistan,2019-04,244.0
Afghanistan,2019-05,172.0
Afghanistan,2019-06,249.0
Afghanistan,2019-07,191.0
Afghanistan,2019-08,322.0
Afghanistan,2019-09,414.0
Afghanistan,2019-10,328.0
Afghanistan,2019-11,232.0
Afghanistan,2019-12,204.0
Afghanistan,2020-01,270.0
Afghanistan,2020-02,285.0
Afghanistan,2020-03,175.0
Afghanistan,2020-04,5.0
Afghanistan,2020-05,0.0
Afghanistan,2020-06,8.0
Afghanistan,2020-07,37.0
Afghanistan,2020-08,94.0
Afghanistan,2020-09,75.0
Afghanistan,2020-10,98.0
Afghanistan,2020-11,174.0
Afghanistan,2020-12,232.0
Afghanistan,2021-01,132.0
Afghanistan,2021-02,99.0
Afghanistan,2021-03,94.0
Afghanistan,2021-04,92.0
Afghanistan,2021-05,121.0
Afghanistan,2021-06,84.0
Afghanistan,2021-07,91.0
Afghanistan,2021-08,84.0
Afghanistan,2021-09,99.0
Afghanistan,2021-10,385.0
Afghanistan,2021-11,256.0
Afghanistan,2021-12,186.0
Afghanistan,2022-01,103.0
Afghanistan,2022-02,175.0
Afghanistan,2022-03,253.0
Afghanistan,2022-04,304.0
Afghanistan,2022-05,301.0
Afghanistan,2022-06,304.0
Afghanistan,2022-07,236.0
Afghanistan,2022-08,273.0
Afghanistan,2022-09,428.0
Afghanistan,2022-10,385.0
Afghanistan,2022-11,215.0
Afghanistan,2022-12,239.0
Afghanistan,2023-01,264.0
Afghanistan,2023-02,217.0
Afghanistan,2023-03,204.0
Afghanistan,2023-04,219.0
Afghanistan,2023-05,238.0
Afghanistan,2023-06,215.0
Afghanistan,2023-07,268.0
Afghanistan,2023-08,404.0
Afghanistan,2023-09,320.0
Afghanistan,2023-10,291.0
Afghanistan,2023-11,252.0
Afghanistan,2023-12,229.0
Afghanistan,2024-01,237.0
Afghanistan,2024-02,173.0
Afghanistan,2024-03,181.0
Afghanistan,2024-04,223.0
Afghanistan,2024-05,334.0
Afghanistan,2024-06,220.0
Afghanistan,2024-07,274.0
Afghanistan,2024-08,316.0
Afghanistan,2024-09,440.0
Afghanistan,2024-10,384.0
Afghanistan,2024-11,274.0
Afghanistan,2024-12,272.0
Afghanistan,2025-01,324.0
Afghanistan,2025-02,292.0
Afghanistan,2025-03,164.0
Afghanistan,2025-04,290.0
Afghanistan,2025-05,259.0
Afghanistan,2025-06,343.0
Afghanistan,2025-07,345.0
Afghanistan,2025-08,270.0
Afghanistan,2025-09,469.0
Afghanistan,2025-10,315.0
Afghanistan,2025-11,288.0
Afghanistan,2025-12,273.0
Afghanistan,2026-01,295.0
Afghanistan,2026-02,216.0
Afghanistan,2026-03,130.0
Afghanistan,2026-04,270.0
Albania,2019-01,19.0
Albania,2019-02,16.0
Albania,2019-03,38.0
Albania,2019-04,42.0
Albania,2019-05,66.0
Albania,2019-06,45.0
Albania,2019-07,32.0
Albania,2019-08,39.0
Albania,2019-09,40.0
Albania,2019-10,68.0
Albania,2019-11,56.0
Albania,2019-12,30.0
Albania,2020-01,36.0
Albania,2020-02,15.0
Albania,2020-03,5.0
Albania,2020-04,0.0
Albania,2020-05,0.0
Albania,2020-06,0.0
Albania,2020-07,0.0
Albania,2020-08,2.0
Albania,2020-09,2.0
Albania,2020-10,6.0
Albania,2020-11,5.0
Albania,2020-12,2.0
Albania,2021-01,2.0
Albania,2021-02,2.0
Albania,2021-03,0.0
Albania,2021-04,1.0
Albania,2021-05,1.0
Albania,2021-06,3.0
Albania,2021-07,26.0
Albania,2021-08,6.0
Albania,2021-09,6.0
Albania,2021-10,1.0
Albania,2021-11,3.0
Albania,2021-12,1.0
Albania,2022-01,3.0
Albania,2022-02,1.0
Albania,2022-03,2.0
Albania,2022-04,5.0
Albania,2022-05,1.0
Albania,2022-06,0.0
Albania,2022-07,9.0
Albania,2022-08,6.0
Albania,2022-09,7.0
Albania,2022-10,12.0
Albania,2022-11,13.0
Albania,2022-12,21.0
Albania,2023-01,12.0
Albania,2023-02,41.0
Albania,2023-03,55.0
Albania,2023-04,37.0
Albania,2023-05,128.0
Albania,2023-06,58.0
Albania,2023-07,34.0
Albania,2023-08,42.0
Albania,2023-09,62.0
Albania,2023-10,61.0
Albania,2023-11,66.0
Albania,2023-12,68.0
Albania,2024-01,22.0
Albania,2024-02,27.0
Albania,2024-03,83.0
Albania,2024-04,104.0
Albania,2024-05,118.0
Albania,2024-06,46.0
Albania,2024-07,36.0
Albania,2024-08,71.0
Albania,2024-09,107.0
Albania,2024-10,151.0
Albania,2024-11,102.0
Albania,2024-12,64.0
Albania,2025-01,38.0
Albania,2025-02,32.0
Albania,2025-03,137.0
Albania,2025-04,150.0
Albania,2025-05,116.0
Albania,2025-06,55.0
Albania,2025-07,51.0
Albania,2025-08,76.0
Albania,2025-09,113.0
Albania,2025-10,107.0
Albania,2025-11,171.0
Albania,2025-12,73.0
Albania,2026-01,37.0
Albania,2026-02,68.0
Albania,2026-03,276.0
Albania,2026-04,237.0
Algeria,2019-01,51.0
Algeria,2019-02,42.0
Algeria,2019-03,71.0
Algeria,2019-04,106.0
Algeria,2019-05,57.0
Algeria,2019-06,80.0
Algeria,2019-07,107.0
Algeria,2019-08,194.0
Algeria,2019-09,84.0
Algeria,2019-10,71.0
Algeria,2019-11,95.0
Algeria,2019-12,71.0
Algeria,2020-01,68.0
Algeria,2020-02,38.0
Algeria,2020-03,11.0
Algeria,2020-04,0.0
Algeria,2020-05,0.0
Algeria,2020-06,0.0
Algeria,2020-07,0.0
Algeria,2020-08,1.0
Algeria,2020-09,5.0
Algeria,2020-10,1.0
Algeria,2020-11,4.0
Algeria,2020-12,2.0
Algeria,2021-01,2.0
Algeria,2021-02,0.0
Algeria,2021-03,1.0
Algeria,2021-04,0.0
Algeria,2021-05,1.0
Algeria,2021-06,5.0
Algeria,2021-07,101.0
Algeria,2021-08,110.0
Algeria,2021-09,3.0
Algeria,2021-10,9.0
Algeria,2021-11,2.0
Algeria,2021-12,7.0
Algeria,2022-01,4.0
Algeria,2022-02,4.0
Algeria,2022-03,15.0
Algeria,2022-04,11.0
Algeria,2022-05,17.0
Algeria,2022-06,11.0
Algeria,2022-07,17.0
Algeria,2022-08,19.0
Algeria,2022-09,28.0
Algeria,2022-10,46.0
Algeria,2022-11,37.0
Algeria,2022-12,37.0
Algeria,2023-01,59.0
Algeria,2023-02,53.0
Algeria,2023-03,51.0
Algeria,2023-04,60.0
Algeria,2023-05,74.0
Algeria,2023-06,81.0
Algeria,2023-07,96.0
Algeria,2023-08,114.0
Algeria,2023-09,77.0
Algeria,2023-10,108.0
Algeria,2023-11,108.0
Algeria,2023-12,70.0
Algeria,2024-01,71.0
Algeria,2024-02,81.0
Algeria,2024-03,61.0
Algeria,2024-04,136.0
Algeria,2024-05,158.0
Algeria,2024-06,92.0
Algeria,2024-07,102.0
Algeria,2024-08,147.0
Algeria,2024-09,156.0
Algeria,2024-10,144.0
Algeria,2024-11,186.0
Algeria,2024-12,120.0
Algeria,2025-01,117.0
Algeria,2025-02,81.0
Algeria,2025-03,77.0
Algeria,2025-04,236.0
Algeria,2025-05,162.0
Algeria,2025-06,147.0
Algeria,2025-07,259.0
Algeria,2025-08,184.0
Algeria,2025-09,210.0
Algeria,2025-10,163.0
Algeria,2025-11,240.0
Algeria,2025-12,162.0
Algeria,2026-01,113.0
Algeria,2026-02,70.0
Algeria,2026-03,98.0
Algeria,2026-04,194.0
Andorra,2019-01,4.0
Andorra,2019-02,11.0
Andorra,2019-03,5.0
Andorra,2019-04,35.0
Andorra,2019-05,35.0
Andorra,2019-06,15.0
Andorra,2019-07,13.0
Andorra,2019-08,28.0
Andorra,2019-09,18.0
Andorra,2019-10,26.0
Andorra,2019-11,26.0
Andorra,2019-12,19.0
Andorra,2020-01,9.0
Andorra,2020-02,5.0
Andorra,2020-03,3.0
Andorra,2020-04,0.0
Andorra,2020-05,0.0
Andorra,2020-06,0.0
Andorra,2020-07,0.0
Andorra,2020-08,0.0
Andorra,2020-09,0.0
Andorra,2020-10,0.0
Andorra,2020-11,0.0
Andorra,2020-12,0.0
Andorra,2021-01,0.0
Andorra,2021-02,0.0
Andorra,2021-03,0.0
Andorra,2021-04,0.0
Andorra,2021-05,0.0
Andorra,2021-06,0.0
Andorra,2021-07,9.0
Andorra,2021-08,0.0
Andorra,2021-09,0.0
Andorra,2021-10,0.0
Andorra,2021-11,0.0
Andorra,2021-12,0.0
Andorra,2022-01,1.0
Andorra,2022-02,0.0
Andorra,2022-03,0.0
Andorra,2022-04,0.0
Andorra,2022-05,0.0
Andorra,2022-06,0.0
Andorra,2022-07,2.0
Andorra,2022-08,1.0
Andorra,2022-09,1.0
Andorra,2022-10,3.0
Andorra,2022-11,2.0
Andorra,2022-12,4.0
Andorra,2023-01,15.0
Andorra,2023-02,12.0
Andorra,2023-03,20.0
Andorra,2023-04,20.0
Andorra,2023-05,6.0
Andorra,2023-06,20.0
Andorra,2023-07,23.0
Andorra,2023-08,46.0
Andorra,2023-09,26.0
Andorra,2023-10,13.0
Andorra,2023-11,9.0
Andorra,2023-12,10.0
Andorra,2024-01,21.0
Andorra,2024-02,14.0
Andorra,2024-03,25.0
Andorra,2024-04,31.0
Andorra,2024-05,18.0
Andorra,2024-06,38.0
Andorra,2024-07,46.0
Andorra,2024-08,36.0
Andorra,2024-09,31.0
Andorra,2024-10,51.0
Andorra,2024-11,44.0
Andorra,2024-12,26.0
Andorra,2025-01,14.0
Andorra,2025-02,19.0
Andorra,2025-03,21.0
Andorra,2025-04,101.0
Andorra,2025-05,55.0
Andorra,2025-06,42.0
Andorra,2025-07,71.0
Andorra,2025-08,52.0
Andorra,2025-09,38.0
Andorra,2025-10,48.0
Andorra,2025-11,71.0
Andorra,2025-12,19.0
Andorra,2026-01,31.0
Andorra,2026-02,31.0
Andorra,2026-03,73.0
Andorra,2026-04,30.0
Angola,2019-01,30.0
Angola,2019-02,8.0
Angola,2019-03,5.0
Angola,2019-04,20.0
Angola,2019-05,14.0
Angola,2019-06,17.0
Angola,2019-07,31.0
Angola,2019-08,160.0
Angola,2019-09,26.0
Angola,2019-10,39.0
Angola,2019-11,31.0
Angola,2019-12,7.0
Angola,2020-01,24.0
Angola,2020-02,6.0
Angola,2020-03,0.0
Angola,2020-04,0.0
Angola,2020-05,0.0
Angola,2020-06,0.0
Angola,2020-07,0.0
Angola,2020-08,1.0
Angola,2020-09,0.0
Angola,2020-10,0.0
Angola,2020-11,2.0
Angola,2020-12,2.0
Angola,2021-01,0.0
Angola,2021-02,4.0
Angola,2021-03,1.0
Angola,2021-04,3.0
Angola,2021-05,0.0
Angola,2021-06,0.0
Angola,2021-07,43.0
Angola,2021-08,7.0
Angola,2021-09,3.0
Angola,2021-10,5.0
Angola,2021-11,2.0
Angola,2021-12,3.0
Angola,2022-01,9.0
Angola,2022-02,1.0
Angola,2022-03,3.0
Angola,2022-04,1.0
Angola,2022-05,16.0
Angola,2022-06,3.0
Angola,2022-07,3.0
Angola,2022-08,11.0
Angola,2022-09,8.0
Angola,2022-10,8.0
Angola,2022-11,1.0
Angola,2022-12,6.0
Angola,2023-01,21.0
Angola,2023-02,21.0
Angola,2023-03,171.0
Angola,2023-04,6.0
Angola,2023-05,10.0
Angola,2023-06,29.0
Angola,2023-07,13.0
Angola,2023-08,44.0
Angola,2023-09,32.0
Angola,2023-10,16.0
Angola,2023-11,27.0
Angola,2023-12,6.0
Angola,2024-01,11.0
Angola,2024-02,13.0
Angola,2024-03,12.0
Angola,2024-04,13.0
Angola,2024-05,22.0
Angola,2024-06,22.0
Angola,2024-07,13.0
Angola,2024-08,21.0
Angola,2024-09,26.0
Angola,2024-10,36.0
Angola,2024-11,14.0
Angola,2024-12,13.0
Angola,2025-01,28.0
Angola,2025-02,17.0
Angola,2025-03,34.0
Angola,2025-04,32.0
Angola,2025-05,23.0
Angola,2025-06,7.0
Angola,2025-07,86.0
Angola,2025-08,197.0
Angola,2025-09,61.0
Angola,2025-10,65.0
Angola,2025-11,36.0
Angola,2025-12,12.0
Angola,2026-01,23.0
Angola,2026-02,14.0
Angola,2026-03,24.0
Angola,2026-04,18.0
Antigua and Barbuda,2019-01,7.0
Antigua and Barbuda,2019-02,5.0
Antigua and Barbuda,2019-03,6.0
Antigua and Barbuda,2019-04,4.0
Antigua and Barbuda,2019-05,3.0
Antigua and Barbuda,2019-06,4.0
Antigua and Barbuda,2019-07,6.0
Antigua and Barbuda,2019-08,7.0
Antigua and Barbuda,2019-09,6.0
Antigua and Barbuda,2019-10,9.0
Antigua and Barbuda,2019-11,7.0
Antigua and Barbuda,2019-12,6.0
Antigua and Barbuda,2020-01,8.0
Antigua and Barbuda,2020-02,2.0
Antigua and Barbuda,2020-03,1.0
Antigua and Barbuda,2020-04,0.0
Antigua and Barbuda,2020-05,0.0
Antigua and Barbuda,2020-06,0.0
Antigua and Barbuda,2020-07,0.0
Antigua and Barbuda,2020-08,0.0
Antigua and Barbuda,2020-09,0.0
Antigua and Barbuda,2020-10,0.0
Antigua and Barbuda,2020-11,0.0
Antigua and Barbuda,2020-12,0.0
Antigua and Barbuda,2021-01,0.0
Antigua and Barbuda,2021-02,0.0
Antigua and Barbuda,2021-03,0.0
Antigua and Barbuda,2021-04,1.0
Antigua and Barbuda,2021-05,0.0
Antigua and Barbuda,2021-06,0.0
Antigua and Barbuda,2021-07,16.0
Antigua and Barbuda,2021-08,0.0
Antigua and Barbuda,2021-09,0.0
Antigua and Barbuda,2021-10,0.0
Antigua and Barbuda,2021-11,0.0
Antigua and Barbuda,2021-12,0.0
Antigua and Barbuda,2022-01,1.0
Antigua and Barbuda,2022-02,0.0
Antigua and Barbuda,2022-03,0.0
Antigua and Barbuda,2022-04,1.0
Antigua and Barbuda,2022-05,2.0
Antigua and Barbuda,2022-06,2.0
Antigua and Barbuda,2022-07,3.0
Antigua and Barbuda,2022-08,3.0
Antigua and Barbuda,2022-09,1.0
Antigua and Barbuda,2022-10,5.0
Antigua and Barbuda,2022-11,1.0
Antigua and Barbuda,2022-12,3.0
Antigua and Barbuda,2023-01,8.0
Antigua and Barbuda,2023-02,3.0
Antigua and Barbuda,2023-03,5.0
Antigua and Barbuda,2023-04,10.0
Antigua and Barbuda,2023-05,14.0
Antigua and Barbuda,2023-06,8.0
Antigua and Barbuda,2023-07,11.0
Antigua and Barbuda,2023-08,10.0
Antigua and Barbuda,2023-09,4.0
Antigua and Barbuda,2023-10,6.0
Antigua and Barbuda,2023-11,4.0
Antigua and Barbuda,2023-12,11.0
Antigua and Barbuda,2024-01,4.0
Antigua and Barbuda,2024-02,6.0
Antigua and Barbuda,2024-03,13.0
Antigua and Barbuda,2024-04,12.0
Antigua and Barbuda,2024-05,5.0
Antigua and Barbuda,2024-06,16.0
Antigua and Barbuda,2024-07,6.0
Antigua and Barbuda,2024-08,15.0
Antigua and Barbuda,2024-09,2.0
Antigua and Barbuda,2024-10,5.0
Antigua and Barbuda,2024-11,7.0
Antigua and Barbuda,2024-12,6.0
Antigua and Barbuda,2025-01,6.0
Antigua and Barbuda,2025-02,12.0
Antigua and Barbuda,2025-03,15.0
Antigua and Barbuda,2025-04,16.0
Antigua and Barbuda,2025-05,17.0
Antigua and Barbuda,2025-06,6.0
Antigua and Barbuda,2025-07,17.0
Antigua and Barbuda,2025-08,23.0
Antigua and Barbuda,2025-09,30.0
Antigua and Barbuda,2025-10,13.0
Antigua and Barbuda,2025-11,7.0
Antigua and Barbuda,2025-12,13.0
Antigua and Barbuda,2026-01,8.0
Antigua and Barbuda,2026-02,18.0
Antigua and Barbuda,2026-03,13.0
Antigua and Barbuda,2026-04,9.0
Argentina,2019-01,2060.0
Argentina,2019-02,1388.0
Argentina,2019-03,2026.0
Argentina,2019-04,2622.0
Argentina,2019-05,1665.0
Argentina,2019-06,983.0
Argentina,2019-07,1269.0
Argentina,2019-08,996.0
Argentina,2019-09,4821.0
Argentina,2019-10,3339.0
Argentina,2019-11,1459.0
Argentina,2019-12,1177.0
Argentina,2020-01,1880.0
Argentina,2020-02,1624.0
Argentina,2020-03,641.0
Argentina,2020-04,2.0
Argentina,2020-05,0.0
Argentina,2020-06,1.0
Argentina,2020-07,4.0
Argentina,2020-08,5.0
Argentina,2020-09,11.0
Argentina,2020-10,15.0
Argentina,2020-11,20.0
Argentina,2020-12,17.0
Argentina,2021-01,16.0
Argentina,2021-02,10.0
Argentina,2021-03,43.0
Argentina,2021-04,4.0
Argentina,2021-05,25.0
Argentina,2021-06,15.0
Argentina,2021-07,486.0
Argentina,2021-08,147.0
Argentina,2021-09,11.0
Argentina,2021-10,17.0
Argentina,2021-11,17.0
Argentina,2021-12,7.0
Argentina,2022-01,36.0
Argentina,2022-02,18.0
Argentina,2022-03,48.0
Argentina,2022-04,72.0
Argentina,2022-05,94.0
Argentina,2022-06,102.0
Argentina,2022-07,134.0
Argentina,2022-08,161.0
Argentina,2022-09,177.0
Argentina,2022-10,446.0
Argentina,2022-11,405.0
Argentina,2022-12,505.0
Argentina,2023-01,655.0
Argentina,2023-02,780.0
Argentina,2023-03,1430.0
Argentina,2023-04,1549.0
Argentina,2023-05,1226.0
Argentina,2023-06,623.0
Argentina,2023-07,1051.0
Argentina,2023-08,745.0
Argentina,2023-09,1357.0
Argentina,2023-10,1704.0
Argentina,2023-11,1058.0
Argentina,2023-12,999.0
Argentina,2024-01,1345.0
Argentina,2024-02,1476.0
Argentina,2024-03,2341.0
Argentina,2024-04,2059.0
Argentina,2024-05,1719.0
Argentina,2024-06,1033.0
Argentina,2024-07,1251.0
Argentina,2024-08,1020.0
Argentina,2024-09,1792.0
Argentina,2024-10,2763.0
Argentina,2024-11,1551.0
Argentina,2024-12,1459.0
Argentina,2025-01,2611.0
Argentina,2025-02,2626.0
Argentina,2025-03,3637.0
Argentina,2025-04,4335.0
Argentina,2025-05,3281.0
Argentina,2025-06,1489.0
Argentina,2025-07,2247.0
Argentina,2025-08,1390.0
Argentina,2025-09,3004.0
Argentina,2025-10,4261.0
Argentina,2025-11,2907.0
Argentina,2025-12,2050.0
Argentina,2026-01,3956.0
Argentina,2026-02,3737.0
Argentina,2026-03,4356.0
Argentina,2026-04,4310.0
Armenia,2019-01,23.0
Armenia,2019-02,26.0
Armenia,2019-03,49.0
Armenia,2019-04,73.0
Armenia,2019-05,48.0
Armenia,2019-06,36.0
Armenia,2019-07,32.0
Armenia,2019-08,32.0
Armenia,2019-09,32.0
Armenia,2019-10,66.0
Armenia,2019-11,68.0
Armenia,2019-12,19.0
Armenia,2020-01,41.0
Armenia,2020-02,21.0
Armenia,2020-03,14.0
Armenia,2020-04,0.0
Armenia,2020-05,0.0
Armenia,2020-06,1.0
Armenia,2020-07,0.0
Armenia,2020-08,0.0
Armenia,2020-09,0.0
Armenia,2020-10,1.0
Armenia,2020-11,1.0
Armenia,2020-12,0.0
Armenia,2021-01,2.0
Armenia,2021-02,1.0
Armenia,2021-03,4.0
Armenia,2021-04,7.0
Armenia,2021-05,2.0
Armenia,2021-06,0.0
Armenia,2021-07,56.0
Armenia,2021-08,17.0
Armenia,2021-09,1.0
Armenia,2021-10,6.0
Armenia,2021-11,4.0
Armenia,2021-12,4.0
Armenia,2022-01,0.0
Armenia,2022-02,1.0
Armenia,2022-03,5.0
Armenia,2022-04,5.0
Armenia,2022-05,9.0
Armenia,2022-06,7.0
Armenia,2022-07,9.0
Armenia,2022-08,11.0
Armenia,2022-09,22.0
Armenia,2022-10,17.0
Armenia,2022-11,28.0
Armenia,2022-12,11.0
Armenia,2023-01,32.0
Armenia,2023-02,15.0
Armenia,2023-03,38.0
Armenia,2023-04,27.0
Armenia,2023-05,52.0
Armenia,2023-06,42.0
Armenia,2023-07,55.0
Armenia,2023-08,42.0
Armenia,2023-09,86.0
Armenia,2023-10,88.0
Armenia,2023-11,71.0
Armenia,2023-12,32.0
Armenia,2024-01,20.0
Armenia,2024-02,31.0
Armenia,2024-03,212.0
Armenia,2024-04,170.0
Armenia,2024-05,135.0
Armenia,2024-06,55.0
Armenia,2024-07,57.0
Armenia,2024-08,34.0
Armenia,2024-09,88.0
Armenia,2024-10,98.0
Armenia,2024-11,83.0
Armenia,2024-12,35.0
Armenia,2025-01,31.0
Armenia,2025-02,26.0
Armenia,2025-03,116.0
Armenia,2025-04,240.0
Armenia,2025-05,108.0
Armenia,2025-06,52.0
Armenia,2025-07,34.0
Armenia,2025-08,69.0
Armenia,2025-09,256.0
Armenia,2025-10,127.0
Armenia,2025-11,200.0
Armenia,2025-12,44.0
Armenia,2026-01,40.0
Armenia,2026-02,48.0
Armenia,2026-03,110.0
Armenia,2026-04,172.0
Australia,2019-01,81063.0
Australia,2019-02,47658.0
Australia,2019-03,44175.0
Australia,2019-04,70504.0
Australia,2019-05,46223.0
Australia,2019-06,37283.0
Australia,2019-07,34873.0
Australia,2019-08,26951.0
Australia,2019-09,60498.0
Australia,2019-10,51563.0
Australia,2019-11,48327.0
Australia,2019-12,72653.0
Australia,2020-01,85314.0
Australia,2020-02,48522.0
Australia,2020-03,8767.0
Australia,2020-04,50.0
Australia,2020-05,2.0
Australia,2020-06,11.0
Australia,2020-07,45.0
Australia,2020-08,90.0
Australia,2020-09,88.0
Australia,2020-10,200.0
Australia,2020-11,255.0
Australia,2020-12,164.0
Australia,2021-01,106.0
Australia,2021-02,33.0
Australia,2021-03,47.0
Australia,2021-04,95.0
Australia,2021-05,85.0
Australia,2021-06,116.0
Australia,2021-07,1570.0
Australia,2021-08,524.0
Australia,2021-09,121.0
Australia,2021-10,284.0
Australia,2021-11,160.0
Australia,2021-12,124.0
Australia,2022-01,220.0
Australia,2022-02,134.0
Australia,2022-03,612.0
Australia,2022-04,1119.0
Australia,2022-05,1503.0
Australia,2022-06,1639.0
Australia,2022-07,2330.0
Australia,2022-08,2697.0
Australia,2022-09,4689.0
Australia,2022-10,11677.0
Australia,2022-11,20193.0
Australia,2022-12,41835.0
Australia,2023-01,52553.0
Australia,2023-02,37680.0
Australia,2023-03,45189.0
Australia,2023-04,56123.0
Australia,2023-05,40816.0
Australia,2023-06,42424.0
Australia,2023-07,35650.0
Australia,2023-08,27565.0
Australia,2023-09,64005.0
Australia,2023-10,62015.0
Australia,2023-11,59571.0
Australia,2023-12,89471.0
Australia,2024-01,103604.0
Australia,2024-02,66501.0
Australia,2024-03,82781.0
Australia,2024-04,80812.0
Australia,2024-05,66476.0
Australia,2024-06,61817.0
Australia,2024-07,48616.0
Australia,2024-08,40999.0
Australia,2024-09,85667.0
Australia,2024-10,90157.0
Australia,2024-11,80266.0
Australia,2024-12,112500.0
Australia,2025-01,140185.0
Australia,2025-02,88767.0
Australia,2025-03,84761.0
Australia,2025-04,115235.0
Australia,2025-05,78874.0
Australia,2025-06,59422.0
Australia,2025-07,50174.0
Australia,2025-08,41250.0
Australia,2025-09,96610.0
Australia,2025-10,96158.0
Australia,2025-11,85631.0
Australia,2025-12,121329.0
Australia,2026-01,160750.0
Australia,2026-02,86971.0
Australia,2026-03,96887.0
Australia,2026-04,102479.0
Austria,2019-01,1382.0
Austria,2019-02,1479.0
Austria,2019-03,2498.0
Austria,2019-04,3451.0
Austria,2019-05,2179.0
Austria,2019-06,1732.0
Austria,2019-07,3005.0
Austria,2019-08,2453.0
Austria,2019-09,2640.0
Austria,2019-10,2827.0
Austria,2019-11,2288.0
Austria,2019-12,1596.0
Austria,2020-01,1473.0
Austria,2020-02,1492.0
Austria,2020-03,449.0
Austria,2020-04,0.0
Austria,2020-05,2.0
Austria,2020-06,2.0
Austria,2020-07,8.0
Austria,2020-08,3.0
Austria,2020-09,18.0
Austria,2020-10,32.0
Austria,2020-11,103.0
Austria,2020-12,23.0
Austria,2021-01,54.0
Austria,2021-02,24.0
Austria,2021-03,33.0
Austria,2021-04,22.0
Austria,2021-05,26.0
Austria,2021-06,32.0
Austria,2021-07,353.0
Austria,2021-08,126.0
Austria,2021-09,46.0
Austria,2021-10,73.0
Austria,2021-11,90.0
Austria,2021-12,9.0
Austria,2022-01,39.0
Austria,2022-02,9.0
Austria,2022-03,81.0
Austria,2022-04,158.0
Austria,2022-05,234.0
Austria,2022-06,219.0
Austria,2022-07,379.0
Austria,2022-08,324.0
Austria,2022-09,570.0
Austria,2022-10,1091.0
Austria,2022-11,1030.0
Austria,2022-12,891.0
Austria,2023-01,1017.0
Austria,2023-02,1085.0
Austria,2023-03,2513.0
Austria,2023-04,2446.0
Austria,2023-05,2557.0
Austria,2023-06,1456.0
Austria,2023-07,3114.0
Austria,2023-08,2589.0
Austria,2023-09,3004.0
Austria,2023-10,3321.0
Austria,2023-11,2004.0
Austria,2023-12,1254.0
Austria,2024-01,1321.0
Austria,2024-02,1773.0
Austria,2024-03,4278.0
Austria,2024-04,3717.0
Austria,2024-05,3736.0
Austria,2024-06,1899.0
Austria,2024-07,3993.0
Austria,2024-08,3126.0
Austria,2024-09,4079.0
Austria,2024-10,4257.0
Austria,2024-11,2774.0
Austria,2024-12,1867.0
Austria,2025-01,1632.0
Austria,2025-02,2481.0
Austria,2025-03,4508.0
Austria,2025-04,5811.0
Austria,2025-05,5291.0
Austria,2025-06,2952.0
Austria,2025-07,5650.0
Austria,2025-08,4464.0
Austria,2025-09,5942.0
Austria,2025-10,5872.0
Austria,2025-11,3560.0
Austria,2025-12,2253.0
Austria,2026-01,2150.0
Austria,2026-02,2685.0
Austria,2026-03,5250.0
Austria,2026-04,4815.0
Azerbaijan,2019-01,34.0
Azerbaijan,2019-02,40.0
Azerbaijan,2019-03,141.0
Azerbaijan,2019-04,77.0
Azerbaijan,2019-05,74.0
Azerbaijan,2019-06,64.0
Azerbaijan,2019-07,74.0
Azerbaijan,2019-08,155.0
Azerbaijan,2019-09,96.0
Azerbaijan,2019-10,62.0
Azerbaijan,2019-11,144.0
Azerbaijan,2019-12,67.0
Azerbaijan,2020-01,42.0
Azerbaijan,2020-02,30.0
Azerbaijan,2020-03,22.0
Azerbaijan,2020-04,1.0
Azerbaijan,2020-05,0.0
Azerbaijan,2020-06,2.0
Azerbaijan,2020-07,0.0
Azerbaijan,2020-08,0.0
Azerbaijan,2020-09,4.0
Azerbaijan,2020-10,6.0
Azerbaijan,2020-11,5.0
Azerbaijan,2020-12,4.0
Azerbaijan,2021-01,1.0
Azerbaijan,2021-02,1.0
Azerbaijan,2021-03,8.0
Azerbaijan,2021-04,5.0
Azerbaijan,2021-05,7.0
Azerbaijan,2021-06,8.0
Azerbaijan,2021-07,129.0
Azerbaijan,2021-08,74.0
Azerbaijan,2021-09,3.0
Azerbaijan,2021-10,38.0
Azerbaijan,2021-11,8.0
Azerbaijan,2021-12,1.0
Azerbaijan,2022-01,3.0
Azerbaijan,2022-02,2.0
Azerbaijan,2022-03,14.0
Azerbaijan,2022-04,9.0
Azerbaijan,2022-05,9.0
Azerbaijan,2022-06,22.0
Azerbaijan,2022-07,22.0
Azerbaijan,2022-08,30.0
Azerbaijan,2022-09,26.0
Azerbaijan,2022-10,41.0
Azerbaijan,2022-11,52.0
Azerbaijan,2022-12,65.0
Azerbaijan,2023-01,41.0
Azerbaijan,2023-02,69.0
Azerbaijan,2023-03,157.0
Azerbaijan,2023-04,166.0
Azerbaijan,2023-05,90.0
Azerbaijan,2023-06,67.0
Azerbaijan,2023-07,128.0
Azerbaijan,2023-08,77.0
Azerbaijan,2023-09,146.0
Azerbaijan,2023-10,117.0
Azerbaijan,2023-11,150.0
Azerbaijan,2023-12,62.0
Azerbaijan,2024-01,37.0
Azerbaijan,2024-02,57.0
Azerbaijan,2024-03,336.0
Azerbaijan,2024-04,112.0
Azerbaijan,2024-05,157.0
Azerbaijan,2024-06,112.0
Azerbaijan,2024-07,94.0
Azerbaijan,2024-08,111.0
Azerbaijan,2024-09,200.0
Azerbaijan,2024-10,95.0
Azerbaijan,2024-11,225.0
Azerbaijan,2024-12,75.0
Azerbaijan,2025-01,82.0
Azerbaijan,2025-02,49.0
Azerbaijan,2025-03,642.0
Azerbaijan,2025-04,242.0
Azerbaijan,2025-05,188.0
Azerbaijan,2025-06,168.0
Azerbaijan,2025-07,157.0
Azerbaijan,2025-08,163.0
Azerbaijan,2025-09,204.0
Azerbaijan,2025-10,200.0
Azerbaijan,2025-11,284.0
Azerbaijan,2025-12,108.0
Azerbaijan,2026-01,84.0
Azerbaijan,2026-02,82.0
Azerbaijan,2026-03,587.0
Azerbaijan,2026-04,318.0
Bahrain,2019-01,46.0
Bahrain,2019-02,46.0
Bahrain,2019-03,87.0
Bahrain,2019-04,97.0
Bahrain,2019-05,18.0
Bahrain,2019-06,66.0
Bahrain,2019-07,85.0
Bahrain,2019-08,88.0
Bahrain,2019-09,55.0
Bahrain,2019-10,99.0
Bahrain,2019-11,63.0
Bahrain,2019-12,67.0
Bahrain,2020-01,54.0
Bahrain,2020-02,35.0
Bahrain,2020-03,8.0
Bahrain,2020-04,0.0
Bahrain,2020-05,0.0
Bahrain,2020-06,0.0
Bahrain,2020-07,1.0
Bahrain,2020-08,0.0
Bahrain,2020-09,3.0
Bahrain,2020-10,0.0
Bahrain,2020-11,1.0
Bahrain,2020-12,1.0
Bahrain,2021-01,11.0
Bahrain,2021-02,0.0
Bahrain,2021-03,0.0
Bahrain,2021-04,1.0
Bahrain,2021-05,1.0
Bahrain,2021-06,0.0
Bahrain,2021-07,64.0
Bahrain,2021-08,14.0
Bahrain,2021-09,23.0
Bahrain,2021-10,1.0
Bahrain,2021-11,1.0
Bahrain,2021-12,1.0
Bahrain,2022-01,7.0
Bahrain,2022-02,0.0
Bahrain,2022-03,2.0
Bahrain,2022-04,3.0
Bahrain,2022-05,1.0
Bahrain,2022-06,5.0
Bahrain,2022-07,2.0
Bahrain,2022-08,19.0
Bahrain,2022-09,39.0
Bahrain,2022-10,19.0
Bahrain,2022-11,41.0
Bahrain,2022-12,49.0
Bahrain,2023-01,30.0
Bahrain,2023-02,70.0
Bahrain,2023-03,65.0
Bahrain,2023-04,87.0
Bahrain,2023-05,127.0
Bahrain,2023-06,70.0
Bahrain,2023-07,75.0
Bahrain,2023-08,88.0
Bahrain,2023-09,91.0
Bahrain,2023-10,106.0
Bahrain,2023-11,88.0
Bahrain,2023-12,111.0
Bahrain,2024-01,69.0
Bahrain,2024-02,70.0
Bahrain,2024-03,37.0
Bahrain,2024-04,182.0
Bahrain,2024-05,87.0
Bahrain,2024-06,116.0
Bahrain,2024-07,119.0
Bahrain,2024-08,111.0
Bahrain,2024-09,103.0
Bahrain,2024-10,142.0
Bahrain,2024-11,152.0
Bahrain,2024-12,169.0
Bahrain,2025-01,110.0
Bahrain,2025-02,89.0
Bahrain,2025-03,101.0
Bahrain,2025-04,268.0
Bahrain,2025-05,151.0
Bahrain,2025-06,136.0
Bahrain,2025-07,237.0
Bahrain,2025-08,129.0
Bahrain,2025-09,298.0
Bahrain,2025-10,178.0
Bahrain,2025-11,223.0
Bahrain,2025-12,265.0
Bahrain,2026-01,126.0
Bahrain,2026-02,39.0
Bahrain,2026-03,18.0
Bahrain,2026-04,34.0
Bangladesh,2019-01,1110.0
Bangladesh,2019-02,958.0
Bangladesh,2019-03,1280.0
Bangladesh,2019-04,1366.0
Bangladesh,2019-05,1119.0
Bangladesh,2019-06,1052.0
Bangladesh,2019-07,1089.0
Bangladesh,2019-08,1633.0
Bangladesh,2019-09,1848.0
Bangladesh,2019-10,1524.0
Bangladesh,2019-11,1179.0
Bangladesh,2019-12,1016.0
Bangladesh,2020-01,1479.0
Bangladesh,2020-02,967.0
Bangladesh,2020-03,531.0
Bangladesh,2020-04,105.0
Bangladesh,2020-05,4.0
Bangladesh,2020-06,1.0
Bangladesh,2020-07,15.0
Bangladesh,2020-08,112.0
Bangladesh,2020-09,106.0
Bangladesh,2020-10,132.0
Bangladesh,2020-11,493.0
Bangladesh,2020-12,499.0
Bangladesh,2021-01,220.0
Bangladesh,2021-02,77.0
Bangladesh,2021-03,143.0
Bangladesh,2021-04,89.0
Bangladesh,2021-05,77.0
Bangladesh,2021-06,3.0
Bangladesh,2021-07,31.0
Bangladesh,2021-08,3.0
Bangladesh,2021-09,134.0
Bangladesh,2021-10,322.0
Bangladesh,2021-11,459.0
Bangladesh,2021-12,231.0
Bangladesh,2022-01,351.0
Bangladesh,2022-02,363.0
Bangladesh,2022-03,554.0
Bangladesh,2022-04,1418.0
Bangladesh,2022-05,1865.0
Bangladesh,2022-06,1177.0
Bangladesh,2022-07,774.0
Bangladesh,2022-08,1160.0
Bangladesh,2022-09,1077.0
Bangladesh,2022-10,1086.0
Bangladesh,2022-11,1261.0
Bangladesh,2022-12,895.0
Bangladesh,2023-01,1521.0
Bangladesh,2023-02,1153.0
Bangladesh,2023-03,1288.0
Bangladesh,2023-04,1647.0
Bangladesh,2023-05,1997.0
Bangladesh,2023-06,1085.0
Bangladesh,2023-07,1848.0
Bangladesh,2023-08,1674.0
Bangladesh,2023-09,2222.0
Bangladesh,2023-10,2095.0
Bangladesh,2023-11,1688.0
Bangladesh,2023-12,1341.0
Bangladesh,2024-01,1880.0
Bangladesh,2024-02,1465.0
Bangladesh,2024-03,1734.0
Bangladesh,2024-04,2566.0
Bangladesh,2024-05,3083.0
Bangladesh,2024-06,1441.0
Bangladesh,2024-07,1974.0
Bangladesh,2024-08,2047.0
Bangladesh,2024-09,2111.0
Bangladesh,2024-10,2353.0
Bangladesh,2024-11,1851.0
Bangladesh,2024-12,1391.0
Bangladesh,2025-01,2577.0
Bangladesh,2025-02,1660.0
Bangladesh,2025-03,1759.0
Bangladesh,2025-04,3888.0
Bangladesh,2025-05,3366.0
Bangladesh,2025-06,2286.0
Bangladesh,2025-07,2187.0
Bangladesh,2025-08,2650.0
Bangladesh,2025-09,2929.0
Bangladesh,2025-10,3648.0
Bangladesh,2025-11,2122.0
Bangladesh,2025-12,1947.0
Bangladesh,2026-01,3327.0
Bangladesh,2026-02,1792.0
Bangladesh,2026-03,2996.0
Bangladesh,2026-04,8346.0
Barbados,2019-01,24.0
Barbados,2019-02,32.0
Barbados,2019-03,17.0
Barbados,2019-04,13.0
Barbados,2019-05,10.0
Barbados,2019-06,11.0
Barbados,2019-07,19.0
Barbados,2019-08,24.0
Barbados,2019-09,33.0
Barbados,2019-10,33.0
Barbados,2019-11,17.0
Barbados,2019-12,7.0
Barbados,2020-01,8.0
Barbados,2020-02,6.0
Barbados,2020-03,1.0
Barbados,2020-04,0.0
Barbados,2020-05,0.0
Barbados,2020-06,0.0
Barbados,2020-07,1.0
Barbados,2020-08,0.0
Barbados,2020-09,0.0
Barbados,2020-10,1.0
Barbados,2020-11,0.0
Barbados,2020-12,0.0
Barbados,2021-01,0.0
Barbados,2021-02,1.0
Barbados,2021-03,0.0
Barbados,2021-04,0.0
Barbados,2021-05,1.0
Barbados,2021-06,0.0
Barbados,2021-07,20.0
Barbados,2021-08,4.0
Barbados,2021-09,0.0
Barbados,2021-10,2.0
Barbados,2021-11,5.0
Barbados,2021-12,0.0
Barbados,2022-01,1.0
Barbados,2022-02,2.0
Barbados,2022-03,1.0
Barbados,2022-04,2.0
Barbados,2022-05,2.0
Barbados,2022-06,0.0
Barbados,2022-07,4.0
Barbados,2022-08,4.0
Barbados,2022-09,3.0
Barbados,2022-10,6.0
Barbados,2022-11,8.0
Barbados,2022-12,2.0
Barbados,2023-01,5.0
Barbados,2023-02,8.0
Barbados,2023-03,14.0
Barbados,2023-04,22.0
Barbados,2023-05,18.0
Barbados,2023-06,8.0
Barbados,2023-07,14.0
Barbados,2023-08,29.0
Barbados,2023-09,16.0
Barbados,2023-10,14.0
Barbados,2023-11,26.0
Barbados,2023-12,9.0
Barbados,2024-01,9.0
Barbados,2024-02,9.0
Barbados,2024-03,9.0
Barbados,2024-04,10.0
Barbados,2024-05,14.0
Barbados,2024-06,21.0
Barbados,2024-07,6.0
Barbados,2024-08,23.0
Barbados,2024-09,22.0
Barbados,2024-10,26.0
Barbados,2024-11,21.0
Barbados,2024-12,15.0
Barbados,2025-01,23.0
Barbados,2025-02,7.0
Barbados,2025-03,25.0
Barbados,2025-04,41.0
Barbados,2025-05,48.0
Barbados,2025-06,19.0
Barbados,2025-07,12.0
Barbados,2025-08,53.0
Barbados,2025-09,76.0
Barbados,2025-10,68.0
Barbados,2025-11,31.0
Barbados,2025-12,18.0
Barbados,2026-01,26.0
Barbados,2026-02,17.0
Barbados,2026-03,30.0
Barbados,2026-04,47.0
Belarus,2019-01,104.0
Belarus,2019-02,106.0
Belarus,2019-03,323.0
Belarus,2019-04,279.0
Belarus,2019-05,200.0
Belarus,2019-06,170.0
Belarus,2019-07,187.0
Belarus,2019-08,159.0
Belarus,2019-09,241.0
Belarus,2019-10,292.0
Belarus,2019-11,287.0
Belarus,2019-12,158.0
Belarus,2020-01,129.0
Belarus,2020-02,89.0
Belarus,2020-03,88.0
Belarus,2020-04,1.0
Belarus,2020-05,0.0
Belarus,2020-06,1.0
Belarus,2020-07,0.0
Belarus,2020-08,5.0
Belarus,2020-09,2.0
Belarus,2020-10,10.0
Belarus,2020-11,13.0
Belarus,2020-12,5.0
Belarus,2021-01,9.0
Belarus,2021-02,1.0
Belarus,2021-03,2.0
Belarus,2021-04,9.0
Belarus,2021-05,3.0
Belarus,2021-06,7.0
Belarus,2021-07,249.0
Belarus,2021-08,75.0
Belarus,2021-09,3.0
Belarus,2021-10,36.0
Belarus,2021-11,10.0
Belarus,2021-12,1.0
Belarus,2022-01,9.0
Belarus,2022-02,8.0
Belarus,2022-03,25.0
Belarus,2022-04,17.0
Belarus,2022-05,19.0
Belarus,2022-06,19.0
Belarus,2022-07,28.0
Belarus,2022-08,20.0
Belarus,2022-09,40.0
Belarus,2022-10,54.0
Belarus,2022-11,77.0
Belarus,2022-12,43.0
Belarus,2023-01,58.0
Belarus,2023-02,55.0
Belarus,2023-03,144.0
Belarus,2023-04,147.0
Belarus,2023-05,122.0
Belarus,2023-06,49.0
Belarus,2023-07,84.0
Belarus,2023-08,110.0
Belarus,2023-09,146.0
Belarus,2023-10,240.0
Belarus,2023-11,277.0
Belarus,2023-12,93.0
Belarus,2024-01,82.0
Belarus,2024-02,96.0
Belarus,2024-03,353.0
Belarus,2024-04,320.0
Belarus,2024-05,284.0
Belarus,2024-06,125.0
Belarus,2024-07,113.0
Belarus,2024-08,157.0
Belarus,2024-09,317.0
Belarus,2024-10,501.0
Belarus,2024-11,542.0
Belarus,2024-12,157.0
Belarus,2025-01,163.0
Belarus,2025-02,147.0
Belarus,2025-03,617.0
Belarus,2025-04,626.0
Belarus,2025-05,612.0
Belarus,2025-06,313.0
Belarus,2025-07,244.0
Belarus,2025-08,276.0
Belarus,2025-09,572.0
Belarus,2025-10,789.0
Belarus,2025-11,920.0
Belarus,2025-12,257.0
Belarus,2026-01,201.0
Belarus,2026-02,202.0
Belarus,2026-03,646.0
Belarus,2026-04,758.0
Belgium,2019-01,1572.0
Belgium,2019-02,1849.0
Belgium,2019-03,3547.0
Belgium,2019-04,5258.0
Belgium,2019-05,3351.0
Belgium,2019-06,2553.0
Belgium,2019-07,5166.0
Belgium,2019-08,2850.0
Belgium,2019-09,3488.0
Belgium,2019-10,4424.0
Belgium,2019-11,3138.0
Belgium,2019-12,2049.0
Belgium,2020-01,1601.0
Belgium,2020-02,1603.0
Belgium,2020-03,688.0
Belgium,2020-04,1.0
Belgium,2020-05,0.0
Belgium,2020-06,5.0
Belgium,2020-07,4.0
Belgium,2020-08,38.0
Belgium,2020-09,9.0
Belgium,2020-10,41.0
Belgium,2020-11,38.0
Belgium,2020-12,46.0
Belgium,2021-01,49.0
Belgium,2021-02,13.0
Belgium,2021-03,16.0
Belgium,2021-04,13.0
Belgium,2021-05,23.0
Belgium,2021-06,21.0
Belgium,2021-07,610.0
Belgium,2021-08,222.0
Belgium,2021-09,42.0
Belgium,2021-10,56.0
Belgium,2021-11,35.0
Belgium,2021-12,22.0
Belgium,2022-01,47.0
Belgium,2022-02,13.0
Belgium,2022-03,129.0
Belgium,2022-04,175.0
Belgium,2022-05,235.0
Belgium,2022-06,301.0
Belgium,2022-07,406.0
Belgium,2022-08,349.0
Belgium,2022-09,708.0
Belgium,2022-10,1375.0
Belgium,2022-11,1333.0
Belgium,2022-12,1540.0
Belgium,2023-01,1073.0
Belgium,2023-02,1338.0
Belgium,2023-03,2824.0
Belgium,2023-04,3903.0
Belgium,2023-05,3267.0
Belgium,2023-06,1890.0
Belgium,2023-07,4856.0
Belgium,2023-08,2407.0
Belgium,2023-09,3669.0
Belgium,2023-10,4581.0
Belgium,2023-11,2940.0
Belgium,2023-12,1604.0
Belgium,2024-01,1494.0
Belgium,2024-02,2355.0
Belgium,2024-03,4415.0
Belgium,2024-04,5189.0
Belgium,2024-05,4195.0
Belgium,2024-06,2484.0
Belgium,2024-07,5765.0
Belgium,2024-08,3244.0
Belgium,2024-09,5108.0
Belgium,2024-10,6763.0
Belgium,2024-11,3929.0
Belgium,2024-12,2122.0
Belgium,2025-01,2012.0
Belgium,2025-02,2738.0
Belgium,2025-03,4702.0
Belgium,2025-04,8484.0
Belgium,2025-05,6848.0
Belgium,2025-06,3758.0
Belgium,2025-07,7836.0
Belgium,2025-08,4518.0
Belgium,2025-09,8032.0
Belgium,2025-10,7880.0
Belgium,2025-11,4884.0
Belgium,2025-12,2497.0
Belgium,2026-01,2446.0
Belgium,2026-02,3168.0
Belgium,2026-03,5237.0
Belgium,2026-04,9062.0
Belize,2019-01,7.0
Belize,2019-02,8.0
Belize,2019-03,4.0
Belize,2019-04,7.0
Belize,2019-05,4.0
Belize,2019-06,16.0
Belize,2019-07,13.0
Belize,2019-08,15.0
Belize,2019-09,4.0
Belize,2019-10,6.0
Belize,2019-11,20.0
Belize,2019-12,4.0
Belize,2020-01,13.0
Belize,2020-02,8.0
Belize,2020-03,0.0
Belize,2020-04,0.0
Belize,2020-05,0.0
Belize,2020-06,0.0
Belize,2020-07,0.0
Belize,2020-08,0.0
Belize,2020-09,0.0
Belize,2020-10,0.0
Belize,2020-11,1.0
Belize,2020-12,1.0
Belize,2021-01,0.0
Belize,2021-02,0.0
Belize,2021-03,0.0
Belize,2021-04,0.0
Belize,2021-05,0.0
Belize,2021-06,0.0
Belize,2021-07,6.0
Belize,2021-08,0.0
Belize,2021-09,0.0
Belize,2021-10,0.0
Belize,2021-11,1.0
Belize,2021-12,0.0
Belize,2022-01,0.0
Belize,2022-02,1.0
Belize,2022-03,0.0
Belize,2022-04,0.0
Belize,2022-05,0.0
Belize,2022-06,0.0
Belize,2022-07,1.0
Belize,2022-08,1.0
Belize,2022-09,7.0
Belize,2022-10,2.0
Belize,2022-11,0.0
Belize,2022-12,2.0
Belize,2023-01,11.0
Belize,2023-02,0.0
Belize,2023-03,7.0
Belize,2023-04,9.0
Belize,2023-05,11.0
Belize,2023-06,15.0
Belize,2023-07,21.0
Belize,2023-08,24.0
Belize,2023-09,12.0
Belize,2023-10,10.0
Belize,2023-11,10.0
Belize,2023-12,3.0
Belize,2024-01,9.0
Belize,2024-02,13.0
Belize,2024-03,12.0
Belize,2024-04,26.0
Belize,2024-05,5.0
Belize,2024-06,16.0
Belize,2024-07,13.0
Belize,2024-08,12.0
Belize,2024-09,15.0
Belize,2024-10,16.0
Belize,2024-11,10.0
Belize,2024-12,7.0
Belize,2025-01,22.0
Belize,2025-02,13.0
Belize,2025-03,7.0
Belize,2025-04,19.0
Belize,2025-05,11.0
Belize,2025-06,14.0
Belize,2025-07,44.0
Belize,2025-08,31.0
Belize,2025-09,21.0
Belize,2025-10,23.0
Belize,2025-11,23.0
Belize,2025-12,13.0
Belize,2026-01,16.0
Belize,2026-02,14.0
Belize,2026-03,13.0
Belize,2026-04,23.0
Benin,2019-01,11.0
Benin,2019-02,13.0
Benin,2019-03,18.0
Benin,2019-04,7.0
Benin,2019-05,18.0
Benin,2019-06,12.0
Benin,2019-07,29.0
Benin,2019-08,62.0
Benin,2019-09,25.0
Benin,2019-10,28.0
Benin,2019-11,30.0
Benin,2019-12,15.0
Benin,2020-01,9.0
Benin,2020-02,8.0
Benin,2020-03,6.0
Benin,2020-04,0.0
Benin,2020-05,0.0
Benin,2020-06,0.0
Benin,2020-07,1.0
Benin,2020-08,0.0
Benin,2020-09,2.0
Benin,2020-10,5.0
Benin,2020-11,8.0
Benin,2020-12,2.0
Benin,2021-01,2.0
Benin,2021-02,1.0
Benin,2021-03,2.0
Benin,2021-04,5.0
Benin,2021-05,5.0
Benin,2021-06,4.0
Benin,2021-07,18.0
Benin,2021-08,7.0
Benin,2021-09,3.0
Benin,2021-10,3.0
Benin,2021-11,11.0
Benin,2021-12,3.0
Benin,2022-01,6.0
Benin,2022-02,0.0
Benin,2022-03,4.0
Benin,2022-04,11.0
Benin,2022-05,9.0
Benin,2022-06,2.0
Benin,2022-07,9.0
Benin,2022-08,9.0
Benin,2022-09,18.0
Benin,2022-10,14.0
Benin,2022-11,5.0
Benin,2022-12,11.0
Benin,2023-01,7.0
Benin,2023-02,7.0
Benin,2023-03,9.0
Benin,2023-04,11.0
Benin,2023-05,12.0
Benin,2023-06,18.0
Benin,2023-07,33.0
Benin,2023-08,16.0
Benin,2023-09,20.0
Benin,2023-10,25.0
Benin,2023-11,21.0
Benin,2023-12,14.0
Benin,2024-01,23.0
Benin,2024-02,18.0
Benin,2024-03,9.0
Benin,2024-04,14.0
Benin,2024-05,18.0
Benin,2024-06,21.0
Benin,2024-07,27.0
Benin,2024-08,28.0
Benin,2024-09,28.0
Benin,2024-10,21.0
Benin,2024-11,34.0
Benin,2024-12,11.0
Benin,2025-01,20.0
Benin,2025-02,21.0
Benin,2025-03,19.0
Benin,2025-04,17.0
Benin,2025-05,22.0
Benin,2025-06,23.0
Benin,2025-07,32.0
Benin,2025-08,93.0
Benin,2025-09,30.0
Benin,2025-10,28.0
Benin,2025-11,29.0
Benin,2025-12,17.0
Benin,2026-01,31.0
Benin,2026-02,12.0
Benin,2026-03,26.0
Benin,2026-04,14.0
Bhutan,2019-01,65.0
Bhutan,2019-02,67.0
Bhutan,2019-03,52.0
Bhutan,2019-04,50.0
Bhutan,2019-05,42.0
Bhutan,2019-06,47.0
Bhutan,2019-07,50.0
Bhutan,2019-08,54.0
Bhutan,2019-09,79.0
Bhutan,2019-10,94.0
Bhutan,2019-11,72.0
Bhutan,2019-12,64.0
Bhutan,2020-01,107.0
Bhutan,2020-02,35.0
Bhutan,2020-03,12.0
Bhutan,2020-04,0.0
Bhutan,2020-05,0.0
Bhutan,2020-06,0.0
Bhutan,2020-07,0.0
Bhutan,2020-08,1.0
Bhutan,2020-09,0.0
Bhutan,2020-10,0.0
Bhutan,2020-11,32.0
Bhutan,2020-12,4.0
Bhutan,2021-01,1.0
Bhutan,2021-02,2.0
Bhutan,2021-03,1.0
Bhutan,2021-04,0.0
Bhutan,2021-05,0.0
Bhutan,2021-06,0.0
Bhutan,2021-07,11.0
Bhutan,2021-08,7.0
Bhutan,2021-09,1.0
Bhutan,2021-10,14.0
Bhutan,2021-11,7.0
Bhutan,2021-12,1.0
Bhutan,2022-01,2.0
Bhutan,2022-02,3.0
Bhutan,2022-03,2.0
Bhutan,2022-04,6.0
Bhutan,2022-05,10.0
Bhutan,2022-06,16.0
Bhutan,2022-07,25.0
Bhutan,2022-08,32.0
Bhutan,2022-09,29.0
Bhutan,2022-10,44.0
Bhutan,2022-11,60.0
Bhutan,2022-12,42.0
Bhutan,2023-01,89.0
Bhutan,2023-02,61.0
Bhutan,2023-03,58.0
Bhutan,2023-04,49.0
Bhutan,2023-05,63.0
Bhutan,2023-06,77.0
Bhutan,2023-07,61.0
Bhutan,2023-08,42.0
Bhutan,2023-09,75.0
Bhutan,2023-10,122.0
Bhutan,2023-11,71.0
Bhutan,2023-12,75.0
Bhutan,2024-01,120.0
Bhutan,2024-02,51.0
Bhutan,2024-03,65.0
Bhutan,2024-04,56.0
Bhutan,2024-05,46.0
Bhutan,2024-06,71.0
Bhutan,2024-07,50.0
Bhutan,2024-08,60.0
Bhutan,2024-09,67.0
Bhutan,2024-10,96.0
Bhutan,2024-11,77.0
Bhutan,2024-12,53.0
Bhutan,2025-01,90.0
Bhutan,2025-02,68.0
Bhutan,2025-03,64.0
Bhutan,2025-04,99.0
Bhutan,2025-05,75.0
Bhutan,2025-06,46.0
Bhutan,2025-07,75.0
Bhutan,2025-08,54.0
Bhutan,2025-09,84.0
Bhutan,2025-10,100.0
Bhutan,2025-11,105.0
Bhutan,2025-12,75.0
Bhutan,2026-01,176.0
Bhutan,2026-02,68.0
Bhutan,2026-03,92.0
Bhutan,2026-04,85.0
Bolivia,2019-01,67.0
Bolivia,2019-02,33.0
Bolivia,2019-03,105.0
Bolivia,2019-04,79.0
Bolivia,2019-05,101.0
Bolivia,2019-06,86.0
Bolivia,2019-07,91.0
Bolivia,2019-08,111.0
Bolivia,2019-09,79.0
Bolivia,2019-10,92.0
Bolivia,2019-11,90.0
Bolivia,2019-12,86.0
Bolivia,2020-01,62.0
Bolivia,2020-02,42.0
Bolivia,2020-03,26.0
Bolivia,2020-04,0.0
Bolivia,2020-05,1.0
Bolivia,2020-06,0.0
Bolivia,2020-07,0.0
Bolivia,2020-08,2.0
Bolivia,2020-09,0.0
Bolivia,2020-10,5.0
Bolivia,2020-11,6.0
Bolivia,2020-12,7.0
Bolivia,2021-01,0.0
Bolivia,2021-02,1.0
Bolivia,2021-03,0.0
Bolivia,2021-04,2.0
Bolivia,2021-05,0.0
Bolivia,2021-06,3.0
Bolivia,2021-07,24.0
Bolivia,2021-08,2.0
Bolivia,2021-09,2.0
Bolivia,2021-10,1.0
Bolivia,2021-11,5.0
Bolivia,2021-12,1.0
Bolivia,2022-01,0.0
Bolivia,2022-02,3.0
Bolivia,2022-03,5.0
Bolivia,2022-04,21.0
Bolivia,2022-05,7.0
Bolivia,2022-06,19.0
Bolivia,2022-07,21.0
Bolivia,2022-08,18.0
Bolivia,2022-09,27.0
Bolivia,2022-10,61.0
Bolivia,2022-11,45.0
Bolivia,2022-12,36.0
Bolivia,2023-01,40.0
Bolivia,2023-02,26.0
Bolivia,2023-03,104.0
Bolivia,2023-04,69.0
Bolivia,2023-05,69.0
Bolivia,2023-06,55.0
Bolivia,2023-07,91.0
Bolivia,2023-08,75.0
Bolivia,2023-09,87.0
Bolivia,2023-10,108.0
Bolivia,2023-11,92.0
Bolivia,2023-12,52.0
Bolivia,2024-01,62.0
Bolivia,2024-02,45.0
Bolivia,2024-03,96.0
Bolivia,2024-04,105.0
Bolivia,2024-05,87.0
Bolivia,2024-06,69.0
Bolivia,2024-07,80.0
Bolivia,2024-08,58.0
Bolivia,2024-09,84.0
Bolivia,2024-10,116.0
Bolivia,2024-11,98.0
Bolivia,2024-12,102.0
Bolivia,2025-01,53.0
Bolivia,2025-02,51.0
Bolivia,2025-03,48.0
Bolivia,2025-04,96.0
Bolivia,2025-05,124.0
Bolivia,2025-06,82.0
Bolivia,2025-07,85.0
Bolivia,2025-08,66.0
Bolivia,2025-09,102.0
Bolivia,2025-10,119.0
Bolivia,2025-11,165.0
Bolivia,2025-12,85.0
Bolivia,2026-01,66.0
Bolivia,2026-02,46.0
Bolivia,2026-03,106.0
Bolivia,2026-04,149.0
Bosnia and Herzegovina,2019-01,20.0
Bosnia and Herzegovina,2019-02,25.0
Bosnia and Herzegovina,2019-03,34.0
Bosnia and Herzegovina,2019-04,54.0
Bosnia and Herzegovina,2019-05,24.0
Bosnia and Herzegovina,2019-06,25.0
Bosnia and Herzegovina,2019-07,58.0
Bosnia and Herzegovina,2019-08,30.0
Bosnia and Herzegovina,2019-09,48.0
Bosnia and Herzegovina,2019-10,33.0
Bosnia and Herzegovina,2019-11,43.0
Bosnia and Herzegovina,2019-12,26.0
Bosnia and Herzegovina,2020-01,21.0
Bosnia and Herzegovina,2020-02,19.0
Bosnia and Herzegovina,2020-03,8.0
Bosnia and Herzegovina,2020-04,0.0
Bosnia and Herzegovina,2020-05,0.0
Bosnia and Herzegovina,2020-06,0.0
Bosnia and Herzegovina,2020-07,0.0
Bosnia and Herzegovina,2020-08,0.0
Bosnia and Herzegovina,2020-09,5.0
Bosnia and Herzegovina,2020-10,5.0
Bosnia and Herzegovina,2020-11,5.0
Bosnia and Herzegovina,2020-12,2.0
Bosnia and Herzegovina,2021-01,5.0
Bosnia and Herzegovina,2021-02,1.0
Bosnia and Herzegovina,2021-03,5.0
Bosnia and Herzegovina,2021-04,0.0
Bosnia and Herzegovina,2021-05,1.0
Bosnia and Herzegovina,2021-06,0.0
Bosnia and Herzegovina,2021-07,23.0
Bosnia and Herzegovina,2021-08,33.0
Bosnia and Herzegovina,2021-09,1.0
Bosnia and Herzegovina,2021-10,5.0
Bosnia and Herzegovina,2021-11,1.0
Bosnia and Herzegovina,2021-12,2.0
Bosnia and Herzegovina,2022-01,0.0
Bosnia and Herzegovina,2022-02,24.0
Bosnia and Herzegovina,2022-03,2.0
Bosnia and Herzegovina,2022-04,5.0
Bosnia and Herzegovina,2022-05,4.0
Bosnia and Herzegovina,2022-06,4.0
Bosnia and Herzegovina,2022-07,6.0
Bosnia and Herzegovina,2022-08,10.0
Bosnia and Herzegovina,2022-09,7.0
Bosnia and Herzegovina,2022-10,13.0
Bosnia and Herzegovina,2022-11,22.0
Bosnia and Herzegovina,2022-12,17.0
Bosnia and Herzegovina,2023-01,24.0
Bosnia and Herzegovina,2023-02,16.0
Bosnia and Herzegovina,2023-03,36.0
Bosnia and Herzegovina,2023-04,46.0
Bosnia and Herzegovina,2023-05,76.0
Bosnia and Herzegovina,2023-06,16.0
Bosnia and Herzegovina,2023-07,47.0
Bosnia and Herzegovina,2023-08,31.0
Bosnia and Herzegovina,2023-09,93.0
Bosnia and Herzegovina,2023-10,56.0
Bosnia and Herzegovina,2023-11,32.0
Bosnia and Herzegovina,2023-12,31.0
Bosnia and Herzegovina,2024-01,27.0
Bosnia and Herzegovina,2024-02,24.0
Bosnia and Herzegovina,2024-03,82.0
Bosnia and Herzegovina,2024-04,112.0
Bosnia and Herzegovina,2024-05,91.0
Bosnia and Herzegovina,2024-06,48.0
Bosnia and Herzegovina,2024-07,35.0
Bosnia and Herzegovina,2024-08,49.0
Bosnia and Herzegovina,2024-09,77.0
Bosnia and Herzegovina,2024-10,95.0
Bosnia and Herzegovina,2024-11,108.0
Bosnia and Herzegovina,2024-12,39.0
Bosnia and Herzegovina,2025-01,37.0
Bosnia and Herzegovina,2025-02,32.0
Bosnia and Herzegovina,2025-03,87.0
Bosnia and Herzegovina,2025-04,115.0
Bosnia and Herzegovina,2025-05,164.0
Bosnia and Herzegovina,2025-06,101.0
Bosnia and Herzegovina,2025-07,56.0
Bosnia and Herzegovina,2025-08,57.0
Bosnia and Herzegovina,2025-09,110.0
Bosnia and Herzegovina,2025-10,120.0
Bosnia and Herzegovina,2025-11,118.0
Bosnia and Herzegovina,2025-12,77.0
Bosnia and Herzegovina,2026-01,52.0
Bosnia and Herzegovina,2026-02,37.0
Bosnia and Herzegovina,2026-03,101.0
Bosnia and Herzegovina,2026-04,202.0
Botswana,2019-01,20.0
Botswana,2019-02,3.0
Botswana,2019-03,19.0
Botswana,2019-04,18.0
Botswana,2019-05,19.0
Botswana,2019-06,22.0
Botswana,2019-07,24.0
Botswana,2019-08,78.0
Botswana,2019-09,30.0
Botswana,2019-10,33.0
Botswana,2019-11,28.0
Botswana,2019-12,18.0
Botswana,2020-01,19.0
Botswana,2020-02,18.0
Botswana,2020-03,14.0
Botswana,2020-04,0.0
Botswana,2020-05,0.0
Botswana,2020-06,0.0
Botswana,2020-07,0.0
Botswana,2020-08,0.0
Botswana,2020-09,2.0
Botswana,2020-10,4.0
Botswana,2020-11,1.0
Botswana,2020-12,9.0
Botswana,2021-01,1.0
Botswana,2021-02,0.0
Botswana,2021-03,0.0
Botswana,2021-04,0.0
Botswana,2021-05,5.0
Botswana,2021-06,3.0
Botswana,2021-07,37.0
Botswana,2021-08,12.0
Botswana,2021-09,0.0
Botswana,2021-10,6.0
Botswana,2021-11,6.0
Botswana,2021-12,0.0
Botswana,2022-01,3.0
Botswana,2022-02,1.0
Botswana,2022-03,2.0
Botswana,2022-04,17.0
Botswana,2022-05,3.0
Botswana,2022-06,2.0
Botswana,2022-07,6.0
Botswana,2022-08,20.0
Botswana,2022-09,15.0
Botswana,2022-10,16.0
Botswana,2022-11,6.0
Botswana,2022-12,6.0
Botswana,2023-01,14.0
Botswana,2023-02,7.0
Botswana,2023-03,13.0
Botswana,2023-04,13.0
Botswana,2023-05,9.0
Botswana,2023-06,12.0
Botswana,2023-07,24.0
Botswana,2023-08,13.0
Botswana,2023-09,48.0
Botswana,2023-10,34.0
Botswana,2023-11,24.0
Botswana,2023-12,13.0
Botswana,2024-01,20.0
Botswana,2024-02,8.0
Botswana,2024-03,26.0
Botswana,2024-04,38.0
Botswana,2024-05,38.0
Botswana,2024-06,27.0
Botswana,2024-07,8.0
Botswana,2024-08,27.0
Botswana,2024-09,36.0
Botswana,2024-10,27.0
Botswana,2024-11,17.0
Botswana,2024-12,15.0
Botswana,2025-01,22.0
Botswana,2025-02,16.0
Botswana,2025-03,30.0
Botswana,2025-04,14.0
Botswana,2025-05,16.0
Botswana,2025-06,34.0
Botswana,2025-07,19.0
Botswana,2025-08,48.0
Botswana,2025-09,69.0
Botswana,2025-10,13.0
Botswana,2025-11,30.0
Botswana,2025-12,22.0
Botswana,2026-01,18.0
Botswana,2026-02,17.0
Botswana,2026-03,24.0
Botswana,2026-04,19.0
Brazil,2019-01,2935.0
Brazil,2019-02,2122.0
Brazil,2019-03,5070.0
Brazil,2019-04,5726.0
Brazil,2019-05,4244.0
Brazil,2019-06,3363.0
Brazil,2019-07,4476.0
Brazil,2019-08,2957.0
Brazil,2019-09,3958.0
Brazil,2019-10,4656.0
Brazil,2019-11,3733.0
Brazil,2019-12,4335.0
Brazil,2020-01,3419.0
Brazil,2020-02,2010.0
Brazil,2020-03,995.0
Brazil,2020-04,13.0
Brazil,2020-05,2.0
Brazil,2020-06,10.0
Brazil,2020-07,17.0
Brazil,2020-08,45.0
Brazil,2020-09,42.0
Brazil,2020-10,87.0
Brazil,2020-11,151.0
Brazil,2020-12,97.0
Brazil,2021-01,254.0
Brazil,2021-02,69.0
Brazil,2021-03,38.0
Brazil,2021-04,83.0
Brazil,2021-05,86.0
Brazil,2021-06,105.0
Brazil,2021-07,1127.0
Brazil,2021-08,568.0
Brazil,2021-09,122.0
Brazil,2021-10,131.0
Brazil,2021-11,104.0
Brazil,2021-12,44.0
Brazil,2022-01,279.0
Brazil,2022-02,117.0
Brazil,2022-03,275.0
Brazil,2022-04,434.0
Brazil,2022-05,348.0
Brazil,2022-06,424.0
Brazil,2022-07,527.0
Brazil,2022-08,602.0
Brazil,2022-09,864.0
Brazil,2022-10,1489.0
Brazil,2022-11,1484.0
Brazil,2022-12,2593.0
Brazil,2023-01,2050.0
Brazil,2023-02,1884.0
Brazil,2023-03,4833.0
Brazil,2023-04,4971.0
Brazil,2023-05,3666.0
Brazil,2023-06,2784.0
Brazil,2023-07,4578.0
Brazil,2023-08,2967.0
Brazil,2023-09,4275.0
Brazil,2023-10,7265.0
Brazil,2023-11,4970.0
Brazil,2023-12,6327.0
Brazil,2024-01,5229.0
Brazil,2024-02,4795.0
Brazil,2024-03,8550.0
Brazil,2024-04,8639.0
Brazil,2024-05,7291.0
Brazil,2024-06,5448.0
Brazil,2024-07,6902.0
Brazil,2024-08,4524.0
Brazil,2024-09,7039.0
Brazil,2024-10,10292.0
Brazil,2024-11,7669.0
Brazil,2024-12,9231.0
Brazil,2025-01,7877.0
Brazil,2025-02,6481.0
Brazil,2025-03,10833.0
Brazil,2025-04,10569.0
Brazil,2025-05,9250.0
Brazil,2025-06,7087.0
Brazil,2025-07,8997.0
Brazil,2025-08,5483.0
Brazil,2025-09,9097.0
Brazil,2025-10,12364.0
Brazil,2025-11,9726.0
Brazil,2025-12,12830.0
Brazil,2026-01,11313.0
Brazil,2026-02,9308.0
Brazil,2026-03,11629.0
Brazil,2026-04,14662.0
Brunei,2019-01,221.0
Brunei,2019-02,202.0
Brunei,2019-03,820.0
Brunei,2019-04,308.0
Brunei,2019-05,277.0
Brunei,2019-06,335.0
Brunei,2019-07,329.0
Brunei,2019-08,220.0
Brunei,2019-09,390.0
Brunei,2019-10,374.0
Brunei,2019-11,451.0
Brunei,2019-12,939.0
Brunei,2020-01,480.0
Brunei,2020-02,212.0
Brunei,2020-03,41.0
Brunei,2020-04,0.0
Brunei,2020-05,0.0
Brunei,2020-06,0.0
Brunei,2020-07,0.0
Brunei,2020-08,0.0
Brunei,2020-09,2.0
Brunei,2020-10,3.0
Brunei,2020-11,4.0
Brunei,2020-12,0.0
Brunei,2021-01,4.0
Brunei,2021-02,0.0
Brunei,2021-03,0.0
Brunei,2021-04,0.0
Brunei,2021-05,3.0
Brunei,2021-06,0.0
Brunei,2021-07,10.0
Brunei,2021-08,0.0
Brunei,2021-09,0.0
Brunei,2021-10,2.0
Brunei,2021-11,3.0
Brunei,2021-12,1.0
Brunei,2022-01,1.0
Brunei,2022-02,0.0
Brunei,2022-03,0.0
Brunei,2022-04,11.0
Brunei,2022-05,7.0
Brunei,2022-06,31.0
Brunei,2022-07,18.0
Brunei,2022-08,12.0
Brunei,2022-09,52.0
Brunei,2022-10,63.0
Brunei,2022-11,230.0
Brunei,2022-12,734.0
Brunei,2023-01,358.0
Brunei,2023-02,332.0
Brunei,2023-03,499.0
Brunei,2023-04,632.0
Brunei,2023-05,287.0
Brunei,2023-06,267.0
Brunei,2023-07,407.0
Brunei,2023-08,352.0
Brunei,2023-09,312.0
Brunei,2023-10,545.0
Brunei,2023-11,791.0
Brunei,2023-12,1510.0
Brunei,2024-01,554.0
Brunei,2024-02,514.0
Brunei,2024-03,662.0
Brunei,2024-04,704.0
Brunei,2024-05,503.0
Brunei,2024-06,259.0
Brunei,2024-07,383.0
Brunei,2024-08,378.0
Brunei,2024-09,448.0
Brunei,2024-10,606.0
Brunei,2024-11,762.0
Brunei,2024-12,1562.0
Brunei,2025-01,720.0
Brunei,2025-02,694.0
Brunei,2025-03,684.0
Brunei,2025-04,475.0
Brunei,2025-05,552.0
Brunei,2025-06,562.0
Brunei,2025-07,295.0
Brunei,2025-08,447.0
Brunei,2025-09,378.0
Brunei,2025-10,655.0
Brunei,2025-11,1030.0
Brunei,2025-12,1578.0
Brunei,2026-01,885.0
Brunei,2026-02,542.0
Brunei,2026-03,783.0
Brunei,2026-04,495.0
Bulgaria,2019-01,254.0
Bulgaria,2019-02,251.0
Bulgaria,2019-03,799.0
Bulgaria,2019-04,937.0
Bulgaria,2019-05,670.0
Bulgaria,2019-06,371.0
Bulgaria,2019-07,564.0
Bulgaria,2019-08,453.0
Bulgaria,2019-09,549.0
Bulgaria,2019-10,639.0
Bulgaria,2019-11,549.0
Bulgaria,2019-12,288.0
Bulgaria,2020-01,287.0
Bulgaria,2020-02,200.0
Bulgaria,2020-03,83.0
Bulgaria,2020-04,2.0
Bulgaria,2020-05,0.0
Bulgaria,2020-06,0.0
Bulgaria,2020-07,2.0
Bulgaria,2020-08,8.0
Bulgaria,2020-09,10.0
Bulgaria,2020-10,14.0
Bulgaria,2020-11,9.0
Bulgaria,2020-12,12.0
Bulgaria,2021-01,7.0
Bulgaria,2021-02,3.0
Bulgaria,2021-03,7.0
Bulgaria,2021-04,5.0
Bulgaria,2021-05,8.0
Bulgaria,2021-06,9.0
Bulgaria,2021-07,162.0
Bulgaria,2021-08,41.0
Bulgaria,2021-09,24.0
Bulgaria,2021-10,54.0
Bulgaria,2021-11,16.0
Bulgaria,2021-12,2.0
Bulgaria,2022-01,17.0
Bulgaria,2022-02,4.0
Bulgaria,2022-03,21.0
Bulgaria,2022-04,73.0
Bulgaria,2022-05,22.0
Bulgaria,2022-06,37.0
Bulgaria,2022-07,44.0
Bulgaria,2022-08,84.0
Bulgaria,2022-09,151.0
Bulgaria,2022-10,221.0
Bulgaria,2022-11,220.0
Bulgaria,2022-12,130.0
Bulgaria,2023-01,167.0
Bulgaria,2023-02,142.0
Bulgaria,2023-03,658.0
Bulgaria,2023-04,1090.0
Bulgaria,2023-05,698.0
Bulgaria,2023-06,299.0
Bulgaria,2023-07,395.0
Bulgaria,2023-08,362.0
Bulgaria,2023-09,897.0
Bulgaria,2023-10,724.0
Bulgaria,2023-11,620.0
Bulgaria,2023-12,308.0
Bulgaria,2024-01,271.0
Bulgaria,2024-02,249.0
Bulgaria,2024-03,1681.0
Bulgaria,2024-04,1406.0
Bulgaria,2024-05,898.0
Bulgaria,2024-06,464.0
Bulgaria,2024-07,506.0
Bulgaria,2024-08,583.0
Bulgaria,2024-09,946.0
Bulgaria,2024-10,1190.0
Bulgaria,2024-11,919.0
Bulgaria,2024-12,367.0
Bulgaria,2025-01,359.0
Bulgaria,2025-02,421.0
Bulgaria,2025-03,1875.0
Bulgaria,2025-04,2473.0
Bulgaria,2025-05,1459.0
Bulgaria,2025-06,657.0
Bulgaria,2025-07,622.0
Bulgaria,2025-08,897.0
Bulgaria,2025-09,1272.0
Bulgaria,2025-10,1392.0
Bulgaria,2025-11,1078.0
Bulgaria,2025-12,525.0
Bulgaria,2026-01,376.0
Bulgaria,2026-02,470.0
Bulgaria,2026-03,1817.0
Bulgaria,2026-04,2182.0
Burkina Faso,2019-01,24.0
Burkina Faso,2019-02,26.0
Burkina Faso,2019-03,16.0
Burkina Faso,2019-04,28.0
Burkina Faso,2019-05,12.0
Burkina Faso,2019-06,35.0
Burkina Faso,2019-07,19.0
Burkina Faso,2019-08,141.0
Burkina Faso,2019-09,33.0
Burkina Faso,2019-10,27.0
Burkina Faso,2019-11,26.0
Burkina Faso,2019-12,14.0
Burkina Faso,2020-01,25.0
Burkina Faso,2020-02,18.0
Burkina Faso,2020-03,6.0
Burkina Faso,2020-04,0.0
Burkina Faso,2020-05,0.0
Burkina Faso,2020-06,0.0
Burkina Faso,2020-07,0.0
Burkina Faso,2020-08,5.0
Burkina Faso,2020-09,0.0
Burkina Faso,2020-10,4.0
Burkina Faso,2020-11,5.0
Burkina Faso,2020-12,5.0
Burkina Faso,2021-01,3.0
Burkina Faso,2021-02,0.0
Burkina Faso,2021-03,2.0
Burkina Faso,2021-04,1.0
Burkina Faso,2021-05,4.0
Burkina Faso,2021-06,3.0
Burkina Faso,2021-07,21.0
Burkina Faso,2021-08,11.0
Burkina Faso,2021-09,0.0
Burkina Faso,2021-10,3.0
Burkina Faso,2021-11,5.0
Burkina Faso,2021-12,1.0
Burkina Faso,2022-01,1.0
Burkina Faso,2022-02,3.0
Burkina Faso,2022-03,4.0
Burkina Faso,2022-04,5.0
Burkina Faso,2022-05,7.0
Burkina Faso,2022-06,7.0
Burkina Faso,2022-07,5.0
Burkina Faso,2022-08,15.0
Burkina Faso,2022-09,9.0
Burkina Faso,2022-10,11.0
Burkina Faso,2022-11,8.0
Burkina Faso,2022-12,4.0
Burkina Faso,2023-01,7.0
Burkina Faso,2023-02,15.0
Burkina Faso,2023-03,15.0
Burkina Faso,2023-04,6.0
Burkina Faso,2023-05,14.0
Burkina Faso,2023-06,13.0
Burkina Faso,2023-07,21.0
Burkina Faso,2023-08,11.0
Burkina Faso,2023-09,31.0
Burkina Faso,2023-10,16.0
Burkina Faso,2023-11,3.0
Burkina Faso,2023-12,10.0
Burkina Faso,2024-01,13.0
Burkina Faso,2024-02,11.0
Burkina Faso,2024-03,18.0
Burkina Faso,2024-04,13.0
Burkina Faso,2024-05,27.0
Burkina Faso,2024-06,13.0
Burkina Faso,2024-07,13.0
Burkina Faso,2024-08,29.0
Burkina Faso,2024-09,31.0
Burkina Faso,2024-10,20.0
Burkina Faso,2024-11,39.0
Burkina Faso,2024-12,26.0
Burkina Faso,2025-01,29.0
Burkina Faso,2025-02,18.0
Burkina Faso,2025-03,24.0
Burkina Faso,2025-04,26.0
Burkina Faso,2025-05,17.0
Burkina Faso,2025-06,23.0
Burkina Faso,2025-07,33.0
Burkina Faso,2025-08,53.0
Burkina Faso,2025-09,51.0
Burkina Faso,2025-10,25.0
Burkina Faso,2025-11,29.0
Burkina Faso,2025-12,11.0
Burkina Faso,2026-01,20.0
Burkina Faso,2026-02,18.0
Burkina Faso,2026-03,16.0
Burkina Faso,2026-04,13.0
Burundi,2019-01,3.0
Burundi,2019-02,3.0
Burundi,2019-03,5.0
Burundi,2019-04,2.0
Burundi,2019-05,9.0
Burundi,2019-06,6.0
Burundi,2019-07,3.0
Burundi,2019-08,23.0
Burundi,2019-09,12.0
Burundi,2019-10,6.0
Burundi,2019-11,4.0
Burundi,2019-12,0.0
Burundi,2020-01,3.0
Burundi,2020-02,1.0
Burundi,2020-03,2.0
Burundi,2020-04,0.0
Burundi,2020-05,0.0
Burundi,2020-06,0.0
Burundi,2020-07,0.0
Burundi,2020-08,0.0
Burundi,2020-09,0.0
Burundi,2020-10,0.0
Burundi,2020-11,1.0
Burundi,2020-12,3.0
Burundi,2021-01,0.0
Burundi,2021-02,1.0
Burundi,2021-03,0.0
Burundi,2021-04,0.0
Burundi,2021-05,0.0
Burundi,2021-06,2.0
Burundi,2021-07,16.0
Burundi,2021-08,6.0
Burundi,2021-09,0.0
Burundi,2021-10,2.0
Burundi,2021-11,2.0
Burundi,2021-12,0.0
Burundi,2022-01,1.0
Burundi,2022-02,0.0
Burundi,2022-03,1.0
Burundi,2022-04,3.0
Burundi,2022-05,2.0
Burundi,2022-06,0.0
Burundi,2022-07,2.0
Burundi,2022-08,3.0
Burundi,2022-09,3.0
Burundi,2022-10,13.0
Burundi,2022-11,19.0
Burundi,2022-12,2.0
Burundi,2023-01,1.0
Burundi,2023-02,1.0
Burundi,2023-03,1.0
Burundi,2023-04,0.0
Burundi,2023-05,3.0
Burundi,2023-06,7.0
Burundi,2023-07,8.0
Burundi,2023-08,5.0
Burundi,2023-09,10.0
Burundi,2023-10,3.0
Burundi,2023-11,5.0
Burundi,2023-12,1.0
Burundi,2024-01,13.0
Burundi,2024-02,2.0
Burundi,2024-03,2.0
Burundi,2024-04,4.0
Burundi,2024-05,10.0
Burundi,2024-06,4.0
Burundi,2024-07,10.0
Burundi,2024-08,11.0
Burundi,2024-09,21.0
Burundi,2024-10,4.0
Burundi,2024-11,20.0
Burundi,2024-12,4.0
Burundi,2025-01,11.0
Burundi,2025-02,4.0
Burundi,2025-03,8.0
Burundi,2025-04,7.0
Burundi,2025-05,2.0
Burundi,2025-06,19.0
Burundi,2025-07,4.0
Burundi,2025-08,48.0
Burundi,2025-09,14.0
Burundi,2025-10,10.0
Burundi,2025-11,4.0
Burundi,2025-12,3.0
Burundi,2026-01,7.0
Burundi,2026-02,2.0
Burundi,2026-03,3.0
Burundi,2026-04,4.0
Cambodia,2019-01,1806.0
Cambodia,2019-02,2146.0
Cambodia,2019-03,3220.0
Cambodia,2019-04,4917.0
Cambodia,2019-05,2679.0
Cambodia,2019-06,1454.0
Cambodia,2019-07,1822.0
Cambodia,2019-08,1426.0
Cambodia,2019-09,2295.0
Cambodia,2019-10,1671.0
Cambodia,2019-11,2481.0
Cambodia,2019-12,2575.0
Cambodia,2020-01,2785.0
Cambodia,2020-02,1452.0
Cambodia,2020-03,769.0
Cambodia,2020-04,86.0
Cambodia,2020-05,0.0
Cambodia,2020-06,0.0
Cambodia,2020-07,2.0
Cambodia,2020-08,3.0
Cambodia,2020-09,41.0
Cambodia,2020-10,925.0
Cambodia,2020-11,826.0
Cambodia,2020-12,531.0
Cambodia,2021-01,363.0
Cambodia,2021-02,19.0
Cambodia,2021-03,35.0
Cambodia,2021-04,27.0
Cambodia,2021-05,57.0
Cambodia,2021-06,52.0
Cambodia,2021-07,19.0
Cambodia,2021-08,15.0
Cambodia,2021-09,20.0
Cambodia,2021-10,89.0
Cambodia,2021-11,64.0
Cambodia,2021-12,24.0
Cambodia,2022-01,44.0
Cambodia,2022-02,37.0
Cambodia,2022-03,959.0
Cambodia,2022-04,2259.0
Cambodia,2022-05,1381.0
Cambodia,2022-06,987.0
Cambodia,2022-07,963.0
Cambodia,2022-08,806.0
Cambodia,2022-09,1153.0
Cambodia,2022-10,1227.0
Cambodia,2022-11,1908.0
Cambodia,2022-12,1894.0
Cambodia,2023-01,2402.0
Cambodia,2023-02,1853.0
Cambodia,2023-03,2530.0
Cambodia,2023-04,3664.0
Cambodia,2023-05,2405.0
Cambodia,2023-06,1793.0
Cambodia,2023-07,1522.0
Cambodia,2023-08,1536.0
Cambodia,2023-09,1683.0
Cambodia,2023-10,2073.0
Cambodia,2023-11,2368.0
Cambodia,2023-12,3238.0
Cambodia,2024-01,2029.0
Cambodia,2024-02,1838.0
Cambodia,2024-03,3156.0
Cambodia,2024-04,3929.0
Cambodia,2024-05,2191.0
Cambodia,2024-06,1686.0
Cambodia,2024-07,1662.0
Cambodia,2024-08,1495.0
Cambodia,2024-09,2067.0
Cambodia,2024-10,2208.0
Cambodia,2024-11,2421.0
Cambodia,2024-12,2632.0
Cambodia,2025-01,2552.0
Cambodia,2025-02,2342.0
Cambodia,2025-03,2420.0
Cambodia,2025-04,4576.0
Cambodia,2025-05,3540.0
Cambodia,2025-06,1775.0
Cambodia,2025-07,1867.0
Cambodia,2025-08,1589.0
Cambodia,2025-09,2512.0
Cambodia,2025-10,2326.0
Cambodia,2025-11,3213.0
Cambodia,2025-12,3646.0
Cambodia,2026-01,3260.0
Cambodia,2026-02,2899.0
Cambodia,2026-03,3451.0
Cambodia,2026-04,5985.0
Cameroon,2019-01,67.0
Cameroon,2019-02,49.0
Cameroon,2019-03,75.0
Cameroon,2019-04,60.0
Cameroon,2019-05,96.0
Cameroon,2019-06,96.0
Cameroon,2019-07,85.0
Cameroon,2019-08,198.0
Cameroon,2019-09,118.0
Cameroon,2019-10,74.0
Cameroon,2019-11,63.0
Cameroon,2019-12,50.0
Cameroon,2020-01,66.0
Cameroon,2020-02,41.0
Cameroon,2020-03,16.0
Cameroon,2020-04,0.0
Cameroon,2020-05,1.0
Cameroon,2020-06,0.0
Cameroon,2020-07,5.0
Cameroon,2020-08,3.0
Cameroon,2020-09,4.0
Cameroon,2020-10,5.0
Cameroon,2020-11,18.0
Cameroon,2020-12,17.0
Cameroon,2021-01,9.0
Cameroon,2021-02,2.0
Cameroon,2021-03,12.0
Cameroon,2021-04,7.0
Cameroon,2021-05,7.0
Cameroon,2021-06,2.0
Cameroon,2021-07,44.0
Cameroon,2021-08,31.0
Cameroon,2021-09,11.0
Cameroon,2021-10,9.0
Cameroon,2021-11,12.0
Cameroon,2021-12,7.0
Cameroon,2022-01,7.0
Cameroon,2022-02,8.0
Cameroon,2022-03,43.0
Cameroon,2022-04,21.0
Cameroon,2022-05,33.0
Cameroon,2022-06,19.0
Cameroon,2022-07,29.0
Cameroon,2022-08,32.0
Cameroon,2022-09,56.0
Cameroon,2022-10,38.0
Cameroon,2022-11,32.0
Cameroon,2022-12,31.0
Cameroon,2023-01,54.0
Cameroon,2023-02,35.0
Cameroon,2023-03,51.0
Cameroon,2023-04,70.0
Cameroon,2023-05,58.0
Cameroon,2023-06,78.0
Cameroon,2023-07,76.0
Cameroon,2023-08,90.0
Cameroon,2023-09,82.0
Cameroon,2023-10,93.0
Cameroon,2023-11,43.0
Cameroon,2023-12,44.0
Cameroon,2024-01,83.0
Cameroon,2024-02,62.0
Cameroon,2024-03,76.0
Cameroon,2024-04,100.0
Cameroon,2024-05,91.0
Cameroon,2024-06,97.0
Cameroon,2024-07,63.0
Cameroon,2024-08,101.0
Cameroon,2024-09,115.0
Cameroon,2024-10,110.0
Cameroon,2024-11,93.0
Cameroon,2024-12,83.0
Cameroon,2025-01,82.0
Cameroon,2025-02,78.0
Cameroon,2025-03,120.0
Cameroon,2025-04,163.0
Cameroon,2025-05,83.0
Cameroon,2025-06,71.0
Cameroon,2025-07,74.0
Cameroon,2025-08,231.0
Cameroon,2025-09,184.0
Cameroon,2025-10,127.0
Cameroon,2025-11,96.0
Cameroon,2025-12,55.0
Cameroon,2026-01,85.0
Cameroon,2026-02,65.0
Cameroon,2026-03,105.0
Cameroon,2026-04,120.0
Canada,2019-01,22293.0
Canada,2019-02,23883.0
Canada,2019-03,37959.0
Canada,2019-04,38897.0
Canada,2019-05,35335.0
Canada,2019-06,25402.0
Canada,2019-07,29285.0
Canada,2019-08,27568.0
Canada,2019-09,28525.0
Canada,2019-10,37667.0
Canada,2019-11,33316.0
Canada,2019-12,35132.0
Canada,2020-01,28931.0
Canada,2020-02,17601.0
Canada,2020-03,6149.0
Canada,2020-04,47.0
Canada,2020-05,5.0
Canada,2020-06,17.0
Canada,2020-07,30.0
Canada,2020-08,81.0
Canada,2020-09,69.0
Canada,2020-10,118.0
Canada,2020-11,134.0
Canada,2020-12,183.0
Canada,2021-01,125.0
Canada,2021-02,22.0
Canada,2021-03,48.0
Canada,2021-04,105.0
Canada,2021-05,63.0
Canada,2021-06,110.0
Canada,2021-07,1545.0
Canada,2021-08,533.0
Canada,2021-09,220.0
Canada,2021-10,302.0
Canada,2021-11,361.0
Canada,2021-12,102.0
Canada,2022-01,223.0
Canada,2022-02,101.0
Canada,2022-03,362.0
Canada,2022-04,711.0
Canada,2022-05,949.0
Canada,2022-06,1179.0
Canada,2022-07,1622.0
Canada,2022-08,2009.0
Canada,2022-09,2396.0
Canada,2022-10,9847.0
Canada,2022-11,15868.0
Canada,2022-12,20610.0
Canada,2023-01,18738.0
Canada,2023-02,19010.0
Canada,2023-03,36370.0
Canada,2023-04,36847.0
Canada,2023-05,42285.0
Canada,2023-06,30016.0
Canada,2023-07,38786.0
Canada,2023-08,36859.0
Canada,2023-09,39822.0
Canada,2023-10,51741.0
Canada,2023-11,38959.0
Canada,2023-12,36441.0
Canada,2024-01,31672.0
Canada,2024-02,33895.0
Canada,2024-03,57779.0
Canada,2024-04,52118.0
Canada,2024-05,55811.0
Canada,2024-06,40989.0
Canada,2024-07,48158.0
Canada,2024-08,46913.0
Canada,2024-09,49981.0
Canada,2024-10,66524.0
Canada,2024-11,47346.0
Canada,2024-12,48259.0
Canada,2025-01,42301.0
Canada,2025-02,44497.0
Canada,2025-03,68083.0
Canada,2025-04,72587.0
Canada,2025-05,66346.0
Canada,2025-06,41588.0
Canada,2025-07,52087.0
Canada,2025-08,51513.0
Canada,2025-09,55654.0
Canada,2025-10,73667.0
Canada,2025-11,62495.0
Canada,2025-12,57203.0
Canada,2026-01,48040.0
Canada,2026-02,51308.0
Canada,2026-03,79901.0
Canada,2026-04,70296.0
Cape Verde,2019-01,8.0
Cape Verde,2019-02,3.0
Cape Verde,2019-03,4.0
Cape Verde,2019-04,1.0
Cape Verde,2019-05,6.0
Cape Verde,2019-06,2.0
Cape Verde,2019-07,6.0
Cape Verde,2019-08,14.0
Cape Verde,2019-09,11.0
Cape Verde,2019-10,11.0
Cape Verde,2019-11,1.0
Cape Verde,2019-12,1.0
Cape Verde,2020-01,2.0
Cape Verde,2020-02,2.0
Cape Verde,2020-03,2.0
Cape Verde,2020-04,0.0
Cape Verde,2020-05,0.0
Cape Verde,2020-06,0.0
Cape Verde,2020-07,0.0
Cape Verde,2020-08,0.0
Cape Verde,2020-09,0.0
Cape Verde,2020-10,0.0
Cape Verde,2020-11,1.0
Cape Verde,2020-12,0.0
Cape Verde,2021-01,0.0
Cape Verde,2021-02,0.0
Cape Verde,2021-03,0.0
Cape Verde,2021-04,0.0
Cape Verde,2021-05,0.0
Cape Verde,2021-06,0.0
Cape Verde,2021-07,8.0
Cape Verde,2021-08,8.0
Cape Verde,2021-09,0.0
Cape Verde,2021-10,1.0
Cape Verde,2021-11,0.0
Cape Verde,2021-12,1.0
Cape Verde,2022-01,0.0
Cape Verde,2022-02,0.0
Cape Verde,2022-03,0.0
Cape Verde,2022-04,0.0
Cape Verde,2022-05,3.0
Cape Verde,2022-06,0.0
Cape Verde,2022-07,2.0
Cape Verde,2022-08,0.0
Cape Verde,2022-09,2.0
Cape Verde,2022-10,1.0
Cape Verde,2022-11,2.0
Cape Verde,2022-12,0.0
Cape Verde,2023-01,4.0
Cape Verde,2023-02,1.0
Cape Verde,2023-03,2.0
Cape Verde,2023-04,11.0
Cape Verde,2023-05,3.0
Cape Verde,2023-06,1.0
Cape Verde,2023-07,10.0
Cape Verde,2023-08,23.0
Cape Verde,2023-09,4.0
Cape Verde,2023-10,5.0
Cape Verde,2023-11,3.0
Cape Verde,2023-12,3.0
Cape Verde,2024-01,9.0
Cape Verde,2024-02,3.0
Cape Verde,2024-03,2.0
Cape Verde,2024-04,5.0
Cape Verde,2024-05,8.0
Cape Verde,2024-06,5.0
Cape Verde,2024-07,4.0
Cape Verde,2024-08,3.0
Cape Verde,2024-09,5.0
Cape Verde,2024-10,4.0
Cape Verde,2024-11,1.0
Cape Verde,2024-12,0.0
Cape Verde,2025-01,6.0
Cape Verde,2025-02,4.0
Cape Verde,2025-03,5.0
Cape Verde,2025-04,9.0
Cape Verde,2025-05,1.0
Cape Verde,2025-06,7.0
Cape Verde,2025-07,3.0
Cape Verde,2025-08,16.0
Cape Verde,2025-09,7.0
Cape Verde,2025-10,23.0
Cape Verde,2025-11,4.0
Cape Verde,2025-12,3.0
Cape Verde,2026-01,5.0
Cape Verde,2026-02,7.0
Cape Verde,2026-03,4.0
Cape Verde,2026-04,4.0
Central Africa,2019-01,2.0
Central Africa,2019-02,2.0
Central Africa,2019-03,0.0
Central Africa,2019-04,1.0
Central Africa,2019-05,3.0
Central Africa,2019-06,5.0
Central Africa,2019-07,0.0
Central Africa,2019-08,24.0
Central Africa,2019-09,3.0
Central Africa,2019-10,1.0
Central Africa,2019-11,2.0
Central Africa,2019-12,0.0
Central Africa,2020-01,1.0
Central Africa,2020-02,1.0
Central Africa,2020-03,0.0
Central Africa,2020-04,0.0
Central Africa,2020-05,0.0
Central Africa,2020-06,0.0
Central Africa,2020-07,0.0
Central Africa,2020-08,0.0
Central Africa,2020-09,0.0
Central Africa,2020-10,0.0
Central Africa,2020-11,0.0
Central Africa,2020-12,0.0
Central Africa,2021-01,0.0
Central Africa,2021-02,0.0
Central Africa,2021-03,0.0
Central Africa,2021-04,0.0
Central Africa,2021-05,0.0
Central Africa,2021-06,1.0
Central Africa,2021-07,8.0
Central Africa,2021-08,8.0
Central Africa,2021-09,0.0
Central Africa,2021-10,0.0
Central Africa,2021-11,0.0
Central Africa,2021-12,0.0
Central Africa,2022-01,0.0
Central Africa,2022-02,0.0
Central Africa,2022-03,0.0
Central Africa,2022-04,0.0
Central Africa,2022-05,0.0
Central Africa,2022-06,0.0
Central Africa,2022-07,0.0
Central Africa,2022-08,2.0
Central Africa,2022-09,3.0
Central Africa,2022-10,1.0
Central Africa,2022-11,0.0
Central Africa,2022-12,0.0
Central Africa,2023-01,1.0
Central Africa,2023-02,1.0
Central Africa,2023-03,0.0
Central Africa,2023-04,2.0
Central Africa,2023-05,1.0
Central Africa,2023-06,3.0
Central Africa,2023-07,3.0
Central Africa,2023-08,3.0
Central Africa,2023-09,0.0
Central Africa,2023-10,7.0
Central Africa,2023-11,4.0
Central Africa,2023-12,3.0
Central Africa,2024-01,2.0
Central Africa,2024-02,4.0
Central Africa,2024-03,0.0
Central Africa,2024-04,1.0
Central Africa,2024-05,2.0
Central Africa,2024-06,2.0
Central Africa,2024-07,0.0
Central Africa,2024-08,6.0
Central Africa,2024-09,2.0
Central Africa,2024-10,2.0
Central Africa,2024-11,5.0
Central Africa,2024-12,0.0
Central Africa,2025-01,3.0
Central Africa,2025-02,1.0
Central Africa,2025-03,2.0
Central Africa,2025-04,1.0
Central Africa,2025-05,0.0
Central Africa,2025-06,2.0
Central Africa,2025-07,23.0
Central Africa,2025-08,27.0
Central Africa,2025-09,2.0
Central Africa,2025-10,1.0
Central Africa,2025-11,4.0
Central Africa,2025-12,1.0
Central Africa,2026-01,3.0
Central Africa,2026-02,1.0
Central Africa,2026-03,2.0
Central Africa,2026-04,0.0
Chad,2019-01,1.0
Chad,2019-02,2.0
Chad,2019-03,6.0
Chad,2019-04,0.0
Chad,2019-05,1.0
Chad,2019-06,5.0
Chad,2019-07,2.0
Chad,2019-08,25.0
Chad,2019-09,2.0
Chad,2019-10,2.0
Chad,2019-11,5.0
Chad,2019-12,1.0
Chad,2020-01,3.0
Chad,2020-02,1.0
Chad,2020-03,0.0
Chad,2020-04,0.0
Chad,2020-05,0.0
Chad,2020-06,0.0
Chad,2020-07,0.0
Chad,2020-08,0.0
Chad,2020-09,0.0
Chad,2020-10,0.0
Chad,2020-11,1.0
Chad,2020-12,0.0
Chad,2021-01,0.0
Chad,2021-02,0.0
Chad,2021-03,0.0
Chad,2021-04,0.0
Chad,2021-05,0.0
Chad,2021-06,0.0
Chad,2021-07,12.0
Chad,2021-08,0.0
Chad,2021-09,0.0
Chad,2021-10,0.0
Chad,2021-11,0.0
Chad,2021-12,0.0
Chad,2022-01,0.0
Chad,2022-02,0.0
Chad,2022-03,0.0
Chad,2022-04,0.0
Chad,2022-05,0.0
Chad,2022-06,0.0
Chad,2022-07,1.0
Chad,2022-08,4.0
Chad,2022-09,0.0
Chad,2022-10,1.0
Chad,2022-11,1.0
Chad,2022-12,1.0
Chad,2023-01,1.0
Chad,2023-02,4.0
Chad,2023-03,2.0
Chad,2023-04,2.0
Chad,2023-05,1.0
Chad,2023-06,0.0
Chad,2023-07,0.0
Chad,2023-08,2.0
Chad,2023-09,4.0
Chad,2023-10,9.0
Chad,2023-11,0.0
Chad,2023-12,1.0
Chad,2024-01,3.0
Chad,2024-02,5.0
Chad,2024-03,0.0
Chad,2024-04,0.0
Chad,2024-05,3.0
Chad,2024-06,2.0
Chad,2024-07,3.0
Chad,2024-08,7.0
Chad,2024-09,3.0
Chad,2024-10,2.0
Chad,2024-11,1.0
Chad,2024-12,6.0
Chad,2025-01,3.0
Chad,2025-02,6.0
Chad,2025-03,6.0
Chad,2025-04,9.0
Chad,2025-05,2.0
Chad,2025-06,3.0
Chad,2025-07,3.0
Chad,2025-08,24.0
Chad,2025-09,8.0
Chad,2025-10,2.0
Chad,2025-11,3.0
Chad,2025-12,3.0
Chad,2026-01,3.0
Chad,2026-02,1.0
Chad,2026-03,4.0
Chad,2026-04,1.0
Chile,2019-01,1033.0
Chile,2019-02,1418.0
Chile,2019-03,1299.0
Chile,2019-04,1493.0
Chile,2019-05,1022.0
Chile,2019-06,832.0
Chile,2019-07,835.0
Chile,2019-08,714.0
Chile,2019-09,1529.0
Chile,2019-10,1539.0
Chile,2019-11,1034.0
Chile,2019-12,622.0
Chile,2020-01,1212.0
Chile,2020-02,1674.0
Chile,2020-03,448.0
Chile,2020-04,1.0
Chile,2020-05,0.0
Chile,2020-06,0.0
Chile,2020-07,0.0
Chile,2020-08,2.0
Chile,2020-09,0.0
Chile,2020-10,12.0
Chile,2020-11,17.0
Chile,2020-12,15.0
Chile,2021-01,17.0
Chile,2021-02,3.0
Chile,2021-03,4.0
Chile,2021-04,5.0
Chile,2021-05,7.0
Chile,2021-06,2.0
Chile,2021-07,140.0
Chile,2021-08,60.0
Chile,2021-09,4.0
Chile,2021-10,11.0
Chile,2021-11,19.0
Chile,2021-12,4.0
Chile,2022-01,16.0
Chile,2022-02,4.0
Chile,2022-03,27.0
Chile,2022-04,54.0
Chile,2022-05,44.0
Chile,2022-06,121.0
Chile,2022-07,98.0
Chile,2022-08,107.0
Chile,2022-09,151.0
Chile,2022-10,361.0
Chile,2022-11,505.0
Chile,2022-12,414.0
Chile,2023-01,724.0
Chile,2023-02,937.0
Chile,2023-03,1361.0
Chile,2023-04,1554.0
Chile,2023-05,1163.0
Chile,2023-06,722.0
Chile,2023-07,1136.0
Chile,2023-08,832.0
Chile,2023-09,1439.0
Chile,2023-10,1981.0
Chile,2023-11,1249.0
Chile,2023-12,710.0
Chile,2024-01,1259.0
Chile,2024-02,2317.0
Chile,2024-03,1772.0
Chile,2024-04,2013.0
Chile,2024-05,1656.0
Chile,2024-06,1064.0
Chile,2024-07,856.0
Chile,2024-08,831.0
Chile,2024-09,1890.0
Chile,2024-10,2394.0
Chile,2024-11,1548.0
Chile,2024-12,860.0
Chile,2025-01,1666.0
Chile,2025-02,2804.0
Chile,2025-03,2070.0
Chile,2025-04,2470.0
Chile,2025-05,2530.0
Chile,2025-06,1356.0
Chile,2025-07,1215.0
Chile,2025-08,1022.0
Chile,2025-09,2622.0
Chile,2025-10,2874.0
Chile,2025-11,2017.0
Chile,2025-12,1093.0
Chile,2026-01,1841.0
Chile,2026-02,3317.0
Chile,2026-03,2373.0
Chile,2026-04,2552.0
China,2019-01,754421.0
China,2019-02,723617.0
China,2019-03,691279.0
China,2019-04,726132.0
China,2019-05,756365.0
China,2019-06,880651.0
China,2019-07,1050420.0
China,2019-08,1000639.0
China,2019-09,819054.0
China,2019-10,730631.0
China,2019-11,750951.0
China,2019-12,710234.0
China,2020-01,924790.0
China,2020-02,87220.0
China,2020-03,10365.0
China,2020-04,163.0
China,2020-05,25.0
China,2020-06,334.0
China,2020-07,785.0
China,2020-08,1606.0
China,2020-09,2954.0
China,2020-10,4502.0
China,2020-11,18147.0
China,2020-12,18365.0
China,2021-01,10225.0
China,2021-02,1747.0
China,2021-03,3951.0
China,2021-04,3271.0
China,2021-05,1823.0
China,2021-06,1973.0
China,2021-07,3931.0
China,2021-08,2396.0
China,2021-09,3960.0
China,2021-10,4009.0
China,2021-11,3189.0
China,2021-12,1764.0
China,2022-01,1490.0
China,2022-02,2359.0
China,2022-03,9799.0
China,2022-04,22371.0
China,2022-05,17643.0
China,2022-06,14657.0
China,2022-07,14803.0
China,2022-08,12332.0
China,2022-09,17590.0
China,2022-10,21498.0
China,2022-11,21016.0
China,2022-12,33567.0
China,2023-01,31291.0
China,2023-02,36285.0
China,2023-03,75814.0
China,2023-04,108295.0
China,2023-05,134510.0
China,2023-06,208573.0
China,2023-07,313328.0
China,2023-08,364228.0
China,2023-09,325645.0
China,2023-10,256371.0
China,2023-11,258343.0
China,2023-12,312474.0
China,2024-01,416088.0
China,2024-02,459463.0
China,2024-03,452525.0
China,2024-04,533611.0
China,2024-05,545552.0
China,2024-06,665617.0
China,2024-07,776520.0
China,2024-08,746010.0
China,2024-09,652405.0
China,2024-10,582919.0
China,2024-11,546339.0
China,2024-12,604293.0
China,2025-01,980520.0
China,2025-02,722924.0
China,2025-03,661817.0
China,2025-04,765189.0
China,2025-05,790089.0
China,2025-06,798001.0
China,2025-07,974564.0
China,2025-08,1018747.0
China,2025-09,775657.0
China,2025-10,715804.0
China,2025-11,562708.0
China,2025-12,330435.0
China,2026-01,385519.0
China,2026-02,396511.0
China,2026-03,291686.0
China,2026-04,330776.0
Colombia,2019-01,506.0
Colombia,2019-02,318.0
Colombia,2019-03,1037.0
Colombia,2019-04,1342.0
Colombia,2019-05,931.0
Colombia,2019-06,1503.0
Colombia,2019-07,921.0
Colombia,2019-08,919.0
Colombia,2019-09,1174.0
Colombia,2019-10,1164.0
Colombia,2019-11,1102.0
Colombia,2019-12,828.0
Colombia,2020-01,542.0
Colombia,2020-02,278.0
Colombia,2020-03,214.0
Colombia,2020-04,1.0
Colombia,2020-05,0.0
Colombia,2020-06,1.0
Colombia,2020-07,1.0
Colombia,2020-08,4.0
Colombia,2020-09,3.0
Colombia,2020-10,17.0
Colombia,2020-11,27.0
Colombia,2020-12,10.0
Colombia,2021-01,16.0
Colombia,2021-02,8.0
Colombia,2021-03,3.0
Colombia,2021-04,20.0
Colombia,2021-05,12.0
Colombia,2021-06,2.0
Colombia,2021-07,199.0
Colombia,2021-08,136.0
Colombia,2021-09,15.0
Colombia,2021-10,31.0
Colombia,2021-11,26.0
Colombia,2021-12,8.0
Colombia,2022-01,30.0
Colombia,2022-02,17.0
Colombia,2022-03,39.0
Colombia,2022-04,85.0
Colombia,2022-05,72.0
Colombia,2022-06,56.0
Colombia,2022-07,88.0
Colombia,2022-08,113.0
Colombia,2022-09,137.0
Colombia,2022-10,241.0
Colombia,2022-11,343.0
Colombia,2022-12,274.0
Colombia,2023-01,328.0
Colombia,2023-02,235.0
Colombia,2023-03,855.0
Colombia,2023-04,813.0
Colombia,2023-05,690.0
Colombia,2023-06,889.0
Colombia,2023-07,776.0
Colombia,2023-08,662.0
Colombia,2023-09,1298.0
Colombia,2023-10,1411.0
Colombia,2023-11,862.0
Colombia,2023-12,779.0
Colombia,2024-01,567.0
Colombia,2024-02,617.0
Colombia,2024-03,1673.0
Colombia,2024-04,1406.0
Colombia,2024-05,1533.0
Colombia,2024-06,1330.0
Colombia,2024-07,1192.0
Colombia,2024-08,925.0
Colombia,2024-09,1645.0
Colombia,2024-10,2312.0
Colombia,2024-11,1398.0
Colombia,2024-12,1004.0
Colombia,2025-01,645.0
Colombia,2025-02,849.0
Colombia,2025-03,1833.0
Colombia,2025-04,2712.0
Colombia,2025-05,2153.0
Colombia,2025-06,2005.0
Colombia,2025-07,1425.0
Colombia,2025-08,1475.0
Colombia,2025-09,2680.0
Colombia,2025-10,3067.0
Colombia,2025-11,2290.0
Colombia,2025-12,1438.0
Colombia,2026-01,943.0
Colombia,2026-02,1099.0
Colombia,2026-03,3157.0
Colombia,2026-04,2362.0
Comoros,2019-01,3.0
Comoros,2019-02,9.0
Comoros,2019-03,13.0
Comoros,2019-04,6.0
Comoros,2019-05,3.0
Comoros,2019-06,1.0
Comoros,2019-07,3.0
Comoros,2019-08,20.0
Comoros,2019-09,4.0
Comoros,2019-10,11.0
Comoros,2019-11,7.0
Comoros,2019-12,11.0
Comoros,2020-01,6.0
Comoros,2020-02,4.0
Comoros,2020-03,0.0
Comoros,2020-04,0.0
Comoros,2020-05,0.0
Comoros,2020-06,0.0
Comoros,2020-07,0.0
Comoros,2020-08,0.0
Comoros,2020-09,0.0
Comoros,2020-10,0.0
Comoros,2020-11,0.0
Comoros,2020-12,0.0
Comoros,2021-01,0.0
Comoros,2021-02,0.0
Comoros,2021-03,0.0
Comoros,2021-04,0.0
Comoros,2021-05,0.0
Comoros,2021-06,0.0
Comoros,2021-07,10.0
Comoros,2021-08,1.0
Comoros,2021-09,0.0
Comoros,2021-10,0.0
Comoros,2021-11,0.0
Comoros,2021-12,0.0
Comoros,2022-01,0.0
Comoros,2022-02,0.0
Comoros,2022-03,0.0
Comoros,2022-04,0.0
Comoros,2022-05,0.0
Comoros,2022-06,0.0
Comoros,2022-07,1.0
Comoros,2022-08,1.0
Comoros,2022-09,14.0
Comoros,2022-10,2.0
Comoros,2022-11,9.0
Comoros,2022-12,3.0
Comoros,2023-01,10.0
Comoros,2023-02,1.0
Comoros,2023-03,3.0
Comoros,2023-04,2.0
Comoros,2023-05,20.0
Comoros,2023-06,7.0
Comoros,2023-07,4.0
Comoros,2023-08,5.0
Comoros,2023-09,4.0
Comoros,2023-10,3.0
Comoros,2023-11,9.0
Comoros,2023-12,7.0
Comoros,2024-01,2.0
Comoros,2024-02,2.0
Comoros,2024-03,0.0
Comoros,2024-04,5.0
Comoros,2024-05,7.0
Comoros,2024-06,11.0
Comoros,2024-07,4.0
Comoros,2024-08,4.0
Comoros,2024-09,4.0
Comoros,2024-10,4.0
Comoros,2024-11,7.0
Comoros,2024-12,12.0
Comoros,2025-01,6.0
Comoros,2025-02,3.0
Comoros,2025-03,3.0
Comoros,2025-04,6.0
Comoros,2025-05,10.0
Comoros,2025-06,6.0
Comoros,2025-07,2.0
Comoros,2025-08,52.0
Comoros,2025-09,9.0
Comoros,2025-10,15.0
Comoros,2025-11,11.0
Comoros,2025-12,11.0
Comoros,2026-01,5.0
Comoros,2026-02,0.0
Comoros,2026-03,4.0
Comoros,2026-04,2.0
Costa Rica,2019-01,241.0
Costa Rica,2019-02,194.0
Costa Rica,2019-03,307.0
Costa Rica,2019-04,442.0
Costa Rica,2019-05,241.0
Costa Rica,2019-06,198.0
Costa Rica,2019-07,239.0
Costa Rica,2019-08,162.0
Costa Rica,2019-09,283.0
Costa Rica,2019-10,358.0
Costa Rica,2019-11,267.0
Costa Rica,2019-12,300.0
Costa Rica,2020-01,250.0
Costa Rica,2020-02,154.0
Costa Rica,2020-03,76.0
Costa Rica,2020-04,0.0
Costa Rica,2020-05,0.0
Costa Rica,2020-06,0.0
Costa Rica,2020-07,0.0
Costa Rica,2020-08,0.0
Costa Rica,2020-09,2.0
Costa Rica,2020-10,2.0
Costa Rica,2020-11,7.0
Costa Rica,2020-12,4.0
Costa Rica,2021-01,2.0
Costa Rica,2021-02,1.0
Costa Rica,2021-03,2.0
Costa Rica,2021-04,2.0
Costa Rica,2021-05,0.0
Costa Rica,2021-06,2.0
Costa Rica,2021-07,38.0
Costa Rica,2021-08,31.0
Costa Rica,2021-09,6.0
Costa Rica,2021-10,2.0
Costa Rica,2021-11,5.0
Costa Rica,2021-12,2.0
Costa Rica,2022-01,11.0
Costa Rica,2022-02,3.0
Costa Rica,2022-03,7.0
Costa Rica,2022-04,13.0
Costa Rica,2022-05,12.0
Costa Rica,2022-06,9.0
Costa Rica,2022-07,17.0
Costa Rica,2022-08,16.0
Costa Rica,2022-09,29.0
Costa Rica,2022-10,112.0
Costa Rica,2022-11,143.0
Costa Rica,2022-12,146.0
Costa Rica,2023-01,127.0
Costa Rica,2023-02,154.0
Costa Rica,2023-03,438.0
Costa Rica,2023-04,540.0
Costa Rica,2023-05,374.0
Costa Rica,2023-06,258.0
Costa Rica,2023-07,277.0
Costa Rica,2023-08,341.0
Costa Rica,2023-09,443.0
Costa Rica,2023-10,660.0
Costa Rica,2023-11,468.0
Costa Rica,2023-12,441.0
Costa Rica,2024-01,388.0
Costa Rica,2024-02,379.0
Costa Rica,2024-03,863.0
Costa Rica,2024-04,524.0
Costa Rica,2024-05,441.0
Costa Rica,2024-06,235.0
Costa Rica,2024-07,273.0
Costa Rica,2024-08,247.0
Costa Rica,2024-09,454.0
Costa Rica,2024-10,823.0
Costa Rica,2024-11,456.0
Costa Rica,2024-12,500.0
Costa Rica,2025-01,438.0
Costa Rica,2025-02,548.0
Costa Rica,2025-03,762.0
Costa Rica,2025-04,1104.0
Costa Rica,2025-05,753.0
Costa Rica,2025-06,430.0
Costa Rica,2025-07,389.0
Costa Rica,2025-08,353.0
Costa Rica,2025-09,874.0
Costa Rica,2025-10,1193.0
Costa Rica,2025-11,893.0
Costa Rica,2025-12,699.0
Costa Rica,2026-01,776.0
Costa Rica,2026-02,767.0
Costa Rica,2026-03,933.0
Costa Rica,2026-04,1010.0
Cote d'Ivoire,2019-01,22.0
Cote d'Ivoire,2019-02,28.0
Cote d'Ivoire,2019-03,30.0
Cote d'Ivoire,2019-04,54.0
Cote d'Ivoire,2019-05,26.0
Cote d'Ivoire,2019-06,44.0
Cote d'Ivoire,2019-07,30.0
Cote d'Ivoire,2019-08,134.0
Cote d'Ivoire,2019-09,32.0
Cote d'Ivoire,2019-10,92.0
Cote d'Ivoire,2019-11,50.0
Cote d'Ivoire,2019-12,32.0
Cote d'Ivoire,2020-01,32.0
Cote d'Ivoire,2020-02,18.0
Cote d'Ivoire,2020-03,2.0
Cote d'Ivoire,2020-04,0.0
Cote d'Ivoire,2020-05,0.0
Cote d'Ivoire,2020-06,0.0
Cote d'Ivoire,2020-07,0.0
Cote d'Ivoire,2020-08,5.0
Cote d'Ivoire,2020-09,0.0
Cote d'Ivoire,2020-10,5.0
Cote d'Ivoire,2020-11,2.0
Cote d'Ivoire,2020-12,1.0
Cote d'Ivoire,2021-01,2.0
Cote d'Ivoire,2021-02,3.0
Cote d'Ivoire,2021-03,3.0
Cote d'Ivoire,2021-04,4.0
Cote d'Ivoire,2021-05,2.0
Cote d'Ivoire,2021-06,2.0
Cote d'Ivoire,2021-07,75.0
Cote d'Ivoire,2021-08,19.0
Cote d'Ivoire,2021-09,2.0
Cote d'Ivoire,2021-10,1.0
Cote d'Ivoire,2021-11,8.0
Cote d'Ivoire,2021-12,2.0
Cote d'Ivoire,2022-01,3.0
Cote d'Ivoire,2022-02,2.0
Cote d'Ivoire,2022-03,8.0
Cote d'Ivoire,2022-04,8.0
Cote d'Ivoire,2022-05,8.0
Cote d'Ivoire,2022-06,1.0
Cote d'Ivoire,2022-07,8.0
Cote d'Ivoire,2022-08,13.0
Cote d'Ivoire,2022-09,17.0
Cote d'Ivoire,2022-10,20.0
Cote d'Ivoire,2022-11,20.0
Cote d'Ivoire,2022-12,18.0
Cote d'Ivoire,2023-01,15.0
Cote d'Ivoire,2023-02,26.0
Cote d'Ivoire,2023-03,12.0
Cote d'Ivoire,2023-04,27.0
Cote d'Ivoire,2023-05,37.0
Cote d'Ivoire,2023-06,33.0
Cote d'Ivoire,2023-07,59.0
Cote d'Ivoire,2023-08,38.0
Cote d'Ivoire,2023-09,68.0
Cote d'Ivoire,2023-10,32.0
Cote d'Ivoire,2023-11,41.0
Cote d'Ivoire,2023-12,37.0
Cote d'Ivoire,2024-01,31.0
Cote d'Ivoire,2024-02,25.0
Cote d'Ivoire,2024-03,21.0
Cote d'Ivoire,2024-04,17.0
Cote d'Ivoire,2024-05,42.0
Cote d'Ivoire,2024-06,47.0
Cote d'Ivoire,2024-07,21.0
Cote d'Ivoire,2024-08,60.0
Cote d'Ivoire,2024-09,94.0
Cote d'Ivoire,2024-10,53.0
Cote d'Ivoire,2024-11,50.0
Cote d'Ivoire,2024-12,30.0
Cote d'Ivoire,2025-01,39.0
Cote d'Ivoire,2025-02,34.0
Cote d'Ivoire,2025-03,41.0
Cote d'Ivoire,2025-04,66.0
Cote d'Ivoire,2025-05,35.0
Cote d'Ivoire,2025-06,167.0
Cote d'Ivoire,2025-07,49.0
Cote d'Ivoire,2025-08,151.0
Cote d'Ivoire,2025-09,96.0
Cote d'Ivoire,2025-10,97.0
Cote d'Ivoire,2025-11,63.0
Cote d'Ivoire,2025-12,20.0
Cote d'Ivoire,2026-01,45.0
Cote d'Ivoire,2026-02,15.0
Cote d'Ivoire,2026-03,73.0
Cote d'Ivoire,2026-04,32.0
Croatia,2019-01,172.0
Croatia,2019-02,210.0
Croatia,2019-03,430.0
Croatia,2019-04,470.0
Croatia,2019-05,542.0
Croatia,2019-06,271.0
Croatia,2019-07,330.0
Croatia,2019-08,343.0
Croatia,2019-09,362.0
Croatia,2019-10,363.0
Croatia,2019-11,357.0
Croatia,2019-12,249.0
Croatia,2020-01,202.0
Croatia,2020-02,198.0
Croatia,2020-03,42.0
Croatia,2020-04,0.0
Croatia,2020-05,0.0
Croatia,2020-06,0.0
Croatia,2020-07,1.0
Croatia,2020-08,1.0
Croatia,2020-09,6.0
Croatia,2020-10,6.0
Croatia,2020-11,9.0
Croatia,2020-12,5.0
Croatia,2021-01,6.0
Croatia,2021-02,0.0
Croatia,2021-03,8.0
Croatia,2021-04,5.0
Croatia,2021-05,7.0
Croatia,2021-06,8.0
Croatia,2021-07,242.0
Croatia,2021-08,92.0
Croatia,2021-09,8.0
Croatia,2021-10,31.0
Croatia,2021-11,7.0
Croatia,2021-12,0.0
Croatia,2022-01,2.0
Croatia,2022-02,2.0
Croatia,2022-03,22.0
Croatia,2022-04,14.0
Croatia,2022-05,28.0
Croatia,2022-06,45.0
Croatia,2022-07,28.0
Croatia,2022-08,53.0
Croatia,2022-09,73.0
Croatia,2022-10,108.0
Croatia,2022-11,146.0
Croatia,2022-12,113.0
Croatia,2023-01,135.0
Croatia,2023-02,148.0
Croatia,2023-03,333.0
Croatia,2023-04,418.0
Croatia,2023-05,463.0
Croatia,2023-06,251.0
Croatia,2023-07,406.0
Croatia,2023-08,305.0
Croatia,2023-09,477.0
Croatia,2023-10,441.0
Croatia,2023-11,392.0
Croatia,2023-12,298.0
Croatia,2024-01,182.0
Croatia,2024-02,265.0
Croatia,2024-03,856.0
Croatia,2024-04,665.0
Croatia,2024-05,687.0
Croatia,2024-06,375.0
Croatia,2024-07,360.0
Croatia,2024-08,343.0
Croatia,2024-09,528.0
Croatia,2024-10,740.0
Croatia,2024-11,647.0
Croatia,2024-12,430.0
Croatia,2025-01,292.0
Croatia,2025-02,611.0
Croatia,2025-03,1023.0
Croatia,2025-04,1263.0
Croatia,2025-05,1122.0
Croatia,2025-06,625.0
Croatia,2025-07,576.0
Croatia,2025-08,551.0
Croatia,2025-09,1174.0
Croatia,2025-10,1162.0
Croatia,2025-11,1047.0
Croatia,2025-12,569.0
Croatia,2026-01,356.0
Croatia,2026-02,551.0
Croatia,2026-03,1476.0
Croatia,2026-04,1057.0
Cuba,2019-01,40.0
Cuba,2019-02,34.0
Cuba,2019-03,56.0
Cuba,2019-04,43.0
Cuba,2019-05,27.0
Cuba,2019-06,43.0
Cuba,2019-07,104.0
Cuba,2019-08,127.0
Cuba,2019-09,47.0
Cuba,2019-10,56.0
Cuba,2019-11,93.0
Cuba,2019-12,31.0
Cuba,2020-01,25.0
Cuba,2020-02,28.0
Cuba,2020-03,17.0
Cuba,2020-04,0.0
Cuba,2020-05,0.0
Cuba,2020-06,0.0
Cuba,2020-07,2.0
Cuba,2020-08,2.0
Cuba,2020-09,0.0
Cuba,2020-10,5.0
Cuba,2020-11,2.0
Cuba,2020-12,0.0
Cuba,2021-01,0.0
Cuba,2021-02,7.0
Cuba,2021-03,4.0
Cuba,2021-04,6.0
Cuba,2021-05,0.0
Cuba,2021-06,10.0
Cuba,2021-07,242.0
Cuba,2021-08,56.0
Cuba,2021-09,3.0
Cuba,2021-10,7.0
Cuba,2021-11,2.0
Cuba,2021-12,6.0
Cuba,2022-01,13.0
Cuba,2022-02,4.0
Cuba,2022-03,13.0
Cuba,2022-04,5.0
Cuba,2022-05,14.0
Cuba,2022-06,17.0
Cuba,2022-07,12.0
Cuba,2022-08,45.0
Cuba,2022-09,57.0
Cuba,2022-10,28.0
Cuba,2022-11,13.0
Cuba,2022-12,25.0
Cuba,2023-01,15.0
Cuba,2023-02,65.0
Cuba,2023-03,91.0
Cuba,2023-04,33.0
Cuba,2023-05,41.0
Cuba,2023-06,18.0
Cuba,2023-07,59.0
Cuba,2023-08,75.0
Cuba,2023-09,81.0
Cuba,2023-10,42.0
Cuba,2023-11,30.0
Cuba,2023-12,26.0
Cuba,2024-01,26.0
Cuba,2024-02,32.0
Cuba,2024-03,32.0
Cuba,2024-04,27.0
Cuba,2024-05,63.0
Cuba,2024-06,48.0
Cuba,2024-07,38.0
Cuba,2024-08,63.0
Cuba,2024-09,70.0
Cuba,2024-10,60.0
Cuba,2024-11,79.0
Cuba,2024-12,53.0
Cuba,2025-01,29.0
Cuba,2025-02,26.0
Cuba,2025-03,43.0
Cuba,2025-04,32.0
Cuba,2025-05,49.0
Cuba,2025-06,57.0
Cuba,2025-07,65.0
Cuba,2025-08,50.0
Cuba,2025-09,108.0
Cuba,2025-10,38.0
Cuba,2025-11,92.0
Cuba,2025-12,28.0
Cuba,2026-01,23.0
Cuba,2026-02,21.0
Cuba,2026-03,64.0
Cuba,2026-04,39.0
Cyprus,2019-01,74.0
Cyprus,2019-02,72.0
Cyprus,2019-03,217.0
Cyprus,2019-04,258.0
Cyprus,2019-05,148.0
Cyprus,2019-06,98.0
Cyprus,2019-07,176.0
Cyprus,2019-08,280.0
Cyprus,2019-09,143.0
Cyprus,2019-10,214.0
Cyprus,2019-11,156.0
Cyprus,2019-12,146.0
Cyprus,2020-01,114.0
Cyprus,2020-02,51.0
Cyprus,2020-03,21.0
Cyprus,2020-04,1.0
Cyprus,2020-05,0.0
Cyprus,2020-06,0.0
Cyprus,2020-07,1.0
Cyprus,2020-08,1.0
Cyprus,2020-09,1.0
Cyprus,2020-10,3.0
Cyprus,2020-11,3.0
Cyprus,2020-12,6.0
Cyprus,2021-01,1.0
Cyprus,2021-02,1.0
Cyprus,2021-03,1.0
Cyprus,2021-04,3.0
Cyprus,2021-05,2.0
Cyprus,2021-06,3.0
Cyprus,2021-07,61.0
Cyprus,2021-08,11.0
Cyprus,2021-09,4.0
Cyprus,2021-10,9.0
Cyprus,2021-11,0.0
Cyprus,2021-12,0.0
Cyprus,2022-01,3.0
Cyprus,2022-02,2.0
Cyprus,2022-03,4.0
Cyprus,2022-04,8.0
Cyprus,2022-05,14.0
Cyprus,2022-06,13.0
Cyprus,2022-07,11.0
Cyprus,2022-08,18.0
Cyprus,2022-09,29.0
Cyprus,2022-10,53.0
Cyprus,2022-11,69.0
Cyprus,2022-12,152.0
Cyprus,2023-01,69.0
Cyprus,2023-02,78.0
Cyprus,2023-03,214.0
Cyprus,2023-04,388.0
Cyprus,2023-05,138.0
Cyprus,2023-06,125.0
Cyprus,2023-07,237.0
Cyprus,2023-08,233.0
Cyprus,2023-09,126.0
Cyprus,2023-10,288.0
Cyprus,2023-11,190.0
Cyprus,2023-12,198.0
Cyprus,2024-01,114.0
Cyprus,2024-02,116.0
Cyprus,2024-03,450.0
Cyprus,2024-04,500.0
Cyprus,2024-05,255.0
Cyprus,2024-06,187.0
Cyprus,2024-07,325.0
Cyprus,2024-08,357.0
Cyprus,2024-09,170.0
Cyprus,2024-10,292.0
Cyprus,2024-11,280.0
Cyprus,2024-12,263.0
Cyprus,2025-01,136.0
Cyprus,2025-02,136.0
Cyprus,2025-03,497.0
Cyprus,2025-04,698.0
Cyprus,2025-05,384.0
Cyprus,2025-06,265.0
Cyprus,2025-07,371.0
Cyprus,2025-08,463.0
Cyprus,2025-09,323.0
Cyprus,2025-10,557.0
Cyprus,2025-11,347.0
Cyprus,2025-12,268.0
Cyprus,2026-01,160.0
Cyprus,2026-02,214.0
Cyprus,2026-03,523.0
Cyprus,2026-04,721.0
Czech Republic,2019-01,762.0
Czech Republic,2019-02,712.0
Czech Republic,2019-03,1178.0
Czech Republic,2019-04,1499.0
Czech Republic,2019-05,1342.0
Czech Republic,2019-06,988.0
Czech Republic,2019-07,1195.0
Czech Republic,2019-08,1017.0
Czech Republic,2019-09,1533.0
Czech Republic,2019-10,2026.0
Czech Republic,2019-11,1272.0
Czech Republic,2019-12,832.0
Czech Republic,2020-01,679.0
Czech Republic,2020-02,635.0
Czech Republic,2020-03,265.0
Czech Republic,2020-04,3.0
Czech Republic,2020-05,0.0
Czech Republic,2020-06,3.0
Czech Republic,2020-07,0.0
Czech Republic,2020-08,5.0
Czech Republic,2020-09,9.0
Czech Republic,2020-10,22.0
Czech Republic,2020-11,38.0
Czech Republic,2020-12,20.0
Czech Republic,2021-01,19.0
Czech Republic,2021-02,2.0
Czech Republic,2021-03,10.0
Czech Republic,2021-04,10.0
Czech Republic,2021-05,11.0
Czech Republic,2021-06,6.0
Czech Republic,2021-07,427.0
Czech Republic,2021-08,112.0
Czech Republic,2021-09,81.0
Czech Republic,2021-10,53.0
Czech Republic,2021-11,16.0
Czech Republic,2021-12,6.0
Czech Republic,2022-01,25.0
Czech Republic,2022-02,4.0
Czech Republic,2022-03,47.0
Czech Republic,2022-04,74.0
Czech Republic,2022-05,107.0
Czech Republic,2022-06,108.0
Czech Republic,2022-07,138.0
Czech Republic,2022-08,165.0
Czech Republic,2022-09,330.0
Czech Republic,2022-10,508.0
Czech Republic,2022-11,598.0
Czech Republic,2022-12,383.0
Czech Republic,2023-01,439.0
Czech Republic,2023-02,547.0
Czech Republic,2023-03,1256.0
Czech Republic,2023-04,1420.0
Czech Republic,2023-05,1488.0
Czech Republic,2023-06,985.0
Czech Republic,2023-07,1433.0
Czech Republic,2023-08,1120.0
Czech Republic,2023-09,1379.0
Czech Republic,2023-10,1872.0
Czech Republic,2023-11,1366.0
Czech Republic,2023-12,653.0
Czech Republic,2024-01,727.0
Czech Republic,2024-02,836.0
Czech Republic,2024-03,1948.0
Czech Republic,2024-04,2000.0
Czech Republic,2024-05,1943.0
Czech Republic,2024-06,1408.0
Czech Republic,2024-07,1946.0
Czech Republic,2024-08,1548.0
Czech Republic,2024-09,1969.0
Czech Republic,2024-10,2894.0
Czech Republic,2024-11,1776.0
Czech Republic,2024-12,929.0
Czech Republic,2025-01,848.0
Czech Republic,2025-02,1081.0
Czech Republic,2025-03,2647.0
Czech Republic,2025-04,3885.0
Czech Republic,2025-05,3538.0
Czech Republic,2025-06,2433.0
Czech Republic,2025-07,3315.0
Czech Republic,2025-08,2431.0
Czech Republic,2025-09,3917.0
Czech Republic,2025-10,4066.0
Czech Republic,2025-11,2400.0
Czech Republic,2025-12,1106.0
Czech Republic,2026-01,1118.0
Czech Republic,2026-02,1399.0
Czech Republic,2026-03,3413.0
Czech Republic,2026-04,3720.0
Democratic Republic of the Congo,2019-01,29.0
Democratic Republic of the Congo,2019-02,35.0
Democratic Republic of the Congo,2019-03,30.0
Democratic Republic of the Congo,2019-04,40.0
Democratic Republic of the Congo,2019-05,36.0
Democratic Republic of the Congo,2019-06,35.0
Democratic Republic of the Congo,2019-07,33.0
Democratic Republic of the Congo,2019-08,214.0
Democratic Republic of the Congo,2019-09,40.0
Democratic Republic of the Congo,2019-10,53.0
Democratic Republic of the Congo,2019-11,76.0
Democratic Republic of the Congo,2019-12,34.0
Democratic Republic of the Congo,2020-01,35.0
Democratic Republic of the Congo,2020-02,43.0
Democratic Republic of the Congo,2020-03,12.0
Democratic Republic of the Congo,2020-04,0.0
Democratic Republic of the Congo,2020-05,3.0
Democratic Republic of the Congo,2020-06,0.0
Democratic Republic of the Congo,2020-07,0.0
Democratic Republic of the Congo,2020-08,2.0
Democratic Republic of the Congo,2020-09,2.0
Democratic Republic of the Congo,2020-10,4.0
Democratic Republic of the Congo,2020-11,11.0
Democratic Republic of the Congo,2020-12,3.0
Democratic Republic of the Congo,2021-01,2.0
Democratic Republic of the Congo,2021-02,1.0
Democratic Republic of the Congo,2021-03,3.0
Democratic Republic of the Congo,2021-04,1.0
Democratic Republic of the Congo,2021-05,3.0
Democratic Republic of the Congo,2021-06,5.0
Democratic Republic of the Congo,2021-07,30.0
Democratic Republic of the Congo,2021-08,23.0
Democratic Republic of the Congo,2021-09,7.0
Democratic Republic of the Congo,2021-10,5.0
Democratic Republic of the Congo,2021-11,4.0
Democratic Republic of the Congo,2021-12,5.0
Democratic Republic of the Congo,2022-01,2.0
Democratic Republic of the Congo,2022-02,6.0
Democratic Republic of the Congo,2022-03,9.0
Democratic Republic of the Congo,2022-04,23.0
Democratic Republic of the Congo,2022-05,18.0
Democratic Republic of the Congo,2022-06,21.0
Democratic Republic of the Congo,2022-07,16.0
Democratic Republic of the Congo,2022-08,17.0
Democratic Republic of the Congo,2022-09,47.0
Democratic Republic of the Congo,2022-10,27.0
Democratic Republic of the Congo,2022-11,56.0
Democratic Republic of the Congo,2022-12,58.0
Democratic Republic of the Congo,2023-01,32.0
Democratic Republic of the Congo,2023-02,26.0
Democratic Republic of the Congo,2023-03,47.0
Democratic Republic of the Congo,2023-04,32.0
Democratic Republic of the Congo,2023-05,40.0
Democratic Republic of the Congo,2023-06,41.0
Democratic Republic of the Congo,2023-07,76.0
Democratic Republic of the Congo,2023-08,62.0
Democratic Republic of the Congo,2023-09,76.0
Democratic Republic of the Congo,2023-10,77.0
Democratic Republic of the Congo,2023-11,39.0
Democratic Republic of the Congo,2023-12,52.0
Democratic Republic of the Congo,2024-01,55.0
Democratic Republic of the Congo,2024-02,40.0
Democratic Republic of the Congo,2024-03,69.0
Democratic Republic of the Congo,2024-04,33.0
Democratic Republic of the Congo,2024-05,45.0
Democratic Republic of the Congo,2024-06,54.0
Democratic Republic of the Congo,2024-07,54.0
Democratic Republic of the Congo,2024-08,59.0
Democratic Republic of the Congo,2024-09,81.0
Democratic Republic of the Congo,2024-10,63.0
Democratic Republic of the Congo,2024-11,50.0
Democratic Republic of the Congo,2024-12,46.0
Democratic Republic of the Congo,2025-01,33.0
Democratic Republic of the Congo,2025-02,26.0
Democratic Republic of the Congo,2025-03,56.0
Democratic Republic of the Congo,2025-04,74.0
Democratic Republic of the Congo,2025-05,35.0
Democratic Republic of the Congo,2025-06,198.0
Democratic Republic of the Congo,2025-07,43.0
Democratic Republic of the Congo,2025-08,176.0
Democratic Republic of the Congo,2025-09,74.0
Democratic Republic of the Congo,2025-10,68.0
Democratic Republic of the Congo,2025-11,46.0
Democratic Republic of the Congo,2025-12,26.0
Democratic Republic of the Congo,2026-01,41.0
Democratic Republic of the Congo,2026-02,40.0
Democratic Republic of the Congo,2026-03,36.0
Democratic Republic of the Congo,2026-04,39.0
Denmark,2019-01,1544.0
Denmark,2019-02,1843.0
Denmark,2019-03,3132.0
Denmark,2019-04,4215.0
Denmark,2019-05,2404.0
Denmark,2019-06,1980.0
Denmark,2019-07,4972.0
Denmark,2019-08,1645.0
Denmark,2019-09,2298.0
Denmark,2019-10,3917.0
Denmark,2019-11,3080.0
Denmark,2019-12,1863.0
Denmark,2020-01,1789.0
Denmark,2020-02,2046.0
Denmark,2020-03,803.0
Denmark,2020-04,0.0
Denmark,2020-05,1.0
Denmark,2020-06,2.0
Denmark,2020-07,6.0
Denmark,2020-08,19.0
Denmark,2020-09,17.0
Denmark,2020-10,28.0
Denmark,2020-11,39.0
Denmark,2020-12,30.0
Denmark,2021-01,35.0
Denmark,2021-02,5.0
Denmark,2021-03,17.0
Denmark,2021-04,11.0
Denmark,2021-05,17.0
Denmark,2021-06,23.0
Denmark,2021-07,404.0
Denmark,2021-08,176.0
Denmark,2021-09,26.0
Denmark,2021-10,31.0
Denmark,2021-11,35.0
Denmark,2021-12,14.0
Denmark,2022-01,45.0
Denmark,2022-02,11.0
Denmark,2022-03,87.0
Denmark,2022-04,167.0
Denmark,2022-05,263.0
Denmark,2022-06,289.0
Denmark,2022-07,258.0
Denmark,2022-08,433.0
Denmark,2022-09,570.0
Denmark,2022-10,1175.0
Denmark,2022-11,1150.0
Denmark,2022-12,955.0
Denmark,2023-01,1073.0
Denmark,2023-02,1187.0
Denmark,2023-03,3209.0
Denmark,2023-04,3226.0
Denmark,2023-05,2354.0
Denmark,2023-06,2159.0
Denmark,2023-07,4244.0
Denmark,2023-08,1738.0
Denmark,2023-09,2788.0
Denmark,2023-10,4768.0
Denmark,2023-11,2574.0
Denmark,2023-12,1460.0
Denmark,2024-01,1617.0
Denmark,2024-02,2216.0
Denmark,2024-03,5454.0
Denmark,2024-04,3562.0
Denmark,2024-05,3487.0
Denmark,2024-06,2311.0
Denmark,2024-07,5366.0
Denmark,2024-08,1939.0
Denmark,2024-09,3585.0
Denmark,2024-10,6230.0
Denmark,2024-11,3103.0
Denmark,2024-12,2080.0
Denmark,2025-01,2076.0
Denmark,2025-02,2873.0
Denmark,2025-03,4463.0
Denmark,2025-04,6516.0
Denmark,2025-05,3912.0
Denmark,2025-06,2784.0
Denmark,2025-07,6857.0
Denmark,2025-08,2500.0
Denmark,2025-09,4625.0
Denmark,2025-10,7781.0
Denmark,2025-11,3876.0
Denmark,2025-12,2378.0
Denmark,2026-01,2528.0
Denmark,2026-02,3413.0
Denmark,2026-03,7522.0
Denmark,2026-04,4593.0
Djibouti,2019-01,7.0
Djibouti,2019-02,7.0
Djibouti,2019-03,5.0
Djibouti,2019-04,9.0
Djibouti,2019-05,6.0
Djibouti,2019-06,17.0
Djibouti,2019-07,8.0
Djibouti,2019-08,58.0
Djibouti,2019-09,16.0
Djibouti,2019-10,16.0
Djibouti,2019-11,7.0
Djibouti,2019-12,7.0
Djibouti,2020-01,9.0
Djibouti,2020-02,3.0
Djibouti,2020-03,1.0
Djibouti,2020-04,0.0
Djibouti,2020-05,0.0
Djibouti,2020-06,0.0
Djibouti,2020-07,0.0
Djibouti,2020-08,0.0
Djibouti,2020-09,1.0
Djibouti,2020-10,1.0
Djibouti,2020-11,2.0
Djibouti,2020-12,1.0
Djibouti,2021-01,0.0
Djibouti,2021-02,1.0
Djibouti,2021-03,0.0
Djibouti,2021-04,1.0
Djibouti,2021-05,1.0
Djibouti,2021-06,0.0
Djibouti,2021-07,15.0
Djibouti,2021-08,1.0
Djibouti,2021-09,1.0
Djibouti,2021-10,0.0
Djibouti,2021-11,4.0
Djibouti,2021-12,0.0
Djibouti,2022-01,1.0
Djibouti,2022-02,3.0
Djibouti,2022-03,2.0
Djibouti,2022-04,1.0
Djibouti,2022-05,3.0
Djibouti,2022-06,0.0
Djibouti,2022-07,3.0
Djibouti,2022-08,2.0
Djibouti,2022-09,9.0
Djibouti,2022-10,15.0
Djibouti,2022-11,5.0
Djibouti,2022-12,2.0
Djibouti,2023-01,4.0
Djibouti,2023-02,14.0
Djibouti,2023-03,6.0
Djibouti,2023-04,4.0
Djibouti,2023-05,6.0
Djibouti,2023-06,8.0
Djibouti,2023-07,11.0
Djibouti,2023-08,6.0
Djibouti,2023-09,11.0
Djibouti,2023-10,28.0
Djibouti,2023-11,8.0
Djibouti,2023-12,5.0
Djibouti,2024-01,11.0
Djibouti,2024-02,18.0
Djibouti,2024-03,17.0
Djibouti,2024-04,7.0
Djibouti,2024-05,6.0
Djibouti,2024-06,11.0
Djibouti,2024-07,10.0
Djibouti,2024-08,11.0
Djibouti,2024-09,27.0
Djibouti,2024-10,8.0
Djibouti,2024-11,8.0
Djibouti,2024-12,5.0
Djibouti,2025-01,22.0
Djibouti,2025-02,3.0
Djibouti,2025-03,3.0
Djibouti,2025-04,10.0
Djibouti,2025-05,4.0
Djibouti,2025-06,11.0
Djibouti,2025-07,6.0
Djibouti,2025-08,34.0
Djibouti,2025-09,26.0
Djibouti,2025-10,17.0
Djibouti,2025-11,12.0
Djibouti,2025-12,7.0
Djibouti,2026-01,19.0
Djibouti,2026-02,6.0
Djibouti,2026-03,5.0
Djibouti,2026-04,4.0
Dominica,2019-01,4.0
Dominica,2019-02,2.0
Dominica,2019-03,13.0
Dominica,2019-04,5.0
Dominica,2019-05,3.0
Dominica,2019-06,8.0
Dominica,2019-07,7.0
Dominica,2019-08,10.0
Dominica,2019-09,5.0
Dominica,2019-10,9.0
Dominica,2019-11,11.0
Dominica,2019-12,8.0
Dominica,2020-01,4.0
Dominica,2020-02,2.0
Dominica,2020-03,0.0
Dominica,2020-04,0.0
Dominica,2020-05,0.0
Dominica,2020-06,0.0
Dominica,2020-07,0.0
Dominica,2020-08,0.0
Dominica,2020-09,0.0
Dominica,2020-10,0.0
Dominica,2020-11,0.0
Dominica,2020-12,3.0
Dominica,2021-01,1.0
Dominica,2021-02,0.0
Dominica,2021-03,0.0
Dominica,2021-04,1.0
Dominica,2021-05,0.0
Dominica,2021-06,1.0
Dominica,2021-07,5.0
Dominica,2021-08,0.0
Dominica,2021-09,0.0
Dominica,2021-10,0.0
Dominica,2021-11,0.0
Dominica,2021-12,0.0
Dominica,2022-01,1.0
Dominica,2022-02,0.0
Dominica,2022-03,3.0
Dominica,2022-04,1.0
Dominica,2022-05,1.0
Dominica,2022-06,5.0
Dominica,2022-07,1.0
Dominica,2022-08,1.0
Dominica,2022-09,3.0
Dominica,2022-10,2.0
Dominica,2022-11,10.0
Dominica,2022-12,15.0
Dominica,2023-01,11.0
Dominica,2023-02,9.0
Dominica,2023-03,19.0
Dominica,2023-04,8.0
Dominica,2023-05,19.0
Dominica,2023-06,18.0
Dominica,2023-07,11.0
Dominica,2023-08,16.0
Dominica,2023-09,10.0
Dominica,2023-10,18.0
Dominica,2023-11,18.0
Dominica,2023-12,21.0
Dominica,2024-01,9.0
Dominica,2024-02,11.0
Dominica,2024-03,43.0
Dominica,2024-04,44.0
Dominica,2024-05,24.0
Dominica,2024-06,17.0
Dominica,2024-07,10.0
Dominica,2024-08,11.0
Dominica,2024-09,27.0
Dominica,2024-10,28.0
Dominica,2024-11,18.0
Dominica,2024-12,23.0
Dominica,2025-01,21.0
Dominica,2025-02,14.0
Dominica,2025-03,57.0
Dominica,2025-04,32.0
Dominica,2025-05,25.0
Dominica,2025-06,16.0
Dominica,2025-07,32.0
Dominica,2025-08,37.0
Dominica,2025-09,43.0
Dominica,2025-10,25.0
Dominica,2025-11,27.0
Dominica,2025-12,25.0
Dominica,2026-01,25.0
Dominica,2026-02,17.0
Dominica,2026-03,29.0
Dominica,2026-04,37.0
Dominican Republic,2019-01,238.0
Dominican Republic,2019-02,188.0
Dominican Republic,2019-03,237.0
Dominican Republic,2019-04,291.0
Dominican Republic,2019-05,248.0
Dominican Republic,2019-06,227.0
Dominican Republic,2019-07,236.0
Dominican Republic,2019-08,327.0
Dominican Republic,2019-09,253.0
Dominican Republic,2019-10,352.0
Dominican Republic,2019-11,234.0
Dominican Republic,2019-12,178.0
Dominican Republic,2020-01,243.0
Dominican Republic,2020-02,194.0
Dominican Republic,2020-03,90.0
Dominican Republic,2020-04,2.0
Dominican Republic,2020-05,0.0
Dominican Republic,2020-06,0.0
Dominican Republic,2020-07,3.0
Dominican Republic,2020-08,3.0
Dominican Republic,2020-09,3.0
Dominican Republic,2020-10,2.0
Dominican Republic,2020-11,15.0
Dominican Republic,2020-12,44.0
Dominican Republic,2021-01,23.0
Dominican Republic,2021-02,6.0
Dominican Republic,2021-03,11.0
Dominican Republic,2021-04,11.0
Dominican Republic,2021-05,5.0
Dominican Republic,2021-06,5.0
Dominican Republic,2021-07,131.0
Dominican Republic,2021-08,28.0
Dominican Republic,2021-09,6.0
Dominican Republic,2021-10,12.0
Dominican Republic,2021-11,8.0
Dominican Republic,2021-12,1.0
Dominican Republic,2022-01,29.0
Dominican Republic,2022-02,10.0
Dominican Republic,2022-03,29.0
Dominican Republic,2022-04,51.0
Dominican Republic,2022-05,73.0
Dominican Republic,2022-06,42.0
Dominican Republic,2022-07,46.0
Dominican Republic,2022-08,72.0
Dominican Republic,2022-09,86.0
Dominican Republic,2022-10,133.0
Dominican Republic,2022-11,113.0
Dominican Republic,2022-12,118.0
Dominican Republic,2023-01,153.0
Dominican Republic,2023-02,151.0
Dominican Republic,2023-03,187.0
Dominican Republic,2023-04,225.0
Dominican Republic,2023-05,261.0
Dominican Republic,2023-06,177.0
Dominican Republic,2023-07,244.0
Dominican Republic,2023-08,185.0
Dominican Republic,2023-09,206.0
Dominican Republic,2023-10,306.0
Dominican Republic,2023-11,208.0
Dominican Republic,2023-12,152.0
Dominican Republic,2024-01,183.0
Dominican Republic,2024-02,237.0
Dominican Republic,2024-03,239.0
Dominican Republic,2024-04,323.0
Dominican Republic,2024-05,243.0
Dominican Republic,2024-06,232.0
Dominican Republic,2024-07,207.0
Dominican Republic,2024-08,259.0
Dominican Republic,2024-09,349.0
Dominican Republic,2024-10,360.0
Dominican Republic,2024-11,281.0
Dominican Republic,2024-12,202.0
Dominican Republic,2025-01,200.0
Dominican Republic,2025-02,237.0
Dominican Republic,2025-03,307.0
Dominican Republic,2025-04,365.0
Dominican Republic,2025-05,251.0
Dominican Republic,2025-06,327.0
Dominican Republic,2025-07,286.0
Dominican Republic,2025-08,331.0
Dominican Republic,2025-09,459.0
Dominican Republic,2025-10,455.0
Dominican Republic,2025-11,314.0
Dominican Republic,2025-12,224.0
Dominican Republic,2026-01,263.0
Dominican Republic,2026-02,283.0
Dominican Republic,2026-03,358.0
Dominican Republic,2026-04,458.0
East Timor,2019-01,33.0
East Timor,2019-02,33.0
East Timor,2019-03,76.0
East Timor,2019-04,14.0
East Timor,2019-05,22.0
East Timor,2019-06,24.0
East Timor,2019-07,17.0
East Timor,2019-08,27.0
East Timor,2019-09,55.0
East Timor,2019-10,27.0
East Timor,2019-11,24.0
East Timor,2019-12,35.0
East Timor,2020-01,19.0
East Timor,2020-02,72.0
East Timor,2020-03,6.0
East Timor,2020-04,0.0
East Timor,2020-05,0.0
East Timor,2020-06,0.0
East Timor,2020-07,0.0
East Timor,2020-08,0.0
East Timor,2020-09,0.0
East Timor,2020-10,4.0
East Timor,2020-11,9.0
East Timor,2020-12,2.0
East Timor,2021-01,1.0
East Timor,2021-02,1.0
East Timor,2021-03,1.0
East Timor,2021-04,0.0
East Timor,2021-05,0.0
East Timor,2021-06,1.0
East Timor,2021-07,10.0
East Timor,2021-08,0.0
East Timor,2021-09,1.0
East Timor,2021-10,10.0
East Timor,2021-11,5.0
East Timor,2021-12,0.0
East Timor,2022-01,2.0
East Timor,2022-02,1.0
East Timor,2022-03,1.0
East Timor,2022-04,4.0
East Timor,2022-05,4.0
East Timor,2022-06,8.0
East Timor,2022-07,3.0
East Timor,2022-08,12.0
East Timor,2022-09,18.0
East Timor,2022-10,43.0
East Timor,2022-11,27.0
East Timor,2022-12,71.0
East Timor,2023-01,23.0
East Timor,2023-02,41.0
East Timor,2023-03,39.0
East Timor,2023-04,18.0
East Timor,2023-05,10.0
East Timor,2023-06,15.0
East Timor,2023-07,21.0
East Timor,2023-08,15.0
East Timor,2023-09,40.0
East Timor,2023-10,31.0
East Timor,2023-11,23.0
East Timor,2023-12,49.0
East Timor,2024-01,48.0
East Timor,2024-02,46.0
East Timor,2024-03,39.0
East Timor,2024-04,12.0
East Timor,2024-05,19.0
East Timor,2024-06,58.0
East Timor,2024-07,6.0
East Timor,2024-08,29.0
East Timor,2024-09,69.0
East Timor,2024-10,68.0
East Timor,2024-11,36.0
East Timor,2024-12,24.0
East Timor,2025-01,58.0
East Timor,2025-02,15.0
East Timor,2025-03,30.0
East Timor,2025-04,37.0
East Timor,2025-05,30.0
East Timor,2025-06,76.0
East Timor,2025-07,58.0
East Timor,2025-08,156.0
East Timor,2025-09,122.0
East Timor,2025-10,57.0
East Timor,2025-11,44.0
East Timor,2025-12,47.0
East Timor,2026-01,76.0
East Timor,2026-02,32.0
East Timor,2026-03,47.0
East Timor,2026-04,30.0
Ecuador,2019-01,102.0
Ecuador,2019-02,80.0
Ecuador,2019-03,220.0
Ecuador,2019-04,282.0
Ecuador,2019-05,220.0
Ecuador,2019-06,141.0
Ecuador,2019-07,201.0
Ecuador,2019-08,247.0
Ecuador,2019-09,369.0
Ecuador,2019-10,253.0
Ecuador,2019-11,168.0
Ecuador,2019-12,123.0
Ecuador,2020-01,103.0
Ecuador,2020-02,75.0
Ecuador,2020-03,23.0
Ecuador,2020-04,0.0
Ecuador,2020-05,0.0
Ecuador,2020-06,0.0
Ecuador,2020-07,1.0
Ecuador,2020-08,0.0
Ecuador,2020-09,4.0
Ecuador,2020-10,2.0
Ecuador,2020-11,3.0
Ecuador,2020-12,8.0
Ecuador,2021-01,5.0
Ecuador,2021-02,1.0
Ecuador,2021-03,4.0
Ecuador,2021-04,1.0
Ecuador,2021-05,1.0
Ecuador,2021-06,1.0
Ecuador,2021-07,102.0
Ecuador,2021-08,21.0
Ecuador,2021-09,4.0
Ecuador,2021-10,9.0
Ecuador,2021-11,6.0
Ecuador,2021-12,0.0
Ecuador,2022-01,7.0
Ecuador,2022-02,1.0
Ecuador,2022-03,13.0
Ecuador,2022-04,12.0
Ecuador,2022-05,18.0
Ecuador,2022-06,14.0
Ecuador,2022-07,20.0
Ecuador,2022-08,25.0
Ecuador,2022-09,37.0
Ecuador,2022-10,57.0
Ecuador,2022-11,83.0
Ecuador,2022-12,71.0
Ecuador,2023-01,75.0
Ecuador,2023-02,71.0
Ecuador,2023-03,161.0
Ecuador,2023-04,260.0
Ecuador,2023-05,185.0
Ecuador,2023-06,106.0
Ecuador,2023-07,172.0
Ecuador,2023-08,176.0
Ecuador,2023-09,273.0
Ecuador,2023-10,360.0
Ecuador,2023-11,176.0
Ecuador,2023-12,98.0
Ecuador,2024-01,85.0
Ecuador,2024-02,151.0
Ecuador,2024-03,376.0
Ecuador,2024-04,292.0
Ecuador,2024-05,292.0
Ecuador,2024-06,144.0
Ecuador,2024-07,166.0
Ecuador,2024-08,252.0
Ecuador,2024-09,308.0
Ecuador,2024-10,490.0
Ecuador,2024-11,231.0
Ecuador,2024-12,141.0
Ecuador,2025-01,96.0
Ecuador,2025-02,162.0
Ecuador,2025-03,389.0
Ecuador,2025-04,483.0
Ecuador,2025-05,377.0
Ecuador,2025-06,243.0
Ecuador,2025-07,238.0
Ecuador,2025-08,510.0
Ecuador,2025-09,467.0
Ecuador,2025-10,549.0
Ecuador,2025-11,489.0
Ecuador,2025-12,148.0
Ecuador,2026-01,129.0
Ecuador,2026-02,215.0
Ecuador,2026-03,473.0
Ecuador,2026-04,425.0
Egypt,2019-01,432.0
Egypt,2019-02,323.0
Egypt,2019-03,539.0
Egypt,2019-04,535.0
Egypt,2019-05,324.0
Egypt,2019-06,705.0
Egypt,2019-07,539.0
Egypt,2019-08,769.0
Egypt,2019-09,657.0
Egypt,2019-10,556.0
Egypt,2019-11,563.0
Egypt,2019-12,403.0
Egypt,2020-01,487.0
Egypt,2020-02,370.0
Egypt,2020-03,131.0
Egypt,2020-04,1.0
Egypt,2020-05,1.0
Egypt,2020-06,1.0
Egypt,2020-07,2.0
Egypt,2020-08,25.0
Egypt,2020-09,37.0
Egypt,2020-10,71.0
Egypt,2020-11,96.0
Egypt,2020-12,72.0
Egypt,2021-01,66.0
Egypt,2021-02,25.0
Egypt,2021-03,31.0
Egypt,2021-04,50.0
Egypt,2021-05,65.0
Egypt,2021-06,59.0
Egypt,2021-07,358.0
Egypt,2021-08,195.0
Egypt,2021-09,91.0
Egypt,2021-10,95.0
Egypt,2021-11,102.0
Egypt,2021-12,50.0
Egypt,2022-01,60.0
Egypt,2022-02,62.0
Egypt,2022-03,108.0
Egypt,2022-04,123.0
Egypt,2022-05,200.0
Egypt,2022-06,142.0
Egypt,2022-07,176.0
Egypt,2022-08,260.0
Egypt,2022-09,272.0
Egypt,2022-10,288.0
Egypt,2022-11,258.0
Egypt,2022-12,274.0
Egypt,2023-01,302.0
Egypt,2023-02,253.0
Egypt,2023-03,275.0
Egypt,2023-04,268.0
Egypt,2023-05,461.0
Egypt,2023-06,341.0
Egypt,2023-07,380.0
Egypt,2023-08,363.0
Egypt,2023-09,600.0
Egypt,2023-10,541.0
Egypt,2023-11,518.0
Egypt,2023-12,514.0
Egypt,2024-01,462.0
Egypt,2024-02,371.0
Egypt,2024-03,343.0
Egypt,2024-04,626.0
Egypt,2024-05,636.0
Egypt,2024-06,707.0
Egypt,2024-07,459.0
Egypt,2024-08,494.0
Egypt,2024-09,721.0
Egypt,2024-10,762.0
Egypt,2024-11,812.0
Egypt,2024-12,687.0
Egypt,2025-01,563.0
Egypt,2025-02,510.0
Egypt,2025-03,498.0
Egypt,2025-04,861.0
Egypt,2025-05,907.0
Egypt,2025-06,871.0
Egypt,2025-07,761.0
Egypt,2025-08,830.0
Egypt,2025-09,1076.0
Egypt,2025-10,991.0
Egypt,2025-11,880.0
Egypt,2025-12,886.0
Egypt,2026-01,723.0
Egypt,2026-02,369.0
Egypt,2026-03,596.0
Egypt,2026-04,853.0
El Salvador,2019-01,59.0
El Salvador,2019-02,43.0
El Salvador,2019-03,78.0
El Salvador,2019-04,100.0
El Salvador,2019-05,94.0
El Salvador,2019-06,128.0
El Salvador,2019-07,70.0
El Salvador,2019-08,109.0
El Salvador,2019-09,110.0
El Salvador,2019-10,93.0
El Salvador,2019-11,121.0
El Salvador,2019-12,75.0
El Salvador,2020-01,65.0
El Salvador,2020-02,31.0
El Salvador,2020-03,15.0
El Salvador,2020-04,0.0
El Salvador,2020-05,0.0
El Salvador,2020-06,0.0
El Salvador,2020-07,0.0
El Salvador,2020-08,1.0
El Salvador,2020-09,1.0
El Salvador,2020-10,6.0
El Salvador,2020-11,4.0
El Salvador,2020-12,4.0
El Salvador,2021-01,2.0
El Salvador,2021-02,0.0
El Salvador,2021-03,0.0
El Salvador,2021-04,1.0
El Salvador,2021-05,2.0
El Salvador,2021-06,1.0
El Salvador,2021-07,18.0
El Salvador,2021-08,14.0
El Salvador,2021-09,1.0
El Salvador,2021-10,10.0
El Salvador,2021-11,4.0
El Salvador,2021-12,3.0
El Salvador,2022-01,4.0
El Salvador,2022-02,1.0
El Salvador,2022-03,5.0
El Salvador,2022-04,7.0
El Salvador,2022-05,5.0
El Salvador,2022-06,3.0
El Salvador,2022-07,12.0
El Salvador,2022-08,17.0
El Salvador,2022-09,32.0
El Salvador,2022-10,34.0
El Salvador,2022-11,68.0
El Salvador,2022-12,53.0
El Salvador,2023-01,44.0
El Salvador,2023-02,72.0
El Salvador,2023-03,122.0
El Salvador,2023-04,106.0
El Salvador,2023-05,121.0
El Salvador,2023-06,122.0
El Salvador,2023-07,120.0
El Salvador,2023-08,105.0
El Salvador,2023-09,130.0
El Salvador,2023-10,142.0
El Salvador,2023-11,92.0
El Salvador,2023-12,77.0
El Salvador,2024-01,93.0
El Salvador,2024-02,104.0
El Salvador,2024-03,198.0
El Salvador,2024-04,125.0
El Salvador,2024-05,129.0
El Salvador,2024-06,109.0
El Salvador,2024-07,124.0
El Salvador,2024-08,127.0
El Salvador,2024-09,156.0
El Salvador,2024-10,170.0
El Salvador,2024-11,149.0
El Salvador,2024-12,110.0
El Salvador,2025-01,146.0
El Salvador,2025-02,146.0
El Salvador,2025-03,206.0
El Salvador,2025-04,304.0
El Salvador,2025-05,167.0
El Salvador,2025-06,124.0
El Salvador,2025-07,174.0
El Salvador,2025-08,129.0
El Salvador,2025-09,208.0
El Salvador,2025-10,270.0
El Salvador,2025-11,251.0
El Salvador,2025-12,111.0
El Salvador,2026-01,156.0
El Salvador,2026-02,145.0
El Salvador,2026-03,297.0
El Salvador,2026-04,191.0
Equatorial Guinea,2019-01,0.0
Equatorial Guinea,2019-02,2.0
Equatorial Guinea,2019-03,0.0
Equatorial Guinea,2019-04,0.0
Equatorial Guinea,2019-05,0.0
Equatorial Guinea,2019-06,18.0
Equatorial Guinea,2019-07,1.0
Equatorial Guinea,2019-08,17.0
Equatorial Guinea,2019-09,2.0
Equatorial Guinea,2019-10,7.0
Equatorial Guinea,2019-11,1.0
Equatorial Guinea,2019-12,0.0
Equatorial Guinea,2020-01,4.0
Equatorial Guinea,2020-02,0.0
Equatorial Guinea,2020-03,0.0
Equatorial Guinea,2020-04,0.0
Equatorial Guinea,2020-05,0.0
Equatorial Guinea,2020-06,0.0
Equatorial Guinea,2020-07,0.0
Equatorial Guinea,2020-08,0.0
Equatorial Guinea,2020-09,0.0
Equatorial Guinea,2020-10,0.0
Equatorial Guinea,2020-11,0.0
Equatorial Guinea,2020-12,0.0
Equatorial Guinea,2021-01,0.0
Equatorial Guinea,2021-02,0.0
Equatorial Guinea,2021-03,0.0
Equatorial Guinea,2021-04,0.0
Equatorial Guinea,2021-05,0.0
Equatorial Guinea,2021-06,0.0
Equatorial Guinea,2021-07,10.0
Equatorial Guinea,2021-08,0.0
Equatorial Guinea,2021-09,0.0
Equatorial Guinea,2021-10,1.0
Equatorial Guinea,2021-11,0.0
Equatorial Guinea,2021-12,0.0
Equatorial Guinea,2022-01,0.0
Equatorial Guinea,2022-02,0.0
Equatorial Guinea,2022-03,0.0
Equatorial Guinea,2022-04,0.0
Equatorial Guinea,2022-05,0.0
Equatorial Guinea,2022-06,0.0
Equatorial Guinea,2022-07,0.0
Equatorial Guinea,2022-08,0.0
Equatorial Guinea,2022-09,0.0
Equatorial Guinea,2022-10,0.0
Equatorial Guinea,2022-11,0.0
Equatorial Guinea,2022-12,0.0
Equatorial Guinea,2023-01,0.0
Equatorial Guinea,2023-02,0.0
Equatorial Guinea,2023-03,0.0
Equatorial Guinea,2023-04,0.0
Equatorial Guinea,2023-05,0.0
Equatorial Guinea,2023-06,2.0
Equatorial Guinea,2023-07,1.0
Equatorial Guinea,2023-08,1.0
Equatorial Guinea,2023-09,1.0
Equatorial Guinea,2023-10,0.0
Equatorial Guinea,2023-11,2.0
Equatorial Guinea,2023-12,0.0
Equatorial Guinea,2024-01,0.0
Equatorial Guinea,2024-02,0.0
Equatorial Guinea,2024-03,0.0
Equatorial Guinea,2024-04,1.0
Equatorial Guinea,2024-05,0.0
Equatorial Guinea,2024-06,1.0
Equatorial Guinea,2024-07,2.0
Equatorial Guinea,2024-08,5.0
Equatorial Guinea,2024-09,1.0
Equatorial Guinea,2024-10,1.0
Equatorial Guinea,2024-11,1.0
Equatorial Guinea,2024-12,0.0
Equatorial Guinea,2025-01,3.0
Equatorial Guinea,2025-02,0.0
Equatorial Guinea,2025-03,2.0
Equatorial Guinea,2025-04,16.0
Equatorial Guinea,2025-05,9.0
Equatorial Guinea,2025-06,2.0
Equatorial Guinea,2025-07,55.0
Equatorial Guinea,2025-08,30.0
Equatorial Guinea,2025-09,18.0
Equatorial Guinea,2025-10,0.0
Equatorial Guinea,2025-11,2.0
Equatorial Guinea,2025-12,1.0
Equatorial Guinea,2026-01,2.0
Equatorial Guinea,2026-02,0.0
Equatorial Guinea,2026-03,0.0
Equatorial Guinea,2026-04,0.0
Eritrea,2019-01,2.0
Eritrea,2019-02,1.0
Eritrea,2019-03,17.0
Eritrea,2019-04,7.0
Eritrea,2019-05,6.0
Eritrea,2019-06,7.0
Eritrea,2019-07,6.0
Eritrea,2019-08,5.0
Eritrea,2019-09,4.0
Eritrea,2019-10,8.0
Eritrea,2019-11,4.0
Eritrea,2019-12,0.0
Eritrea,2020-01,1.0
Eritrea,2020-02,4.0
Eritrea,2020-03,0.0
Eritrea,2020-04,0.0
Eritrea,2020-05,0.0
Eritrea,2020-06,0.0
Eritrea,2020-07,0.0
Eritrea,2020-08,0.0
Eritrea,2020-09,0.0
Eritrea,2020-10,0.0
Eritrea,2020-11,1.0
Eritrea,2020-12,0.0
Eritrea,2021-01,0.0
Eritrea,2021-02,0.0
Eritrea,2021-03,0.0
Eritrea,2021-04,0.0
Eritrea,2021-05,0.0
Eritrea,2021-06,0.0
Eritrea,2021-07,20.0
Eritrea,2021-08,10.0
Eritrea,2021-09,0.0
Eritrea,2021-10,0.0
Eritrea,2021-11,0.0
Eritrea,2021-12,0.0
Eritrea,2022-01,0.0
Eritrea,2022-02,0.0
Eritrea,2022-03,0.0
Eritrea,2022-04,0.0
Eritrea,2022-05,7.0
Eritrea,2022-06,1.0
Eritrea,2022-07,0.0
Eritrea,2022-08,0.0
Eritrea,2022-09,5.0
Eritrea,2022-10,1.0
Eritrea,2022-11,4.0
Eritrea,2022-12,3.0
Eritrea,2023-01,0.0
Eritrea,2023-02,1.0
Eritrea,2023-03,0.0
Eritrea,2023-04,2.0
Eritrea,2023-05,1.0
Eritrea,2023-06,4.0
Eritrea,2023-07,2.0
Eritrea,2023-08,1.0
Eritrea,2023-09,4.0
Eritrea,2023-10,2.0
Eritrea,2023-11,5.0
Eritrea,2023-12,2.0
Eritrea,2024-01,2.0
Eritrea,2024-02,1.0
Eritrea,2024-03,4.0
Eritrea,2024-04,2.0
Eritrea,2024-05,2.0
Eritrea,2024-06,8.0
Eritrea,2024-07,4.0
Eritrea,2024-08,3.0
Eritrea,2024-09,2.0
Eritrea,2024-10,11.0
Eritrea,2024-11,3.0
Eritrea,2024-12,1.0
Eritrea,2025-01,5.0
Eritrea,2025-02,2.0
Eritrea,2025-03,7.0
Eritrea,2025-04,11.0
Eritrea,2025-05,8.0
Eritrea,2025-06,1.0
Eritrea,2025-07,1.0
Eritrea,2025-08,5.0
Eritrea,2025-09,23.0
Eritrea,2025-10,8.0
Eritrea,2025-11,4.0
Eritrea,2025-12,4.0
Eritrea,2026-01,0.0
Eritrea,2026-02,5.0
Eritrea,2026-03,2.0
Eritrea,2026-04,6.0
Estonia,2019-01,157.0
Estonia,2019-02,148.0
Estonia,2019-03,371.0
Estonia,2019-04,651.0
Estonia,2019-05,276.0
Estonia,2019-06,220.0
Estonia,2019-07,217.0
Estonia,2019-08,232.0
Estonia,2019-09,220.0
Estonia,2019-10,402.0
Estonia,2019-11,291.0
Estonia,2019-12,194.0
Estonia,2020-01,215.0
Estonia,2020-02,270.0
Estonia,2020-03,77.0
Estonia,2020-04,0.0
Estonia,2020-05,0.0
Estonia,2020-06,0.0
Estonia,2020-07,0.0
Estonia,2020-08,3.0
Estonia,2020-09,6.0
Estonia,2020-10,8.0
Estonia,2020-11,1.0
Estonia,2020-12,4.0
Estonia,2021-01,5.0
Estonia,2021-02,0.0
Estonia,2021-03,2.0
Estonia,2021-04,2.0
Estonia,2021-05,3.0
Estonia,2021-06,0.0
Estonia,2021-07,151.0
Estonia,2021-08,28.0
Estonia,2021-09,7.0
Estonia,2021-10,20.0
Estonia,2021-11,5.0
Estonia,2021-12,1.0
Estonia,2022-01,7.0
Estonia,2022-02,5.0
Estonia,2022-03,9.0
Estonia,2022-04,23.0
Estonia,2022-05,21.0
Estonia,2022-06,36.0
Estonia,2022-07,18.0
Estonia,2022-08,32.0
Estonia,2022-09,56.0
Estonia,2022-10,218.0
Estonia,2022-11,212.0
Estonia,2022-12,116.0
Estonia,2023-01,126.0
Estonia,2023-02,182.0
Estonia,2023-03,404.0
Estonia,2023-04,529.0
Estonia,2023-05,382.0
Estonia,2023-06,197.0
Estonia,2023-07,181.0
Estonia,2023-08,179.0
Estonia,2023-09,196.0
Estonia,2023-10,530.0
Estonia,2023-11,381.0
Estonia,2023-12,171.0
Estonia,2024-01,243.0
Estonia,2024-02,238.0
Estonia,2024-03,483.0
Estonia,2024-04,737.0
Estonia,2024-05,395.0
Estonia,2024-06,311.0
Estonia,2024-07,229.0
Estonia,2024-08,193.0
Estonia,2024-09,326.0
Estonia,2024-10,621.0
Estonia,2024-11,530.0
Estonia,2024-12,206.0
Estonia,2025-01,258.0
Estonia,2025-02,464.0
Estonia,2025-03,668.0
Estonia,2025-04,733.0
Estonia,2025-05,587.0
Estonia,2025-06,437.0
Estonia,2025-07,275.0
Estonia,2025-08,380.0
Estonia,2025-09,697.0
Estonia,2025-10,743.0
Estonia,2025-11,730.0
Estonia,2025-12,290.0
Estonia,2026-01,402.0
Estonia,2026-02,503.0
Estonia,2026-03,801.0
Estonia,2026-04,1064.0
Eswatini,2019-01,4.0
Eswatini,2019-02,0.0
Eswatini,2019-03,4.0
Eswatini,2019-04,3.0
Eswatini,2019-05,2.0
Eswatini,2019-06,11.0
Eswatini,2019-07,6.0
Eswatini,2019-08,34.0
Eswatini,2019-09,6.0
Eswatini,2019-10,78.0
Eswatini,2019-11,3.0
Eswatini,2019-12,3.0
Eswatini,2020-01,5.0
Eswatini,2020-02,4.0
Eswatini,2020-03,0.0
Eswatini,2020-04,0.0
Eswatini,2020-05,0.0
Eswatini,2020-06,0.0
Eswatini,2020-07,0.0
Eswatini,2020-08,0.0
Eswatini,2020-09,0.0
Eswatini,2020-10,0.0
Eswatini,2020-11,0.0
Eswatini,2020-12,0.0
Eswatini,2021-01,0.0
Eswatini,2021-02,0.0
Eswatini,2021-03,0.0
Eswatini,2021-04,0.0
Eswatini,2021-05,0.0
Eswatini,2021-06,1.0
Eswatini,2021-07,12.0
Eswatini,2021-08,0.0
Eswatini,2021-09,0.0
Eswatini,2021-10,0.0
Eswatini,2021-11,0.0
Eswatini,2021-12,0.0
Eswatini,2022-01,0.0
Eswatini,2022-02,0.0
Eswatini,2022-03,0.0
Eswatini,2022-04,3.0
Eswatini,2022-05,0.0
Eswatini,2022-06,0.0
Eswatini,2022-07,2.0
Eswatini,2022-08,0.0
Eswatini,2022-09,13.0
Eswatini,2022-10,3.0
Eswatini,2022-11,2.0
Eswatini,2022-12,1.0
Eswatini,2023-01,3.0
Eswatini,2023-02,4.0
Eswatini,2023-03,4.0
Eswatini,2023-04,7.0
Eswatini,2023-05,7.0
Eswatini,2023-06,3.0
Eswatini,2023-07,13.0
Eswatini,2023-08,8.0
Eswatini,2023-09,6.0
Eswatini,2023-10,5.0
Eswatini,2023-11,6.0
Eswatini,2023-12,5.0
Eswatini,2024-01,4.0
Eswatini,2024-02,1.0
Eswatini,2024-03,2.0
Eswatini,2024-04,2.0
Eswatini,2024-05,7.0
Eswatini,2024-06,9.0
Eswatini,2024-07,3.0
Eswatini,2024-08,15.0
Eswatini,2024-09,12.0
Eswatini,2024-10,6.0
Eswatini,2024-11,7.0
Eswatini,2024-12,2.0
Eswatini,2025-01,6.0
Eswatini,2025-02,7.0
Eswatini,2025-03,8.0
Eswatini,2025-04,13.0
Eswatini,2025-05,35.0
Eswatini,2025-06,32.0
Eswatini,2025-07,16.0
Eswatini,2025-08,129.0
Eswatini,2025-09,10.0
Eswatini,2025-10,3.0
Eswatini,2025-11,7.0
Eswatini,2025-12,8.0
Eswatini,2026-01,6.0
Eswatini,2026-02,1.0
Eswatini,2026-03,3.0
Eswatini,2026-04,2.0
Ethiopia,2019-01,48.0
Ethiopia,2019-02,46.0
Ethiopia,2019-03,60.0
Ethiopia,2019-04,49.0
Ethiopia,2019-05,61.0
Ethiopia,2019-06,61.0
Ethiopia,2019-07,75.0
Ethiopia,2019-08,215.0
Ethiopia,2019-09,173.0
Ethiopia,2019-10,76.0
Ethiopia,2019-11,77.0
Ethiopia,2019-12,56.0
Ethiopia,2020-01,43.0
Ethiopia,2020-02,62.0
Ethiopia,2020-03,25.0
Ethiopia,2020-04,1.0
Ethiopia,2020-05,0.0
Ethiopia,2020-06,0.0
Ethiopia,2020-07,0.0
Ethiopia,2020-08,1.0
Ethiopia,2020-09,4.0
Ethiopia,2020-10,16.0
Ethiopia,2020-11,25.0
Ethiopia,2020-12,6.0
Ethiopia,2021-01,3.0
Ethiopia,2021-02,2.0
Ethiopia,2021-03,3.0
Ethiopia,2021-04,2.0
Ethiopia,2021-05,6.0
Ethiopia,2021-06,14.0
Ethiopia,2021-07,79.0
Ethiopia,2021-08,40.0
Ethiopia,2021-09,2.0
Ethiopia,2021-10,14.0
Ethiopia,2021-11,16.0
Ethiopia,2021-12,11.0
Ethiopia,2022-01,10.0
Ethiopia,2022-02,17.0
Ethiopia,2022-03,12.0
Ethiopia,2022-04,13.0
Ethiopia,2022-05,31.0
Ethiopia,2022-06,14.0
Ethiopia,2022-07,17.0
Ethiopia,2022-08,23.0
Ethiopia,2022-09,51.0
Ethiopia,2022-10,111.0
Ethiopia,2022-11,33.0
Ethiopia,2022-12,75.0
Ethiopia,2023-01,50.0
Ethiopia,2023-02,75.0
Ethiopia,2023-03,70.0
Ethiopia,2023-04,59.0
Ethiopia,2023-05,69.0
Ethiopia,2023-06,88.0
Ethiopia,2023-07,122.0
Ethiopia,2023-08,82.0
Ethiopia,2023-09,197.0
Ethiopia,2023-10,135.0
Ethiopia,2023-11,109.0
Ethiopia,2023-12,81.0
Ethiopia,2024-01,91.0
Ethiopia,2024-02,88.0
Ethiopia,2024-03,104.0
Ethiopia,2024-04,124.0
Ethiopia,2024-05,98.0
Ethiopia,2024-06,64.0
Ethiopia,2024-07,120.0
Ethiopia,2024-08,131.0
Ethiopia,2024-09,166.0
Ethiopia,2024-10,257.0
Ethiopia,2024-11,193.0
Ethiopia,2024-12,180.0
Ethiopia,2025-01,99.0
Ethiopia,2025-02,162.0
Ethiopia,2025-03,127.0
Ethiopia,2025-04,115.0
Ethiopia,2025-05,130.0
Ethiopia,2025-06,142.0
Ethiopia,2025-07,198.0
Ethiopia,2025-08,319.0
Ethiopia,2025-09,390.0
Ethiopia,2025-10,209.0
Ethiopia,2025-11,127.0
Ethiopia,2025-12,115.0
Ethiopia,2026-01,63.0
Ethiopia,2026-02,126.0
Ethiopia,2026-03,95.0
Ethiopia,2026-04,115.0
Fiji,2019-01,127.0
Fiji,2019-02,71.0
Fiji,2019-03,142.0
Fiji,2019-04,132.0
Fiji,2019-05,144.0
Fiji,2019-06,160.0
Fiji,2019-07,138.0
Fiji,2019-08,118.0
Fiji,2019-09,357.0
Fiji,2019-10,311.0
Fiji,2019-11,162.0
Fiji,2019-12,176.0
Fiji,2020-01,132.0
Fiji,2020-02,83.0
Fiji,2020-03,52.0
Fiji,2020-04,3.0
Fiji,2020-05,0.0
Fiji,2020-06,0.0
Fiji,2020-07,1.0
Fiji,2020-08,1.0
Fiji,2020-09,1.0
Fiji,2020-10,11.0
Fiji,2020-11,10.0
Fiji,2020-12,5.0
Fiji,2021-01,1.0
Fiji,2021-02,2.0
Fiji,2021-03,3.0
Fiji,2021-04,2.0
Fiji,2021-05,1.0
Fiji,2021-06,4.0
Fiji,2021-07,67.0
Fiji,2021-08,10.0
Fiji,2021-09,2.0
Fiji,2021-10,6.0
Fiji,2021-11,4.0
Fiji,2021-12,5.0
Fiji,2022-01,5.0
Fiji,2022-02,6.0
Fiji,2022-03,25.0
Fiji,2022-04,25.0
Fiji,2022-05,13.0
Fiji,2022-06,29.0
Fiji,2022-07,15.0
Fiji,2022-08,47.0
Fiji,2022-09,34.0
Fiji,2022-10,73.0
Fiji,2022-11,73.0
Fiji,2022-12,31.0
Fiji,2023-01,130.0
Fiji,2023-02,56.0
Fiji,2023-03,59.0
Fiji,2023-04,130.0
Fiji,2023-05,109.0
Fiji,2023-06,93.0
Fiji,2023-07,92.0
Fiji,2023-08,154.0
Fiji,2023-09,179.0
Fiji,2023-10,125.0
Fiji,2023-11,93.0
Fiji,2023-12,161.0
Fiji,2024-01,131.0
Fiji,2024-02,102.0
Fiji,2024-03,170.0
Fiji,2024-04,151.0
Fiji,2024-05,141.0
Fiji,2024-06,179.0
Fiji,2024-07,171.0
Fiji,2024-08,159.0
Fiji,2024-09,201.0
Fiji,2024-10,161.0
Fiji,2024-11,210.0
Fiji,2024-12,191.0
Fiji,2025-01,178.0
Fiji,2025-02,133.0
Fiji,2025-03,197.0
Fiji,2025-04,252.0
Fiji,2025-05,199.0
Fiji,2025-06,146.0
Fiji,2025-07,207.0
Fiji,2025-08,204.0
Fiji,2025-09,272.0
Fiji,2025-10,188.0
Fiji,2025-11,216.0
Fiji,2025-12,297.0
Fiji,2026-01,179.0
Fiji,2026-02,133.0
Fiji,2026-03,148.0
Fiji,2026-04,288.0
Finland,2019-01,1875.0
Finland,2019-02,2213.0
Finland,2019-03,2729.0
Finland,2019-04,2604.0
Finland,2019-05,3102.0
Finland,2019-06,3054.0
Finland,2019-07,2108.0
Finland,2019-08,1580.0
Finland,2019-09,1931.0
Finland,2019-10,3309.0
Finland,2019-11,2336.0
Finland,2019-12,2596.0
Finland,2020-01,1918.0
Finland,2020-02,1979.0
Finland,2020-03,789.0
Finland,2020-04,0.0
Finland,2020-05,0.0
Finland,2020-06,1.0
Finland,2020-07,8.0
Finland,2020-08,20.0
Finland,2020-09,22.0
Finland,2020-10,55.0
Finland,2020-11,38.0
Finland,2020-12,29.0
Finland,2021-01,49.0
Finland,2021-02,4.0
Finland,2021-03,8.0
Finland,2021-04,10.0
Finland,2021-05,14.0
Finland,2021-06,31.0
Finland,2021-07,381.0
Finland,2021-08,118.0
Finland,2021-09,24.0
Finland,2021-10,65.0
Finland,2021-11,23.0
Finland,2021-12,9.0
Finland,2022-01,42.0
Finland,2022-02,11.0
Finland,2022-03,70.0
Finland,2022-04,147.0
Finland,2022-05,241.0
Finland,2022-06,235.0
Finland,2022-07,188.0
Finland,2022-08,296.0
Finland,2022-09,544.0
Finland,2022-10,885.0
Finland,2022-11,992.0
Finland,2022-12,957.0
Finland,2023-01,900.0
Finland,2023-02,1176.0
Finland,2023-03,2003.0
Finland,2023-04,1924.0
Finland,2023-05,1996.0
Finland,2023-06,2222.0
Finland,2023-07,1561.0
Finland,2023-08,1740.0
Finland,2023-09,1809.0
Finland,2023-10,2507.0
Finland,2023-11,2038.0
Finland,2023-12,1528.0
Finland,2024-01,1571.0
Finland,2024-02,2050.0
Finland,2024-03,2400.0
Finland,2024-04,2391.0
Finland,2024-05,2791.0
Finland,2024-06,3264.0
Finland,2024-07,1911.0
Finland,2024-08,1308.0
Finland,2024-09,2361.0
Finland,2024-10,3298.0
Finland,2024-11,2995.0
Finland,2024-12,2440.0
Finland,2025-01,1875.0
Finland,2025-02,2416.0
Finland,2025-03,2750.0
Finland,2025-04,3007.0
Finland,2025-05,3701.0
Finland,2025-06,4117.0
Finland,2025-07,2055.0
Finland,2025-08,1583.0
Finland,2025-09,3397.0
Finland,2025-10,3923.0
Finland,2025-11,3348.0
Finland,2025-12,2633.0
Finland,2026-01,2390.0
Finland,2026-02,2763.0
Finland,2026-03,3182.0
Finland,2026-04,3966.0
France,2019-01,15320.0
France,2019-02,17397.0
France,2019-03,29408.0
France,2019-04,46005.0
France,2019-05,30863.0
France,2019-06,21317.0
France,2019-07,34634.0
France,2019-08,30851.0
France,2019-09,26530.0
France,2019-10,39457.0
France,2019-11,24290.0
France,2019-12,20261.0
France,2020-01,16481.0
France,2020-02,17123.0
France,2020-03,7665.0
France,2020-04,12.0
France,2020-05,16.0
France,2020-06,16.0
France,2020-07,76.0
France,2020-08,226.0
France,2020-09,116.0
France,2020-10,449.0
France,2020-11,473.0
France,2020-12,449.0
France,2021-01,554.0
France,2021-02,79.0
France,2021-03,87.0
France,2021-04,123.0
France,2021-05,209.0
France,2021-06,195.0
France,2021-07,2515.0
France,2021-08,1802.0
France,2021-09,484.0
France,2021-10,423.0
France,2021-11,349.0
France,2021-12,204.0
France,2022-01,676.0
France,2022-02,140.0
France,2022-03,835.0
France,2022-04,1735.0
France,2022-05,2008.0
France,2022-06,2351.0
France,2022-07,3561.0
France,2022-08,3512.0
France,2022-09,5310.0
France,2022-10,11074.0
France,2022-11,10810.0
France,2022-12,10770.0
France,2023-01,9771.0
France,2023-02,12251.0
France,2023-03,21223.0
France,2023-04,34421.0
France,2023-05,26754.0
France,2023-06,17714.0
France,2023-07,31132.0
France,2023-08,25866.0
France,2023-09,22034.0
France,2023-10,34356.0
France,2023-11,24182.0
France,2023-12,17732.0
France,2024-01,14444.0
France,2024-02,22268.0
France,2024-03,34685.0
France,2024-04,51619.0
France,2024-05,38159.0
France,2024-06,23150.0
France,2024-07,37353.0
France,2024-08,31421.0
France,2024-09,30745.0
France,2024-10,49389.0
France,2024-11,31126.0
France,2024-12,20712.0
France,2025-01,16515.0
France,2025-02,26518.0
France,2025-03,36478.0
France,2025-04,57066.0
France,2025-05,46049.0
France,2025-06,27105.0
France,2025-07,46196.0
France,2025-08,37185.0
France,2025-09,38825.0
France,2025-10,58242.0
France,2025-11,41392.0
France,2025-12,25995.0
France,2026-01,20648.0
France,2026-02,30563.0
France,2026-03,40286.0
France,2026-04,59248.0
Gabon,2019-01,2.0
Gabon,2019-02,1.0
Gabon,2019-03,8.0
Gabon,2019-04,12.0
Gabon,2019-05,12.0
Gabon,2019-06,8.0
Gabon,2019-07,8.0
Gabon,2019-08,48.0
Gabon,2019-09,12.0
Gabon,2019-10,17.0
Gabon,2019-11,9.0
Gabon,2019-12,6.0
Gabon,2020-01,9.0
Gabon,2020-02,4.0
Gabon,2020-03,1.0
Gabon,2020-04,0.0
Gabon,2020-05,0.0
Gabon,2020-06,0.0
Gabon,2020-07,0.0
Gabon,2020-08,0.0
Gabon,2020-09,0.0
Gabon,2020-10,1.0
Gabon,2020-11,0.0
Gabon,2020-12,2.0
Gabon,2021-01,1.0
Gabon,2021-02,0.0
Gabon,2021-03,0.0
Gabon,2021-04,0.0
Gabon,2021-05,0.0
Gabon,2021-06,0.0
Gabon,2021-07,20.0
Gabon,2021-08,6.0
Gabon,2021-09,2.0
Gabon,2021-10,0.0
Gabon,2021-11,1.0
Gabon,2021-12,0.0
Gabon,2022-01,3.0
Gabon,2022-02,0.0
Gabon,2022-03,0.0
Gabon,2022-04,2.0
Gabon,2022-05,2.0
Gabon,2022-06,2.0
Gabon,2022-07,1.0
Gabon,2022-08,8.0
Gabon,2022-09,15.0
Gabon,2022-10,4.0
Gabon,2022-11,26.0
Gabon,2022-12,2.0
Gabon,2023-01,4.0
Gabon,2023-02,3.0
Gabon,2023-03,6.0
Gabon,2023-04,2.0
Gabon,2023-05,8.0
Gabon,2023-06,7.0
Gabon,2023-07,13.0
Gabon,2023-08,3.0
Gabon,2023-09,13.0
Gabon,2023-10,10.0
Gabon,2023-11,13.0
Gabon,2023-12,9.0
Gabon,2024-01,10.0
Gabon,2024-02,4.0
Gabon,2024-03,12.0
Gabon,2024-04,5.0
Gabon,2024-05,9.0
Gabon,2024-06,18.0
Gabon,2024-07,11.0
Gabon,2024-08,6.0
Gabon,2024-09,10.0
Gabon,2024-10,22.0
Gabon,2024-11,8.0
Gabon,2024-12,5.0
Gabon,2025-01,8.0
Gabon,2025-02,8.0
Gabon,2025-03,6.0
Gabon,2025-04,15.0
Gabon,2025-05,12.0
Gabon,2025-06,9.0
Gabon,2025-07,124.0
Gabon,2025-08,39.0
Gabon,2025-09,30.0
Gabon,2025-10,52.0
Gabon,2025-11,24.0
Gabon,2025-12,5.0
Gabon,2026-01,11.0
Gabon,2026-02,11.0
Gabon,2026-03,10.0
Gabon,2026-04,5.0
Gambia,2019-01,3.0
Gambia,2019-02,6.0
Gambia,2019-03,5.0
Gambia,2019-04,7.0
Gambia,2019-05,6.0
Gambia,2019-06,9.0
Gambia,2019-07,9.0
Gambia,2019-08,31.0
Gambia,2019-09,14.0
Gambia,2019-10,8.0
Gambia,2019-11,8.0
Gambia,2019-12,10.0
Gambia,2020-01,4.0
Gambia,2020-02,7.0
Gambia,2020-03,2.0
Gambia,2020-04,0.0
Gambia,2020-05,0.0
Gambia,2020-06,0.0
Gambia,2020-07,0.0
Gambia,2020-08,0.0
Gambia,2020-09,0.0
Gambia,2020-10,1.0
Gambia,2020-11,0.0
Gambia,2020-12,0.0
Gambia,2021-01,3.0
Gambia,2021-02,0.0
Gambia,2021-03,1.0
Gambia,2021-04,0.0
Gambia,2021-05,0.0
Gambia,2021-06,3.0
Gambia,2021-07,11.0
Gambia,2021-08,12.0
Gambia,2021-09,0.0
Gambia,2021-10,2.0
Gambia,2021-11,6.0
Gambia,2021-12,2.0
Gambia,2022-01,0.0
Gambia,2022-02,1.0
Gambia,2022-03,2.0
Gambia,2022-04,4.0
Gambia,2022-05,6.0
Gambia,2022-06,1.0
Gambia,2022-07,2.0
Gambia,2022-08,2.0
Gambia,2022-09,7.0
Gambia,2022-10,5.0
Gambia,2022-11,18.0
Gambia,2022-12,12.0
Gambia,2023-01,9.0
Gambia,2023-02,10.0
Gambia,2023-03,9.0
Gambia,2023-04,18.0
Gambia,2023-05,12.0
Gambia,2023-06,5.0
Gambia,2023-07,11.0
Gambia,2023-08,12.0
Gambia,2023-09,22.0
Gambia,2023-10,18.0
Gambia,2023-11,12.0
Gambia,2023-12,8.0
Gambia,2024-01,9.0
Gambia,2024-02,5.0
Gambia,2024-03,11.0
Gambia,2024-04,22.0
Gambia,2024-05,14.0
Gambia,2024-06,12.0
Gambia,2024-07,16.0
Gambia,2024-08,9.0
Gambia,2024-09,12.0
Gambia,2024-10,7.0
Gambia,2024-11,7.0
Gambia,2024-12,6.0
Gambia,2025-01,10.0
Gambia,2025-02,15.0
Gambia,2025-03,9.0
Gambia,2025-04,21.0
Gambia,2025-05,16.0
Gambia,2025-06,13.0
Gambia,2025-07,16.0
Gambia,2025-08,96.0
Gambia,2025-09,13.0
Gambia,2025-10,6.0
Gambia,2025-11,8.0
Gambia,2025-12,4.0
Gambia,2026-01,12.0
Gambia,2026-02,9.0
Gambia,2026-03,17.0
Gambia,2026-04,17.0
Georgia,2019-01,56.0
Georgia,2019-02,45.0
Georgia,2019-03,245.0
Georgia,2019-04,113.0
Georgia,2019-05,78.0
Georgia,2019-06,47.0
Georgia,2019-07,73.0
Georgia,2019-08,84.0
Georgia,2019-09,543.0
Georgia,2019-10,205.0
Georgia,2019-11,111.0
Georgia,2019-12,40.0
Georgia,2020-01,50.0
Georgia,2020-02,26.0
Georgia,2020-03,14.0
Georgia,2020-04,0.0
Georgia,2020-05,0.0
Georgia,2020-06,0.0
Georgia,2020-07,3.0
Georgia,2020-08,0.0
Georgia,2020-09,0.0
Georgia,2020-10,5.0
Georgia,2020-11,5.0
Georgia,2020-12,2.0
Georgia,2021-01,9.0
Georgia,2021-02,1.0
Georgia,2021-03,3.0
Georgia,2021-04,5.0
Georgia,2021-05,1.0
Georgia,2021-06,4.0
Georgia,2021-07,100.0
Georgia,2021-08,43.0
Georgia,2021-09,8.0
Georgia,2021-10,7.0
Georgia,2021-11,5.0
Georgia,2021-12,1.0
Georgia,2022-01,6.0
Georgia,2022-02,0.0
Georgia,2022-03,10.0
Georgia,2022-04,14.0
Georgia,2022-05,9.0
Georgia,2022-06,7.0
Georgia,2022-07,15.0
Georgia,2022-08,20.0
Georgia,2022-09,40.0
Georgia,2022-10,37.0
Georgia,2022-11,51.0
Georgia,2022-12,27.0
Georgia,2023-01,42.0
Georgia,2023-02,57.0
Georgia,2023-03,118.0
Georgia,2023-04,79.0
Georgia,2023-05,111.0
Georgia,2023-06,55.0
Georgia,2023-07,116.0
Georgia,2023-08,199.0
Georgia,2023-09,122.0
Georgia,2023-10,156.0
Georgia,2023-11,139.0
Georgia,2023-12,47.0
Georgia,2024-01,57.0
Georgia,2024-02,114.0
Georgia,2024-03,133.0
Georgia,2024-04,112.0
Georgia,2024-05,167.0
Georgia,2024-06,218.0
Georgia,2024-07,144.0
Georgia,2024-08,80.0
Georgia,2024-09,120.0
Georgia,2024-10,123.0
Georgia,2024-11,142.0
Georgia,2024-12,135.0
Georgia,2025-01,51.0
Georgia,2025-02,60.0
Georgia,2025-03,165.0
Georgia,2025-04,148.0
Georgia,2025-05,238.0
Georgia,2025-06,108.0
Georgia,2025-07,61.0
Georgia,2025-08,123.0
Georgia,2025-09,188.0
Georgia,2025-10,201.0
Georgia,2025-11,271.0
Georgia,2025-12,126.0
Georgia,2026-01,83.0
Georgia,2026-02,76.0
Georgia,2026-03,120.0
Georgia,2026-04,267.0
Germany,2019-01,11358.0
Germany,2019-02,13384.0
Germany,2019-03,28659.0
Germany,2019-04,27829.0
Germany,2019-05,21552.0
Germany,2019-06,15697.0
Germany,2019-07,18593.0
Germany,2019-08,17264.0
Germany,2019-09,22768.0
Germany,2019-10,26276.0
Germany,2019-11,19525.0
Germany,2019-12,13639.0
Germany,2020-01,11189.0
Germany,2020-02,10937.0
Germany,2020-03,6472.0
Germany,2020-04,9.0
Germany,2020-05,4.0
Germany,2020-06,14.0
Germany,2020-07,47.0
Germany,2020-08,112.0
Germany,2020-09,93.0
Germany,2020-10,269.0
Germany,2020-11,343.0
Germany,2020-12,296.0
Germany,2021-01,351.0
Germany,2021-02,52.0
Germany,2021-03,79.0
Germany,2021-04,139.0
Germany,2021-05,217.0
Germany,2021-06,183.0
Germany,2021-07,2175.0
Germany,2021-08,960.0
Germany,2021-09,319.0
Germany,2021-10,352.0
Germany,2021-11,273.0
Germany,2021-12,97.0
Germany,2022-01,335.0
Germany,2022-02,81.0
Germany,2022-03,714.0
Germany,2022-04,1649.0
Germany,2022-05,2241.0
Germany,2022-06,2089.0
Germany,2022-07,3520.0
Germany,2022-08,3458.0
Germany,2022-09,5300.0
Germany,2022-10,8943.0
Germany,2022-11,9673.0
Germany,2022-12,7745.0
Germany,2023-01,7380.0
Germany,2023-02,9302.0
Germany,2023-03,25898.0
Germany,2023-04,27362.0
Germany,2023-05,23118.0
Germany,2023-06,13655.0
Germany,2023-07,19081.0
Germany,2023-08,19999.0
Germany,2023-09,26283.0
Germany,2023-10,30893.0
Germany,2023-11,18629.0
Germany,2023-12,11810.0
Germany,2024-01,10402.0
Germany,2024-02,14862.0
Germany,2024-03,47553.0
Germany,2024-04,36029.0
Germany,2024-05,32196.0
Germany,2024-06,16603.0
Germany,2024-07,22685.0
Germany,2024-08,24129.0
Germany,2024-09,37092.0
Germany,2024-10,43351.0
Germany,2024-11,25187.0
Germany,2024-12,15781.0
Germany,2025-01,12737.0
Germany,2025-02,18643.0
Germany,2025-03,48064.0
Germany,2025-04,57188.0
Germany,2025-05,42268.0
Germany,2025-06,23912.0
Germany,2025-07,28087.0
Germany,2025-08,35677.0
Germany,2025-09,52819.0
Germany,2025-10,56020.0
Germany,2025-11,33687.0
Germany,2025-12,20377.0
Germany,2026-01,18327.0
Germany,2026-02,21932.0
Germany,2026-03,58542.0
Germany,2026-04,48527.0
Ghana,2019-01,111.0
Ghana,2019-02,91.0
Ghana,2019-03,92.0
Ghana,2019-04,99.0
Ghana,2019-05,73.0
Ghana,2019-06,79.0
Ghana,2019-07,118.0
Ghana,2019-08,334.0
Ghana,2019-09,129.0
Ghana,2019-10,171.0
Ghana,2019-11,143.0
Ghana,2019-12,127.0
Ghana,2020-01,116.0
Ghana,2020-02,81.0
Ghana,2020-03,45.0
Ghana,2020-04,0.0
Ghana,2020-05,0.0
Ghana,2020-06,0.0
Ghana,2020-07,1.0
Ghana,2020-08,5.0
Ghana,2020-09,3.0
Ghana,2020-10,26.0
Ghana,2020-11,31.0
Ghana,2020-12,28.0
Ghana,2021-01,11.0
Ghana,2021-02,12.0
Ghana,2021-03,8.0
Ghana,2021-04,6.0
Ghana,2021-05,9.0
Ghana,2021-06,48.0
Ghana,2021-07,39.0
Ghana,2021-08,39.0
Ghana,2021-09,9.0
Ghana,2021-10,28.0
Ghana,2021-11,23.0
Ghana,2021-12,6.0
Ghana,2022-01,16.0
Ghana,2022-02,19.0
Ghana,2022-03,30.0
Ghana,2022-04,44.0
Ghana,2022-05,36.0
Ghana,2022-06,70.0
Ghana,2022-07,29.0
Ghana,2022-08,50.0
Ghana,2022-09,75.0
Ghana,2022-10,104.0
Ghana,2022-11,87.0
Ghana,2022-12,82.0
Ghana,2023-01,70.0
Ghana,2023-02,85.0
Ghana,2023-03,101.0
Ghana,2023-04,79.0
Ghana,2023-05,92.0
Ghana,2023-06,125.0
Ghana,2023-07,146.0
Ghana,2023-08,135.0
Ghana,2023-09,164.0
Ghana,2023-10,139.0
Ghana,2023-11,121.0
Ghana,2023-12,121.0
Ghana,2024-01,127.0
Ghana,2024-02,117.0
Ghana,2024-03,126.0
Ghana,2024-04,126.0
Ghana,2024-05,130.0
Ghana,2024-06,121.0
Ghana,2024-07,170.0
Ghana,2024-08,200.0
Ghana,2024-09,208.0
Ghana,2024-10,234.0
Ghana,2024-11,294.0
Ghana,2024-12,210.0
Ghana,2025-01,160.0
Ghana,2025-02,149.0
Ghana,2025-03,191.0
Ghana,2025-04,164.0
Ghana,2025-05,235.0
Ghana,2025-06,170.0
Ghana,2025-07,223.0
Ghana,2025-08,456.0
Ghana,2025-09,386.0
Ghana,2025-10,267.0
Ghana,2025-11,263.0
Ghana,2025-12,151.0
Ghana,2026-01,173.0
Ghana,2026-02,145.0
Ghana,2026-03,176.0
Ghana,2026-04,180.0
Greece,2019-01,489.0
Greece,2019-02,528.0
Greece,2019-03,1138.0
Greece,2019-04,1245.0
Greece,2019-05,818.0
Greece,2019-06,626.0
Greece,2019-07,754.0
Greece,2019-08,774.0
Greece,2019-09,699.0
Greece,2019-10,893.0
Greece,2019-11,949.0
Greece,2019-12,581.0
Greece,2020-01,522.0
Greece,2020-02,384.0
Greece,2020-03,134.0
Greece,2020-04,1.0
Greece,2020-05,2.0
Greece,2020-06,1.0
Greece,2020-07,2.0
Greece,2020-08,10.0
Greece,2020-09,6.0
Greece,2020-10,11.0
Greece,2020-11,13.0
Greece,2020-12,5.0
Greece,2021-01,13.0
Greece,2021-02,6.0
Greece,2021-03,27.0
Greece,2021-04,21.0
Greece,2021-05,35.0
Greece,2021-06,42.0
Greece,2021-07,376.0
Greece,2021-08,169.0
Greece,2021-09,12.0
Greece,2021-10,28.0
Greece,2021-11,7.0
Greece,2021-12,8.0
Greece,2022-01,21.0
Greece,2022-02,2.0
Greece,2022-03,24.0
Greece,2022-04,53.0
Greece,2022-05,72.0
Greece,2022-06,81.0
Greece,2022-07,131.0
Greece,2022-08,134.0
Greece,2022-09,134.0
Greece,2022-10,402.0
Greece,2022-11,456.0
Greece,2022-12,359.0
Greece,2023-01,430.0
Greece,2023-02,427.0
Greece,2023-03,1105.0
Greece,2023-04,1470.0
Greece,2023-05,912.0
Greece,2023-06,568.0
Greece,2023-07,739.0
Greece,2023-08,1033.0
Greece,2023-09,662.0
Greece,2023-10,980.0
Greece,2023-11,973.0
Greece,2023-12,670.0
Greece,2024-01,549.0
Greece,2024-02,497.0
Greece,2024-03,1922.0
Greece,2024-04,1954.0
Greece,2024-05,1513.0
Greece,2024-06,822.0
Greece,2024-07,817.0
Greece,2024-08,1464.0
Greece,2024-09,954.0
Greece,2024-10,1587.0
Greece,2024-11,1515.0
Greece,2024-12,1291.0
Greece,2025-01,728.0
Greece,2025-02,1284.0
Greece,2025-03,2518.0
Greece,2025-04,3144.0
Greece,2025-05,1694.0
Greece,2025-06,938.0
Greece,2025-07,1009.0
Greece,2025-08,2095.0
Greece,2025-09,1373.0
Greece,2025-10,2124.0
Greece,2025-11,2489.0
Greece,2025-12,1648.0
Greece,2026-01,936.0
Greece,2026-02,1695.0
Greece,2026-03,2692.0
Greece,2026-04,3775.0
Grenada,2019-01,2.0
Grenada,2019-02,3.0
Grenada,2019-03,4.0
Grenada,2019-04,6.0
Grenada,2019-05,1.0
Grenada,2019-06,5.0
Grenada,2019-07,2.0
Grenada,2019-08,4.0
Grenada,2019-09,6.0
Grenada,2019-10,4.0
Grenada,2019-11,10.0
Grenada,2019-12,6.0
Grenada,2020-01,3.0
Grenada,2020-02,3.0
Grenada,2020-03,0.0
Grenada,2020-04,0.0
Grenada,2020-05,0.0
Grenada,2020-06,0.0
Grenada,2020-07,0.0
Grenada,2020-08,0.0
Grenada,2020-09,0.0
Grenada,2020-10,1.0
Grenada,2020-11,0.0
Grenada,2020-12,0.0
Grenada,2021-01,0.0
Grenada,2021-02,0.0
Grenada,2021-03,0.0
Grenada,2021-04,0.0
Grenada,2021-05,0.0
Grenada,2021-06,0.0
Grenada,2021-07,11.0
Grenada,2021-08,3.0
Grenada,2021-09,0.0
Grenada,2021-10,0.0
Grenada,2021-11,0.0
Grenada,2021-12,0.0
Grenada,2022-01,0.0
Grenada,2022-02,0.0
Grenada,2022-03,1.0
Grenada,2022-04,0.0
Grenada,2022-05,0.0
Grenada,2022-06,1.0
Grenada,2022-07,2.0
Grenada,2022-08,0.0
Grenada,2022-09,1.0
Grenada,2022-10,1.0
Grenada,2022-11,2.0
Grenada,2022-12,6.0
Grenada,2023-01,6.0
Grenada,2023-02,2.0
Grenada,2023-03,7.0
Grenada,2023-04,8.0
Grenada,2023-05,4.0
Grenada,2023-06,7.0
Grenada,2023-07,2.0
Grenada,2023-08,6.0
Grenada,2023-09,5.0
Grenada,2023-10,11.0
Grenada,2023-11,6.0
Grenada,2023-12,10.0
Grenada,2024-01,8.0
Grenada,2024-02,7.0
Grenada,2024-03,14.0
Grenada,2024-04,12.0
Grenada,2024-05,5.0
Grenada,2024-06,15.0
Grenada,2024-07,21.0
Grenada,2024-08,9.0
Grenada,2024-09,9.0
Grenada,2024-10,7.0
Grenada,2024-11,7.0
Grenada,2024-12,15.0
Grenada,2025-01,10.0
Grenada,2025-02,6.0
Grenada,2025-03,22.0
Grenada,2025-04,42.0
Grenada,2025-05,14.0
Grenada,2025-06,19.0
Grenada,2025-07,19.0
Grenada,2025-08,15.0
Grenada,2025-09,27.0
Grenada,2025-10,23.0
Grenada,2025-11,14.0
Grenada,2025-12,13.0
Grenada,2026-01,6.0
Grenada,2026-02,9.0
Grenada,2026-03,18.0
Grenada,2026-04,11.0
Guatemala,2019-01,126.0
Guatemala,2019-02,79.0
Guatemala,2019-03,206.0
Guatemala,2019-04,245.0
Guatemala,2019-05,146.0
Guatemala,2019-06,158.0
Guatemala,2019-07,142.0
Guatemala,2019-08,206.0
Guatemala,2019-09,164.0
Guatemala,2019-10,208.0
Guatemala,2019-11,255.0
Guatemala,2019-12,235.0
Guatemala,2020-01,136.0
Guatemala,2020-02,53.0
Guatemala,2020-03,29.0
Guatemala,2020-04,2.0
Guatemala,2020-05,0.0
Guatemala,2020-06,0.0
Guatemala,2020-07,0.0
Guatemala,2020-08,1.0
Guatemala,2020-09,2.0
Guatemala,2020-10,1.0
Guatemala,2020-11,3.0
Guatemala,2020-12,2.0
Guatemala,2021-01,1.0
Guatemala,2021-02,0.0
Guatemala,2021-03,2.0
Guatemala,2021-04,1.0
Guatemala,2021-05,1.0
Guatemala,2021-06,7.0
Guatemala,2021-07,59.0
Guatemala,2021-08,17.0
Guatemala,2021-09,0.0
Guatemala,2021-10,3.0
Guatemala,2021-11,3.0
Guatemala,2021-12,2.0
Guatemala,2022-01,3.0
Guatemala,2022-02,1.0
Guatemala,2022-03,4.0
Guatemala,2022-04,19.0
Guatemala,2022-05,9.0
Guatemala,2022-06,4.0
Guatemala,2022-07,18.0
Guatemala,2022-08,12.0
Guatemala,2022-09,21.0
Guatemala,2022-10,64.0
Guatemala,2022-11,74.0
Guatemala,2022-12,115.0
Guatemala,2023-01,93.0
Guatemala,2023-02,99.0
Guatemala,2023-03,166.0
Guatemala,2023-04,198.0
Guatemala,2023-05,232.0
Guatemala,2023-06,219.0
Guatemala,2023-07,153.0
Guatemala,2023-08,138.0
Guatemala,2023-09,228.0
Guatemala,2023-10,361.0
Guatemala,2023-11,326.0
Guatemala,2023-12,312.0
Guatemala,2024-01,194.0
Guatemala,2024-02,226.0
Guatemala,2024-03,299.0
Guatemala,2024-04,333.0
Guatemala,2024-05,329.0
Guatemala,2024-06,303.0
Guatemala,2024-07,269.0
Guatemala,2024-08,162.0
Guatemala,2024-09,306.0
Guatemala,2024-10,485.0
Guatemala,2024-11,418.0
Guatemala,2024-12,345.0
Guatemala,2025-01,202.0
Guatemala,2025-02,308.0
Guatemala,2025-03,294.0
Guatemala,2025-04,619.0
Guatemala,2025-05,332.0
Guatemala,2025-06,365.0
Guatemala,2025-07,269.0
Guatemala,2025-08,243.0
Guatemala,2025-09,496.0
Guatemala,2025-10,602.0
Guatemala,2025-11,830.0
Guatemala,2025-12,525.0
Guatemala,2026-01,236.0
Guatemala,2026-02,296.0
Guatemala,2026-03,555.0
Guatemala,2026-04,466.0
Guinea,2019-01,28.0
Guinea,2019-02,18.0
Guinea,2019-03,22.0
Guinea,2019-04,18.0
Guinea,2019-05,17.0
Guinea,2019-06,16.0
Guinea,2019-07,21.0
Guinea,2019-08,83.0
Guinea,2019-09,25.0
Guinea,2019-10,19.0
Guinea,2019-11,8.0
Guinea,2019-12,21.0
Guinea,2020-01,17.0
Guinea,2020-02,9.0
Guinea,2020-03,8.0
Guinea,2020-04,0.0
Guinea,2020-05,0.0
Guinea,2020-06,0.0
Guinea,2020-07,0.0
Guinea,2020-08,1.0
Guinea,2020-09,2.0
Guinea,2020-10,4.0
Guinea,2020-11,3.0
Guinea,2020-12,3.0
Guinea,2021-01,1.0
Guinea,2021-02,0.0
Guinea,2021-03,1.0
Guinea,2021-04,1.0
Guinea,2021-05,3.0
Guinea,2021-06,1.0
Guinea,2021-07,21.0
Guinea,2021-08,13.0
Guinea,2021-09,3.0
Guinea,2021-10,3.0
Guinea,2021-11,5.0
Guinea,2021-12,1.0
Guinea,2022-01,2.0
Guinea,2022-02,4.0
Guinea,2022-03,2.0
Guinea,2022-04,4.0
Guinea,2022-05,4.0
Guinea,2022-06,4.0
Guinea,2022-07,6.0
Guinea,2022-08,11.0
Guinea,2022-09,15.0
Guinea,2022-10,22.0
Guinea,2022-11,12.0
Guinea,2022-12,28.0
Guinea,2023-01,27.0
Guinea,2023-02,27.0
Guinea,2023-03,16.0
Guinea,2023-04,31.0
Guinea,2023-05,13.0
Guinea,2023-06,17.0
Guinea,2023-07,31.0
Guinea,2023-08,35.0
Guinea,2023-09,31.0
Guinea,2023-10,30.0
Guinea,2023-11,44.0
Guinea,2023-12,26.0
Guinea,2024-01,28.0
Guinea,2024-02,27.0
Guinea,2024-03,18.0
Guinea,2024-04,26.0
Guinea,2024-05,38.0
Guinea,2024-06,41.0
Guinea,2024-07,26.0
Guinea,2024-08,29.0
Guinea,2024-09,40.0
Guinea,2024-10,35.0
Guinea,2024-11,27.0
Guinea,2024-12,16.0
Guinea,2025-01,34.0
Guinea,2025-02,24.0
Guinea,2025-03,10.0
Guinea,2025-04,32.0
Guinea,2025-05,19.0
Guinea,2025-06,167.0
Guinea,2025-07,42.0
Guinea,2025-08,53.0
Guinea,2025-09,25.0
Guinea,2025-10,29.0
Guinea,2025-11,21.0
Guinea,2025-12,14.0
Guinea,2026-01,28.0
Guinea,2026-02,15.0
Guinea,2026-03,14.0
Guinea,2026-04,33.0
Guinea-Bissau,2019-01,2.0
Guinea-Bissau,2019-02,2.0
Guinea-Bissau,2019-03,2.0
Guinea-Bissau,2019-04,2.0
Guinea-Bissau,2019-05,2.0
Guinea-Bissau,2019-06,3.0
Guinea-Bissau,2019-07,6.0
Guinea-Bissau,2019-08,6.0
Guinea-Bissau,2019-09,2.0
Guinea-Bissau,2019-10,0.0
Guinea-Bissau,2019-11,1.0
Guinea-Bissau,2019-12,2.0
Guinea-Bissau,2020-01,1.0
Guinea-Bissau,2020-02,3.0
Guinea-Bissau,2020-03,0.0
Guinea-Bissau,2020-04,0.0
Guinea-Bissau,2020-05,0.0
Guinea-Bissau,2020-06,0.0
Guinea-Bissau,2020-07,0.0
Guinea-Bissau,2020-08,0.0
Guinea-Bissau,2020-09,0.0
Guinea-Bissau,2020-10,0.0
Guinea-Bissau,2020-11,1.0
Guinea-Bissau,2020-12,0.0
Guinea-Bissau,2021-01,0.0
Guinea-Bissau,2021-02,0.0
Guinea-Bissau,2021-03,1.0
Guinea-Bissau,2021-04,0.0
Guinea-Bissau,2021-05,0.0
Guinea-Bissau,2021-06,2.0
Guinea-Bissau,2021-07,14.0
Guinea-Bissau,2021-08,6.0
Guinea-Bissau,2021-09,0.0
Guinea-Bissau,2021-10,0.0
Guinea-Bissau,2021-11,0.0
Guinea-Bissau,2021-12,0.0
Guinea-Bissau,2022-01,0.0
Guinea-Bissau,2022-02,1.0
Guinea-Bissau,2022-03,0.0
Guinea-Bissau,2022-04,2.0
Guinea-Bissau,2022-05,1.0
Guinea-Bissau,2022-06,0.0
Guinea-Bissau,2022-07,0.0
Guinea-Bissau,2022-08,1.0
Guinea-Bissau,2022-09,1.0
Guinea-Bissau,2022-10,1.0
Guinea-Bissau,2022-11,0.0
Guinea-Bissau,2022-12,1.0
Guinea-Bissau,2023-01,1.0
Guinea-Bissau,2023-02,0.0
Guinea-Bissau,2023-03,1.0
Guinea-Bissau,2023-04,1.0
Guinea-Bissau,2023-05,1.0
Guinea-Bissau,2023-06,2.0
Guinea-Bissau,2023-07,2.0
Guinea-Bissau,2023-08,1.0
Guinea-Bissau,2023-09,4.0
Guinea-Bissau,2023-10,0.0
Guinea-Bissau,2023-11,2.0
Guinea-Bissau,2023-12,0.0
Guinea-Bissau,2024-01,3.0
Guinea-Bissau,2024-02,0.0
Guinea-Bissau,2024-03,2.0
Guinea-Bissau,2024-04,0.0
Guinea-Bissau,2024-05,0.0
Guinea-Bissau,2024-06,4.0
Guinea-Bissau,2024-07,2.0
Guinea-Bissau,2024-08,6.0
Guinea-Bissau,2024-09,2.0
Guinea-Bissau,2024-10,1.0
Guinea-Bissau,2024-11,0.0
Guinea-Bissau,2024-12,4.0
Guinea-Bissau,2025-01,11.0
Guinea-Bissau,2025-02,0.0
Guinea-Bissau,2025-03,0.0
Guinea-Bissau,2025-04,5.0
Guinea-Bissau,2025-05,34.0
Guinea-Bissau,2025-06,4.0
Guinea-Bissau,2025-07,0.0
Guinea-Bissau,2025-08,15.0
Guinea-Bissau,2025-09,2.0
Guinea-Bissau,2025-10,1.0
Guinea-Bissau,2025-11,3.0
Guinea-Bissau,2025-12,1.0
Guinea-Bissau,2026-01,1.0
Guinea-Bissau,2026-02,1.0
Guinea-Bissau,2026-03,1.0
Guinea-Bissau,2026-04,1.0
Guyana,2019-01,7.0
Guyana,2019-02,4.0
Guyana,2019-03,9.0
Guyana,2019-04,4.0
Guyana,2019-05,5.0
Guyana,2019-06,3.0
Guyana,2019-07,11.0
Guyana,2019-08,16.0
Guyana,2019-09,6.0
Guyana,2019-10,12.0
Guyana,2019-11,2.0
Guyana,2019-12,9.0
Guyana,2020-01,4.0
Guyana,2020-02,11.0
Guyana,2020-03,0.0
Guyana,2020-04,0.0
Guyana,2020-05,0.0
Guyana,2020-06,0.0
Guyana,2020-07,0.0
Guyana,2020-08,0.0
Guyana,2020-09,1.0
Guyana,2020-10,0.0
Guyana,2020-11,0.0
Guyana,2020-12,0.0
Guyana,2021-01,1.0
Guyana,2021-02,0.0
Guyana,2021-03,0.0
Guyana,2021-04,0.0
Guyana,2021-05,0.0
Guyana,2021-06,0.0
Guyana,2021-07,13.0
Guyana,2021-08,3.0
Guyana,2021-09,0.0
Guyana,2021-10,1.0
Guyana,2021-11,0.0
Guyana,2021-12,0.0
Guyana,2022-01,0.0
Guyana,2022-02,0.0
Guyana,2022-03,1.0
Guyana,2022-04,0.0
Guyana,2022-05,0.0
Guyana,2022-06,0.0
Guyana,2022-07,0.0
Guyana,2022-08,2.0
Guyana,2022-09,3.0
Guyana,2022-10,4.0
Guyana,2022-11,0.0
Guyana,2022-12,3.0
Guyana,2023-01,3.0
Guyana,2023-02,1.0
Guyana,2023-03,5.0
Guyana,2023-04,6.0
Guyana,2023-05,8.0
Guyana,2023-06,1.0
Guyana,2023-07,9.0
Guyana,2023-08,5.0
Guyana,2023-09,3.0
Guyana,2023-10,12.0
Guyana,2023-11,10.0
Guyana,2023-12,3.0
Guyana,2024-01,1.0
Guyana,2024-02,2.0
Guyana,2024-03,5.0
Guyana,2024-04,2.0
Guyana,2024-05,12.0
Guyana,2024-06,7.0
Guyana,2024-07,5.0
Guyana,2024-08,6.0
Guyana,2024-09,11.0
Guyana,2024-10,7.0
Guyana,2024-11,14.0
Guyana,2024-12,6.0
Guyana,2025-01,14.0
Guyana,2025-02,6.0
Guyana,2025-03,16.0
Guyana,2025-04,48.0
Guyana,2025-05,22.0
Guyana,2025-06,6.0
Guyana,2025-07,11.0
Guyana,2025-08,8.0
Guyana,2025-09,20.0
Guyana,2025-10,7.0
Guyana,2025-11,13.0
Guyana,2025-12,7.0
Guyana,2026-01,1.0
Guyana,2026-02,10.0
Guyana,2026-03,15.0
Guyana,2026-04,10.0
Haiti,2019-01,7.0
Haiti,2019-02,5.0
Haiti,2019-03,9.0
Haiti,2019-04,10.0
Haiti,2019-05,11.0
Haiti,2019-06,10.0
Haiti,2019-07,11.0
Haiti,2019-08,12.0
Haiti,2019-09,17.0
Haiti,2019-10,13.0
Haiti,2019-11,17.0
Haiti,2019-12,3.0
Haiti,2020-01,2.0
Haiti,2020-02,5.0
Haiti,2020-03,1.0
Haiti,2020-04,0.0
Haiti,2020-05,0.0
Haiti,2020-06,0.0
Haiti,2020-07,1.0
Haiti,2020-08,0.0
Haiti,2020-09,3.0
Haiti,2020-10,2.0
Haiti,2020-11,1.0
Haiti,2020-12,0.0
Haiti,2021-01,4.0
Haiti,2021-02,1.0
Haiti,2021-03,0.0
Haiti,2021-04,2.0
Haiti,2021-05,2.0
Haiti,2021-06,4.0
Haiti,2021-07,10.0
Haiti,2021-08,5.0
Haiti,2021-09,0.0
Haiti,2021-10,2.0
Haiti,2021-11,1.0
Haiti,2021-12,0.0
Haiti,2022-01,2.0
Haiti,2022-02,3.0
Haiti,2022-03,1.0
Haiti,2022-04,3.0
Haiti,2022-05,4.0
Haiti,2022-06,0.0
Haiti,2022-07,3.0
Haiti,2022-08,4.0
Haiti,2022-09,7.0
Haiti,2022-10,6.0
Haiti,2022-11,7.0
Haiti,2022-12,7.0
Haiti,2023-01,9.0
Haiti,2023-02,3.0
Haiti,2023-03,6.0
Haiti,2023-04,12.0
Haiti,2023-05,10.0
Haiti,2023-06,6.0
Haiti,2023-07,7.0
Haiti,2023-08,6.0
Haiti,2023-09,9.0
Haiti,2023-10,6.0
Haiti,2023-11,7.0
Haiti,2023-12,8.0
Haiti,2024-01,11.0
Haiti,2024-02,5.0
Haiti,2024-03,8.0
Haiti,2024-04,9.0
Haiti,2024-05,13.0
Haiti,2024-06,16.0
Haiti,2024-07,12.0
Haiti,2024-08,12.0
Haiti,2024-09,11.0
Haiti,2024-10,13.0
Haiti,2024-11,9.0
Haiti,2024-12,8.0
Haiti,2025-01,7.0
Haiti,2025-02,5.0
Haiti,2025-03,9.0
Haiti,2025-04,11.0
Haiti,2025-05,6.0
Haiti,2025-06,5.0
Haiti,2025-07,30.0
Haiti,2025-08,8.0
Haiti,2025-09,13.0
Haiti,2025-10,28.0
Haiti,2025-11,18.0
Haiti,2025-12,12.0
Haiti,2026-01,8.0
Haiti,2026-02,6.0
Haiti,2026-03,11.0
Haiti,2026-04,13.0
Honduras,2019-01,66.0
Honduras,2019-02,60.0
Honduras,2019-03,107.0
Honduras,2019-04,83.0
Honduras,2019-05,58.0
Honduras,2019-06,77.0
Honduras,2019-07,108.0
Honduras,2019-08,95.0
Honduras,2019-09,104.0
Honduras,2019-10,88.0
Honduras,2019-11,67.0
Honduras,2019-12,67.0
Honduras,2020-01,68.0
Honduras,2020-02,43.0
Honduras,2020-03,10.0
Honduras,2020-04,0.0
Honduras,2020-05,0.0
Honduras,2020-06,0.0
Honduras,2020-07,0.0
Honduras,2020-08,1.0
Honduras,2020-09,0.0
Honduras,2020-10,1.0
Honduras,2020-11,3.0
Honduras,2020-12,1.0
Honduras,2021-01,4.0
Honduras,2021-02,1.0
Honduras,2021-03,1.0
Honduras,2021-04,1.0
Honduras,2021-05,1.0
Honduras,2021-06,3.0
Honduras,2021-07,46.0
Honduras,2021-08,3.0
Honduras,2021-09,1.0
Honduras,2021-10,2.0
Honduras,2021-11,3.0
Honduras,2021-12,0.0
Honduras,2022-01,3.0
Honduras,2022-02,1.0
Honduras,2022-03,6.0
Honduras,2022-04,4.0
Honduras,2022-05,8.0
Honduras,2022-06,6.0
Honduras,2022-07,6.0
Honduras,2022-08,10.0
Honduras,2022-09,28.0
Honduras,2022-10,42.0
Honduras,2022-11,52.0
Honduras,2022-12,29.0
Honduras,2023-01,61.0
Honduras,2023-02,58.0
Honduras,2023-03,73.0
Honduras,2023-04,79.0
Honduras,2023-05,126.0
Honduras,2023-06,137.0
Honduras,2023-07,132.0
Honduras,2023-08,140.0
Honduras,2023-09,121.0
Honduras,2023-10,122.0
Honduras,2023-11,96.0
Honduras,2023-12,100.0
Honduras,2024-01,85.0
Honduras,2024-02,80.0
Honduras,2024-03,137.0
Honduras,2024-04,134.0
Honduras,2024-05,99.0
Honduras,2024-06,150.0
Honduras,2024-07,180.0
Honduras,2024-08,111.0
Honduras,2024-09,164.0
Honduras,2024-10,171.0
Honduras,2024-11,150.0
Honduras,2024-12,91.0
Honduras,2025-01,95.0
Honduras,2025-02,115.0
Honduras,2025-03,130.0
Honduras,2025-04,201.0
Honduras,2025-05,189.0
Honduras,2025-06,144.0
Honduras,2025-07,185.0
Honduras,2025-08,116.0
Honduras,2025-09,313.0
Honduras,2025-10,265.0
Honduras,2025-11,209.0
Honduras,2025-12,132.0
Honduras,2026-01,105.0
Honduras,2026-02,137.0
Honduras,2026-03,176.0
Honduras,2026-04,185.0
Hong Kong,2019-01,154292.0
Hong Kong,2019-02,179324.0
Hong Kong,2019-03,171430.0
Hong Kong,2019-04,194806.0
Hong Kong,2019-05,189007.0
Hong Kong,2019-06,209030.0
Hong Kong,2019-07,216810.0
Hong Kong,2019-08,190260.0
Hong Kong,2019-09,155927.0
Hong Kong,2019-10,180562.0
Hong Kong,2019-11,199702.0
Hong Kong,2019-12,249642.0
Hong Kong,2020-01,219358.0
Hong Kong,2020-02,115613.0
Hong Kong,2020-03,9917.0
Hong Kong,2020-04,14.0
Hong Kong,2020-05,1.0
Hong Kong,2020-06,7.0
Hong Kong,2020-07,19.0
Hong Kong,2020-08,41.0
Hong Kong,2020-09,89.0
Hong Kong,2020-10,221.0
Hong Kong,2020-11,453.0
Hong Kong,2020-12,287.0
Hong Kong,2021-01,161.0
Hong Kong,2021-02,39.0
Hong Kong,2021-03,58.0
Hong Kong,2021-04,59.0
Hong Kong,2021-05,65.0
Hong Kong,2021-06,53.0
Hong Kong,2021-07,253.0
Hong Kong,2021-08,123.0
Hong Kong,2021-09,120.0
Hong Kong,2021-10,144.0
Hong Kong,2021-11,104.0
Hong Kong,2021-12,73.0
Hong Kong,2022-01,71.0
Hong Kong,2022-02,70.0
Hong Kong,2022-03,488.0
Hong Kong,2022-04,1320.0
Hong Kong,2022-05,744.0
Hong Kong,2022-06,833.0
Hong Kong,2022-07,1091.0
Hong Kong,2022-08,1299.0
Hong Kong,2022-09,2824.0
Hong Kong,2022-10,36242.0
Hong Kong,2022-11,82989.0
Hong Kong,2022-12,141314.0
Hong Kong,2023-01,151939.0
Hong Kong,2023-02,119405.0
Hong Kong,2023-03,144881.0
Hong Kong,2023-04,152819.0
Hong Kong,2023-05,154393.0
Hong Kong,2023-06,186324.0
Hong Kong,2023-07,216413.0
Hong Kong,2023-08,206267.0
Hong Kong,2023-09,151137.0
Hong Kong,2023-10,179316.0
Hong Kong,2023-11,200428.0
Hong Kong,2023-12,251080.0
Hong Kong,2024-01,186300.0
Hong Kong,2024-02,205884.0
Hong Kong,2024-03,231373.0
Hong Kong,2024-04,184460.0
Hong Kong,2024-05,217486.0
Hong Kong,2024-06,250604.0
Hong Kong,2024-07,279069.0
Hong Kong,2024-08,246557.0
Hong Kong,2024-09,170216.0
Hong Kong,2024-10,198827.0
Hong Kong,2024-11,227062.0
Hong Kong,2024-12,285553.0
Hong Kong,2025-01,243687.0
Hong Kong,2025-02,195543.0
Hong Kong,2025-03,208369.0
Hong Kong,2025-04,263649.0
Hong Kong,2025-05,193044.0
Hong Kong,2025-06,166764.0
Hong Kong,2025-07,176019.0
Hong Kong,2025-08,226069.0
Hong Kong,2025-09,149472.0
Hong Kong,2025-10,196017.0
Hong Kong,2025-11,207636.0
Hong Kong,2025-12,291133.0
Hong Kong,2026-01,200048.0
Hong Kong,2026-02,233940.0
Hong Kong,2026-03,216271.0
Hong Kong,2026-04,225991.0
Hungary,2019-01,574.0
Hungary,2019-02,524.0
Hungary,2019-03,1573.0
Hungary,2019-04,1170.0
Hungary,2019-05,1311.0
Hungary,2019-06,888.0
Hungary,2019-07,1126.0
Hungary,2019-08,1021.0
Hungary,2019-09,1008.0
Hungary,2019-10,1526.0
Hungary,2019-11,1349.0
Hungary,2019-12,626.0
Hungary,2020-01,564.0
Hungary,2020-02,421.0
Hungary,2020-03,220.0
Hungary,2020-04,1.0
Hungary,2020-05,1.0
Hungary,2020-06,0.0
Hungary,2020-07,4.0
Hungary,2020-08,16.0
Hungary,2020-09,8.0
Hungary,2020-10,26.0
Hungary,2020-11,25.0
Hungary,2020-12,16.0
Hungary,2021-01,28.0
Hungary,2021-02,6.0
Hungary,2021-03,17.0
Hungary,2021-04,11.0
Hungary,2021-05,19.0
Hungary,2021-06,32.0
Hungary,2021-07,611.0
Hungary,2021-08,162.0
Hungary,2021-09,28.0
Hungary,2021-10,83.0
Hungary,2021-11,26.0
Hungary,2021-12,11.0
Hungary,2022-01,34.0
Hungary,2022-02,12.0
Hungary,2022-03,43.0
Hungary,2022-04,92.0
Hungary,2022-05,93.0
Hungary,2022-06,118.0
Hungary,2022-07,209.0
Hungary,2022-08,174.0
Hungary,2022-09,255.0
Hungary,2022-10,644.0
Hungary,2022-11,490.0
Hungary,2022-12,347.0
Hungary,2023-01,450.0
Hungary,2023-02,350.0
Hungary,2023-03,1216.0
Hungary,2023-04,1155.0
Hungary,2023-05,901.0
Hungary,2023-06,693.0
Hungary,2023-07,1216.0
Hungary,2023-08,854.0
Hungary,2023-09,1022.0
Hungary,2023-10,1806.0
Hungary,2023-11,1097.0
Hungary,2023-12,556.0
Hungary,2024-01,492.0
Hungary,2024-02,519.0
Hungary,2024-03,2236.0
Hungary,2024-04,1690.0
Hungary,2024-05,1474.0
Hungary,2024-06,1093.0
Hungary,2024-07,1132.0
Hungary,2024-08,1124.0
Hungary,2024-09,1319.0
Hungary,2024-10,2672.0
Hungary,2024-11,1315.0
Hungary,2024-12,761.0
Hungary,2025-01,676.0
Hungary,2025-02,754.0
Hungary,2025-03,2227.0
Hungary,2025-04,3007.0
Hungary,2025-05,2391.0
Hungary,2025-06,1463.0
Hungary,2025-07,1723.0
Hungary,2025-08,1629.0
Hungary,2025-09,2223.0
Hungary,2025-10,3411.0
Hungary,2025-11,1831.0
Hungary,2025-12,957.0
Hungary,2026-01,910.0
Hungary,2026-02,790.0
Hungary,2026-03,2583.0
Hungary,2026-04,2342.0
Iceland,2019-01,93.0
Iceland,2019-02,109.0
Iceland,2019-03,188.0
Iceland,2019-04,180.0
Iceland,2019-05,155.0
Iceland,2019-06,176.0
Iceland,2019-07,134.0
Iceland,2019-08,88.0
Iceland,2019-09,119.0
Iceland,2019-10,128.0
Iceland,2019-11,202.0
Iceland,2019-12,100.0
Iceland,2020-01,124.0
Iceland,2020-02,81.0
Iceland,2020-03,35.0
Iceland,2020-04,0.0
Iceland,2020-05,0.0
Iceland,2020-06,0.0
Iceland,2020-07,0.0
Iceland,2020-08,2.0
Iceland,2020-09,2.0
Iceland,2020-10,3.0
Iceland,2020-11,3.0
Iceland,2020-12,1.0
Iceland,2021-01,5.0
Iceland,2021-02,0.0
Iceland,2021-03,2.0
Iceland,2021-04,0.0
Iceland,2021-05,1.0
Iceland,2021-06,0.0
Iceland,2021-07,28.0
Iceland,2021-08,22.0
Iceland,2021-09,4.0
Iceland,2021-10,14.0
Iceland,2021-11,1.0
Iceland,2021-12,2.0
Iceland,2022-01,3.0
Iceland,2022-02,6.0
Iceland,2022-03,8.0
Iceland,2022-04,10.0
Iceland,2022-05,17.0
Iceland,2022-06,7.0
Iceland,2022-07,18.0
Iceland,2022-08,25.0
Iceland,2022-09,29.0
Iceland,2022-10,50.0
Iceland,2022-11,64.0
Iceland,2022-12,81.0
Iceland,2023-01,106.0
Iceland,2023-02,55.0
Iceland,2023-03,195.0
Iceland,2023-04,153.0
Iceland,2023-05,150.0
Iceland,2023-06,153.0
Iceland,2023-07,196.0
Iceland,2023-08,89.0
Iceland,2023-09,129.0
Iceland,2023-10,147.0
Iceland,2023-11,147.0
Iceland,2023-12,92.0
Iceland,2024-01,118.0
Iceland,2024-02,97.0
Iceland,2024-03,256.0
Iceland,2024-04,232.0
Iceland,2024-05,216.0
Iceland,2024-06,243.0
Iceland,2024-07,161.0
Iceland,2024-08,123.0
Iceland,2024-09,152.0
Iceland,2024-10,255.0
Iceland,2024-11,155.0
Iceland,2024-12,114.0
Iceland,2025-01,105.0
Iceland,2025-02,138.0
Iceland,2025-03,272.0
Iceland,2025-04,450.0
Iceland,2025-05,503.0
Iceland,2025-06,342.0
Iceland,2025-07,237.0
Iceland,2025-08,416.0
Iceland,2025-09,326.0
Iceland,2025-10,402.0
Iceland,2025-11,192.0
Iceland,2025-12,144.0
Iceland,2026-01,157.0
Iceland,2026-02,116.0
Iceland,2026-03,432.0
Iceland,2026-04,350.0
India,2019-01,12468.0
India,2019-02,9071.0
India,2019-03,17752.0
India,2019-04,18376.0
India,2019-05,19914.0
India,2019-06,15359.0
India,2019-07,13222.0
India,2019-08,13308.0
India,2019-09,15895.0
India,2019-10,13929.0
India,2019-11,14863.0
India,2019-12,11739.0
India,2020-01,13884.0
India,2020-02,6582.0
India,2020-03,1948.0
India,2020-04,26.0
India,2020-05,29.0
India,2020-06,69.0
India,2020-07,346.0
India,2020-08,278.0
India,2020-09,389.0
India,2020-10,714.0
India,2020-11,1038.0
India,2020-12,1628.0
India,2021-01,905.0
India,2021-02,649.0
India,2021-03,735.0
India,2021-04,555.0
India,2021-05,459.0
India,2021-06,68.0
India,2021-07,376.0
India,2021-08,290.0
India,2021-09,493.0
India,2021-10,1487.0
India,2021-11,1571.0
India,2021-12,1243.0
India,2022-01,2058.0
India,2022-02,1660.0
India,2022-03,2279.0
India,2022-04,3649.0
India,2022-05,4501.0
India,2022-06,3454.0
India,2022-07,4178.0
India,2022-08,5502.0
India,2022-09,5223.0
India,2022-10,6006.0
India,2022-11,8357.0
India,2022-12,7447.0
India,2023-01,9057.0
India,2023-02,7051.0
India,2023-03,14864.0
India,2023-04,16272.0
India,2023-05,17992.0
India,2023-06,14202.0
India,2023-07,13150.0
India,2023-08,12826.0
India,2023-09,14102.0
India,2023-10,16810.0
India,2023-11,16553.0
India,2023-12,13515.0
India,2024-01,12608.0
India,2024-02,9965.0
India,2024-03,27206.0
India,2024-04,23162.0
India,2024-05,29068.0
India,2024-06,19884.0
India,2024-07,14941.0
India,2024-08,16113.0
India,2024-09,17865.0
India,2024-10,21706.0
India,2024-11,23542.0
India,2024-12,17001.0
India,2025-01,16189.0
India,2025-02,12955.0
India,2025-03,32967.0
India,2025-04,37352.0
India,2025-05,43040.0
India,2025-06,28623.0
India,2025-07,18297.0
India,2025-08,18620.0
India,2025-09,25401.0
India,2025-10,29418.0
India,2025-11,28946.0
India,2025-12,23254.0
India,2026-01,18533.0
India,2026-02,15859.0
India,2026-03,41438.0
India,2026-04,41866.0
Indonesia,2019-01,32477.0
Indonesia,2019-02,24622.0
Indonesia,2019-03,39609.0
Indonesia,2019-04,39768.0
Indonesia,2019-05,30107.0
Indonesia,2019-06,49290.0
Indonesia,2019-07,25215.0
Indonesia,2019-08,16160.0
Indonesia,2019-09,25021.0
Indonesia,2019-10,34094.0
Indonesia,2019-11,37213.0
Indonesia,2019-12,59203.0
Indonesia,2020-01,37540.0
Indonesia,2020-02,24691.0
Indonesia,2020-03,7370.0
Indonesia,2020-04,96.0
Indonesia,2020-05,5.0
Indonesia,2020-06,18.0
Indonesia,2020-07,54.0
Indonesia,2020-08,230.0
Indonesia,2020-09,299.0
Indonesia,2020-10,675.0
Indonesia,2020-11,3424.0
Indonesia,2020-12,3322.0
Indonesia,2021-01,922.0
Indonesia,2021-02,184.0
Indonesia,2021-03,263.0
Indonesia,2021-04,198.0
Indonesia,2021-05,305.0
Indonesia,2021-06,472.0
Indonesia,2021-07,360.0
Indonesia,2021-08,583.0
Indonesia,2021-09,518.0
Indonesia,2021-10,454.0
Indonesia,2021-11,688.0
Indonesia,2021-12,262.0
Indonesia,2022-01,484.0
Indonesia,2022-02,539.0
Indonesia,2022-03,5486.0
Indonesia,2022-04,11666.0
Indonesia,2022-05,8720.0
Indonesia,2022-06,7041.0
Indonesia,2022-07,7212.0
Indonesia,2022-08,6933.0
Indonesia,2022-09,9186.0
Indonesia,2022-10,11085.0
Indonesia,2022-11,16960.0
Indonesia,2022-12,34411.0
Indonesia,2023-01,22618.0
Indonesia,2023-02,26802.0
Indonesia,2023-03,33173.0
Indonesia,2023-04,48667.0
Indonesia,2023-05,31120.0
Indonesia,2023-06,39276.0
Indonesia,2023-07,28489.0
Indonesia,2023-08,20792.0
Indonesia,2023-09,32354.0
Indonesia,2023-10,40260.0
Indonesia,2023-11,42135.0
Indonesia,2023-12,63696.0
Indonesia,2024-01,41287.0
Indonesia,2024-02,38246.0
Indonesia,2024-03,37448.0
Indonesia,2024-04,62515.0
Indonesia,2024-05,41274.0
Indonesia,2024-06,43052.0
Indonesia,2024-07,29571.0
Indonesia,2024-08,22127.0
Indonesia,2024-09,35081.0
Indonesia,2024-10,43215.0
Indonesia,2024-11,48841.0
Indonesia,2024-12,74994.0
Indonesia,2025-01,63230.0
Indonesia,2025-02,47026.0
Indonesia,2025-03,60599.0
Indonesia,2025-04,61380.0
Indonesia,2025-05,52280.0
Indonesia,2025-06,51462.0
Indonesia,2025-07,37612.0
Indonesia,2025-08,31419.0
Indonesia,2025-09,44072.0
Indonesia,2025-10,53387.0
Indonesia,2025-11,56432.0
Indonesia,2025-12,81678.0
Indonesia,2026-01,73999.0
Indonesia,2026-02,51198.0
Indonesia,2026-03,82792.0
Indonesia,2026-04,62200.0
Iran,2019-01,237.0
Iran,2019-02,249.0
Iran,2019-03,708.0
Iran,2019-04,469.0
Iran,2019-05,419.0
Iran,2019-06,378.0
Iran,2019-07,373.0
Iran,2019-08,470.0
Iran,2019-09,598.0
Iran,2019-10,477.0
Iran,2019-11,487.0
Iran,2019-12,387.0
Iran,2020-01,312.0
Iran,2020-02,197.0
Iran,2020-03,31.0
Iran,2020-04,2.0
Iran,2020-05,0.0
Iran,2020-06,1.0
Iran,2020-07,9.0
Iran,2020-08,20.0
Iran,2020-09,22.0
Iran,2020-10,51.0
Iran,2020-11,40.0
Iran,2020-12,35.0
Iran,2021-01,24.0
Iran,2021-02,5.0
Iran,2021-03,11.0
Iran,2021-04,21.0
Iran,2021-05,33.0
Iran,2021-06,47.0
Iran,2021-07,255.0
Iran,2021-08,188.0
Iran,2021-09,55.0
Iran,2021-10,51.0
Iran,2021-11,39.0
Iran,2021-12,17.0
Iran,2022-01,37.0
Iran,2022-02,27.0
Iran,2022-03,69.0
Iran,2022-04,104.0
Iran,2022-05,79.0
Iran,2022-06,100.0
Iran,2022-07,101.0
Iran,2022-08,242.0
Iran,2022-09,499.0
Iran,2022-10,312.0
Iran,2022-11,389.0
Iran,2022-12,193.0
Iran,2023-01,155.0
Iran,2023-02,209.0
Iran,2023-03,1083.0
Iran,2023-04,364.0
Iran,2023-05,653.0
Iran,2023-06,465.0
Iran,2023-07,449.0
Iran,2023-08,470.0
Iran,2023-09,1170.0
Iran,2023-10,641.0
Iran,2023-11,1043.0
Iran,2023-12,443.0
Iran,2024-01,252.0
Iran,2024-02,283.0
Iran,2024-03,2420.0
Iran,2024-04,724.0
Iran,2024-05,951.0
Iran,2024-06,535.0
Iran,2024-07,468.0
Iran,2024-08,684.0
Iran,2024-09,1063.0
Iran,2024-10,622.0
Iran,2024-11,902.0
Iran,2024-12,483.0
Iran,2025-01,289.0
Iran,2025-02,242.0
Iran,2025-03,2047.0
Iran,2025-04,778.0
Iran,2025-05,1001.0
Iran,2025-06,596.0
Iran,2025-07,312.0
Iran,2025-08,560.0
Iran,2025-09,909.0
Iran,2025-10,671.0
Iran,2025-11,1117.0
Iran,2025-12,486.0
Iran,2026-01,260.0
Iran,2026-02,211.0
Iran,2026-03,270.0
Iran,2026-04,301.0
Iraq,2019-01,70.0
Iraq,2019-02,81.0
Iraq,2019-03,143.0
Iraq,2019-04,101.0
Iraq,2019-05,67.0
Iraq,2019-06,132.0
Iraq,2019-07,101.0
Iraq,2019-08,86.0
Iraq,2019-09,153.0
Iraq,2019-10,118.0
Iraq,2019-11,106.0
Iraq,2019-12,161.0
Iraq,2020-01,75.0
Iraq,2020-02,57.0
Iraq,2020-03,13.0
Iraq,2020-04,0.0
Iraq,2020-05,0.0
Iraq,2020-06,0.0
Iraq,2020-07,5.0
Iraq,2020-08,6.0
Iraq,2020-09,7.0
Iraq,2020-10,8.0
Iraq,2020-11,3.0
Iraq,2020-12,11.0
Iraq,2021-01,6.0
Iraq,2021-02,2.0
Iraq,2021-03,8.0
Iraq,2021-04,4.0
Iraq,2021-05,7.0
Iraq,2021-06,2.0
Iraq,2021-07,21.0
Iraq,2021-08,41.0
Iraq,2021-09,12.0
Iraq,2021-10,9.0
Iraq,2021-11,7.0
Iraq,2021-12,3.0
Iraq,2022-01,5.0
Iraq,2022-02,7.0
Iraq,2022-03,11.0
Iraq,2022-04,17.0
Iraq,2022-05,27.0
Iraq,2022-06,32.0
Iraq,2022-07,23.0
Iraq,2022-08,40.0
Iraq,2022-09,41.0
Iraq,2022-10,40.0
Iraq,2022-11,80.0
Iraq,2022-12,76.0
Iraq,2023-01,90.0
Iraq,2023-02,97.0
Iraq,2023-03,93.0
Iraq,2023-04,107.0
Iraq,2023-05,99.0
Iraq,2023-06,103.0
Iraq,2023-07,103.0
Iraq,2023-08,84.0
Iraq,2023-09,92.0
Iraq,2023-10,85.0
Iraq,2023-11,87.0
Iraq,2023-12,64.0
Iraq,2024-01,70.0
Iraq,2024-02,64.0
Iraq,2024-03,75.0
Iraq,2024-04,91.0
Iraq,2024-05,99.0
Iraq,2024-06,147.0
Iraq,2024-07,109.0
Iraq,2024-08,100.0
Iraq,2024-09,122.0
Iraq,2024-10,125.0
Iraq,2024-11,115.0
Iraq,2024-12,70.0
Iraq,2025-01,82.0
Iraq,2025-02,115.0
Iraq,2025-03,85.0
Iraq,2025-04,153.0
Iraq,2025-05,148.0
Iraq,2025-06,104.0
Iraq,2025-07,131.0
Iraq,2025-08,150.0
Iraq,2025-09,155.0
Iraq,2025-10,158.0
Iraq,2025-11,157.0
Iraq,2025-12,126.0
Iraq,2026-01,117.0
Iraq,2026-02,123.0
Iraq,2026-03,30.0
Iraq,2026-04,63.0
Ireland,2019-01,1316.0
Ireland,2019-02,1333.0
Ireland,2019-03,1970.0
Ireland,2019-04,2481.0
Ireland,2019-05,1949.0
Ireland,2019-06,1887.0
Ireland,2019-07,1889.0
Ireland,2019-08,1696.0
Ireland,2019-09,9151.0
Ireland,2019-10,12024.0
Ireland,2019-11,2039.0
Ireland,2019-12,1652.0
Ireland,2020-01,1656.0
Ireland,2020-02,1115.0
Ireland,2020-03,393.0
Ireland,2020-04,1.0
Ireland,2020-05,0.0
Ireland,2020-06,1.0
Ireland,2020-07,6.0
Ireland,2020-08,22.0
Ireland,2020-09,12.0
Ireland,2020-10,15.0
Ireland,2020-11,30.0
Ireland,2020-12,19.0
Ireland,2021-01,25.0
Ireland,2021-02,3.0
Ireland,2021-03,10.0
Ireland,2021-04,11.0
Ireland,2021-05,24.0
Ireland,2021-06,14.0
Ireland,2021-07,419.0
Ireland,2021-08,142.0
Ireland,2021-09,38.0
Ireland,2021-10,26.0
Ireland,2021-11,80.0
Ireland,2021-12,28.0
Ireland,2022-01,72.0
Ireland,2022-02,19.0
Ireland,2022-03,62.0
Ireland,2022-04,131.0
Ireland,2022-05,204.0
Ireland,2022-06,216.0
Ireland,2022-07,272.0
Ireland,2022-08,423.0
Ireland,2022-09,367.0
Ireland,2022-10,827.0
Ireland,2022-11,971.0
Ireland,2022-12,894.0
Ireland,2023-01,1031.0
Ireland,2023-02,1086.0
Ireland,2023-03,2306.0
Ireland,2023-04,2539.0
Ireland,2023-05,2004.0
Ireland,2023-06,1877.0
Ireland,2023-07,2068.0
Ireland,2023-08,1621.0
Ireland,2023-09,2287.0
Ireland,2023-10,2678.0
Ireland,2023-11,2069.0
Ireland,2023-12,1419.0
Ireland,2024-01,1573.0
Ireland,2024-02,2299.0
Ireland,2024-03,4024.0
Ireland,2024-04,3022.0
Ireland,2024-05,2951.0
Ireland,2024-06,2679.0
Ireland,2024-07,2509.0
Ireland,2024-08,2099.0
Ireland,2024-09,3020.0
Ireland,2024-10,3812.0
Ireland,2024-11,2820.0
Ireland,2024-12,2187.0
Ireland,2025-01,2162.0
Ireland,2025-02,2921.0
Ireland,2025-03,4439.0
Ireland,2025-04,5158.0
Ireland,2025-05,4404.0
Ireland,2025-06,3782.0
Ireland,2025-07,3320.0
Ireland,2025-08,2736.0
Ireland,2025-09,4523.0
Ireland,2025-10,5200.0
Ireland,2025-11,3791.0
Ireland,2025-12,2601.0
Ireland,2026-01,2866.0
Ireland,2026-02,3723.0
Ireland,2026-03,5616.0
Ireland,2026-04,4273.0
Israel,2019-01,1107.0
Israel,2019-02,1524.0
Israel,2019-03,6032.0
Israel,2019-04,7453.0
Israel,2019-05,3164.0
Israel,2019-06,1644.0
Israel,2019-07,2221.0
Israel,2019-08,2130.0
Israel,2019-09,5402.0
Israel,2019-10,7956.0
Israel,2019-11,3728.0
Israel,2019-12,1853.0
Israel,2020-01,1295.0
Israel,2020-02,725.0
Israel,2020-03,207.0
Israel,2020-04,0.0
Israel,2020-05,0.0
Israel,2020-06,1.0
Israel,2020-07,0.0
Israel,2020-08,8.0
Israel,2020-09,7.0
Israel,2020-10,24.0
Israel,2020-11,20.0
Israel,2020-12,28.0
Israel,2021-01,23.0
Israel,2021-02,2.0
Israel,2021-03,6.0
Israel,2021-04,12.0
Israel,2021-05,18.0
Israel,2021-06,25.0
Israel,2021-07,304.0
Israel,2021-08,149.0
Israel,2021-09,13.0
Israel,2021-10,35.0
Israel,2021-11,20.0
Israel,2021-12,12.0
Israel,2022-01,23.0
Israel,2022-02,4.0
Israel,2022-03,63.0
Israel,2022-04,147.0
Israel,2022-05,273.0
Israel,2022-06,239.0
Israel,2022-07,322.0
Israel,2022-08,256.0
Israel,2022-09,716.0
Israel,2022-10,2065.0
Israel,2022-11,2744.0
Israel,2022-12,821.0
Israel,2023-01,824.0
Israel,2023-02,1216.0
Israel,2023-03,8229.0
Israel,2023-04,7403.0
Israel,2023-05,3766.0
Israel,2023-06,2840.0
Israel,2023-07,3474.0
Israel,2023-08,3777.0
Israel,2023-09,8482.0
Israel,2023-10,3413.0
Israel,2023-11,901.0
Israel,2023-12,818.0
Israel,2024-01,790.0
Israel,2024-02,1139.0
Israel,2024-03,6525.0
Israel,2024-04,8435.0
Israel,2024-05,5025.0
Israel,2024-06,3245.0
Israel,2024-07,3515.0
Israel,2024-08,3654.0
Israel,2024-09,6764.0
Israel,2024-10,10365.0
Israel,2024-11,6950.0
Israel,2024-12,3092.0
Israel,2025-01,2591.0
Israel,2025-02,3626.0
Israel,2025-03,10509.0
Israel,2025-04,10974.0
Israel,2025-05,8627.0
Israel,2025-06,2743.0
Israel,2025-07,5544.0
Israel,2025-08,5491.0
Israel,2025-09,16067.0
Israel,2025-10,13235.0
Israel,2025-11,10309.0
Israel,2025-12,3827.0
Israel,2026-01,3351.0
Israel,2026-02,4265.0
Israel,2026-03,4196.0
Israel,2026-04,7105.0
Italy,2019-01,6033.0
Italy,2019-02,5897.0
Italy,2019-03,14956.0
Italy,2019-04,24062.0
Italy,2019-05,12463.0
Italy,2019-06,11357.0
Italy,2019-07,13566.0
Italy,2019-08,22804.0
Italy,2019-09,13354.0
Italy,2019-10,14731.0
Italy,2019-11,12350.0
Italy,2019-12,11196.0
Italy,2020-01,6921.0
Italy,2020-02,4718.0
Italy,2020-03,1488.0
Italy,2020-04,5.0
Italy,2020-05,3.0
Italy,2020-06,8.0
Italy,2020-07,12.0
Italy,2020-08,51.0
Italy,2020-09,68.0
Italy,2020-10,133.0
Italy,2020-11,131.0
Italy,2020-12,153.0
Italy,2021-01,153.0
Italy,2021-02,34.0
Italy,2021-03,50.0
Italy,2021-04,91.0
Italy,2021-05,94.0
Italy,2021-06,101.0
Italy,2021-07,1728.0
Italy,2021-08,597.0
Italy,2021-09,220.0
Italy,2021-10,228.0
Italy,2021-11,158.0
Italy,2021-12,73.0
Italy,2022-01,252.0
Italy,2022-02,46.0
Italy,2022-03,394.0
Italy,2022-04,800.0
Italy,2022-05,897.0
Italy,2022-06,1009.0
Italy,2022-07,1384.0
Italy,2022-08,1582.0
Italy,2022-09,2647.0
Italy,2022-10,4505.0
Italy,2022-11,5237.0
Italy,2022-12,4930.0
Italy,2023-01,4305.0
Italy,2023-02,4627.0
Italy,2023-03,12737.0
Italy,2023-04,15619.0
Italy,2023-05,11828.0
Italy,2023-06,10248.0
Italy,2023-07,13969.0
Italy,2023-08,24113.0
Italy,2023-09,14605.0
Italy,2023-10,16315.0
Italy,2023-11,13379.0
Italy,2023-12,10560.0
Italy,2024-01,6879.0
Italy,2024-02,7555.0
Italy,2024-03,24394.0
Italy,2024-04,24855.0
Italy,2024-05,17443.0
Italy,2024-06,14990.0
Italy,2024-07,18370.0
Italy,2024-08,34654.0
Italy,2024-09,19592.0
Italy,2024-10,25063.0
Italy,2024-11,20849.0
Italy,2024-12,15141.0
Italy,2025-01,8792.0
Italy,2025-02,11057.0
Italy,2025-03,25494.0
Italy,2025-04,45592.0
Italy,2025-05,24956.0
Italy,2025-06,20126.0
Italy,2025-07,21833.0
Italy,2025-08,41098.0
Italy,2025-09,28916.0
Italy,2025-10,29425.0
Italy,2025-11,30375.0
Italy,2025-12,21713.0
Italy,2026-01,11964.0
Italy,2026-02,12212.0
Italy,2026-03,31484.0
Italy,2026-04,29967.0
Jamaica,2019-01,212.0
Jamaica,2019-02,44.0
Jamaica,2019-03,162.0
Jamaica,2019-04,108.0
Jamaica,2019-05,162.0
Jamaica,2019-06,65.0
Jamaica,2019-07,100.0
Jamaica,2019-08,255.0
Jamaica,2019-09,109.0
Jamaica,2019-10,85.0
Jamaica,2019-11,51.0
Jamaica,2019-12,130.0
Jamaica,2020-01,201.0
Jamaica,2020-02,22.0
Jamaica,2020-03,149.0
Jamaica,2020-04,0.0
Jamaica,2020-05,0.0
Jamaica,2020-06,0.0
Jamaica,2020-07,0.0
Jamaica,2020-08,1.0
Jamaica,2020-09,7.0
Jamaica,2020-10,3.0
Jamaica,2020-11,19.0
Jamaica,2020-12,5.0
Jamaica,2021-01,11.0
Jamaica,2021-02,2.0
Jamaica,2021-03,0.0
Jamaica,2021-04,4.0
Jamaica,2021-05,29.0
Jamaica,2021-06,5.0
Jamaica,2021-07,118.0
Jamaica,2021-08,33.0
Jamaica,2021-09,13.0
Jamaica,2021-10,8.0
Jamaica,2021-11,29.0
Jamaica,2021-12,9.0
Jamaica,2022-01,28.0
Jamaica,2022-02,6.0
Jamaica,2022-03,11.0
Jamaica,2022-04,33.0
Jamaica,2022-05,31.0
Jamaica,2022-06,13.0
Jamaica,2022-07,28.0
Jamaica,2022-08,67.0
Jamaica,2022-09,46.0
Jamaica,2022-10,37.0
Jamaica,2022-11,27.0
Jamaica,2022-12,27.0
Jamaica,2023-01,95.0
Jamaica,2023-02,20.0
Jamaica,2023-03,116.0
Jamaica,2023-04,55.0
Jamaica,2023-05,53.0
Jamaica,2023-06,52.0
Jamaica,2023-07,99.0
Jamaica,2023-08,127.0
Jamaica,2023-09,111.0
Jamaica,2023-10,56.0
Jamaica,2023-11,60.0
Jamaica,2023-12,44.0
Jamaica,2024-01,102.0
Jamaica,2024-02,34.0
Jamaica,2024-03,114.0
Jamaica,2024-04,73.0
Jamaica,2024-05,56.0
Jamaica,2024-06,60.0
Jamaica,2024-07,80.0
Jamaica,2024-08,167.0
Jamaica,2024-09,92.0
Jamaica,2024-10,74.0
Jamaica,2024-11,70.0
Jamaica,2024-12,42.0
Jamaica,2025-01,113.0
Jamaica,2025-02,46.0
Jamaica,2025-03,119.0
Jamaica,2025-04,113.0
Jamaica,2025-05,77.0
Jamaica,2025-06,53.0
Jamaica,2025-07,72.0
Jamaica,2025-08,192.0
Jamaica,2025-09,485.0
Jamaica,2025-10,105.0
Jamaica,2025-11,50.0
Jamaica,2025-12,39.0
Jamaica,2026-01,102.0
Jamaica,2026-02,40.0
Jamaica,2026-03,120.0
Jamaica,2026-04,98.0
Jordan,2019-01,96.0
Jordan,2019-02,83.0
Jordan,2019-03,154.0
Jordan,2019-04,218.0
Jordan,2019-05,98.0
Jordan,2019-06,159.0
Jordan,2019-07,148.0
Jordan,2019-08,123.0
Jordan,2019-09,127.0
Jordan,2019-10,210.0
Jordan,2019-11,157.0
Jordan,2019-12,96.0
Jordan,2020-01,130.0
Jordan,2020-02,81.0
Jordan,2020-03,35.0
Jordan,2020-04,0.0
Jordan,2020-05,0.0
Jordan,2020-06,2.0
Jordan,2020-07,0.0
Jordan,2020-08,0.0
Jordan,2020-09,7.0
Jordan,2020-10,24.0
Jordan,2020-11,24.0
Jordan,2020-12,15.0
Jordan,2021-01,18.0
Jordan,2021-02,2.0
Jordan,2021-03,3.0
Jordan,2021-04,4.0
Jordan,2021-05,2.0
Jordan,2021-06,4.0
Jordan,2021-07,64.0
Jordan,2021-08,39.0
Jordan,2021-09,8.0
Jordan,2021-10,10.0
Jordan,2021-11,12.0
Jordan,2021-12,5.0
Jordan,2022-01,4.0
Jordan,2022-02,8.0
Jordan,2022-03,36.0
Jordan,2022-04,44.0
Jordan,2022-05,25.0
Jordan,2022-06,45.0
Jordan,2022-07,27.0
Jordan,2022-08,38.0
Jordan,2022-09,126.0
Jordan,2022-10,90.0
Jordan,2022-11,125.0
Jordan,2022-12,60.0
Jordan,2023-01,82.0
Jordan,2023-02,93.0
Jordan,2023-03,111.0
Jordan,2023-04,199.0
Jordan,2023-05,119.0
Jordan,2023-06,158.0
Jordan,2023-07,141.0
Jordan,2023-08,98.0
Jordan,2023-09,182.0
Jordan,2023-10,190.0
Jordan,2023-11,135.0
Jordan,2023-12,81.0
Jordan,2024-01,100.0
Jordan,2024-02,130.0
Jordan,2024-03,103.0
Jordan,2024-04,178.0
Jordan,2024-05,145.0
Jordan,2024-06,199.0
Jordan,2024-07,170.0
Jordan,2024-08,126.0
Jordan,2024-09,155.0
Jordan,2024-10,164.0
Jordan,2024-11,263.0
Jordan,2024-12,102.0
Jordan,2025-01,134.0
Jordan,2025-02,125.0
Jordan,2025-03,190.0
Jordan,2025-04,298.0
Jordan,2025-05,387.0
Jordan,2025-06,221.0
Jordan,2025-07,172.0
Jordan,2025-08,168.0
Jordan,2025-09,259.0
Jordan,2025-10,232.0
Jordan,2025-11,266.0
Jordan,2025-12,159.0
Jordan,2026-01,107.0
Jordan,2026-02,132.0
Jordan,2026-03,86.0
Jordan,2026-04,115.0
Kazakhstan,2019-01,272.0
Kazakhstan,2019-02,230.0
Kazakhstan,2019-03,703.0
Kazakhstan,2019-04,541.0
Kazakhstan,2019-05,395.0
Kazakhstan,2019-06,415.0
Kazakhstan,2019-07,448.0
Kazakhstan,2019-08,498.0
Kazakhstan,2019-09,488.0
Kazakhstan,2019-10,507.0
Kazakhstan,2019-11,627.0
Kazakhstan,2019-12,307.0
Kazakhstan,2020-01,382.0
Kazakhstan,2020-02,296.0
Kazakhstan,2020-03,61.0
Kazakhstan,2020-04,0.0
Kazakhstan,2020-05,0.0
Kazakhstan,2020-06,4.0
Kazakhstan,2020-07,1.0
Kazakhstan,2020-08,7.0
Kazakhstan,2020-09,18.0
Kazakhstan,2020-10,40.0
Kazakhstan,2020-11,47.0
Kazakhstan,2020-12,34.0
Kazakhstan,2021-01,20.0
Kazakhstan,2021-02,9.0
Kazakhstan,2021-03,3.0
Kazakhstan,2021-04,21.0
Kazakhstan,2021-05,20.0
Kazakhstan,2021-06,16.0
Kazakhstan,2021-07,238.0
Kazakhstan,2021-08,113.0
Kazakhstan,2021-09,44.0
Kazakhstan,2021-10,83.0
Kazakhstan,2021-11,26.0
Kazakhstan,2021-12,8.0
Kazakhstan,2022-01,13.0
Kazakhstan,2022-02,14.0
Kazakhstan,2022-03,56.0
Kazakhstan,2022-04,108.0
Kazakhstan,2022-05,47.0
Kazakhstan,2022-06,98.0
Kazakhstan,2022-07,96.0
Kazakhstan,2022-08,131.0
Kazakhstan,2022-09,203.0
Kazakhstan,2022-10,149.0
Kazakhstan,2022-11,343.0
Kazakhstan,2022-12,253.0
Kazakhstan,2023-01,228.0
Kazakhstan,2023-02,236.0
Kazakhstan,2023-03,995.0
Kazakhstan,2023-04,958.0
Kazakhstan,2023-05,638.0
Kazakhstan,2023-06,808.0
Kazakhstan,2023-07,720.0
Kazakhstan,2023-08,692.0
Kazakhstan,2023-09,723.0
Kazakhstan,2023-10,1092.0
Kazakhstan,2023-11,935.0
Kazakhstan,2023-12,546.0
Kazakhstan,2024-01,353.0
Kazakhstan,2024-02,318.0
Kazakhstan,2024-03,1729.0
Kazakhstan,2024-04,1076.0
Kazakhstan,2024-05,1100.0
Kazakhstan,2024-06,749.0
Kazakhstan,2024-07,811.0
Kazakhstan,2024-08,797.0
Kazakhstan,2024-09,810.0
Kazakhstan,2024-10,994.0
Kazakhstan,2024-11,982.0
Kazakhstan,2024-12,656.0
Kazakhstan,2025-01,466.0
Kazakhstan,2025-02,460.0
Kazakhstan,2025-03,2174.0
Kazakhstan,2025-04,1898.0
Kazakhstan,2025-05,1418.0
Kazakhstan,2025-06,1360.0
Kazakhstan,2025-07,1238.0
Kazakhstan,2025-08,1441.0
Kazakhstan,2025-09,1371.0
Kazakhstan,2025-10,1668.0
Kazakhstan,2025-11,2003.0
Kazakhstan,2025-12,925.0
Kazakhstan,2026-01,854.0
Kazakhstan,2026-02,628.0
Kazakhstan,2026-03,2599.0
Kazakhstan,2026-04,1937.0
Kenya,2019-01,136.0
Kenya,2019-02,122.0
Kenya,2019-03,221.0
Kenya,2019-04,260.0
Kenya,2019-05,149.0
Kenya,2019-06,151.0
Kenya,2019-07,116.0
Kenya,2019-08,424.0
Kenya,2019-09,272.0
Kenya,2019-10,252.0
Kenya,2019-11,165.0
Kenya,2019-12,120.0
Kenya,2020-01,164.0
Kenya,2020-02,139.0
Kenya,2020-03,136.0
Kenya,2020-04,4.0
Kenya,2020-05,0.0
Kenya,2020-06,0.0
Kenya,2020-07,1.0
Kenya,2020-08,18.0
Kenya,2020-09,20.0
Kenya,2020-10,33.0
Kenya,2020-11,36.0
Kenya,2020-12,25.0
Kenya,2021-01,25.0
Kenya,2021-02,13.0
Kenya,2021-03,50.0
Kenya,2021-04,36.0
Kenya,2021-05,15.0
Kenya,2021-06,18.0
Kenya,2021-07,180.0
Kenya,2021-08,103.0
Kenya,2021-09,39.0
Kenya,2021-10,30.0
Kenya,2021-11,59.0
Kenya,2021-12,7.0
Kenya,2022-01,28.0
Kenya,2022-02,24.0
Kenya,2022-03,121.0
Kenya,2022-04,58.0
Kenya,2022-05,64.0
Kenya,2022-06,44.0
Kenya,2022-07,54.0
Kenya,2022-08,97.0
Kenya,2022-09,157.0
Kenya,2022-10,148.0
Kenya,2022-11,115.0
Kenya,2022-12,84.0
Kenya,2023-01,109.0
Kenya,2023-02,129.0
Kenya,2023-03,191.0
Kenya,2023-04,181.0
Kenya,2023-05,156.0
Kenya,2023-06,135.0
Kenya,2023-07,153.0
Kenya,2023-08,162.0
Kenya,2023-09,237.0
Kenya,2023-10,254.0
Kenya,2023-11,147.0
Kenya,2023-12,99.0
Kenya,2024-01,161.0
Kenya,2024-02,241.0
Kenya,2024-03,279.0
Kenya,2024-04,257.0
Kenya,2024-05,195.0
Kenya,2024-06,177.0
Kenya,2024-07,149.0
Kenya,2024-08,213.0
Kenya,2024-09,283.0
Kenya,2024-10,278.0
Kenya,2024-11,287.0
Kenya,2024-12,145.0
Kenya,2025-01,163.0
Kenya,2025-02,195.0
Kenya,2025-03,357.0
Kenya,2025-04,363.0
Kenya,2025-05,265.0
Kenya,2025-06,302.0
Kenya,2025-07,212.0
Kenya,2025-08,522.0
Kenya,2025-09,522.0
Kenya,2025-10,301.0
Kenya,2025-11,437.0
Kenya,2025-12,234.0
Kenya,2026-01,192.0
Kenya,2026-02,199.0
Kenya,2026-03,274.0
Kenya,2026-04,291.0
Kiribati,2019-01,7.0
Kiribati,2019-02,7.0
Kiribati,2019-03,6.0
Kiribati,2019-04,1.0
Kiribati,2019-05,9.0
Kiribati,2019-06,8.0
Kiribati,2019-07,8.0
Kiribati,2019-08,11.0
Kiribati,2019-09,18.0
Kiribati,2019-10,10.0
Kiribati,2019-11,19.0
Kiribati,2019-12,5.0
Kiribati,2020-01,4.0
Kiribati,2020-02,4.0
Kiribati,2020-03,0.0
Kiribati,2020-04,0.0
Kiribati,2020-05,0.0
Kiribati,2020-06,0.0
Kiribati,2020-07,1.0
Kiribati,2020-08,0.0
Kiribati,2020-09,0.0
Kiribati,2020-10,0.0
Kiribati,2020-11,0.0
Kiribati,2020-12,0.0
Kiribati,2021-01,0.0
Kiribati,2021-02,0.0
Kiribati,2021-03,0.0
Kiribati,2021-04,0.0
Kiribati,2021-05,0.0
Kiribati,2021-06,3.0
Kiribati,2021-07,4.0
Kiribati,2021-08,0.0
Kiribati,2021-09,0.0
Kiribati,2021-10,0.0
Kiribati,2021-11,3.0
Kiribati,2021-12,0.0
Kiribati,2022-01,0.0
Kiribati,2022-02,0.0
Kiribati,2022-03,0.0
Kiribati,2022-04,0.0
Kiribati,2022-05,0.0
Kiribati,2022-06,10.0
Kiribati,2022-07,0.0
Kiribati,2022-08,0.0
Kiribati,2022-09,3.0
Kiribati,2022-10,6.0
Kiribati,2022-11,1.0
Kiribati,2022-12,1.0
Kiribati,2023-01,2.0
Kiribati,2023-02,1.0
Kiribati,2023-03,3.0
Kiribati,2023-04,1.0
Kiribati,2023-05,8.0
Kiribati,2023-06,4.0
Kiribati,2023-07,9.0
Kiribati,2023-08,10.0
Kiribati,2023-09,8.0
Kiribati,2023-10,5.0
Kiribati,2023-11,6.0
Kiribati,2023-12,2.0
Kiribati,2024-01,10.0
Kiribati,2024-02,6.0
Kiribati,2024-03,12.0
Kiribati,2024-04,3.0
Kiribati,2024-05,4.0
Kiribati,2024-06,13.0
Kiribati,2024-07,11.0
Kiribati,2024-08,1.0
Kiribati,2024-09,9.0
Kiribati,2024-10,14.0
Kiribati,2024-11,6.0
Kiribati,2024-12,9.0
Kiribati,2025-01,8.0
Kiribati,2025-02,6.0
Kiribati,2025-03,17.0
Kiribati,2025-04,2.0
Kiribati,2025-05,9.0
Kiribati,2025-06,8.0
Kiribati,2025-07,14.0
Kiribati,2025-08,10.0
Kiribati,2025-09,19.0
Kiribati,2025-10,14.0
Kiribati,2025-11,7.0
Kiribati,2025-12,0.0
Kiribati,2026-01,4.0
Kiribati,2026-02,8.0
Kiribati,2026-03,2.0
Kiribati,2026-04,2.0
Kuwait,2019-01,312.0
Kuwait,2019-02,154.0
Kuwait,2019-03,509.0
Kuwait,2019-04,415.0
Kuwait,2019-05,46.0
Kuwait,2019-06,324.0
Kuwait,2019-07,332.0
Kuwait,2019-08,349.0
Kuwait,2019-09,169.0
Kuwait,2019-10,273.0
Kuwait,2019-11,322.0
Kuwait,2019-12,260.0
Kuwait,2020-01,325.0
Kuwait,2020-02,118.0
Kuwait,2020-03,11.0
Kuwait,2020-04,0.0
Kuwait,2020-05,0.0
Kuwait,2020-06,0.0
Kuwait,2020-07,1.0
Kuwait,2020-08,2.0
Kuwait,2020-09,5.0
Kuwait,2020-10,2.0
Kuwait,2020-11,3.0
Kuwait,2020-12,0.0
Kuwait,2021-01,5.0
Kuwait,2021-02,0.0
Kuwait,2021-03,2.0
Kuwait,2021-04,11.0
Kuwait,2021-05,4.0
Kuwait,2021-06,0.0
Kuwait,2021-07,35.0
Kuwait,2021-08,28.0
Kuwait,2021-09,19.0
Kuwait,2021-10,2.0
Kuwait,2021-11,6.0
Kuwait,2021-12,5.0
Kuwait,2022-01,1.0
Kuwait,2022-02,2.0
Kuwait,2022-03,3.0
Kuwait,2022-04,17.0
Kuwait,2022-05,2.0
Kuwait,2022-06,21.0
Kuwait,2022-07,2.0
Kuwait,2022-08,27.0
Kuwait,2022-09,19.0
Kuwait,2022-10,61.0
Kuwait,2022-11,114.0
Kuwait,2022-12,291.0
Kuwait,2023-01,414.0
Kuwait,2023-02,265.0
Kuwait,2023-03,238.0
Kuwait,2023-04,496.0
Kuwait,2023-05,328.0
Kuwait,2023-06,531.0
Kuwait,2023-07,385.0
Kuwait,2023-08,677.0
Kuwait,2023-09,296.0
Kuwait,2023-10,484.0
Kuwait,2023-11,498.0
Kuwait,2023-12,377.0
Kuwait,2024-01,598.0
Kuwait,2024-02,455.0
Kuwait,2024-03,87.0
Kuwait,2024-04,941.0
Kuwait,2024-05,419.0
Kuwait,2024-06,542.0
Kuwait,2024-07,599.0
Kuwait,2024-08,563.0
Kuwait,2024-09,292.0
Kuwait,2024-10,526.0
Kuwait,2024-11,715.0
Kuwait,2024-12,428.0
Kuwait,2025-01,824.0
Kuwait,2025-02,466.0
Kuwait,2025-03,343.0
Kuwait,2025-04,762.0
Kuwait,2025-05,674.0
Kuwait,2025-06,634.0
Kuwait,2025-07,610.0
Kuwait,2025-08,590.0
Kuwait,2025-09,362.0
Kuwait,2025-10,609.0
Kuwait,2025-11,737.0
Kuwait,2025-12,544.0
Kuwait,2026-01,742.0
Kuwait,2026-02,215.0
Kuwait,2026-03,34.0
Kuwait,2026-04,57.0
Kyrgyzstan,2019-01,130.0
Kyrgyzstan,2019-02,79.0
Kyrgyzstan,2019-03,121.0
Kyrgyzstan,2019-04,115.0
Kyrgyzstan,2019-05,94.0
Kyrgyzstan,2019-06,129.0
Kyrgyzstan,2019-07,152.0
Kyrgyzstan,2019-08,211.0
Kyrgyzstan,2019-09,180.0
Kyrgyzstan,2019-10,210.0
Kyrgyzstan,2019-11,147.0
Kyrgyzstan,2019-12,127.0
Kyrgyzstan,2020-01,140.0
Kyrgyzstan,2020-02,162.0
Kyrgyzstan,2020-03,59.0
Kyrgyzstan,2020-04,0.0
Kyrgyzstan,2020-05,0.0
Kyrgyzstan,2020-06,1.0
Kyrgyzstan,2020-07,0.0
Kyrgyzstan,2020-08,1.0
Kyrgyzstan,2020-09,4.0
Kyrgyzstan,2020-10,27.0
Kyrgyzstan,2020-11,37.0
Kyrgyzstan,2020-12,37.0
Kyrgyzstan,2021-01,11.0
Kyrgyzstan,2021-02,3.0
Kyrgyzstan,2021-03,7.0
Kyrgyzstan,2021-04,11.0
Kyrgyzstan,2021-05,7.0
Kyrgyzstan,2021-06,59.0
Kyrgyzstan,2021-07,42.0
Kyrgyzstan,2021-08,27.0
Kyrgyzstan,2021-09,22.0
Kyrgyzstan,2021-10,36.0
Kyrgyzstan,2021-11,52.0
Kyrgyzstan,2021-12,10.0
Kyrgyzstan,2022-01,11.0
Kyrgyzstan,2022-02,11.0
Kyrgyzstan,2022-03,59.0
Kyrgyzstan,2022-04,131.0
Kyrgyzstan,2022-05,77.0
Kyrgyzstan,2022-06,81.0
Kyrgyzstan,2022-07,104.0
Kyrgyzstan,2022-08,154.0
Kyrgyzstan,2022-09,168.0
Kyrgyzstan,2022-10,193.0
Kyrgyzstan,2022-11,218.0
Kyrgyzstan,2022-12,138.0
Kyrgyzstan,2023-01,143.0
Kyrgyzstan,2023-02,156.0
Kyrgyzstan,2023-03,220.0
Kyrgyzstan,2023-04,227.0
Kyrgyzstan,2023-05,295.0
Kyrgyzstan,2023-06,216.0
Kyrgyzstan,2023-07,186.0
Kyrgyzstan,2023-08,270.0
Kyrgyzstan,2023-09,277.0
Kyrgyzstan,2023-10,423.0
Kyrgyzstan,2023-11,283.0
Kyrgyzstan,2023-12,213.0
Kyrgyzstan,2024-01,148.0
Kyrgyzstan,2024-02,123.0
Kyrgyzstan,2024-03,456.0
Kyrgyzstan,2024-04,287.0
Kyrgyzstan,2024-05,368.0
Kyrgyzstan,2024-06,257.0
Kyrgyzstan,2024-07,265.0
Kyrgyzstan,2024-08,239.0
Kyrgyzstan,2024-09,312.0
Kyrgyzstan,2024-10,342.0
Kyrgyzstan,2024-11,295.0
Kyrgyzstan,2024-12,240.0
Kyrgyzstan,2025-01,161.0
Kyrgyzstan,2025-02,278.0
Kyrgyzstan,2025-03,437.0
Kyrgyzstan,2025-04,769.0
Kyrgyzstan,2025-05,406.0
Kyrgyzstan,2025-06,378.0
Kyrgyzstan,2025-07,274.0
Kyrgyzstan,2025-08,375.0
Kyrgyzstan,2025-09,428.0
Kyrgyzstan,2025-10,641.0
Kyrgyzstan,2025-11,478.0
Kyrgyzstan,2025-12,354.0
Kyrgyzstan,2026-01,220.0
Kyrgyzstan,2026-02,217.0
Kyrgyzstan,2026-03,533.0
Kyrgyzstan,2026-04,619.0
Laos,2019-01,364.0
Laos,2019-02,496.0
Laos,2019-03,642.0
Laos,2019-04,850.0
Laos,2019-05,410.0
Laos,2019-06,358.0
Laos,2019-07,578.0
Laos,2019-08,492.0
Laos,2019-09,474.0
Laos,2019-10,466.0
Laos,2019-11,508.0
Laos,2019-12,516.0
Laos,2020-01,462.0
Laos,2020-02,482.0
Laos,2020-03,70.0
Laos,2020-04,1.0
Laos,2020-05,0.0
Laos,2020-06,0.0
Laos,2020-07,0.0
Laos,2020-08,5.0
Laos,2020-09,25.0
Laos,2020-10,15.0
Laos,2020-11,73.0
Laos,2020-12,36.0
Laos,2021-01,0.0
Laos,2021-02,0.0
Laos,2021-03,4.0
Laos,2021-04,1.0
Laos,2021-05,27.0
Laos,2021-06,28.0
Laos,2021-07,12.0
Laos,2021-08,13.0
Laos,2021-09,3.0
Laos,2021-10,22.0
Laos,2021-11,39.0
Laos,2021-12,1.0
Laos,2022-01,2.0
Laos,2022-02,6.0
Laos,2022-03,112.0
Laos,2022-04,148.0
Laos,2022-05,139.0
Laos,2022-06,75.0
Laos,2022-07,156.0
Laos,2022-08,130.0
Laos,2022-09,201.0
Laos,2022-10,219.0
Laos,2022-11,220.0
Laos,2022-12,396.0
Laos,2023-01,406.0
Laos,2023-02,427.0
Laos,2023-03,554.0
Laos,2023-04,959.0
Laos,2023-05,406.0
Laos,2023-06,365.0
Laos,2023-07,423.0
Laos,2023-08,449.0
Laos,2023-09,503.0
Laos,2023-10,526.0
Laos,2023-11,506.0
Laos,2023-12,835.0
Laos,2024-01,442.0
Laos,2024-02,469.0
Laos,2024-03,702.0
Laos,2024-04,1279.0
Laos,2024-05,511.0
Laos,2024-06,499.0
Laos,2024-07,454.0
Laos,2024-08,481.0
Laos,2024-09,431.0
Laos,2024-10,509.0
Laos,2024-11,639.0
Laos,2024-12,1013.0
Laos,2025-01,1040.0
Laos,2025-02,786.0
Laos,2025-03,1021.0
Laos,2025-04,1615.0
Laos,2025-05,572.0
Laos,2025-06,514.0
Laos,2025-07,660.0
Laos,2025-08,543.0
Laos,2025-09,688.0
Laos,2025-10,738.0
Laos,2025-11,823.0
Laos,2025-12,1104.0
Laos,2026-01,806.0
Laos,2026-02,914.0
Laos,2026-03,975.0
Laos,2026-04,1615.0
Latvia,2019-01,121.0
Latvia,2019-02,125.0
Latvia,2019-03,349.0
Latvia,2019-04,401.0
Latvia,2019-05,242.0
Latvia,2019-06,205.0
Latvia,2019-07,174.0
Latvia,2019-08,168.0
Latvia,2019-09,205.0
Latvia,2019-10,302.0
Latvia,2019-11,248.0
Latvia,2019-12,161.0
Latvia,2020-01,172.0
Latvia,2020-02,114.0
Latvia,2020-03,68.0
Latvia,2020-04,0.0
Latvia,2020-05,0.0
Latvia,2020-06,0.0
Latvia,2020-07,2.0
Latvia,2020-08,10.0
Latvia,2020-09,4.0
Latvia,2020-10,6.0
Latvia,2020-11,11.0
Latvia,2020-12,6.0
Latvia,2021-01,1.0
Latvia,2021-02,0.0
Latvia,2021-03,0.0
Latvia,2021-04,1.0
Latvia,2021-05,0.0
Latvia,2021-06,3.0
Latvia,2021-07,131.0
Latvia,2021-08,39.0
Latvia,2021-09,1.0
Latvia,2021-10,19.0
Latvia,2021-11,2.0
Latvia,2021-12,0.0
Latvia,2022-01,2.0
Latvia,2022-02,1.0
Latvia,2022-03,8.0
Latvia,2022-04,20.0
Latvia,2022-05,25.0
Latvia,2022-06,31.0
Latvia,2022-07,21.0
Latvia,2022-08,64.0
Latvia,2022-09,81.0
Latvia,2022-10,166.0
Latvia,2022-11,131.0
Latvia,2022-12,81.0
Latvia,2023-01,84.0
Latvia,2023-02,96.0
Latvia,2023-03,345.0
Latvia,2023-04,379.0
Latvia,2023-05,229.0
Latvia,2023-06,141.0
Latvia,2023-07,189.0
Latvia,2023-08,147.0
Latvia,2023-09,202.0
Latvia,2023-10,329.0
Latvia,2023-11,295.0
Latvia,2023-12,131.0
Latvia,2024-01,134.0
Latvia,2024-02,174.0
Latvia,2024-03,565.0
Latvia,2024-04,475.0
Latvia,2024-05,312.0
Latvia,2024-06,248.0
Latvia,2024-07,305.0
Latvia,2024-08,229.0
Latvia,2024-09,376.0
Latvia,2024-10,629.0
Latvia,2024-11,457.0
Latvia,2024-12,226.0
Latvia,2025-01,202.0
Latvia,2025-02,265.0
Latvia,2025-03,671.0
Latvia,2025-04,801.0
Latvia,2025-05,761.0
Latvia,2025-06,390.0
Latvia,2025-07,316.0
Latvia,2025-08,345.0
Latvia,2025-09,457.0
Latvia,2025-10,691.0
Latvia,2025-11,641.0
Latvia,2025-12,348.0
Latvia,2026-01,201.0
Latvia,2026-02,312.0
Latvia,2026-03,687.0
Latvia,2026-04,754.0
Lebanon,2019-01,101.0
Lebanon,2019-02,63.0
Lebanon,2019-03,246.0
Lebanon,2019-04,255.0
Lebanon,2019-05,140.0
Lebanon,2019-06,111.0
Lebanon,2019-07,140.0
Lebanon,2019-08,146.0
Lebanon,2019-09,135.0
Lebanon,2019-10,164.0
Lebanon,2019-11,145.0
Lebanon,2019-12,64.0
Lebanon,2020-01,74.0
Lebanon,2020-02,45.0
Lebanon,2020-03,18.0
Lebanon,2020-04,0.0
Lebanon,2020-05,0.0
Lebanon,2020-06,0.0
Lebanon,2020-07,2.0
Lebanon,2020-08,5.0
Lebanon,2020-09,1.0
Lebanon,2020-10,7.0
Lebanon,2020-11,7.0
Lebanon,2020-12,8.0
Lebanon,2021-01,7.0
Lebanon,2021-02,6.0
Lebanon,2021-03,1.0
Lebanon,2021-04,2.0
Lebanon,2021-05,9.0
Lebanon,2021-06,3.0
Lebanon,2021-07,33.0
Lebanon,2021-08,9.0
Lebanon,2021-09,8.0
Lebanon,2021-10,11.0
Lebanon,2021-11,2.0
Lebanon,2021-12,8.0
Lebanon,2022-01,7.0
Lebanon,2022-02,6.0
Lebanon,2022-03,8.0
Lebanon,2022-04,20.0
Lebanon,2022-05,23.0
Lebanon,2022-06,25.0
Lebanon,2022-07,34.0
Lebanon,2022-08,22.0
Lebanon,2022-09,40.0
Lebanon,2022-10,38.0
Lebanon,2022-11,47.0
Lebanon,2022-12,47.0
Lebanon,2023-01,37.0
Lebanon,2023-02,78.0
Lebanon,2023-03,113.0
Lebanon,2023-04,137.0
Lebanon,2023-05,100.0
Lebanon,2023-06,95.0
Lebanon,2023-07,104.0
Lebanon,2023-08,62.0
Lebanon,2023-09,91.0
Lebanon,2023-10,146.0
Lebanon,2023-11,87.0
Lebanon,2023-12,68.0
Lebanon,2024-01,74.0
Lebanon,2024-02,90.0
Lebanon,2024-03,143.0
Lebanon,2024-04,280.0
Lebanon,2024-05,141.0
Lebanon,2024-06,106.0
Lebanon,2024-07,93.0
Lebanon,2024-08,85.0
Lebanon,2024-09,105.0
Lebanon,2024-10,140.0
Lebanon,2024-11,159.0
Lebanon,2024-12,88.0
Lebanon,2025-01,82.0
Lebanon,2025-02,138.0
Lebanon,2025-03,307.0
Lebanon,2025-04,216.0
Lebanon,2025-05,292.0
Lebanon,2025-06,148.0
Lebanon,2025-07,171.0
Lebanon,2025-08,129.0
Lebanon,2025-09,154.0
Lebanon,2025-10,232.0
Lebanon,2025-11,234.0
Lebanon,2025-12,125.0
Lebanon,2026-01,110.0
Lebanon,2026-02,157.0
Lebanon,2026-03,145.0
Lebanon,2026-04,120.0
Lesotho,2019-01,9.0
Lesotho,2019-02,10.0
Lesotho,2019-03,6.0
Lesotho,2019-04,2.0
Lesotho,2019-05,14.0
Lesotho,2019-06,8.0
Lesotho,2019-07,1.0
Lesotho,2019-08,30.0
Lesotho,2019-09,12.0
Lesotho,2019-10,19.0
Lesotho,2019-11,8.0
Lesotho,2019-12,4.0
Lesotho,2020-01,7.0
Lesotho,2020-02,6.0
Lesotho,2020-03,0.0
Lesotho,2020-04,0.0
Lesotho,2020-05,0.0
Lesotho,2020-06,0.0
Lesotho,2020-07,0.0
Lesotho,2020-08,0.0
Lesotho,2020-09,0.0
Lesotho,2020-10,1.0
Lesotho,2020-11,1.0
Lesotho,2020-12,0.0
Lesotho,2021-01,1.0
Lesotho,2021-02,2.0
Lesotho,2021-03,0.0
Lesotho,2021-04,1.0
Lesotho,2021-05,0.0
Lesotho,2021-06,1.0
Lesotho,2021-07,13.0
Lesotho,2021-08,13.0
Lesotho,2021-09,1.0
Lesotho,2021-10,1.0
Lesotho,2021-11,2.0
Lesotho,2021-12,0.0
Lesotho,2022-01,2.0
Lesotho,2022-02,0.0
Lesotho,2022-03,2.0
Lesotho,2022-04,2.0
Lesotho,2022-05,11.0
Lesotho,2022-06,0.0
Lesotho,2022-07,2.0
Lesotho,2022-08,1.0
Lesotho,2022-09,14.0
Lesotho,2022-10,4.0
Lesotho,2022-11,7.0
Lesotho,2022-12,3.0
Lesotho,2023-01,9.0
Lesotho,2023-02,2.0
Lesotho,2023-03,11.0
Lesotho,2023-04,7.0
Lesotho,2023-05,7.0
Lesotho,2023-06,5.0
Lesotho,2023-07,7.0
Lesotho,2023-08,4.0
Lesotho,2023-09,10.0
Lesotho,2023-10,12.0
Lesotho,2023-11,7.0
Lesotho,2023-12,5.0
Lesotho,2024-01,17.0
Lesotho,2024-02,4.0
Lesotho,2024-03,3.0
Lesotho,2024-04,4.0
Lesotho,2024-05,8.0
Lesotho,2024-06,10.0
Lesotho,2024-07,2.0
Lesotho,2024-08,10.0
Lesotho,2024-09,7.0
Lesotho,2024-10,9.0
Lesotho,2024-11,7.0
Lesotho,2024-12,20.0
Lesotho,2025-01,18.0
Lesotho,2025-02,10.0
Lesotho,2025-03,9.0
Lesotho,2025-04,4.0
Lesotho,2025-05,7.0
Lesotho,2025-06,63.0
Lesotho,2025-07,7.0
Lesotho,2025-08,53.0
Lesotho,2025-09,15.0
Lesotho,2025-10,9.0
Lesotho,2025-11,16.0
Lesotho,2025-12,6.0
Lesotho,2026-01,10.0
Lesotho,2026-02,9.0
Lesotho,2026-03,7.0
Lesotho,2026-04,3.0
Liberia,2019-01,7.0
Liberia,2019-02,5.0
Liberia,2019-03,9.0
Liberia,2019-04,7.0
Liberia,2019-05,13.0
Liberia,2019-06,21.0
Liberia,2019-07,8.0
Liberia,2019-08,50.0
Liberia,2019-09,16.0
Liberia,2019-10,10.0
Liberia,2019-11,13.0
Liberia,2019-12,4.0
Liberia,2020-01,7.0
Liberia,2020-02,8.0
Liberia,2020-03,0.0
Liberia,2020-04,0.0
Liberia,2020-05,0.0
Liberia,2020-06,0.0
Liberia,2020-07,0.0
Liberia,2020-08,0.0
Liberia,2020-09,0.0
Liberia,2020-10,1.0
Liberia,2020-11,2.0
Liberia,2020-12,1.0
Liberia,2021-01,0.0
Liberia,2021-02,0.0
Liberia,2021-03,0.0
Liberia,2021-04,2.0
Liberia,2021-05,0.0
Liberia,2021-06,1.0
Liberia,2021-07,10.0
Liberia,2021-08,10.0
Liberia,2021-09,0.0
Liberia,2021-10,3.0
Liberia,2021-11,2.0
Liberia,2021-12,0.0
Liberia,2022-01,1.0
Liberia,2022-02,0.0
Liberia,2022-03,0.0
Liberia,2022-04,4.0
Liberia,2022-05,7.0
Liberia,2022-06,2.0
Liberia,2022-07,5.0
Liberia,2022-08,6.0
Liberia,2022-09,8.0
Liberia,2022-10,7.0
Liberia,2022-11,8.0
Liberia,2022-12,5.0
Liberia,2023-01,5.0
Liberia,2023-02,7.0
Liberia,2023-03,12.0
Liberia,2023-04,5.0
Liberia,2023-05,7.0
Liberia,2023-06,7.0
Liberia,2023-07,19.0
Liberia,2023-08,24.0
Liberia,2023-09,15.0
Liberia,2023-10,17.0
Liberia,2023-11,16.0
Liberia,2023-12,2.0
Liberia,2024-01,17.0
Liberia,2024-02,10.0
Liberia,2024-03,18.0
Liberia,2024-04,9.0
Liberia,2024-05,15.0
Liberia,2024-06,18.0
Liberia,2024-07,7.0
Liberia,2024-08,15.0
Liberia,2024-09,23.0
Liberia,2024-10,12.0
Liberia,2024-11,7.0
Liberia,2024-12,11.0
Liberia,2025-01,27.0
Liberia,2025-02,8.0
Liberia,2025-03,27.0
Liberia,2025-04,17.0
Liberia,2025-05,16.0
Liberia,2025-06,30.0
Liberia,2025-07,34.0
Liberia,2025-08,114.0
Liberia,2025-09,72.0
Liberia,2025-10,21.0
Liberia,2025-11,11.0
Liberia,2025-12,8.0
Liberia,2026-01,12.0
Liberia,2026-02,12.0
Liberia,2026-03,19.0
Liberia,2026-04,9.0
Libya,2019-01,13.0
Libya,2019-02,13.0
Libya,2019-03,17.0
Libya,2019-04,15.0
Libya,2019-05,12.0
Libya,2019-06,14.0
Libya,2019-07,12.0
Libya,2019-08,20.0
Libya,2019-09,22.0
Libya,2019-10,14.0
Libya,2019-11,10.0
Libya,2019-12,7.0
Libya,2020-01,10.0
Libya,2020-02,12.0
Libya,2020-03,2.0
Libya,2020-04,0.0
Libya,2020-05,0.0
Libya,2020-06,0.0
Libya,2020-07,0.0
Libya,2020-08,0.0
Libya,2020-09,0.0
Libya,2020-10,0.0
Libya,2020-11,0.0
Libya,2020-12,1.0
Libya,2021-01,0.0
Libya,2021-02,1.0
Libya,2021-03,2.0
Libya,2021-04,1.0
Libya,2021-05,2.0
Libya,2021-06,2.0
Libya,2021-07,11.0
Libya,2021-08,11.0
Libya,2021-09,2.0
Libya,2021-10,3.0
Libya,2021-11,12.0
Libya,2021-12,9.0
Libya,2022-01,4.0
Libya,2022-02,0.0
Libya,2022-03,2.0
Libya,2022-04,11.0
Libya,2022-05,3.0
Libya,2022-06,13.0
Libya,2022-07,7.0
Libya,2022-08,11.0
Libya,2022-09,22.0
Libya,2022-10,8.0
Libya,2022-11,4.0
Libya,2022-12,14.0
Libya,2023-01,17.0
Libya,2023-02,15.0
Libya,2023-03,10.0
Libya,2023-04,9.0
Libya,2023-05,14.0
Libya,2023-06,12.0
Libya,2023-07,17.0
Libya,2023-08,15.0
Libya,2023-09,29.0
Libya,2023-10,19.0
Libya,2023-11,9.0
Libya,2023-12,17.0
Libya,2024-01,14.0
Libya,2024-02,7.0
Libya,2024-03,9.0
Libya,2024-04,13.0
Libya,2024-05,14.0
Libya,2024-06,12.0
Libya,2024-07,22.0
Libya,2024-08,19.0
Libya,2024-09,31.0
Libya,2024-10,28.0
Libya,2024-11,23.0
Libya,2024-12,18.0
Libya,2025-01,18.0
Libya,2025-02,13.0
Libya,2025-03,11.0
Libya,2025-04,27.0
Libya,2025-05,23.0
Libya,2025-06,12.0
Libya,2025-07,18.0
Libya,2025-08,46.0
Libya,2025-09,21.0
Libya,2025-10,24.0
Libya,2025-11,16.0
Libya,2025-12,20.0
Libya,2026-01,31.0
Libya,2026-02,13.0
Libya,2026-03,8.0
Libya,2026-04,20.0
Liechtenstein,2019-01,8.0
Liechtenstein,2019-02,16.0
Liechtenstein,2019-03,26.0
Liechtenstein,2019-04,9.0
Liechtenstein,2019-05,18.0
Liechtenstein,2019-06,15.0
Liechtenstein,2019-07,24.0
Liechtenstein,2019-08,10.0
Liechtenstein,2019-09,28.0
Liechtenstein,2019-10,16.0
Liechtenstein,2019-11,14.0
Liechtenstein,2019-12,10.0
Liechtenstein,2020-01,10.0
Liechtenstein,2020-02,9.0
Liechtenstein,2020-03,5.0
Liechtenstein,2020-04,0.0
Liechtenstein,2020-05,0.0
Liechtenstein,2020-06,0.0
Liechtenstein,2020-07,0.0
Liechtenstein,2020-08,0.0
Liechtenstein,2020-09,0.0
Liechtenstein,2020-10,0.0
Liechtenstein,2020-11,0.0
Liechtenstein,2020-12,0.0
Liechtenstein,2021-01,1.0
Liechtenstein,2021-02,0.0
Liechtenstein,2021-03,0.0
Liechtenstein,2021-04,0.0
Liechtenstein,2021-05,0.0
Liechtenstein,2021-06,0.0
Liechtenstein,2021-07,13.0
Liechtenstein,2021-08,0.0
Liechtenstein,2021-09,0.0
Liechtenstein,2021-10,1.0
Liechtenstein,2021-11,2.0
Liechtenstein,2021-12,0.0
Liechtenstein,2022-01,1.0
Liechtenstein,2022-02,0.0
Liechtenstein,2022-03,2.0
Liechtenstein,2022-04,0.0
Liechtenstein,2022-05,2.0
Liechtenstein,2022-06,4.0
Liechtenstein,2022-07,3.0
Liechtenstein,2022-08,3.0
Liechtenstein,2022-09,8.0
Liechtenstein,2022-10,7.0
Liechtenstein,2022-11,5.0
Liechtenstein,2022-12,19.0
Liechtenstein,2023-01,11.0
Liechtenstein,2023-02,6.0
Liechtenstein,2023-03,23.0
Liechtenstein,2023-04,26.0
Liechtenstein,2023-05,24.0
Liechtenstein,2023-06,14.0
Liechtenstein,2023-07,28.0
Liechtenstein,2023-08,12.0
Liechtenstein,2023-09,22.0
Liechtenstein,2023-10,34.0
Liechtenstein,2023-11,16.0
Liechtenstein,2023-12,7.0
Liechtenstein,2024-01,7.0
Liechtenstein,2024-02,9.0
Liechtenstein,2024-03,31.0
Liechtenstein,2024-04,33.0
Liechtenstein,2024-05,23.0
Liechtenstein,2024-06,14.0
Liechtenstein,2024-07,20.0
Liechtenstein,2024-08,19.0
Liechtenstein,2024-09,23.0
Liechtenstein,2024-10,48.0
Liechtenstein,2024-11,18.0
Liechtenstein,2024-12,10.0
Liechtenstein,2025-01,9.0
Liechtenstein,2025-02,18.0
Liechtenstein,2025-03,34.0
Liechtenstein,2025-04,39.0
Liechtenstein,2025-05,24.0
Liechtenstein,2025-06,19.0
Liechtenstein,2025-07,55.0
Liechtenstein,2025-08,31.0
Liechtenstein,2025-09,40.0
Liechtenstein,2025-10,44.0
Liechtenstein,2025-11,18.0
Liechtenstein,2025-12,20.0
Liechtenstein,2026-01,26.0
Liechtenstein,2026-02,19.0
Liechtenstein,2026-03,37.0
Liechtenstein,2026-04,40.0
Lithuania,2019-01,207.0
Lithuania,2019-02,209.0
Lithuania,2019-03,574.0
Lithuania,2019-04,663.0
Lithuania,2019-05,554.0
Lithuania,2019-06,367.0
Lithuania,2019-07,357.0
Lithuania,2019-08,278.0
Lithuania,2019-09,470.0
Lithuania,2019-10,669.0
Lithuania,2019-11,620.0
Lithuania,2019-12,292.0
Lithuania,2020-01,263.0
Lithuania,2020-02,226.0
Lithuania,2020-03,140.0
Lithuania,2020-04,3.0
Lithuania,2020-05,1.0
Lithuania,2020-06,1.0
Lithuania,2020-07,0.0
Lithuania,2020-08,3.0
Lithuania,2020-09,7.0
Lithuania,2020-10,12.0
Lithuania,2020-11,5.0
Lithuania,2020-12,11.0
Lithuania,2021-01,11.0
Lithuania,2021-02,2.0
Lithuania,2021-03,0.0
Lithuania,2021-04,5.0
Lithuania,2021-05,6.0
Lithuania,2021-06,8.0
Lithuania,2021-07,132.0
Lithuania,2021-08,62.0
Lithuania,2021-09,7.0
Lithuania,2021-10,28.0
Lithuania,2021-11,5.0
Lithuania,2021-12,6.0
Lithuania,2022-01,6.0
Lithuania,2022-02,2.0
Lithuania,2022-03,20.0
Lithuania,2022-04,47.0
Lithuania,2022-05,46.0
Lithuania,2022-06,39.0
Lithuania,2022-07,48.0
Lithuania,2022-08,83.0
Lithuania,2022-09,152.0
Lithuania,2022-10,329.0
Lithuania,2022-11,367.0
Lithuania,2022-12,147.0
Lithuania,2023-01,210.0
Lithuania,2023-02,256.0
Lithuania,2023-03,678.0
Lithuania,2023-04,715.0
Lithuania,2023-05,485.0
Lithuania,2023-06,405.0
Lithuania,2023-07,396.0
Lithuania,2023-08,390.0
Lithuania,2023-09,598.0
Lithuania,2023-10,1047.0
Lithuania,2023-11,749.0
Lithuania,2023-12,297.0
Lithuania,2024-01,344.0
Lithuania,2024-02,448.0
Lithuania,2024-03,1024.0
Lithuania,2024-04,911.0
Lithuania,2024-05,1021.0
Lithuania,2024-06,543.0
Lithuania,2024-07,560.0
Lithuania,2024-08,602.0
Lithuania,2024-09,922.0
Lithuania,2024-10,1381.0
Lithuania,2024-11,1178.0
Lithuania,2024-12,443.0
Lithuania,2025-01,504.0
Lithuania,2025-02,601.0
Lithuania,2025-03,1250.0
Lithuania,2025-04,1529.0
Lithuania,2025-05,1641.0
Lithuania,2025-06,1061.0
Lithuania,2025-07,689.0
Lithuania,2025-08,874.0
Lithuania,2025-09,1394.0
Lithuania,2025-10,1976.0
Lithuania,2025-11,1735.0
Lithuania,2025-12,642.0
Lithuania,2026-01,589.0
Lithuania,2026-02,690.0
Lithuania,2026-03,1533.0
Lithuania,2026-04,1636.0
Luxembourg,2019-01,119.0
Luxembourg,2019-02,130.0
Luxembourg,2019-03,194.0
Luxembourg,2019-04,614.0
Luxembourg,2019-05,215.0
Luxembourg,2019-06,119.0
Luxembourg,2019-07,301.0
Luxembourg,2019-08,254.0
Luxembourg,2019-09,246.0
Luxembourg,2019-10,271.0
Luxembourg,2019-11,134.0
Luxembourg,2019-12,143.0
Luxembourg,2020-01,89.0
Luxembourg,2020-02,87.0
Luxembourg,2020-03,40.0
Luxembourg,2020-04,0.0
Luxembourg,2020-05,0.0
Luxembourg,2020-06,0.0
Luxembourg,2020-07,0.0
Luxembourg,2020-08,5.0
Luxembourg,2020-09,0.0
Luxembourg,2020-10,7.0
Luxembourg,2020-11,1.0
Luxembourg,2020-12,0.0
Luxembourg,2021-01,9.0
Luxembourg,2021-02,1.0
Luxembourg,2021-03,0.0
Luxembourg,2021-04,0.0
Luxembourg,2021-05,6.0
Luxembourg,2021-06,0.0
Luxembourg,2021-07,34.0
Luxembourg,2021-08,8.0
Luxembourg,2021-09,2.0
Luxembourg,2021-10,7.0
Luxembourg,2021-11,1.0
Luxembourg,2021-12,1.0
Luxembourg,2022-01,3.0
Luxembourg,2022-02,2.0
Luxembourg,2022-03,10.0
Luxembourg,2022-04,14.0
Luxembourg,2022-05,9.0
Luxembourg,2022-06,9.0
Luxembourg,2022-07,25.0
Luxembourg,2022-08,29.0
Luxembourg,2022-09,46.0
Luxembourg,2022-10,79.0
Luxembourg,2022-11,110.0
Luxembourg,2022-12,71.0
Luxembourg,2023-01,61.0
Luxembourg,2023-02,90.0
Luxembourg,2023-03,208.0
Luxembourg,2023-04,363.0
Luxembourg,2023-05,258.0
Luxembourg,2023-06,102.0
Luxembourg,2023-07,298.0
Luxembourg,2023-08,391.0
Luxembourg,2023-09,182.0
Luxembourg,2023-10,302.0
Luxembourg,2023-11,145.0
Luxembourg,2023-12,136.0
Luxembourg,2024-01,96.0
Luxembourg,2024-02,176.0
Luxembourg,2024-03,476.0
Luxembourg,2024-04,374.0
Luxembourg,2024-05,329.0
Luxembourg,2024-06,199.0
Luxembourg,2024-07,437.0
Luxembourg,2024-08,510.0
Luxembourg,2024-09,338.0
Luxembourg,2024-10,436.0
Luxembourg,2024-11,291.0
Luxembourg,2024-12,175.0
Luxembourg,2025-01,137.0
Luxembourg,2025-02,223.0
Luxembourg,2025-03,387.0
Luxembourg,2025-04,1253.0
Luxembourg,2025-05,805.0
Luxembourg,2025-06,276.0
Luxembourg,2025-07,736.0
Luxembourg,2025-08,914.0
Luxembourg,2025-09,552.0
Luxembourg,2025-10,474.0
Luxembourg,2025-11,313.0
Luxembourg,2025-12,233.0
Luxembourg,2026-01,180.0
Luxembourg,2026-02,257.0
Luxembourg,2026-03,910.0
Luxembourg,2026-04,545.0
Macau,2019-01,6608.0
Macau,2019-02,7933.0
Macau,2019-03,8045.0
Macau,2019-04,6873.0
Macau,2019-05,8538.0
Macau,2019-06,9962.0
Macau,2019-07,16358.0
Macau,2019-08,17232.0
Macau,2019-09,8076.0
Macau,2019-10,7538.0
Macau,2019-11,9309.0
Macau,2019-12,14725.0
Macau,2020-01,9943.0
Macau,2020-02,2088.0
Macau,2020-03,155.0
Macau,2020-04,0.0
Macau,2020-05,0.0
Macau,2020-06,1.0
Macau,2020-07,2.0
Macau,2020-08,0.0
Macau,2020-09,13.0
Macau,2020-10,2.0
Macau,2020-11,15.0
Macau,2020-12,15.0
Macau,2021-01,14.0
Macau,2021-02,2.0
Macau,2021-03,5.0
Macau,2021-04,3.0
Macau,2021-05,2.0
Macau,2021-06,4.0
Macau,2021-07,6.0
Macau,2021-08,5.0
Macau,2021-09,5.0
Macau,2021-10,4.0
Macau,2021-11,3.0
Macau,2021-12,1.0
Macau,2022-01,5.0
Macau,2022-02,3.0
Macau,2022-03,9.0
Macau,2022-04,42.0
Macau,2022-05,32.0
Macau,2022-06,12.0
Macau,2022-07,35.0
Macau,2022-08,13.0
Macau,2022-09,57.0
Macau,2022-10,186.0
Macau,2022-11,273.0
Macau,2022-12,692.0
Macau,2023-01,1319.0
Macau,2023-02,1757.0
Macau,2023-03,2950.0
Macau,2023-04,3299.0
Macau,2023-05,4230.0
Macau,2023-06,6368.0
Macau,2023-07,10086.0
Macau,2023-08,13546.0
Macau,2023-09,5553.0
Macau,2023-10,5876.0
Macau,2023-11,7164.0
Macau,2023-12,12104.0
Macau,2024-01,5918.0
Macau,2024-02,8469.0
Macau,2024-03,8079.0
Macau,2024-04,6580.0
Macau,2024-05,7258.0
Macau,2024-06,9271.0
Macau,2024-07,17658.0
Macau,2024-08,19377.0
Macau,2024-09,6496.0
Macau,2024-10,7685.0
Macau,2024-11,10223.0
Macau,2024-12,16765.0
Macau,2025-01,9548.0
Macau,2025-02,8425.0
Macau,2025-03,8475.0
Macau,2025-04,7633.0
Macau,2025-05,7749.0
Macau,2025-06,7029.0
Macau,2025-07,12436.0
Macau,2025-08,17880.0
Macau,2025-09,6533.0
Macau,2025-10,7937.0
Macau,2025-11,9802.0
Macau,2025-12,15565.0
Macau,2026-01,7166.0
Macau,2026-02,9963.0
Macau,2026-03,7687.0
Macau,2026-04,7632.0
Madagascar,2019-01,26.0
Madagascar,2019-02,17.0
Madagascar,2019-03,30.0
Madagascar,2019-04,24.0
Madagascar,2019-05,22.0
Madagascar,2019-06,31.0
Madagascar,2019-07,46.0
Madagascar,2019-08,85.0
Madagascar,2019-09,45.0
Madagascar,2019-10,52.0
Madagascar,2019-11,34.0
Madagascar,2019-12,22.0
Madagascar,2020-01,28.0
Madagascar,2020-02,12.0
Madagascar,2020-03,10.0
Madagascar,2020-04,0.0
Madagascar,2020-05,0.0
Madagascar,2020-06,1.0
Madagascar,2020-07,0.0
Madagascar,2020-08,0.0
Madagascar,2020-09,1.0
Madagascar,2020-10,0.0
Madagascar,2020-11,2.0
Madagascar,2020-12,7.0
Madagascar,2021-01,0.0
Madagascar,2021-02,0.0
Madagascar,2021-03,0.0
Madagascar,2021-04,1.0
Madagascar,2021-05,0.0
Madagascar,2021-06,4.0
Madagascar,2021-07,17.0
Madagascar,2021-08,6.0
Madagascar,2021-09,1.0
Madagascar,2021-10,1.0
Madagascar,2021-11,3.0
Madagascar,2021-12,1.0
Madagascar,2022-01,3.0
Madagascar,2022-02,2.0
Madagascar,2022-03,2.0
Madagascar,2022-04,9.0
Madagascar,2022-05,4.0
Madagascar,2022-06,7.0
Madagascar,2022-07,5.0
Madagascar,2022-08,15.0
Madagascar,2022-09,25.0
Madagascar,2022-10,10.0
Madagascar,2022-11,21.0
Madagascar,2022-12,26.0
Madagascar,2023-01,28.0
Madagascar,2023-02,17.0
Madagascar,2023-03,15.0
Madagascar,2023-04,25.0
Madagascar,2023-05,16.0
Madagascar,2023-06,16.0
Madagascar,2023-07,40.0
Madagascar,2023-08,37.0
Madagascar,2023-09,33.0
Madagascar,2023-10,101.0
Madagascar,2023-11,34.0
Madagascar,2023-12,20.0
Madagascar,2024-01,26.0
Madagascar,2024-02,19.0
Madagascar,2024-03,28.0
Madagascar,2024-04,30.0
Madagascar,2024-05,80.0
Madagascar,2024-06,52.0
Madagascar,2024-07,49.0
Madagascar,2024-08,72.0
Madagascar,2024-09,58.0
Madagascar,2024-10,46.0
Madagascar,2024-11,56.0
Madagascar,2024-12,41.0
Madagascar,2025-01,47.0
Madagascar,2025-02,28.0
Madagascar,2025-03,52.0
Madagascar,2025-04,55.0
Madagascar,2025-05,41.0
Madagascar,2025-06,40.0
Madagascar,2025-07,43.0
Madagascar,2025-08,128.0
Madagascar,2025-09,71.0
Madagascar,2025-10,60.0
Madagascar,2025-11,41.0
Madagascar,2025-12,32.0
Madagascar,2026-01,41.0
Madagascar,2026-02,33.0
Madagascar,2026-03,44.0
Madagascar,2026-04,69.0
Malawi,2019-01,16.0
Malawi,2019-02,14.0
Malawi,2019-03,18.0
Malawi,2019-04,24.0
Malawi,2019-05,22.0
Malawi,2019-06,18.0
Malawi,2019-07,29.0
Malawi,2019-08,85.0
Malawi,2019-09,31.0
Malawi,2019-10,33.0
Malawi,2019-11,30.0
Malawi,2019-12,13.0
Malawi,2020-01,35.0
Malawi,2020-02,20.0
Malawi,2020-03,8.0
Malawi,2020-04,1.0
Malawi,2020-05,0.0
Malawi,2020-06,0.0
Malawi,2020-07,0.0
Malawi,2020-08,0.0
Malawi,2020-09,2.0
Malawi,2020-10,10.0
Malawi,2020-11,10.0
Malawi,2020-12,5.0
Malawi,2021-01,2.0
Malawi,2021-02,0.0
Malawi,2021-03,0.0
Malawi,2021-04,1.0
Malawi,2021-05,0.0
Malawi,2021-06,4.0
Malawi,2021-07,20.0
Malawi,2021-08,5.0
Malawi,2021-09,1.0
Malawi,2021-10,8.0
Malawi,2021-11,10.0
Malawi,2021-12,3.0
Malawi,2022-01,2.0
Malawi,2022-02,0.0
Malawi,2022-03,7.0
Malawi,2022-04,15.0
Malawi,2022-05,11.0
Malawi,2022-06,0.0
Malawi,2022-07,11.0
Malawi,2022-08,18.0
Malawi,2022-09,24.0
Malawi,2022-10,38.0
Malawi,2022-11,24.0
Malawi,2022-12,8.0
Malawi,2023-01,16.0
Malawi,2023-02,30.0
Malawi,2023-03,14.0
Malawi,2023-04,13.0
Malawi,2023-05,15.0
Malawi,2023-06,19.0
Malawi,2023-07,23.0
Malawi,2023-08,20.0
Malawi,2023-09,50.0
Malawi,2023-10,42.0
Malawi,2023-11,24.0
Malawi,2023-12,16.0
Malawi,2024-01,15.0
Malawi,2024-02,13.0
Malawi,2024-03,32.0
Malawi,2024-04,22.0
Malawi,2024-05,13.0
Malawi,2024-06,29.0
Malawi,2024-07,11.0
Malawi,2024-08,30.0
Malawi,2024-09,41.0
Malawi,2024-10,39.0
Malawi,2024-11,37.0
Malawi,2024-12,16.0
Malawi,2025-01,30.0
Malawi,2025-02,9.0
Malawi,2025-03,32.0
Malawi,2025-04,25.0
Malawi,2025-05,31.0
Malawi,2025-06,48.0
Malawi,2025-07,28.0
Malawi,2025-08,63.0
Malawi,2025-09,48.0
Malawi,2025-10,44.0
Malawi,2025-11,28.0
Malawi,2025-12,21.0
Malawi,2026-01,18.0
Malawi,2026-02,15.0
Malawi,2026-03,28.0
Malawi,2026-04,22.0
Malaysia,2019-01,31399.0
Malaysia,2019-02,36660.0
Malaysia,2019-03,50615.0
Malaysia,2019-04,46092.0
Malaysia,2019-05,42629.0
Malaysia,2019-06,30534.0
Malaysia,2019-07,22957.0
Malaysia,2019-08,19827.0
Malaysia,2019-09,28778.0
Malaysia,2019-10,48864.0
Malaysia,2019-11,64987.0
Malaysia,2019-12,78250.0
Malaysia,2020-01,44829.0
Malaysia,2020-02,26589.0
Malaysia,2020-03,3287.0
Malaysia,2020-04,20.0
Malaysia,2020-05,4.0
Malaysia,2020-06,13.0
Malaysia,2020-07,6.0
Malaysia,2020-08,223.0
Malaysia,2020-09,242.0
Malaysia,2020-10,630.0
Malaysia,2020-11,430.0
Malaysia,2020-12,300.0
Malaysia,2021-01,242.0
Malaysia,2021-02,72.0
Malaysia,2021-03,99.0
Malaysia,2021-04,95.0
Malaysia,2021-05,146.0
Malaysia,2021-06,106.0
Malaysia,2021-07,233.0
Malaysia,2021-08,182.0
Malaysia,2021-09,231.0
Malaysia,2021-10,237.0
Malaysia,2021-11,130.0
Malaysia,2021-12,58.0
Malaysia,2022-01,171.0
Malaysia,2022-02,109.0
Malaysia,2022-03,569.0
Malaysia,2022-04,1094.0
Malaysia,2022-05,1636.0
Malaysia,2022-06,1165.0
Malaysia,2022-07,1616.0
Malaysia,2022-08,2248.0
Malaysia,2022-09,2967.0
Malaysia,2022-10,8773.0
Malaysia,2022-11,17519.0
Malaysia,2022-12,36228.0
Malaysia,2023-01,27099.0
Malaysia,2023-02,31992.0
Malaysia,2023-03,38904.0
Malaysia,2023-04,40244.0
Malaysia,2023-05,34004.0
Malaysia,2023-06,22009.0
Malaysia,2023-07,17357.0
Malaysia,2023-08,19206.0
Malaysia,2023-09,27543.0
Malaysia,2023-10,45162.0
Malaysia,2023-11,51386.0
Malaysia,2023-12,60806.0
Malaysia,2024-01,32079.0
Malaysia,2024-02,60178.0
Malaysia,2024-03,41953.0
Malaysia,2024-04,45983.0
Malaysia,2024-05,39562.0
Malaysia,2024-06,22042.0
Malaysia,2024-07,19260.0
Malaysia,2024-08,17174.0
Malaysia,2024-09,39905.0
Malaysia,2024-10,55091.0
Malaysia,2024-11,62027.0
Malaysia,2024-12,71629.0
Malaysia,2025-01,75003.0
Malaysia,2025-02,64859.0
Malaysia,2025-03,53109.0
Malaysia,2025-04,51159.0
Malaysia,2025-05,51725.0
Malaysia,2025-06,28106.0
Malaysia,2025-07,18112.0
Malaysia,2025-08,21143.0
Malaysia,2025-09,43826.0
Malaysia,2025-10,57790.0
Malaysia,2025-11,71161.0
Malaysia,2025-12,100582.0
Malaysia,2026-01,72477.0
Malaysia,2026-02,59744.0
Malaysia,2026-03,76603.0
Malaysia,2026-04,60426.0
Maldives,2019-01,36.0
Maldives,2019-02,20.0
Maldives,2019-03,59.0
Maldives,2019-04,39.0
Maldives,2019-05,26.0
Maldives,2019-06,30.0
Maldives,2019-07,27.0
Maldives,2019-08,13.0
Maldives,2019-09,67.0
Maldives,2019-10,71.0
Maldives,2019-11,81.0
Maldives,2019-12,57.0
Maldives,2020-01,46.0
Maldives,2020-02,17.0
Maldives,2020-03,3.0
Maldives,2020-04,0.0
Maldives,2020-05,0.0
Maldives,2020-06,0.0
Maldives,2020-07,0.0
Maldives,2020-08,1.0
Maldives,2020-09,2.0
Maldives,2020-10,1.0
Maldives,2020-11,8.0
Maldives,2020-12,4.0
Maldives,2021-01,0.0
Maldives,2021-02,0.0
Maldives,2021-03,5.0
Maldives,2021-04,0.0
Maldives,2021-05,4.0
Maldives,2021-06,0.0
Maldives,2021-07,12.0
Maldives,2021-08,13.0
Maldives,2021-09,1.0
Maldives,2021-10,10.0
Maldives,2021-11,1.0
Maldives,2021-12,1.0
Maldives,2022-01,0.0
Maldives,2022-02,4.0
Maldives,2022-03,2.0
Maldives,2022-04,2.0
Maldives,2022-05,7.0
Maldives,2022-06,14.0
Maldives,2022-07,7.0
Maldives,2022-08,15.0
Maldives,2022-09,21.0
Maldives,2022-10,17.0
Maldives,2022-11,24.0
Maldives,2022-12,20.0
Maldives,2023-01,20.0
Maldives,2023-02,47.0
Maldives,2023-03,35.0
Maldives,2023-04,43.0
Maldives,2023-05,59.0
Maldives,2023-06,85.0
Maldives,2023-07,45.0
Maldives,2023-08,32.0
Maldives,2023-09,40.0
Maldives,2023-10,78.0
Maldives,2023-11,40.0
Maldives,2023-12,58.0
Maldives,2024-01,38.0
Maldives,2024-02,64.0
Maldives,2024-03,35.0
Maldives,2024-04,47.0
Maldives,2024-05,90.0
Maldives,2024-06,62.0
Maldives,2024-07,65.0
Maldives,2024-08,46.0
Maldives,2024-09,73.0
Maldives,2024-10,54.0
Maldives,2024-11,63.0
Maldives,2024-12,43.0
Maldives,2025-01,42.0
Maldives,2025-02,36.0
Maldives,2025-03,34.0
Maldives,2025-04,85.0
Maldives,2025-05,71.0
Maldives,2025-06,67.0
Maldives,2025-07,76.0
Maldives,2025-08,59.0
Maldives,2025-09,113.0
Maldives,2025-10,73.0
Maldives,2025-11,97.0
Maldives,2025-12,68.0
Maldives,2026-01,90.0
Maldives,2026-02,29.0
Maldives,2026-03,74.0
Maldives,2026-04,72.0
Mali,2019-01,8.0
Mali,2019-02,13.0
Mali,2019-03,41.0
Mali,2019-04,15.0
Mali,2019-05,13.0
Mali,2019-06,9.0
Mali,2019-07,9.0
Mali,2019-08,64.0
Mali,2019-09,21.0
Mali,2019-10,24.0
Mali,2019-11,8.0
Mali,2019-12,8.0
Mali,2020-01,16.0
Mali,2020-02,19.0
Mali,2020-03,6.0
Mali,2020-04,0.0
Mali,2020-05,0.0
Mali,2020-06,0.0
Mali,2020-07,0.0
Mali,2020-08,1.0
Mali,2020-09,3.0
Mali,2020-10,0.0
Mali,2020-11,3.0
Mali,2020-12,1.0
Mali,2021-01,1.0
Mali,2021-02,1.0
Mali,2021-03,3.0
Mali,2021-04,0.0
Mali,2021-05,1.0
Mali,2021-06,1.0
Mali,2021-07,18.0
Mali,2021-08,8.0
Mali,2021-09,3.0
Mali,2021-10,1.0
Mali,2021-11,3.0
Mali,2021-12,0.0
Mali,2022-01,0.0
Mali,2022-02,1.0
Mali,2022-03,7.0
Mali,2022-04,2.0
Mali,2022-05,4.0
Mali,2022-06,0.0
Mali,2022-07,8.0
Mali,2022-08,13.0
Mali,2022-09,8.0
Mali,2022-10,7.0
Mali,2022-11,10.0
Mali,2022-12,26.0
Mali,2023-01,24.0
Mali,2023-02,25.0
Mali,2023-03,22.0
Mali,2023-04,18.0
Mali,2023-05,9.0
Mali,2023-06,13.0
Mali,2023-07,12.0
Mali,2023-08,33.0
Mali,2023-09,17.0
Mali,2023-10,18.0
Mali,2023-11,22.0
Mali,2023-12,14.0
Mali,2024-01,12.0
Mali,2024-02,16.0
Mali,2024-03,45.0
Mali,2024-04,15.0
Mali,2024-05,29.0
Mali,2024-06,16.0
Mali,2024-07,22.0
Mali,2024-08,29.0
Mali,2024-09,21.0
Mali,2024-10,12.0
Mali,2024-11,16.0
Mali,2024-12,10.0
Mali,2025-01,8.0
Mali,2025-02,12.0
Mali,2025-03,23.0
Mali,2025-04,20.0
Mali,2025-05,14.0
Mali,2025-06,48.0
Mali,2025-07,120.0
Mali,2025-08,78.0
Mali,2025-09,28.0
Mali,2025-10,29.0
Mali,2025-11,33.0
Mali,2025-12,10.0
Mali,2026-01,7.0
Mali,2026-02,7.0
Mali,2026-03,12.0
Mali,2026-04,25.0
Malta,2019-01,57.0
Malta,2019-02,55.0
Malta,2019-03,176.0
Malta,2019-04,211.0
Malta,2019-05,85.0
Malta,2019-06,79.0
Malta,2019-07,143.0
Malta,2019-08,106.0
Malta,2019-09,138.0
Malta,2019-10,240.0
Malta,2019-11,178.0
Malta,2019-12,107.0
Malta,2020-01,68.0
Malta,2020-02,50.0
Malta,2020-03,22.0
Malta,2020-04,0.0
Malta,2020-05,0.0
Malta,2020-06,0.0
Malta,2020-07,0.0
Malta,2020-08,0.0
Malta,2020-09,1.0
Malta,2020-10,3.0
Malta,2020-11,1.0
Malta,2020-12,0.0
Malta,2021-01,1.0
Malta,2021-02,0.0
Malta,2021-03,0.0
Malta,2021-04,0.0
Malta,2021-05,0.0
Malta,2021-06,0.0
Malta,2021-07,18.0
Malta,2021-08,6.0
Malta,2021-09,1.0
Malta,2021-10,3.0
Malta,2021-11,0.0
Malta,2021-12,0.0
Malta,2022-01,0.0
Malta,2022-02,1.0
Malta,2022-03,3.0
Malta,2022-04,4.0
Malta,2022-05,3.0
Malta,2022-06,6.0
Malta,2022-07,7.0
Malta,2022-08,7.0
Malta,2022-09,17.0
Malta,2022-10,36.0
Malta,2022-11,65.0
Malta,2022-12,87.0
Malta,2023-01,52.0
Malta,2023-02,48.0
Malta,2023-03,226.0
Malta,2023-04,213.0
Malta,2023-05,144.0
Malta,2023-06,88.0
Malta,2023-07,130.0
Malta,2023-08,139.0
Malta,2023-09,150.0
Malta,2023-10,147.0
Malta,2023-11,132.0
Malta,2023-12,127.0
Malta,2024-01,61.0
Malta,2024-02,100.0
Malta,2024-03,471.0
Malta,2024-04,280.0
Malta,2024-05,205.0
Malta,2024-06,126.0
Malta,2024-07,299.0
Malta,2024-08,224.0
Malta,2024-09,254.0
Malta,2024-10,269.0
Malta,2024-11,283.0
Malta,2024-12,229.0
Malta,2025-01,119.0
Malta,2025-02,119.0
Malta,2025-03,440.0
Malta,2025-04,445.0
Malta,2025-05,412.0
Malta,2025-06,183.0
Malta,2025-07,322.0
Malta,2025-08,334.0
Malta,2025-09,434.0
Malta,2025-10,330.0
Malta,2025-11,287.0
Malta,2025-12,238.0
Malta,2026-01,115.0
Malta,2026-02,132.0
Malta,2026-03,600.0
Malta,2026-04,480.0
Marshall,2019-01,17.0
Marshall,2019-02,12.0
Marshall,2019-03,13.0
Marshall,2019-04,23.0
Marshall,2019-05,17.0
Marshall,2019-06,68.0
Marshall,2019-07,14.0
Marshall,2019-08,22.0
Marshall,2019-09,33.0
Marshall,2019-10,22.0
Marshall,2019-11,34.0
Marshall,2019-12,15.0
Marshall,2020-01,15.0
Marshall,2020-02,7.0
Marshall,2020-03,0.0
Marshall,2020-04,0.0
Marshall,2020-05,0.0
Marshall,2020-06,0.0
Marshall,2020-07,0.0
Marshall,2020-08,0.0
Marshall,2020-09,0.0
Marshall,2020-10,0.0
Marshall,2020-11,2.0
Marshall,2020-12,0.0
Marshall,2021-01,0.0
Marshall,2021-02,0.0
Marshall,2021-03,0.0
Marshall,2021-04,0.0
Marshall,2021-05,0.0
Marshall,2021-06,0.0
Marshall,2021-07,4.0
Marshall,2021-08,0.0
Marshall,2021-09,0.0
Marshall,2021-10,1.0
Marshall,2021-11,8.0
Marshall,2021-12,0.0
Marshall,2022-01,0.0
Marshall,2022-02,0.0
Marshall,2022-03,2.0
Marshall,2022-04,1.0
Marshall,2022-05,1.0
Marshall,2022-06,2.0
Marshall,2022-07,0.0
Marshall,2022-08,0.0
Marshall,2022-09,4.0
Marshall,2022-10,6.0
Marshall,2022-11,19.0
Marshall,2022-12,6.0
Marshall,2023-01,7.0
Marshall,2023-02,4.0
Marshall,2023-03,9.0
Marshall,2023-04,20.0
Marshall,2023-05,3.0
Marshall,2023-06,29.0
Marshall,2023-07,15.0
Marshall,2023-08,27.0
Marshall,2023-09,21.0
Marshall,2023-10,14.0
Marshall,2023-11,17.0
Marshall,2023-12,18.0
Marshall,2024-01,5.0
Marshall,2024-02,8.0
Marshall,2024-03,23.0
Marshall,2024-04,6.0
Marshall,2024-05,9.0
Marshall,2024-06,47.0
Marshall,2024-07,19.0
Marshall,2024-08,6.0
Marshall,2024-09,19.0
Marshall,2024-10,21.0
Marshall,2024-11,20.0
Marshall,2024-12,8.0
Marshall,2025-01,9.0
Marshall,2025-02,11.0
Marshall,2025-03,43.0
Marshall,2025-04,35.0
Marshall,2025-05,17.0
Marshall,2025-06,49.0
Marshall,2025-07,19.0
Marshall,2025-08,15.0
Marshall,2025-09,34.0
Marshall,2025-10,9.0
Marshall,2025-11,16.0
Marshall,2025-12,9.0
Marshall,2026-01,18.0
Marshall,2026-02,10.0
Marshall,2026-03,35.0
Marshall,2026-04,10.0
Mauritania,2019-01,4.0
Mauritania,2019-02,1.0
Mauritania,2019-03,6.0
Mauritania,2019-04,8.0
Mauritania,2019-05,2.0
Mauritania,2019-06,7.0
Mauritania,2019-07,3.0
Mauritania,2019-08,37.0
Mauritania,2019-09,10.0
Mauritania,2019-10,8.0
Mauritania,2019-11,5.0
Mauritania,2019-12,3.0
Mauritania,2020-01,2.0
Mauritania,2020-02,4.0
Mauritania,2020-03,0.0
Mauritania,2020-04,0.0
Mauritania,2020-05,0.0
Mauritania,2020-06,0.0
Mauritania,2020-07,0.0
Mauritania,2020-08,3.0
Mauritania,2020-09,0.0
Mauritania,2020-10,3.0
Mauritania,2020-11,1.0
Mauritania,2020-12,1.0
Mauritania,2021-01,0.0
Mauritania,2021-02,0.0
Mauritania,2021-03,2.0
Mauritania,2021-04,3.0
Mauritania,2021-05,0.0
Mauritania,2021-06,0.0
Mauritania,2021-07,15.0
Mauritania,2021-08,2.0
Mauritania,2021-09,1.0
Mauritania,2021-10,0.0
Mauritania,2021-11,1.0
Mauritania,2021-12,1.0
Mauritania,2022-01,1.0
Mauritania,2022-02,0.0
Mauritania,2022-03,1.0
Mauritania,2022-04,3.0
Mauritania,2022-05,4.0
Mauritania,2022-06,2.0
Mauritania,2022-07,2.0
Mauritania,2022-08,3.0
Mauritania,2022-09,1.0
Mauritania,2022-10,2.0
Mauritania,2022-11,11.0
Mauritania,2022-12,3.0
Mauritania,2023-01,23.0
Mauritania,2023-02,7.0
Mauritania,2023-03,4.0
Mauritania,2023-04,4.0
Mauritania,2023-05,3.0
Mauritania,2023-06,11.0
Mauritania,2023-07,14.0
Mauritania,2023-08,3.0
Mauritania,2023-09,5.0
Mauritania,2023-10,12.0
Mauritania,2023-11,6.0
Mauritania,2023-12,4.0
Mauritania,2024-01,5.0
Mauritania,2024-02,11.0
Mauritania,2024-03,3.0
Mauritania,2024-04,5.0
Mauritania,2024-05,6.0
Mauritania,2024-06,16.0
Mauritania,2024-07,12.0
Mauritania,2024-08,12.0
Mauritania,2024-09,10.0
Mauritania,2024-10,11.0
Mauritania,2024-11,15.0
Mauritania,2024-12,7.0
Mauritania,2025-01,9.0
Mauritania,2025-02,10.0
Mauritania,2025-03,7.0
Mauritania,2025-04,16.0
Mauritania,2025-05,11.0
Mauritania,2025-06,19.0
Mauritania,2025-07,23.0
Mauritania,2025-08,50.0
Mauritania,2025-09,20.0
Mauritania,2025-10,9.0
Mauritania,2025-11,11.0
Mauritania,2025-12,6.0
Mauritania,2026-01,4.0
Mauritania,2026-02,8.0
Mauritania,2026-03,4.0
Mauritania,2026-04,7.0
Mauritius,2019-01,77.0
Mauritius,2019-02,87.0
Mauritius,2019-03,148.0
Mauritius,2019-04,215.0
Mauritius,2019-05,125.0
Mauritius,2019-06,228.0
Mauritius,2019-07,131.0
Mauritius,2019-08,203.0
Mauritius,2019-09,151.0
Mauritius,2019-10,176.0
Mauritius,2019-11,146.0
Mauritius,2019-12,179.0
Mauritius,2020-01,100.0
Mauritius,2020-02,66.0
Mauritius,2020-03,24.0
Mauritius,2020-04,0.0
Mauritius,2020-05,0.0
Mauritius,2020-06,0.0
Mauritius,2020-07,0.0
Mauritius,2020-08,0.0
Mauritius,2020-09,0.0
Mauritius,2020-10,1.0
Mauritius,2020-11,2.0
Mauritius,2020-12,2.0
Mauritius,2021-01,3.0
Mauritius,2021-02,0.0
Mauritius,2021-03,0.0
Mauritius,2021-04,0.0
Mauritius,2021-05,0.0
Mauritius,2021-06,2.0
Mauritius,2021-07,29.0
Mauritius,2021-08,17.0
Mauritius,2021-09,0.0
Mauritius,2021-10,1.0
Mauritius,2021-11,2.0
Mauritius,2021-12,1.0
Mauritius,2022-01,3.0
Mauritius,2022-02,2.0
Mauritius,2022-03,2.0
Mauritius,2022-04,10.0
Mauritius,2022-05,13.0
Mauritius,2022-06,9.0
Mauritius,2022-07,15.0
Mauritius,2022-08,20.0
Mauritius,2022-09,35.0
Mauritius,2022-10,44.0
Mauritius,2022-11,64.0
Mauritius,2022-12,70.0
Mauritius,2023-01,44.0
Mauritius,2023-02,48.0
Mauritius,2023-03,81.0
Mauritius,2023-04,125.0
Mauritius,2023-05,82.0
Mauritius,2023-06,102.0
Mauritius,2023-07,116.0
Mauritius,2023-08,95.0
Mauritius,2023-09,171.0
Mauritius,2023-10,169.0
Mauritius,2023-11,129.0
Mauritius,2023-12,131.0
Mauritius,2024-01,77.0
Mauritius,2024-02,63.0
Mauritius,2024-03,124.0
Mauritius,2024-04,166.0
Mauritius,2024-05,212.0
Mauritius,2024-06,119.0
Mauritius,2024-07,134.0
Mauritius,2024-08,136.0
Mauritius,2024-09,132.0
Mauritius,2024-10,229.0
Mauritius,2024-11,176.0
Mauritius,2024-12,163.0
Mauritius,2025-01,103.0
Mauritius,2025-02,74.0
Mauritius,2025-03,217.0
Mauritius,2025-04,338.0
Mauritius,2025-05,181.0
Mauritius,2025-06,190.0
Mauritius,2025-07,197.0
Mauritius,2025-08,202.0
Mauritius,2025-09,189.0
Mauritius,2025-10,215.0
Mauritius,2025-11,274.0
Mauritius,2025-12,278.0
Mauritius,2026-01,124.0
Mauritius,2026-02,89.0
Mauritius,2026-03,217.0
Mauritius,2026-04,347.0
Mexico,2019-01,3615.0
Mexico,2019-02,2889.0
Mexico,2019-03,5740.0
Mexico,2019-04,8222.0
Mexico,2019-05,5482.0
Mexico,2019-06,5676.0
Mexico,2019-07,8661.0
Mexico,2019-08,4800.0
Mexico,2019-09,6282.0
Mexico,2019-10,7385.0
Mexico,2019-11,6494.0
Mexico,2019-12,6499.0
Mexico,2020-01,4641.0
Mexico,2020-02,2968.0
Mexico,2020-03,1691.0
Mexico,2020-04,64.0
Mexico,2020-05,1.0
Mexico,2020-06,3.0
Mexico,2020-07,2.0
Mexico,2020-08,7.0
Mexico,2020-09,11.0
Mexico,2020-10,34.0
Mexico,2020-11,57.0
Mexico,2020-12,49.0
Mexico,2021-01,56.0
Mexico,2021-02,23.0
Mexico,2021-03,23.0
Mexico,2021-04,39.0
Mexico,2021-05,37.0
Mexico,2021-06,83.0
Mexico,2021-07,477.0
Mexico,2021-08,225.0
Mexico,2021-09,24.0
Mexico,2021-10,47.0
Mexico,2021-11,51.0
Mexico,2021-12,39.0
Mexico,2022-01,110.0
Mexico,2022-02,22.0
Mexico,2022-03,165.0
Mexico,2022-04,217.0
Mexico,2022-05,229.0
Mexico,2022-06,268.0
Mexico,2022-07,371.0
Mexico,2022-08,514.0
Mexico,2022-09,771.0
Mexico,2022-10,1951.0
Mexico,2022-11,2037.0
Mexico,2022-12,2497.0
Mexico,2023-01,2271.0
Mexico,2023-02,2339.0
Mexico,2023-03,5750.0
Mexico,2023-04,9328.0
Mexico,2023-05,8465.0
Mexico,2023-06,6753.0
Mexico,2023-07,9986.0
Mexico,2023-08,8238.0
Mexico,2023-09,10131.0
Mexico,2023-10,12483.0
Mexico,2023-11,9859.0
Mexico,2023-12,9081.0
Mexico,2024-01,6805.0
Mexico,2024-02,7684.0
Mexico,2024-03,15472.0
Mexico,2024-04,11786.0
Mexico,2024-05,11514.0
Mexico,2024-06,10757.0
Mexico,2024-07,16011.0
Mexico,2024-08,12082.0
Mexico,2024-09,14972.0
Mexico,2024-10,19199.0
Mexico,2024-11,13532.0
Mexico,2024-12,12021.0
Mexico,2025-01,9332.0
Mexico,2025-02,10784.0
Mexico,2025-03,14612.0
Mexico,2025-04,21793.0
Mexico,2025-05,15080.0
Mexico,2025-06,13242.0
Mexico,2025-07,19778.0
Mexico,2025-08,13575.0
Mexico,2025-09,19735.0
Mexico,2025-10,24764.0
Mexico,2025-11,20728.0
Mexico,2025-12,16972.0
Mexico,2026-01,15271.0
Mexico,2026-02,15368.0
Mexico,2026-03,24756.0
Mexico,2026-04,21185.0
Micronesia,2019-01,33.0
Micronesia,2019-02,25.0
Micronesia,2019-03,45.0
Micronesia,2019-04,46.0
Micronesia,2019-05,54.0
Micronesia,2019-06,92.0
Micronesia,2019-07,41.0
Micronesia,2019-08,48.0
Micronesia,2019-09,57.0
Micronesia,2019-10,47.0
Micronesia,2019-11,82.0
Micronesia,2019-12,39.0
Micronesia,2020-01,34.0
Micronesia,2020-02,27.0
Micronesia,2020-03,4.0
Micronesia,2020-04,0.0
Micronesia,2020-05,0.0
Micronesia,2020-06,0.0
Micronesia,2020-07,0.0
Micronesia,2020-08,0.0
Micronesia,2020-09,0.0
Micronesia,2020-10,1.0
Micronesia,2020-11,1.0
Micronesia,2020-12,2.0
Micronesia,2021-01,0.0
Micronesia,2021-02,0.0
Micronesia,2021-03,0.0
Micronesia,2021-04,1.0
Micronesia,2021-05,0.0
Micronesia,2021-06,1.0
Micronesia,2021-07,4.0
Micronesia,2021-08,0.0
Micronesia,2021-09,0.0
Micronesia,2021-10,0.0
Micronesia,2021-11,0.0
Micronesia,2021-12,0.0
Micronesia,2022-01,1.0
Micronesia,2022-02,0.0
Micronesia,2022-03,0.0
Micronesia,2022-04,5.0
Micronesia,2022-05,1.0
Micronesia,2022-06,0.0
Micronesia,2022-07,1.0
Micronesia,2022-08,3.0
Micronesia,2022-09,4.0
Micronesia,2022-10,10.0
Micronesia,2022-11,13.0
Micronesia,2022-12,12.0
Micronesia,2023-01,10.0
Micronesia,2023-02,31.0
Micronesia,2023-03,33.0
Micronesia,2023-04,29.0
Micronesia,2023-05,21.0
Micronesia,2023-06,63.0
Micronesia,2023-07,41.0
Micronesia,2023-08,21.0
Micronesia,2023-09,38.0
Micronesia,2023-10,37.0
Micronesia,2023-11,55.0
Micronesia,2023-12,29.0
Micronesia,2024-01,25.0
Micronesia,2024-02,20.0
Micronesia,2024-03,54.0
Micronesia,2024-04,24.0
Micronesia,2024-05,29.0
Micronesia,2024-06,103.0
Micronesia,2024-07,66.0
Micronesia,2024-08,33.0
Micronesia,2024-09,50.0
Micronesia,2024-10,46.0
Micronesia,2024-11,60.0
Micronesia,2024-12,30.0
Micronesia,2025-01,31.0
Micronesia,2025-02,22.0
Micronesia,2025-03,56.0
Micronesia,2025-04,38.0
Micronesia,2025-05,56.0
Micronesia,2025-06,120.0
Micronesia,2025-07,119.0
Micronesia,2025-08,50.0
Micronesia,2025-09,50.0
Micronesia,2025-10,80.0
Micronesia,2025-11,51.0
Micronesia,2025-12,56.0
Micronesia,2026-01,35.0
Micronesia,2026-02,46.0
Micronesia,2026-03,27.0
Micronesia,2026-04,57.0
Moldova,2019-01,19.0
Moldova,2019-02,14.0
Moldova,2019-03,35.0
Moldova,2019-04,49.0
Moldova,2019-05,21.0
Moldova,2019-06,27.0
Moldova,2019-07,30.0
Moldova,2019-08,24.0
Moldova,2019-09,32.0
Moldova,2019-10,41.0
Moldova,2019-11,33.0
Moldova,2019-12,20.0
Moldova,2020-01,15.0
Moldova,2020-02,20.0
Moldova,2020-03,7.0
Moldova,2020-04,0.0
Moldova,2020-05,1.0
Moldova,2020-06,0.0
Moldova,2020-07,1.0
Moldova,2020-08,1.0
Moldova,2020-09,3.0
Moldova,2020-10,3.0
Moldova,2020-11,1.0
Moldova,2020-12,4.0
Moldova,2021-01,2.0
Moldova,2021-02,0.0
Moldova,2021-03,0.0
Moldova,2021-04,2.0
Moldova,2021-05,1.0
Moldova,2021-06,5.0
Moldova,2021-07,54.0
Moldova,2021-08,19.0
Moldova,2021-09,3.0
Moldova,2021-10,1.0
Moldova,2021-11,6.0
Moldova,2021-12,0.0
Moldova,2022-01,3.0
Moldova,2022-02,2.0
Moldova,2022-03,9.0
Moldova,2022-04,3.0
Moldova,2022-05,12.0
Moldova,2022-06,12.0
Moldova,2022-07,6.0
Moldova,2022-08,7.0
Moldova,2022-09,22.0
Moldova,2022-10,20.0
Moldova,2022-11,20.0
Moldova,2022-12,12.0
Moldova,2023-01,14.0
Moldova,2023-02,15.0
Moldova,2023-03,18.0
Moldova,2023-04,26.0
Moldova,2023-05,12.0
Moldova,2023-06,25.0
Moldova,2023-07,36.0
Moldova,2023-08,35.0
Moldova,2023-09,33.0
Moldova,2023-10,41.0
Moldova,2023-11,45.0
Moldova,2023-12,10.0
Moldova,2024-01,16.0
Moldova,2024-02,27.0
Moldova,2024-03,47.0
Moldova,2024-04,34.0
Moldova,2024-05,37.0
Moldova,2024-06,27.0
Moldova,2024-07,24.0
Moldova,2024-08,25.0
Moldova,2024-09,70.0
Moldova,2024-10,46.0
Moldova,2024-11,45.0
Moldova,2024-12,20.0
Moldova,2025-01,22.0
Moldova,2025-02,25.0
Moldova,2025-03,68.0
Moldova,2025-04,68.0
Moldova,2025-05,56.0
Moldova,2025-06,50.0
Moldova,2025-07,42.0
Moldova,2025-08,45.0
Moldova,2025-09,55.0
Moldova,2025-10,63.0
Moldova,2025-11,63.0
Moldova,2025-12,23.0
Moldova,2026-01,26.0
Moldova,2026-02,37.0
Moldova,2026-03,50.0
Moldova,2026-04,39.0
Monaco,2019-01,8.0
Monaco,2019-02,7.0
Monaco,2019-03,12.0
Monaco,2019-04,31.0
Monaco,2019-05,20.0
Monaco,2019-06,9.0
Monaco,2019-07,16.0
Monaco,2019-08,11.0
Monaco,2019-09,15.0
Monaco,2019-10,42.0
Monaco,2019-11,8.0
Monaco,2019-12,9.0
Monaco,2020-01,9.0
Monaco,2020-02,12.0
Monaco,2020-03,3.0
Monaco,2020-04,0.0
Monaco,2020-05,0.0
Monaco,2020-06,0.0
Monaco,2020-07,0.0
Monaco,2020-08,0.0
Monaco,2020-09,0.0
Monaco,2020-10,1.0
Monaco,2020-11,0.0
Monaco,2020-12,0.0
Monaco,2021-01,0.0
Monaco,2021-02,0.0
Monaco,2021-03,0.0
Monaco,2021-04,0.0
Monaco,2021-05,0.0
Monaco,2021-06,0.0
Monaco,2021-07,12.0
Monaco,2021-08,0.0
Monaco,2021-09,0.0
Monaco,2021-10,0.0
Monaco,2021-11,0.0
Monaco,2021-12,0.0
Monaco,2022-01,0.0
Monaco,2022-02,0.0
Monaco,2022-03,1.0
Monaco,2022-04,0.0
Monaco,2022-05,0.0
Monaco,2022-06,0.0
Monaco,2022-07,2.0
Monaco,2022-08,0.0
Monaco,2022-09,4.0
Monaco,2022-10,5.0
Monaco,2022-11,8.0
Monaco,2022-12,5.0
Monaco,2023-01,8.0
Monaco,2023-02,3.0
Monaco,2023-03,10.0
Monaco,2023-04,15.0
Monaco,2023-05,13.0
Monaco,2023-06,8.0
Monaco,2023-07,10.0
Monaco,2023-08,16.0
Monaco,2023-09,3.0
Monaco,2023-10,13.0
Monaco,2023-11,15.0
Monaco,2023-12,6.0
Monaco,2024-01,9.0
Monaco,2024-02,8.0
Monaco,2024-03,27.0
Monaco,2024-04,42.0
Monaco,2024-05,11.0
Monaco,2024-06,7.0
Monaco,2024-07,9.0
Monaco,2024-08,4.0
Monaco,2024-09,5.0
Monaco,2024-10,18.0
Monaco,2024-11,14.0
Monaco,2024-12,9.0
Monaco,2025-01,10.0
Monaco,2025-02,11.0
Monaco,2025-03,16.0
Monaco,2025-04,66.0
Monaco,2025-05,22.0
Monaco,2025-06,54.0
Monaco,2025-07,29.0
Monaco,2025-08,36.0
Monaco,2025-09,24.0
Monaco,2025-10,34.0
Monaco,2025-11,12.0
Monaco,2025-12,9.0
Monaco,2026-01,10.0
Monaco,2026-02,17.0
Monaco,2026-03,28.0
Monaco,2026-04,44.0
Mongolia,2019-01,2893.0
Mongolia,2019-02,2108.0
Mongolia,2019-03,2989.0
Mongolia,2019-04,2650.0
Mongolia,2019-05,2166.0
Mongolia,2019-06,2570.0
Mongolia,2019-07,2203.0
Mongolia,2019-08,3275.0
Mongolia,2019-09,3102.0
Mongolia,2019-10,2637.0
Mongolia,2019-11,2473.0
Mongolia,2019-12,2447.0
Mongolia,2020-01,3014.0
Mongolia,2020-02,1764.0
Mongolia,2020-03,190.0
Mongolia,2020-04,366.0
Mongolia,2020-05,0.0
Mongolia,2020-06,48.0
Mongolia,2020-07,25.0
Mongolia,2020-08,62.0
Mongolia,2020-09,27.0
Mongolia,2020-10,455.0
Mongolia,2020-11,617.0
Mongolia,2020-12,550.0
Mongolia,2021-01,4.0
Mongolia,2021-02,26.0
Mongolia,2021-03,71.0
Mongolia,2021-04,23.0
Mongolia,2021-05,139.0
Mongolia,2021-06,160.0
Mongolia,2021-07,178.0
Mongolia,2021-08,149.0
Mongolia,2021-09,181.0
Mongolia,2021-10,321.0
Mongolia,2021-11,287.0
Mongolia,2021-12,146.0
Mongolia,2022-01,186.0
Mongolia,2022-02,198.0
Mongolia,2022-03,1211.0
Mongolia,2022-04,2086.0
Mongolia,2022-05,1042.0
Mongolia,2022-06,1065.0
Mongolia,2022-07,1669.0
Mongolia,2022-08,2576.0
Mongolia,2022-09,2699.0
Mongolia,2022-10,2010.0
Mongolia,2022-11,2102.0
Mongolia,2022-12,2423.0
Mongolia,2023-01,2961.0
Mongolia,2023-02,2058.0
Mongolia,2023-03,3072.0
Mongolia,2023-04,3230.0
Mongolia,2023-05,2865.0
Mongolia,2023-06,3833.0
Mongolia,2023-07,3280.0
Mongolia,2023-08,3344.0
Mongolia,2023-09,3718.0
Mongolia,2023-10,4016.0
Mongolia,2023-11,3667.0
Mongolia,2023-12,3872.0
Mongolia,2024-01,4624.0
Mongolia,2024-02,3165.0
Mongolia,2024-03,5193.0
Mongolia,2024-04,4522.0
Mongolia,2024-05,3614.0
Mongolia,2024-06,3925.0
Mongolia,2024-07,4162.0
Mongolia,2024-08,5293.0
Mongolia,2024-09,4601.0
Mongolia,2024-10,4533.0
Mongolia,2024-11,4222.0
Mongolia,2024-12,5195.0
Mongolia,2025-01,6352.0
Mongolia,2025-02,3518.0
Mongolia,2025-03,5861.0
Mongolia,2025-04,6167.0
Mongolia,2025-05,4459.0
Mongolia,2025-06,5864.0
Mongolia,2025-07,4210.0
Mongolia,2025-08,5907.0
Mongolia,2025-09,5406.0
Mongolia,2025-10,5074.0
Mongolia,2025-11,4935.0
Mongolia,2025-12,5715.0
Mongolia,2026-01,6482.0
Mongolia,2026-02,4024.0
Mongolia,2026-03,6149.0
Mongolia,2026-04,6154.0
Montenegro,2019-01,3.0
Montenegro,2019-02,5.0
Montenegro,2019-03,24.0
Montenegro,2019-04,21.0
Montenegro,2019-05,8.0
Montenegro,2019-06,12.0
Montenegro,2019-07,9.0
Montenegro,2019-08,12.0
Montenegro,2019-09,15.0
Montenegro,2019-10,29.0
Montenegro,2019-11,45.0
Montenegro,2019-12,12.0
Montenegro,2020-01,4.0
Montenegro,2020-02,3.0
Montenegro,2020-03,0.0
Montenegro,2020-04,0.0
Montenegro,2020-05,0.0
Montenegro,2020-06,0.0
Montenegro,2020-07,0.0
Montenegro,2020-08,2.0
Montenegro,2020-09,0.0
Montenegro,2020-10,1.0
Montenegro,2020-11,1.0
Montenegro,2020-12,0.0
Montenegro,2021-01,0.0
Montenegro,2021-02,0.0
Montenegro,2021-03,0.0
Montenegro,2021-04,0.0
Montenegro,2021-05,0.0
Montenegro,2021-06,1.0
Montenegro,2021-07,79.0
Montenegro,2021-08,13.0
Montenegro,2021-09,1.0
Montenegro,2021-10,1.0
Montenegro,2021-11,0.0
Montenegro,2021-12,0.0
Montenegro,2022-01,0.0
Montenegro,2022-02,0.0
Montenegro,2022-03,0.0
Montenegro,2022-04,1.0
Montenegro,2022-05,1.0
Montenegro,2022-06,0.0
Montenegro,2022-07,7.0
Montenegro,2022-08,3.0
Montenegro,2022-09,4.0
Montenegro,2022-10,7.0
Montenegro,2022-11,4.0
Montenegro,2022-12,9.0
Montenegro,2023-01,6.0
Montenegro,2023-02,8.0
Montenegro,2023-03,20.0
Montenegro,2023-04,27.0
Montenegro,2023-05,17.0
Montenegro,2023-06,14.0
Montenegro,2023-07,51.0
Montenegro,2023-08,6.0
Montenegro,2023-09,22.0
Montenegro,2023-10,41.0
Montenegro,2023-11,16.0
Montenegro,2023-12,19.0
Montenegro,2024-01,8.0
Montenegro,2024-02,7.0
Montenegro,2024-03,17.0
Montenegro,2024-04,37.0
Montenegro,2024-05,45.0
Montenegro,2024-06,31.0
Montenegro,2024-07,6.0
Montenegro,2024-08,23.0
Montenegro,2024-09,51.0
Montenegro,2024-10,35.0
Montenegro,2024-11,29.0
Montenegro,2024-12,22.0
Montenegro,2025-01,17.0
Montenegro,2025-02,8.0
Montenegro,2025-03,22.0
Montenegro,2025-04,63.0
Montenegro,2025-05,95.0
Montenegro,2025-06,26.0
Montenegro,2025-07,12.0
Montenegro,2025-08,22.0
Montenegro,2025-09,69.0
Montenegro,2025-10,89.0
Montenegro,2025-11,47.0
Montenegro,2025-12,79.0
Montenegro,2026-01,41.0
Montenegro,2026-02,45.0
Montenegro,2026-03,86.0
Montenegro,2026-04,135.0
Morocco,2019-01,124.0
Morocco,2019-02,109.0
Morocco,2019-03,220.0
Morocco,2019-04,316.0
Morocco,2019-05,115.0
Morocco,2019-06,228.0
Morocco,2019-07,304.0
Morocco,2019-08,451.0
Morocco,2019-09,264.0
Morocco,2019-10,212.0
Morocco,2019-11,203.0
Morocco,2019-12,162.0
Morocco,2020-01,135.0
Morocco,2020-02,110.0
Morocco,2020-03,58.0
Morocco,2020-04,0.0
Morocco,2020-05,0.0
Morocco,2020-06,0.0
Morocco,2020-07,2.0
Morocco,2020-08,8.0
Morocco,2020-09,11.0
Morocco,2020-10,12.0
Morocco,2020-11,12.0
Morocco,2020-12,8.0
Morocco,2021-01,7.0
Morocco,2021-02,3.0
Morocco,2021-03,3.0
Morocco,2021-04,5.0
Morocco,2021-05,2.0
Morocco,2021-06,9.0
Morocco,2021-07,109.0
Morocco,2021-08,100.0
Morocco,2021-09,14.0
Morocco,2021-10,14.0
Morocco,2021-11,17.0
Morocco,2021-12,2.0
Morocco,2022-01,6.0
Morocco,2022-02,2.0
Morocco,2022-03,18.0
Morocco,2022-04,39.0
Morocco,2022-05,42.0
Morocco,2022-06,33.0
Morocco,2022-07,41.0
Morocco,2022-08,61.0
Morocco,2022-09,58.0
Morocco,2022-10,155.0
Morocco,2022-11,87.0
Morocco,2022-12,119.0
Morocco,2023-01,100.0
Morocco,2023-02,96.0
Morocco,2023-03,167.0
Morocco,2023-04,168.0
Morocco,2023-05,244.0
Morocco,2023-06,144.0
Morocco,2023-07,196.0
Morocco,2023-08,269.0
Morocco,2023-09,208.0
Morocco,2023-10,247.0
Morocco,2023-11,202.0
Morocco,2023-12,156.0
Morocco,2024-01,138.0
Morocco,2024-02,195.0
Morocco,2024-03,149.0
Morocco,2024-04,366.0
Morocco,2024-05,403.0
Morocco,2024-06,211.0
Morocco,2024-07,283.0
Morocco,2024-08,384.0
Morocco,2024-09,293.0
Morocco,2024-10,392.0
Morocco,2024-11,297.0
Morocco,2024-12,186.0
Morocco,2025-01,155.0
Morocco,2025-02,152.0
Morocco,2025-03,152.0
Morocco,2025-04,506.0
Morocco,2025-05,578.0
Morocco,2025-06,264.0
Morocco,2025-07,381.0
Morocco,2025-08,617.0
Morocco,2025-09,386.0
Morocco,2025-10,436.0
Morocco,2025-11,458.0
Morocco,2025-12,272.0
Morocco,2026-01,239.0
Morocco,2026-02,155.0
Morocco,2026-03,255.0
Morocco,2026-04,567.0
Mozambique,2019-01,51.0
Mozambique,2019-02,12.0
Mozambique,2019-03,36.0
Mozambique,2019-04,25.0
Mozambique,2019-05,29.0
Mozambique,2019-06,18.0
Mozambique,2019-07,53.0
Mozambique,2019-08,103.0
Mozambique,2019-09,45.0
Mozambique,2019-10,65.0
Mozambique,2019-11,37.0
Mozambique,2019-12,20.0
Mozambique,2020-01,49.0
Mozambique,2020-02,42.0
Mozambique,2020-03,7.0
Mozambique,2020-04,1.0
Mozambique,2020-05,1.0
Mozambique,2020-06,0.0
Mozambique,2020-07,0.0
Mozambique,2020-08,5.0
Mozambique,2020-09,0.0
Mozambique,2020-10,1.0
Mozambique,2020-11,6.0
Mozambique,2020-12,5.0
Mozambique,2021-01,6.0
Mozambique,2021-02,1.0
Mozambique,2021-03,2.0
Mozambique,2021-04,4.0
Mozambique,2021-05,0.0
Mozambique,2021-06,5.0
Mozambique,2021-07,29.0
Mozambique,2021-08,12.0
Mozambique,2021-09,3.0
Mozambique,2021-10,11.0
Mozambique,2021-11,15.0
Mozambique,2021-12,0.0
Mozambique,2022-01,2.0
Mozambique,2022-02,3.0
Mozambique,2022-03,5.0
Mozambique,2022-04,13.0
Mozambique,2022-05,22.0
Mozambique,2022-06,2.0
Mozambique,2022-07,5.0
Mozambique,2022-08,22.0
Mozambique,2022-09,24.0
Mozambique,2022-10,18.0
Mozambique,2022-11,36.0
Mozambique,2022-12,35.0
Mozambique,2023-01,12.0
Mozambique,2023-02,20.0
Mozambique,2023-03,24.0
Mozambique,2023-04,23.0
Mozambique,2023-05,17.0
Mozambique,2023-06,40.0
Mozambique,2023-07,27.0
Mozambique,2023-08,20.0
Mozambique,2023-09,81.0
Mozambique,2023-10,40.0
Mozambique,2023-11,54.0
Mozambique,2023-12,15.0
Mozambique,2024-01,31.0
Mozambique,2024-02,16.0
Mozambique,2024-03,13.0
Mozambique,2024-04,29.0
Mozambique,2024-05,27.0
Mozambique,2024-06,75.0
Mozambique,2024-07,51.0
Mozambique,2024-08,45.0
Mozambique,2024-09,56.0
Mozambique,2024-10,53.0
Mozambique,2024-11,22.0
Mozambique,2024-12,22.0
Mozambique,2025-01,43.0
Mozambique,2025-02,25.0
Mozambique,2025-03,42.0
Mozambique,2025-04,51.0
Mozambique,2025-05,23.0
Mozambique,2025-06,142.0
Mozambique,2025-07,80.0
Mozambique,2025-08,181.0
Mozambique,2025-09,113.0
Mozambique,2025-10,93.0
Mozambique,2025-11,72.0
Mozambique,2025-12,46.0
Mozambique,2026-01,32.0
Mozambique,2026-02,36.0
Mozambique,2026-03,21.0
Mozambique,2026-04,29.0
Myanmar,2019-01,2699.0
Myanmar,2019-02,1778.0
Myanmar,2019-03,2710.0
Myanmar,2019-04,3621.0
Myanmar,2019-05,2640.0
Myanmar,2019-06,2058.0
Myanmar,2019-07,2494.0
Myanmar,2019-08,2518.0
Myanmar,2019-09,2701.0
Myanmar,2019-10,2911.0
Myanmar,2019-11,2417.0
Myanmar,2019-12,2430.0
Myanmar,2020-01,3430.0
Myanmar,2020-02,2231.0
Myanmar,2020-03,1942.0
Myanmar,2020-04,264.0
Myanmar,2020-05,25.0
Myanmar,2020-06,57.0
Myanmar,2020-07,2.0
Myanmar,2020-08,21.0
Myanmar,2020-09,171.0
Myanmar,2020-10,879.0
Myanmar,2020-11,834.0
Myanmar,2020-12,1028.0
Myanmar,2021-01,1041.0
Myanmar,2021-02,13.0
Myanmar,2021-03,16.0
Myanmar,2021-04,21.0
Myanmar,2021-05,73.0
Myanmar,2021-06,33.0
Myanmar,2021-07,29.0
Myanmar,2021-08,22.0
Myanmar,2021-09,70.0
Myanmar,2021-10,47.0
Myanmar,2021-11,141.0
Myanmar,2021-12,25.0
Myanmar,2022-01,30.0
Myanmar,2022-02,78.0
Myanmar,2022-03,621.0
Myanmar,2022-04,3482.0
Myanmar,2022-05,4029.0
Myanmar,2022-06,2954.0
Myanmar,2022-07,1717.0
Myanmar,2022-08,1472.0
Myanmar,2022-09,1894.0
Myanmar,2022-10,2527.0
Myanmar,2022-11,1911.0
Myanmar,2022-12,2048.0
Myanmar,2023-01,2326.0
Myanmar,2023-02,1989.0
Myanmar,2023-03,3372.0
Myanmar,2023-04,5763.0
Myanmar,2023-05,3842.0
Myanmar,2023-06,3506.0
Myanmar,2023-07,3600.0
Myanmar,2023-08,3539.0
Myanmar,2023-09,4184.0
Myanmar,2023-10,5963.0
Myanmar,2023-11,3963.0
Myanmar,2023-12,3768.0
Myanmar,2024-01,4425.0
Myanmar,2024-02,3483.0
Myanmar,2024-03,6876.0
Myanmar,2024-04,10131.0
Myanmar,2024-05,5419.0
Myanmar,2024-06,5129.0
Myanmar,2024-07,5585.0
Myanmar,2024-08,5289.0
Myanmar,2024-09,6465.0
Myanmar,2024-10,8111.0
Myanmar,2024-11,4761.0
Myanmar,2024-12,4923.0
Myanmar,2025-01,6123.0
Myanmar,2025-02,4557.0
Myanmar,2025-03,6791.0
Myanmar,2025-04,11715.0
Myanmar,2025-05,5631.0
Myanmar,2025-06,6075.0
Myanmar,2025-07,5875.0
Myanmar,2025-08,5897.0
Myanmar,2025-09,5826.0
Myanmar,2025-10,8245.0
Myanmar,2025-11,4642.0
Myanmar,2025-12,5299.0
Myanmar,2026-01,5699.0
Myanmar,2026-02,4751.0
Myanmar,2026-03,9126.0
Myanmar,2026-04,17001.0
Namibia,2019-01,6.0
Namibia,2019-02,3.0
Namibia,2019-03,21.0
Namibia,2019-04,6.0
Namibia,2019-05,9.0
Namibia,2019-06,15.0
Namibia,2019-07,21.0
Namibia,2019-08,79.0
Namibia,2019-09,136.0
Namibia,2019-10,105.0
Namibia,2019-11,17.0
Namibia,2019-12,15.0
Namibia,2020-01,12.0
Namibia,2020-02,3.0
Namibia,2020-03,5.0
Namibia,2020-04,0.0
Namibia,2020-05,0.0
Namibia,2020-06,0.0
Namibia,2020-07,3.0
Namibia,2020-08,0.0
Namibia,2020-09,1.0
Namibia,2020-10,0.0
Namibia,2020-11,8.0
Namibia,2020-12,4.0
Namibia,2021-01,11.0
Namibia,2021-02,2.0
Namibia,2021-03,0.0
Namibia,2021-04,0.0
Namibia,2021-05,1.0
Namibia,2021-06,5.0
Namibia,2021-07,24.0
Namibia,2021-08,20.0
Namibia,2021-09,0.0
Namibia,2021-10,2.0
Namibia,2021-11,6.0
Namibia,2021-12,0.0
Namibia,2022-01,5.0
Namibia,2022-02,0.0
Namibia,2022-03,4.0
Namibia,2022-04,3.0
Namibia,2022-05,3.0
Namibia,2022-06,4.0
Namibia,2022-07,1.0
Namibia,2022-08,8.0
Namibia,2022-09,10.0
Namibia,2022-10,11.0
Namibia,2022-11,27.0
Namibia,2022-12,9.0
Namibia,2023-01,8.0
Namibia,2023-02,12.0
Namibia,2023-03,9.0
Namibia,2023-04,32.0
Namibia,2023-05,6.0
Namibia,2023-06,24.0
Namibia,2023-07,13.0
Namibia,2023-08,7.0
Namibia,2023-09,27.0
Namibia,2023-10,49.0
Namibia,2023-11,16.0
Namibia,2023-12,9.0
Namibia,2024-01,9.0
Namibia,2024-02,8.0
Namibia,2024-03,21.0
Namibia,2024-04,52.0
Namibia,2024-05,43.0
Namibia,2024-06,37.0
Namibia,2024-07,13.0
Namibia,2024-08,16.0
Namibia,2024-09,29.0
Namibia,2024-10,31.0
Namibia,2024-11,19.0
Namibia,2024-12,22.0
Namibia,2025-01,11.0
Namibia,2025-02,12.0
Namibia,2025-03,23.0
Namibia,2025-04,30.0
Namibia,2025-05,26.0
Namibia,2025-06,21.0
Namibia,2025-07,15.0
Namibia,2025-08,122.0
Namibia,2025-09,48.0
Namibia,2025-10,71.0
Namibia,2025-11,46.0
Namibia,2025-12,25.0
Namibia,2026-01,34.0
Namibia,2026-02,8.0
Namibia,2026-03,27.0
Namibia,2026-04,78.0
Nauru,2019-01,4.0
Nauru,2019-02,1.0
Nauru,2019-03,1.0
Nauru,2019-04,2.0
Nauru,2019-05,0.0
Nauru,2019-06,1.0
Nauru,2019-07,3.0
Nauru,2019-08,10.0
Nauru,2019-09,9.0
Nauru,2019-10,8.0
Nauru,2019-11,5.0
Nauru,2019-12,1.0
Nauru,2020-01,3.0
Nauru,2020-02,1.0
Nauru,2020-03,1.0
Nauru,2020-04,0.0
Nauru,2020-05,0.0
Nauru,2020-06,0.0
Nauru,2020-07,0.0
Nauru,2020-08,0.0
Nauru,2020-09,0.0
Nauru,2020-10,0.0
Nauru,2020-11,0.0
Nauru,2020-12,0.0
Nauru,2021-01,0.0
Nauru,2021-02,0.0
Nauru,2021-03,0.0
Nauru,2021-04,0.0
Nauru,2021-05,0.0
Nauru,2021-06,0.0
Nauru,2021-07,7.0
Nauru,2021-08,0.0
Nauru,2021-09,0.0
Nauru,2021-10,0.0
Nauru,2021-11,0.0
Nauru,2021-12,0.0
Nauru,2022-01,0.0
Nauru,2022-02,0.0
Nauru,2022-03,0.0
Nauru,2022-04,0.0
Nauru,2022-05,0.0
Nauru,2022-06,0.0
Nauru,2022-07,0.0
Nauru,2022-08,0.0
Nauru,2022-09,2.0
Nauru,2022-10,3.0
Nauru,2022-11,0.0
Nauru,2022-12,1.0
Nauru,2023-01,0.0
Nauru,2023-02,0.0
Nauru,2023-03,0.0
Nauru,2023-04,5.0
Nauru,2023-05,3.0
Nauru,2023-06,5.0
Nauru,2023-07,0.0
Nauru,2023-08,0.0
Nauru,2023-09,5.0
Nauru,2023-10,3.0
Nauru,2023-11,5.0
Nauru,2023-12,2.0
Nauru,2024-01,3.0
Nauru,2024-02,0.0
Nauru,2024-03,13.0
Nauru,2024-04,1.0
Nauru,2024-05,2.0
Nauru,2024-06,15.0
Nauru,2024-07,17.0
Nauru,2024-08,2.0
Nauru,2024-09,1.0
Nauru,2024-10,7.0
Nauru,2024-11,1.0
Nauru,2024-12,3.0
Nauru,2025-01,6.0
Nauru,2025-02,7.0
Nauru,2025-03,8.0
Nauru,2025-04,0.0
Nauru,2025-05,0.0
Nauru,2025-06,5.0
Nauru,2025-07,1.0
Nauru,2025-08,28.0
Nauru,2025-09,3.0
Nauru,2025-10,4.0
Nauru,2025-11,3.0
Nauru,2025-12,18.0
Nauru,2026-01,7.0
Nauru,2026-02,4.0
Nauru,2026-03,4.0
Nauru,2026-04,3.0
Nepal,2019-01,3354.0
Nepal,2019-02,2625.0
Nepal,2019-03,4231.0
Nepal,2019-04,7305.0
Nepal,2019-05,4255.0
Nepal,2019-06,2531.0
Nepal,2019-07,3514.0
Nepal,2019-08,3372.0
Nepal,2019-09,3381.0
Nepal,2019-10,6844.0
Nepal,2019-11,6076.0
Nepal,2019-12,4089.0
Nepal,2020-01,3637.0
Nepal,2020-02,2978.0
Nepal,2020-03,2747.0
Nepal,2020-04,29.0
Nepal,2020-05,1117.0
Nepal,2020-06,914.0
Nepal,2020-07,6.0
Nepal,2020-08,362.0
Nepal,2020-09,532.0
Nepal,2020-10,1027.0
Nepal,2020-11,1400.0
Nepal,2020-12,2442.0
Nepal,2021-01,1368.0
Nepal,2021-02,696.0
Nepal,2021-03,958.0
Nepal,2021-04,1086.0
Nepal,2021-05,528.0
Nepal,2021-06,9.0
Nepal,2021-07,31.0
Nepal,2021-08,21.0
Nepal,2021-09,929.0
Nepal,2021-10,2158.0
Nepal,2021-11,1585.0
Nepal,2021-12,2279.0
Nepal,2022-01,1486.0
Nepal,2022-02,1700.0
Nepal,2022-03,3604.0
Nepal,2022-04,11981.0
Nepal,2022-05,14916.0
Nepal,2022-06,7903.0
Nepal,2022-07,5172.0
Nepal,2022-08,3971.0
Nepal,2022-09,3812.0
Nepal,2022-10,4468.0
Nepal,2022-11,9976.0
Nepal,2022-12,6211.0
Nepal,2023-01,5040.0
Nepal,2023-02,4431.0
Nepal,2023-03,5942.0
Nepal,2023-04,9735.0
Nepal,2023-05,10534.0
Nepal,2023-06,4944.0
Nepal,2023-07,6471.0
Nepal,2023-08,5014.0
Nepal,2023-09,5087.0
Nepal,2023-10,9185.0
Nepal,2023-11,9239.0
Nepal,2023-12,7680.0
Nepal,2024-01,6358.0
Nepal,2024-02,4788.0
Nepal,2024-03,6837.0
Nepal,2024-04,19213.0
Nepal,2024-05,13952.0
Nepal,2024-06,5308.0
Nepal,2024-07,8919.0
Nepal,2024-08,6046.0
Nepal,2024-09,7236.0
Nepal,2024-10,14864.0
Nepal,2024-11,9766.0
Nepal,2024-12,8281.0
Nepal,2025-01,7669.0
Nepal,2025-02,6430.0
Nepal,2025-03,10074.0
Nepal,2025-04,27381.0
Nepal,2025-05,12468.0
Nepal,2025-06,7538.0
Nepal,2025-07,8031.0
Nepal,2025-08,7466.0
Nepal,2025-09,8189.0
Nepal,2025-10,16281.0
Nepal,2025-11,11291.0
Nepal,2025-12,8747.0
Nepal,2026-01,7100.0
Nepal,2026-02,6489.0
Nepal,2026-03,10554.0
Nepal,2026-04,28604.0
Netherlands,2019-01,3321.0
Netherlands,2019-02,4139.0
Netherlands,2019-03,7071.0
Netherlands,2019-04,9476.0
Netherlands,2019-05,7502.0
Netherlands,2019-06,4930.0
Netherlands,2019-07,10459.0
Netherlands,2019-08,6059.0
Netherlands,2019-09,6862.0
Netherlands,2019-10,9113.0
Netherlands,2019-11,6080.0
Netherlands,2019-12,4467.0
Netherlands,2020-01,3510.0
Netherlands,2020-02,3206.0
Netherlands,2020-03,1462.0
Netherlands,2020-04,2.0
Netherlands,2020-05,1.0
Netherlands,2020-06,6.0
Netherlands,2020-07,18.0
Netherlands,2020-08,29.0
Netherlands,2020-09,35.0
Netherlands,2020-10,66.0
Netherlands,2020-11,73.0
Netherlands,2020-12,73.0
Netherlands,2021-01,63.0
Netherlands,2021-02,19.0
Netherlands,2021-03,24.0
Netherlands,2021-04,33.0
Netherlands,2021-05,44.0
Netherlands,2021-06,44.0
Netherlands,2021-07,1044.0
Netherlands,2021-08,333.0
Netherlands,2021-09,64.0
Netherlands,2021-10,91.0
Netherlands,2021-11,65.0
Netherlands,2021-12,36.0
Netherlands,2022-01,77.0
Netherlands,2022-02,18.0
Netherlands,2022-03,195.0
Netherlands,2022-04,381.0
Netherlands,2022-05,534.0
Netherlands,2022-06,543.0
Netherlands,2022-07,764.0
Netherlands,2022-08,630.0
Netherlands,2022-09,1186.0
Netherlands,2022-10,2409.0
Netherlands,2022-11,2732.0
Netherlands,2022-12,2595.0
Netherlands,2023-01,2359.0
Netherlands,2023-02,2510.0
Netherlands,2023-03,5983.0
Netherlands,2023-04,8250.0
Netherlands,2023-05,6927.0
Netherlands,2023-06,4436.0
Netherlands,2023-07,10474.0
Netherlands,2023-08,6185.0
Netherlands,2023-09,8077.0
Netherlands,2023-10,8854.0
Netherlands,2023-11,5943.0
Netherlands,2023-12,4488.0
Netherlands,2024-01,3491.0
Netherlands,2024-02,4783.0
Netherlands,2024-03,9124.0
Netherlands,2024-04,11751.0
Netherlands,2024-05,10193.0
Netherlands,2024-06,5454.0
Netherlands,2024-07,13785.0
Netherlands,2024-08,8051.0
Netherlands,2024-09,10498.0
Netherlands,2024-10,12415.0
Netherlands,2024-11,7915.0
Netherlands,2024-12,5521.0
Netherlands,2025-01,4466.0
Netherlands,2025-02,5886.0
Netherlands,2025-03,12010.0
Netherlands,2025-04,16959.0
Netherlands,2025-05,13803.0
Netherlands,2025-06,6951.0
Netherlands,2025-07,16337.0
Netherlands,2025-08,9266.0
Netherlands,2025-09,14193.0
Netherlands,2025-10,16166.0
Netherlands,2025-11,10098.0
Netherlands,2025-12,6958.0
Netherlands,2026-01,5407.0
Netherlands,2026-02,6530.0
Netherlands,2026-03,13349.0
Netherlands,2026-04,21492.0
New Zealand,2019-01,7920.0
New Zealand,2019-02,5068.0
New Zealand,2019-03,5393.0
New Zealand,2019-04,9010.0
New Zealand,2019-05,6222.0
New Zealand,2019-06,5541.0
New Zealand,2019-07,6241.0
New Zealand,2019-08,5149.0
New Zealand,2019-09,11331.0
New Zealand,2019-10,15683.0
New Zealand,2019-11,7003.0
New Zealand,2019-12,9554.0
New Zealand,2020-01,9328.0
New Zealand,2020-02,4901.0
New Zealand,2020-03,1351.0
New Zealand,2020-04,10.0
New Zealand,2020-05,4.0
New Zealand,2020-06,7.0
New Zealand,2020-07,16.0
New Zealand,2020-08,83.0
New Zealand,2020-09,57.0
New Zealand,2020-10,129.0
New Zealand,2020-11,100.0
New Zealand,2020-12,84.0
New Zealand,2021-01,41.0
New Zealand,2021-02,15.0
New Zealand,2021-03,23.0
New Zealand,2021-04,31.0
New Zealand,2021-05,29.0
New Zealand,2021-06,26.0
New Zealand,2021-07,700.0
New Zealand,2021-08,156.0
New Zealand,2021-09,111.0
New Zealand,2021-10,90.0
New Zealand,2021-11,125.0
New Zealand,2021-12,57.0
New Zealand,2022-01,40.0
New Zealand,2022-02,26.0
New Zealand,2022-03,106.0
New Zealand,2022-04,228.0
New Zealand,2022-05,220.0
New Zealand,2022-06,309.0
New Zealand,2022-07,575.0
New Zealand,2022-08,594.0
New Zealand,2022-09,817.0
New Zealand,2022-10,1825.0
New Zealand,2022-11,2613.0
New Zealand,2022-12,4754.0
New Zealand,2023-01,4787.0
New Zealand,2023-02,3891.0
New Zealand,2023-03,5211.0
New Zealand,2023-04,7738.0
New Zealand,2023-05,5920.0
New Zealand,2023-06,5932.0
New Zealand,2023-07,5612.0
New Zealand,2023-08,4244.0
New Zealand,2023-09,8909.0
New Zealand,2023-10,8664.0
New Zealand,2023-11,7515.0
New Zealand,2023-12,10555.0
New Zealand,2024-01,10656.0
New Zealand,2024-02,6988.0
New Zealand,2024-03,8963.0
New Zealand,2024-04,10989.0
New Zealand,2024-05,8865.0
New Zealand,2024-06,8032.0
New Zealand,2024-07,7100.0
New Zealand,2024-08,6277.0
New Zealand,2024-09,11381.0
New Zealand,2024-10,13044.0
New Zealand,2024-11,9963.0
New Zealand,2024-12,12754.0
New Zealand,2025-01,13255.0
New Zealand,2025-02,8837.0
New Zealand,2025-03,10139.0
New Zealand,2025-04,15485.0
New Zealand,2025-05,12093.0
New Zealand,2025-06,9783.0
New Zealand,2025-07,7316.0
New Zealand,2025-08,6946.0
New Zealand,2025-09,14496.0
New Zealand,2025-10,13738.0
New Zealand,2025-11,10978.0
New Zealand,2025-12,13809.0
New Zealand,2026-01,14372.0
New Zealand,2026-02,8885.0
New Zealand,2026-03,11222.0
New Zealand,2026-04,15014.0
Nicaragua,2019-01,36.0
Nicaragua,2019-02,35.0
Nicaragua,2019-03,33.0
Nicaragua,2019-04,31.0
Nicaragua,2019-05,34.0
Nicaragua,2019-06,16.0
Nicaragua,2019-07,38.0
Nicaragua,2019-08,43.0
Nicaragua,2019-09,67.0
Nicaragua,2019-10,23.0
Nicaragua,2019-11,18.0
Nicaragua,2019-12,34.0
Nicaragua,2020-01,21.0
Nicaragua,2020-02,9.0
Nicaragua,2020-03,6.0
Nicaragua,2020-04,0.0
Nicaragua,2020-05,0.0
Nicaragua,2020-06,0.0
Nicaragua,2020-07,0.0
Nicaragua,2020-08,0.0
Nicaragua,2020-09,0.0
Nicaragua,2020-10,3.0
Nicaragua,2020-11,1.0
Nicaragua,2020-12,0.0
Nicaragua,2021-01,0.0
Nicaragua,2021-02,1.0
Nicaragua,2021-03,0.0
Nicaragua,2021-04,0.0
Nicaragua,2021-05,0.0
Nicaragua,2021-06,1.0
Nicaragua,2021-07,16.0
Nicaragua,2021-08,9.0
Nicaragua,2021-09,0.0
Nicaragua,2021-10,1.0
Nicaragua,2021-11,1.0
Nicaragua,2021-12,0.0
Nicaragua,2022-01,0.0
Nicaragua,2022-02,0.0
Nicaragua,2022-03,2.0
Nicaragua,2022-04,6.0
Nicaragua,2022-05,3.0
Nicaragua,2022-06,1.0
Nicaragua,2022-07,2.0
Nicaragua,2022-08,8.0
Nicaragua,2022-09,9.0
Nicaragua,2022-10,12.0
Nicaragua,2022-11,3.0
Nicaragua,2022-12,9.0
Nicaragua,2023-01,15.0
Nicaragua,2023-02,10.0
Nicaragua,2023-03,8.0
Nicaragua,2023-04,15.0
Nicaragua,2023-05,22.0
Nicaragua,2023-06,16.0
Nicaragua,2023-07,23.0
Nicaragua,2023-08,17.0
Nicaragua,2023-09,29.0
Nicaragua,2023-10,32.0
Nicaragua,2023-11,27.0
Nicaragua,2023-12,8.0
Nicaragua,2024-01,19.0
Nicaragua,2024-02,22.0
Nicaragua,2024-03,40.0
Nicaragua,2024-04,18.0
Nicaragua,2024-05,27.0
Nicaragua,2024-06,27.0
Nicaragua,2024-07,23.0
Nicaragua,2024-08,52.0
Nicaragua,2024-09,60.0
Nicaragua,2024-10,37.0
Nicaragua,2024-11,27.0
Nicaragua,2024-12,20.0
Nicaragua,2025-01,19.0
Nicaragua,2025-02,86.0
Nicaragua,2025-03,25.0
Nicaragua,2025-04,22.0
Nicaragua,2025-05,24.0
Nicaragua,2025-06,16.0
Nicaragua,2025-07,41.0
Nicaragua,2025-08,31.0
Nicaragua,2025-09,59.0
Nicaragua,2025-10,50.0
Nicaragua,2025-11,100.0
Nicaragua,2025-12,26.0
Nicaragua,2026-01,24.0
Nicaragua,2026-02,34.0
Nicaragua,2026-03,34.0
Nicaragua,2026-04,34.0
Niger,2019-01,4.0
Niger,2019-02,11.0
Niger,2019-03,4.0
Niger,2019-04,6.0
Niger,2019-05,0.0
Niger,2019-06,9.0
Niger,2019-07,5.0
Niger,2019-08,55.0
Niger,2019-09,12.0
Niger,2019-10,38.0
Niger,2019-11,6.0
Niger,2019-12,5.0
Niger,2020-01,10.0
Niger,2020-02,5.0
Niger,2020-03,0.0
Niger,2020-04,0.0
Niger,2020-05,0.0
Niger,2020-06,0.0
Niger,2020-07,0.0
Niger,2020-08,0.0
Niger,2020-09,0.0
Niger,2020-10,0.0
Niger,2020-11,0.0
Niger,2020-12,1.0
Niger,2021-01,0.0
Niger,2021-02,0.0
Niger,2021-03,0.0
Niger,2021-04,0.0
Niger,2021-05,0.0
Niger,2021-06,0.0
Niger,2021-07,22.0
Niger,2021-08,13.0
Niger,2021-09,0.0
Niger,2021-10,1.0
Niger,2021-11,1.0
Niger,2021-12,0.0
Niger,2022-01,0.0
Niger,2022-02,0.0
Niger,2022-03,1.0
Niger,2022-04,1.0
Niger,2022-05,2.0
Niger,2022-06,0.0
Niger,2022-07,2.0
Niger,2022-08,1.0
Niger,2022-09,1.0
Niger,2022-10,2.0
Niger,2022-11,5.0
Niger,2022-12,1.0
Niger,2023-01,2.0
Niger,2023-02,9.0
Niger,2023-03,6.0
Niger,2023-04,3.0
Niger,2023-05,2.0
Niger,2023-06,2.0
Niger,2023-07,8.0
Niger,2023-08,2.0
Niger,2023-09,1.0
Niger,2023-10,2.0
Niger,2023-11,6.0
Niger,2023-12,3.0
Niger,2024-01,1.0
Niger,2024-02,2.0
Niger,2024-03,1.0
Niger,2024-04,2.0
Niger,2024-05,3.0
Niger,2024-06,4.0
Niger,2024-07,1.0
Niger,2024-08,11.0
Niger,2024-09,4.0
Niger,2024-10,2.0
Niger,2024-11,6.0
Niger,2024-12,3.0
Niger,2025-01,1.0
Niger,2025-02,3.0
Niger,2025-03,1.0
Niger,2025-04,2.0
Niger,2025-05,0.0
Niger,2025-06,1.0
Niger,2025-07,6.0
Niger,2025-08,17.0
Niger,2025-09,7.0
Niger,2025-10,3.0
Niger,2025-11,4.0
Niger,2025-12,5.0
Niger,2026-01,0.0
Niger,2026-02,3.0
Niger,2026-03,1.0
Niger,2026-04,3.0
Nigeria,2019-01,127.0
Nigeria,2019-02,101.0
Nigeria,2019-03,196.0
Nigeria,2019-04,133.0
Nigeria,2019-05,161.0
Nigeria,2019-06,160.0
Nigeria,2019-07,180.0
Nigeria,2019-08,538.0
Nigeria,2019-09,187.0
Nigeria,2019-10,173.0
Nigeria,2019-11,208.0
Nigeria,2019-12,105.0
Nigeria,2020-01,144.0
Nigeria,2020-02,79.0
Nigeria,2020-03,50.0
Nigeria,2020-04,0.0
Nigeria,2020-05,0.0
Nigeria,2020-06,0.0
Nigeria,2020-07,1.0
Nigeria,2020-08,6.0
Nigeria,2020-09,7.0
Nigeria,2020-10,27.0
Nigeria,2020-11,32.0
Nigeria,2020-12,30.0
Nigeria,2021-01,27.0
Nigeria,2021-02,7.0
Nigeria,2021-03,12.0
Nigeria,2021-04,11.0
Nigeria,2021-05,15.0
Nigeria,2021-06,23.0
Nigeria,2021-07,146.0
Nigeria,2021-08,100.0
Nigeria,2021-09,34.0
Nigeria,2021-10,21.0
Nigeria,2021-11,25.0
Nigeria,2021-12,14.0
Nigeria,2022-01,32.0
Nigeria,2022-02,29.0
Nigeria,2022-03,69.0
Nigeria,2022-04,88.0
Nigeria,2022-05,65.0
Nigeria,2022-06,46.0
Nigeria,2022-07,74.0
Nigeria,2022-08,66.0
Nigeria,2022-09,116.0
Nigeria,2022-10,132.0
Nigeria,2022-11,98.0
Nigeria,2022-12,123.0
Nigeria,2023-01,172.0
Nigeria,2023-02,95.0
Nigeria,2023-03,138.0
Nigeria,2023-04,182.0
Nigeria,2023-05,202.0
Nigeria,2023-06,129.0
Nigeria,2023-07,171.0
Nigeria,2023-08,149.0
Nigeria,2023-09,191.0
Nigeria,2023-10,233.0
Nigeria,2023-11,190.0
Nigeria,2023-12,110.0
Nigeria,2024-01,137.0
Nigeria,2024-02,142.0
Nigeria,2024-03,215.0
Nigeria,2024-04,195.0
Nigeria,2024-05,164.0
Nigeria,2024-06,185.0
Nigeria,2024-07,219.0
Nigeria,2024-08,191.0
Nigeria,2024-09,260.0
Nigeria,2024-10,241.0
Nigeria,2024-11,292.0
Nigeria,2024-12,151.0
Nigeria,2025-01,185.0
Nigeria,2025-02,201.0
Nigeria,2025-03,306.0
Nigeria,2025-04,339.0
Nigeria,2025-05,265.0
Nigeria,2025-06,276.0
Nigeria,2025-07,302.0
Nigeria,2025-08,565.0
Nigeria,2025-09,375.0
Nigeria,2025-10,434.0
Nigeria,2025-11,261.0
Nigeria,2025-12,199.0
Nigeria,2026-01,205.0
Nigeria,2026-02,201.0
Nigeria,2026-03,303.0
Nigeria,2026-04,313.0
North Korea,2019-01,0.0
North Korea,2019-02,8.0
North Korea,2019-03,5.0
North Korea,2019-04,0.0
North Korea,2019-05,0.0
North Korea,2019-06,0.0
North Korea,2019-07,0.0
North Korea,2019-08,0.0
North Korea,2019-09,0.0
North Korea,2019-10,0.0
North Korea,2019-11,0.0
North Korea,2019-12,0.0
North Korea,2020-01,0.0
North Korea,2020-02,0.0
North Korea,2020-03,0.0
North Korea,2020-04,0.0
North Korea,2020-05,0.0
North Korea,2020-06,0.0
North Korea,2020-07,0.0
North Korea,2020-08,0.0
North Korea,2020-09,0.0
North Korea,2020-10,0.0
North Korea,2020-11,0.0
North Korea,2020-12,0.0
North Korea,2021-01,0.0
North Korea,2021-02,0.0
North Korea,2021-03,0.0
North Korea,2021-04,0.0
North Korea,2021-05,0.0
North Korea,2021-06,0.0
North Korea,2021-07,0.0
North Korea,2021-08,0.0
North Korea,2021-09,0.0
North Korea,2021-10,0.0
North Korea,2021-11,0.0
North Korea,2021-12,0.0
North Korea,2022-01,0.0
North Korea,2022-02,0.0
North Korea,2022-03,0.0
North Korea,2022-04,0.0
North Korea,2022-05,0.0
North Korea,2022-06,0.0
North Korea,2022-07,0.0
North Korea,2022-08,0.0
North Korea,2022-09,0.0
North Korea,2022-10,0.0
North Korea,2022-11,0.0
North Korea,2022-12,0.0
North Korea,2023-01,0.0
North Korea,2023-02,0.0
North Korea,2023-03,0.0
North Korea,2023-04,0.0
North Korea,2023-05,0.0
North Korea,2023-06,0.0
North Korea,2023-07,0.0
North Korea,2023-08,0.0
North Korea,2023-09,0.0
North Korea,2023-10,0.0
North Korea,2023-11,0.0
North Korea,2023-12,0.0
North Korea,2024-01,0.0
North Korea,2024-02,34.0
North Korea,2024-03,35.0
North Korea,2024-04,0.0
North Korea,2024-05,0.0
North Korea,2024-06,0.0
North Korea,2024-07,0.0
North Korea,2024-08,0.0
North Korea,2024-09,0.0
North Korea,2024-10,0.0
North Korea,2024-11,0.0
North Korea,2024-12,0.0
North Korea,2025-01,0.0
North Korea,2025-02,0.0
North Korea,2025-03,0.0
North Korea,2025-04,0.0
North Korea,2025-05,0.0
North Korea,2025-06,0.0
North Korea,2025-07,0.0
North Korea,2025-08,0.0
North Korea,2025-09,0.0
North Korea,2025-10,0.0
North Korea,2025-11,0.0
North Korea,2025-12,0.0
North Korea,2026-01,0.0
North Korea,2026-02,0.0
North Korea,2026-03,0.0
North Korea,2026-04,0.0
North Macedonia,2019-01,21.0
North Macedonia,2019-02,27.0
North Macedonia,2019-03,55.0
North Macedonia,2019-04,182.0
North Macedonia,2019-05,72.0
North Macedonia,2019-06,50.0
North Macedonia,2019-07,41.0
North Macedonia,2019-08,36.0
North Macedonia,2019-09,58.0
North Macedonia,2019-10,57.0
North Macedonia,2019-11,47.0
North Macedonia,2019-12,46.0
North Macedonia,2020-01,25.0
North Macedonia,2020-02,23.0
North Macedonia,2020-03,13.0
North Macedonia,2020-04,0.0
North Macedonia,2020-05,0.0
North Macedonia,2020-06,0.0
North Macedonia,2020-07,1.0
North Macedonia,2020-08,0.0
North Macedonia,2020-09,0.0
North Macedonia,2020-10,4.0
North Macedonia,2020-11,0.0
North Macedonia,2020-12,1.0
North Macedonia,2021-01,1.0
North Macedonia,2021-02,0.0
North Macedonia,2021-03,1.0
North Macedonia,2021-04,0.0
North Macedonia,2021-05,0.0
North Macedonia,2021-06,2.0
North Macedonia,2021-07,27.0
North Macedonia,2021-08,11.0
North Macedonia,2021-09,2.0
North Macedonia,2021-10,3.0
North Macedonia,2021-11,3.0
North Macedonia,2021-12,1.0
North Macedonia,2022-01,3.0
North Macedonia,2022-02,0.0
North Macedonia,2022-03,2.0
North Macedonia,2022-04,2.0
North Macedonia,2022-05,8.0
North Macedonia,2022-06,6.0
North Macedonia,2022-07,8.0
North Macedonia,2022-08,10.0
North Macedonia,2022-09,3.0
North Macedonia,2022-10,19.0
North Macedonia,2022-11,22.0
North Macedonia,2022-12,22.0
North Macedonia,2023-01,24.0
North Macedonia,2023-02,29.0
North Macedonia,2023-03,39.0
North Macedonia,2023-04,83.0
North Macedonia,2023-05,74.0
North Macedonia,2023-06,52.0
North Macedonia,2023-07,67.0
North Macedonia,2023-08,54.0
North Macedonia,2023-09,73.0
North Macedonia,2023-10,105.0
North Macedonia,2023-11,71.0
North Macedonia,2023-12,66.0
North Macedonia,2024-01,22.0
North Macedonia,2024-02,62.0
North Macedonia,2024-03,97.0
North Macedonia,2024-04,203.0
North Macedonia,2024-05,109.0
North Macedonia,2024-06,70.0
North Macedonia,2024-07,50.0
North Macedonia,2024-08,44.0
North Macedonia,2024-09,125.0
North Macedonia,2024-10,123.0
North Macedonia,2024-11,75.0
North Macedonia,2024-12,91.0
North Macedonia,2025-01,61.0
North Macedonia,2025-02,86.0
North Macedonia,2025-03,166.0
North Macedonia,2025-04,341.0
North Macedonia,2025-05,216.0
North Macedonia,2025-06,74.0
North Macedonia,2025-07,70.0
North Macedonia,2025-08,74.0
North Macedonia,2025-09,211.0
North Macedonia,2025-10,168.0
North Macedonia,2025-11,142.0
North Macedonia,2025-12,96.0
North Macedonia,2026-01,61.0
North Macedonia,2026-02,86.0
North Macedonia,2026-03,140.0
North Macedonia,2026-04,282.0
Norway,2019-01,1537.0
Norway,2019-02,1640.0
Norway,2019-03,2335.0
Norway,2019-04,3756.0
Norway,2019-05,1537.0
Norway,2019-06,2453.0
Norway,2019-07,3320.0
Norway,2019-08,1156.0
Norway,2019-09,1828.0
Norway,2019-10,1959.0
Norway,2019-11,1898.0
Norway,2019-12,1419.0
Norway,2020-01,1526.0
Norway,2020-02,1564.0
Norway,2020-03,451.0
Norway,2020-04,1.0
Norway,2020-05,0.0
Norway,2020-06,0.0
Norway,2020-07,8.0
Norway,2020-08,16.0
Norway,2020-09,11.0
Norway,2020-10,11.0
Norway,2020-11,10.0
Norway,2020-12,22.0
Norway,2021-01,29.0
Norway,2021-02,11.0
Norway,2021-03,5.0
Norway,2021-04,3.0
Norway,2021-05,11.0
Norway,2021-06,9.0
Norway,2021-07,318.0
Norway,2021-08,82.0
Norway,2021-09,34.0
Norway,2021-10,34.0
Norway,2021-11,16.0
Norway,2021-12,5.0
Norway,2022-01,28.0
Norway,2022-02,10.0
Norway,2022-03,80.0
Norway,2022-04,99.0
Norway,2022-05,134.0
Norway,2022-06,141.0
Norway,2022-07,157.0
Norway,2022-08,230.0
Norway,2022-09,484.0
Norway,2022-10,732.0
Norway,2022-11,755.0
Norway,2022-12,886.0
Norway,2023-01,930.0
Norway,2023-02,1069.0
Norway,2023-03,2779.0
Norway,2023-04,2155.0
Norway,2023-05,1260.0
Norway,2023-06,2512.0
Norway,2023-07,3278.0
Norway,2023-08,970.0
Norway,2023-09,1800.0
Norway,2023-10,2123.0
Norway,2023-11,1447.0
Norway,2023-12,1218.0
Norway,2024-01,1496.0
Norway,2024-02,1798.0
Norway,2024-03,4314.0
Norway,2024-04,2164.0
Norway,2024-05,1792.0
Norway,2024-06,3336.0
Norway,2024-07,4136.0
Norway,2024-08,1359.0
Norway,2024-09,2433.0
Norway,2024-10,2677.0
Norway,2024-11,1777.0
Norway,2024-12,1619.0
Norway,2025-01,1759.0
Norway,2025-02,2245.0
Norway,2025-03,3582.0
Norway,2025-04,5195.0
Norway,2025-05,2373.0
Norway,2025-06,4154.0
Norway,2025-07,4936.0
Norway,2025-08,1975.0
Norway,2025-09,3487.0
Norway,2025-10,3346.0
Norway,2025-11,2325.0
Norway,2025-12,2150.0
Norway,2026-01,2251.0
Norway,2026-02,2612.0
Norway,2026-03,5935.0
Norway,2026-04,3108.0
Oman,2019-01,38.0
Oman,2019-02,32.0
Oman,2019-03,109.0
Oman,2019-04,97.0
Oman,2019-05,27.0
Oman,2019-06,79.0
Oman,2019-07,84.0
Oman,2019-08,102.0
Oman,2019-09,74.0
Oman,2019-10,125.0
Oman,2019-11,61.0
Oman,2019-12,50.0
Oman,2020-01,50.0
Oman,2020-02,12.0
Oman,2020-03,4.0
Oman,2020-04,0.0
Oman,2020-05,0.0
Oman,2020-06,0.0
Oman,2020-07,0.0
Oman,2020-08,2.0
Oman,2020-09,8.0
Oman,2020-10,2.0
Oman,2020-11,4.0
Oman,2020-12,0.0
Oman,2021-01,7.0
Oman,2021-02,0.0
Oman,2021-03,1.0
Oman,2021-04,2.0
Oman,2021-05,1.0
Oman,2021-06,2.0
Oman,2021-07,15.0
Oman,2021-08,51.0
Oman,2021-09,3.0
Oman,2021-10,1.0
Oman,2021-11,4.0
Oman,2021-12,1.0
Oman,2022-01,3.0
Oman,2022-02,1.0
Oman,2022-03,14.0
Oman,2022-04,7.0
Oman,2022-05,21.0
Oman,2022-06,10.0
Oman,2022-07,32.0
Oman,2022-08,18.0
Oman,2022-09,35.0
Oman,2022-10,38.0
Oman,2022-11,62.0
Oman,2022-12,35.0
Oman,2023-01,29.0
Oman,2023-02,43.0
Oman,2023-03,105.0
Oman,2023-04,58.0
Oman,2023-05,104.0
Oman,2023-06,77.0
Oman,2023-07,164.0
Oman,2023-08,114.0
Oman,2023-09,120.0
Oman,2023-10,119.0
Oman,2023-11,188.0
Oman,2023-12,58.0
Oman,2024-01,58.0
Oman,2024-02,39.0
Oman,2024-03,24.0
Oman,2024-04,156.0
Oman,2024-05,98.0
Oman,2024-06,118.0
Oman,2024-07,150.0
Oman,2024-08,137.0
Oman,2024-09,161.0
Oman,2024-10,194.0
Oman,2024-11,158.0
Oman,2024-12,63.0
Oman,2025-01,161.0
Oman,2025-02,95.0
Oman,2025-03,67.0
Oman,2025-04,417.0
Oman,2025-05,273.0
Oman,2025-06,232.0
Oman,2025-07,201.0
Oman,2025-08,250.0
Oman,2025-09,474.0
Oman,2025-10,222.0
Oman,2025-11,207.0
Oman,2025-12,90.0
Oman,2026-01,100.0
Oman,2026-02,48.0
Oman,2026-03,79.0
Oman,2026-04,107.0
Pakistan,2019-01,1393.0
Pakistan,2019-02,1268.0
Pakistan,2019-03,1361.0
Pakistan,2019-04,1578.0
Pakistan,2019-05,1107.0
Pakistan,2019-06,1567.0
Pakistan,2019-07,1597.0
Pakistan,2019-08,1365.0
Pakistan,2019-09,1800.0
Pakistan,2019-10,1518.0
Pakistan,2019-11,1465.0
Pakistan,2019-12,1189.0
Pakistan,2020-01,1676.0
Pakistan,2020-02,1346.0
Pakistan,2020-03,731.0
Pakistan,2020-04,11.0
Pakistan,2020-05,0.0
Pakistan,2020-06,71.0
Pakistan,2020-07,240.0
Pakistan,2020-08,333.0
Pakistan,2020-09,249.0
Pakistan,2020-10,394.0
Pakistan,2020-11,564.0
Pakistan,2020-12,530.0
Pakistan,2021-01,630.0
Pakistan,2021-02,391.0
Pakistan,2021-03,461.0
Pakistan,2021-04,354.0
Pakistan,2021-05,74.0
Pakistan,2021-06,29.0
Pakistan,2021-07,79.0
Pakistan,2021-08,493.0
Pakistan,2021-09,415.0
Pakistan,2021-10,386.0
Pakistan,2021-11,571.0
Pakistan,2021-12,401.0
Pakistan,2022-01,509.0
Pakistan,2022-02,797.0
Pakistan,2022-03,855.0
Pakistan,2022-04,777.0
Pakistan,2022-05,1094.0
Pakistan,2022-06,967.0
Pakistan,2022-07,854.0
Pakistan,2022-08,1107.0
Pakistan,2022-09,1042.0
Pakistan,2022-10,982.0
Pakistan,2022-11,1276.0
Pakistan,2022-12,1163.0
Pakistan,2023-01,1816.0
Pakistan,2023-02,1564.0
Pakistan,2023-03,1489.0
Pakistan,2023-04,1331.0
Pakistan,2023-05,2024.0
Pakistan,2023-06,1459.0
Pakistan,2023-07,2041.0
Pakistan,2023-08,2132.0
Pakistan,2023-09,2019.0
Pakistan,2023-10,1997.0
Pakistan,2023-11,1612.0
Pakistan,2023-12,1648.0
Pakistan,2024-01,2184.0
Pakistan,2024-02,1823.0
Pakistan,2024-03,1704.0
Pakistan,2024-04,2143.0
Pakistan,2024-05,2000.0
Pakistan,2024-06,1665.0
Pakistan,2024-07,2350.0
Pakistan,2024-08,1976.0
Pakistan,2024-09,2072.0
Pakistan,2024-10,2105.0
Pakistan,2024-11,2009.0
Pakistan,2024-12,1679.0
Pakistan,2025-01,2674.0
Pakistan,2025-02,2408.0
Pakistan,2025-03,1728.0
Pakistan,2025-04,3381.0
Pakistan,2025-05,2201.0
Pakistan,2025-06,2876.0
Pakistan,2025-07,3226.0
Pakistan,2025-08,2581.0
Pakistan,2025-09,2480.0
Pakistan,2025-10,2395.0
Pakistan,2025-11,2215.0
Pakistan,2025-12,2006.0
Pakistan,2026-01,2865.0
Pakistan,2026-02,2278.0
Pakistan,2026-03,1915.0
Pakistan,2026-04,3035.0
Palau,2019-01,55.0
Palau,2019-02,17.0
Palau,2019-03,27.0
Palau,2019-04,24.0
Palau,2019-05,23.0
Palau,2019-06,72.0
Palau,2019-07,63.0
Palau,2019-08,24.0
Palau,2019-09,43.0
Palau,2019-10,52.0
Palau,2019-11,53.0
Palau,2019-12,58.0
Palau,2020-01,32.0
Palau,2020-02,26.0
Palau,2020-03,6.0
Palau,2020-04,0.0
Palau,2020-05,0.0
Palau,2020-06,0.0
Palau,2020-07,0.0
Palau,2020-08,0.0
Palau,2020-09,0.0
Palau,2020-10,0.0
Palau,2020-11,0.0
Palau,2020-12,0.0
Palau,2021-01,0.0
Palau,2021-02,0.0
Palau,2021-03,1.0
Palau,2021-04,0.0
Palau,2021-05,13.0
Palau,2021-06,3.0
Palau,2021-07,8.0
Palau,2021-08,1.0
Palau,2021-09,0.0
Palau,2021-10,0.0
Palau,2021-11,0.0
Palau,2021-12,1.0
Palau,2022-01,0.0
Palau,2022-02,0.0
Palau,2022-03,3.0
Palau,2022-04,4.0
Palau,2022-05,5.0
Palau,2022-06,2.0
Palau,2022-07,18.0
Palau,2022-08,11.0
Palau,2022-09,46.0
Palau,2022-10,29.0
Palau,2022-11,17.0
Palau,2022-12,13.0
Palau,2023-01,12.0
Palau,2023-02,29.0
Palau,2023-03,30.0
Palau,2023-04,30.0
Palau,2023-05,16.0
Palau,2023-06,76.0
Palau,2023-07,51.0
Palau,2023-08,19.0
Palau,2023-09,47.0
Palau,2023-10,57.0
Palau,2023-11,31.0
Palau,2023-12,37.0
Palau,2024-01,35.0
Palau,2024-02,26.0
Palau,2024-03,60.0
Palau,2024-04,62.0
Palau,2024-05,36.0
Palau,2024-06,65.0
Palau,2024-07,99.0
Palau,2024-08,32.0
Palau,2024-09,35.0
Palau,2024-10,64.0
Palau,2024-11,34.0
Palau,2024-12,45.0
Palau,2025-01,30.0
Palau,2025-02,37.0
Palau,2025-03,57.0
Palau,2025-04,89.0
Palau,2025-05,46.0
Palau,2025-06,73.0
Palau,2025-07,43.0
Palau,2025-08,62.0
Palau,2025-09,30.0
Palau,2025-10,58.0
Palau,2025-11,48.0
Palau,2025-12,72.0
Palau,2026-01,41.0
Palau,2026-02,49.0
Palau,2026-03,83.0
Palau,2026-04,60.0
Palestine,2019-01,16.0
Palestine,2019-02,21.0
Palestine,2019-03,32.0
Palestine,2019-04,36.0
Palestine,2019-05,15.0
Palestine,2019-06,30.0
Palestine,2019-07,31.0
Palestine,2019-08,59.0
Palestine,2019-09,25.0
Palestine,2019-10,66.0
Palestine,2019-11,24.0
Palestine,2019-12,18.0
Palestine,2020-01,28.0
Palestine,2020-02,11.0
Palestine,2020-03,2.0
Palestine,2020-04,0.0
Palestine,2020-05,0.0
Palestine,2020-06,0.0
Palestine,2020-07,0.0
Palestine,2020-08,0.0
Palestine,2020-09,1.0
Palestine,2020-10,0.0
Palestine,2020-11,4.0
Palestine,2020-12,1.0
Palestine,2021-01,0.0
Palestine,2021-02,0.0
Palestine,2021-03,1.0
Palestine,2021-04,1.0
Palestine,2021-05,0.0
Palestine,2021-06,2.0
Palestine,2021-07,11.0
Palestine,2021-08,11.0
Palestine,2021-09,3.0
Palestine,2021-10,9.0
Palestine,2021-11,3.0
Palestine,2021-12,1.0
Palestine,2022-01,2.0
Palestine,2022-02,3.0
Palestine,2022-03,4.0
Palestine,2022-04,10.0
Palestine,2022-05,15.0
Palestine,2022-06,8.0
Palestine,2022-07,11.0
Palestine,2022-08,7.0
Palestine,2022-09,12.0
Palestine,2022-10,7.0
Palestine,2022-11,18.0
Palestine,2022-12,21.0
Palestine,2023-01,20.0
Palestine,2023-02,16.0
Palestine,2023-03,13.0
Palestine,2023-04,28.0
Palestine,2023-05,16.0
Palestine,2023-06,40.0
Palestine,2023-07,32.0
Palestine,2023-08,26.0
Palestine,2023-09,38.0
Palestine,2023-10,41.0
Palestine,2023-11,24.0
Palestine,2023-12,18.0
Palestine,2024-01,16.0
Palestine,2024-02,22.0
Palestine,2024-03,16.0
Palestine,2024-04,35.0
Palestine,2024-05,23.0
Palestine,2024-06,35.0
Palestine,2024-07,21.0
Palestine,2024-08,39.0
Palestine,2024-09,29.0
Palestine,2024-10,47.0
Palestine,2024-11,35.0
Palestine,2024-12,20.0
Palestine,2025-01,27.0
Palestine,2025-02,27.0
Palestine,2025-03,31.0
Palestine,2025-04,40.0
Palestine,2025-05,42.0
Palestine,2025-06,28.0
Palestine,2025-07,30.0
Palestine,2025-08,40.0
Palestine,2025-09,50.0
Palestine,2025-10,48.0
Palestine,2025-11,58.0
Palestine,2025-12,43.0
Palestine,2026-01,43.0
Palestine,2026-02,24.0
Palestine,2026-03,6.0
Palestine,2026-04,17.0
Panama,2019-01,79.0
Panama,2019-02,77.0
Panama,2019-03,168.0
Panama,2019-04,164.0
Panama,2019-05,124.0
Panama,2019-06,70.0
Panama,2019-07,94.0
Panama,2019-08,114.0
Panama,2019-09,123.0
Panama,2019-10,200.0
Panama,2019-11,163.0
Panama,2019-12,87.0
Panama,2020-01,106.0
Panama,2020-02,87.0
Panama,2020-03,27.0
Panama,2020-04,0.0
Panama,2020-05,0.0
Panama,2020-06,0.0
Panama,2020-07,1.0
Panama,2020-08,0.0
Panama,2020-09,0.0
Panama,2020-10,2.0
Panama,2020-11,8.0
Panama,2020-12,5.0
Panama,2021-01,5.0
Panama,2021-02,1.0
Panama,2021-03,4.0
Panama,2021-04,30.0
Panama,2021-05,1.0
Panama,2021-06,3.0
Panama,2021-07,26.0
Panama,2021-08,17.0
Panama,2021-09,3.0
Panama,2021-10,4.0
Panama,2021-11,0.0
Panama,2021-12,0.0
Panama,2022-01,14.0
Panama,2022-02,1.0
Panama,2022-03,8.0
Panama,2022-04,12.0
Panama,2022-05,7.0
Panama,2022-06,5.0
Panama,2022-07,27.0
Panama,2022-08,13.0
Panama,2022-09,24.0
Panama,2022-10,51.0
Panama,2022-11,29.0
Panama,2022-12,27.0
Panama,2023-01,55.0
Panama,2023-02,114.0
Panama,2023-03,142.0
Panama,2023-04,121.0
Panama,2023-05,110.0
Panama,2023-06,72.0
Panama,2023-07,122.0
Panama,2023-08,73.0
Panama,2023-09,157.0
Panama,2023-10,256.0
Panama,2023-11,159.0
Panama,2023-12,71.0
Panama,2024-01,153.0
Panama,2024-02,135.0
Panama,2024-03,204.0
Panama,2024-04,307.0
Panama,2024-05,231.0
Panama,2024-06,185.0
Panama,2024-07,219.0
Panama,2024-08,119.0
Panama,2024-09,188.0
Panama,2024-10,390.0
Panama,2024-11,282.0
Panama,2024-12,172.0
Panama,2025-01,258.0
Panama,2025-02,306.0
Panama,2025-03,269.0
Panama,2025-04,577.0
Panama,2025-05,343.0
Panama,2025-06,233.0
Panama,2025-07,249.0
Panama,2025-08,191.0
Panama,2025-09,408.0
Panama,2025-10,570.0
Panama,2025-11,429.0
Panama,2025-12,141.0
Panama,2026-01,248.0
Panama,2026-02,358.0
Panama,2026-03,328.0
Panama,2026-04,402.0
Papua New Guinea,2019-01,100.0
Papua New Guinea,2019-02,34.0
Papua New Guinea,2019-03,64.0
Papua New Guinea,2019-04,59.0
Papua New Guinea,2019-05,105.0
Papua New Guinea,2019-06,71.0
Papua New Guinea,2019-07,67.0
Papua New Guinea,2019-08,50.0
Papua New Guinea,2019-09,131.0
Papua New Guinea,2019-10,96.0
Papua New Guinea,2019-11,60.0
Papua New Guinea,2019-12,54.0
Papua New Guinea,2020-01,73.0
Papua New Guinea,2020-02,49.0
Papua New Guinea,2020-03,22.0
Papua New Guinea,2020-04,2.0
Papua New Guinea,2020-05,0.0
Papua New Guinea,2020-06,0.0
Papua New Guinea,2020-07,0.0
Papua New Guinea,2020-08,1.0
Papua New Guinea,2020-09,1.0
Papua New Guinea,2020-10,4.0
Papua New Guinea,2020-11,0.0
Papua New Guinea,2020-12,0.0
Papua New Guinea,2021-01,0.0
Papua New Guinea,2021-02,0.0
Papua New Guinea,2021-03,1.0
Papua New Guinea,2021-04,0.0
Papua New Guinea,2021-05,0.0
Papua New Guinea,2021-06,6.0
Papua New Guinea,2021-07,16.0
Papua New Guinea,2021-08,5.0
Papua New Guinea,2021-09,5.0
Papua New Guinea,2021-10,2.0
Papua New Guinea,2021-11,8.0
Papua New Guinea,2021-12,0.0
Papua New Guinea,2022-01,0.0
Papua New Guinea,2022-02,0.0
Papua New Guinea,2022-03,3.0
Papua New Guinea,2022-04,5.0
Papua New Guinea,2022-05,12.0
Papua New Guinea,2022-06,7.0
Papua New Guinea,2022-07,12.0
Papua New Guinea,2022-08,12.0
Papua New Guinea,2022-09,26.0
Papua New Guinea,2022-10,39.0
Papua New Guinea,2022-11,82.0
Papua New Guinea,2022-12,39.0
Papua New Guinea,2023-01,42.0
Papua New Guinea,2023-02,31.0
Papua New Guinea,2023-03,60.0
Papua New Guinea,2023-04,35.0
Papua New Guinea,2023-05,61.0
Papua New Guinea,2023-06,85.0
Papua New Guinea,2023-07,61.0
Papua New Guinea,2023-08,61.0
Papua New Guinea,2023-09,72.0
Papua New Guinea,2023-10,69.0
Papua New Guinea,2023-11,64.0
Papua New Guinea,2023-12,52.0
Papua New Guinea,2024-01,63.0
Papua New Guinea,2024-02,35.0
Papua New Guinea,2024-03,71.0
Papua New Guinea,2024-04,43.0
Papua New Guinea,2024-05,45.0
Papua New Guinea,2024-06,57.0
Papua New Guinea,2024-07,91.0
Papua New Guinea,2024-08,51.0
Papua New Guinea,2024-09,102.0
Papua New Guinea,2024-10,63.0
Papua New Guinea,2024-11,99.0
Papua New Guinea,2024-12,88.0
Papua New Guinea,2025-01,72.0
Papua New Guinea,2025-02,75.0
Papua New Guinea,2025-03,79.0
Papua New Guinea,2025-04,106.0
Papua New Guinea,2025-05,84.0
Papua New Guinea,2025-06,69.0
Papua New Guinea,2025-07,189.0
Papua New Guinea,2025-08,104.0
Papua New Guinea,2025-09,142.0
Papua New Guinea,2025-10,86.0
Papua New Guinea,2025-11,127.0
Papua New Guinea,2025-12,80.0
Papua New Guinea,2026-01,95.0
Papua New Guinea,2026-02,75.0
Papua New Guinea,2026-03,78.0
Papua New Guinea,2026-04,57.0
Paraguay,2019-01,55.0
Paraguay,2019-02,36.0
Paraguay,2019-03,50.0
Paraguay,2019-04,54.0
Paraguay,2019-05,44.0
Paraguay,2019-06,43.0
Paraguay,2019-07,53.0
Paraguay,2019-08,48.0
Paraguay,2019-09,87.0
Paraguay,2019-10,99.0
Paraguay,2019-11,70.0
Paraguay,2019-12,36.0
Paraguay,2020-01,49.0
Paraguay,2020-02,45.0
Paraguay,2020-03,24.0
Paraguay,2020-04,1.0
Paraguay,2020-05,0.0
Paraguay,2020-06,0.0
Paraguay,2020-07,2.0
Paraguay,2020-08,0.0
Paraguay,2020-09,2.0
Paraguay,2020-10,3.0
Paraguay,2020-11,4.0
Paraguay,2020-12,2.0
Paraguay,2021-01,3.0
Paraguay,2021-02,0.0
Paraguay,2021-03,0.0
Paraguay,2021-04,30.0
Paraguay,2021-05,2.0
Paraguay,2021-06,1.0
Paraguay,2021-07,21.0
Paraguay,2021-08,12.0
Paraguay,2021-09,0.0
Paraguay,2021-10,1.0
Paraguay,2021-11,8.0
Paraguay,2021-12,1.0
Paraguay,2022-01,6.0
Paraguay,2022-02,4.0
Paraguay,2022-03,3.0
Paraguay,2022-04,6.0
Paraguay,2022-05,47.0
Paraguay,2022-06,5.0
Paraguay,2022-07,13.0
Paraguay,2022-08,9.0
Paraguay,2022-09,30.0
Paraguay,2022-10,19.0
Paraguay,2022-11,20.0
Paraguay,2022-12,30.0
Paraguay,2023-01,41.0
Paraguay,2023-02,19.0
Paraguay,2023-03,43.0
Paraguay,2023-04,34.0
Paraguay,2023-05,42.0
Paraguay,2023-06,44.0
Paraguay,2023-07,119.0
Paraguay,2023-08,40.0
Paraguay,2023-09,62.0
Paraguay,2023-10,47.0
Paraguay,2023-11,31.0
Paraguay,2023-12,39.0
Paraguay,2024-01,59.0
Paraguay,2024-02,44.0
Paraguay,2024-03,42.0
Paraguay,2024-04,81.0
Paraguay,2024-05,65.0
Paraguay,2024-06,52.0
Paraguay,2024-07,65.0
Paraguay,2024-08,50.0
Paraguay,2024-09,59.0
Paraguay,2024-10,82.0
Paraguay,2024-11,70.0
Paraguay,2024-12,45.0
Paraguay,2025-01,124.0
Paraguay,2025-02,84.0
Paraguay,2025-03,88.0
Paraguay,2025-04,82.0
Paraguay,2025-05,191.0
Paraguay,2025-06,70.0
Paraguay,2025-07,100.0
Paraguay,2025-08,73.0
Paraguay,2025-09,99.0
Paraguay,2025-10,174.0
Paraguay,2025-11,95.0
Paraguay,2025-12,68.0
Paraguay,2026-01,126.0
Paraguay,2026-02,107.0
Paraguay,2026-03,111.0
Paraguay,2026-04,99.0
Peru,2019-01,441.0
Peru,2019-02,312.0
Peru,2019-03,440.0
Peru,2019-04,589.0
Peru,2019-05,411.0
Peru,2019-06,381.0
Peru,2019-07,615.0
Peru,2019-08,519.0
Peru,2019-09,635.0
Peru,2019-10,636.0
Peru,2019-11,574.0
Peru,2019-12,469.0
Peru,2020-01,521.0
Peru,2020-02,403.0
Peru,2020-03,183.0
Peru,2020-04,1.0
Peru,2020-05,1.0
Peru,2020-06,3.0
Peru,2020-07,2.0
Peru,2020-08,5.0
Peru,2020-09,6.0
Peru,2020-10,16.0
Peru,2020-11,20.0
Peru,2020-12,30.0
Peru,2021-01,12.0
Peru,2021-02,6.0
Peru,2021-03,6.0
Peru,2021-04,10.0
Peru,2021-05,6.0
Peru,2021-06,13.0
Peru,2021-07,111.0
Peru,2021-08,49.0
Peru,2021-09,8.0
Peru,2021-10,11.0
Peru,2021-11,17.0
Peru,2021-12,5.0
Peru,2022-01,21.0
Peru,2022-02,19.0
Peru,2022-03,24.0
Peru,2022-04,104.0
Peru,2022-05,70.0
Peru,2022-06,57.0
Peru,2022-07,60.0
Peru,2022-08,106.0
Peru,2022-09,116.0
Peru,2022-10,188.0
Peru,2022-11,192.0
Peru,2022-12,239.0
Peru,2023-01,235.0
Peru,2023-02,276.0
Peru,2023-03,425.0
Peru,2023-04,415.0
Peru,2023-05,365.0
Peru,2023-06,411.0
Peru,2023-07,412.0
Peru,2023-08,464.0
Peru,2023-09,546.0
Peru,2023-10,660.0
Peru,2023-11,509.0
Peru,2023-12,477.0
Peru,2024-01,400.0
Peru,2024-02,502.0
Peru,2024-03,657.0
Peru,2024-04,553.0
Peru,2024-05,559.0
Peru,2024-06,405.0
Peru,2024-07,460.0
Peru,2024-08,425.0
Peru,2024-09,627.0
Peru,2024-10,823.0
Peru,2024-11,643.0
Peru,2024-12,528.0
Peru,2025-01,448.0
Peru,2025-02,662.0
Peru,2025-03,775.0
Peru,2025-04,956.0
Peru,2025-05,749.0
Peru,2025-06,579.0
Peru,2025-07,959.0
Peru,2025-08,1113.0
Peru,2025-09,1377.0
Peru,2025-10,1758.0
Peru,2025-11,1619.0
Peru,2025-12,1102.0
Peru,2026-01,1342.0
Peru,2026-02,1394.0
Peru,2026-03,1623.0
Peru,2026-04,1568.0
Philippines,2019-01,35987.0
Philippines,2019-02,35170.0
Philippines,2019-03,48277.0
Philippines,2019-04,69266.0
Philippines,2019-05,59578.0
Philippines,2019-06,46842.0
Philippines,2019-07,37771.0
Philippines,2019-08,31470.0
Philippines,2019-09,37758.0
Philippines,2019-10,64690.0
Philippines,2019-11,64763.0
Philippines,2019-12,81542.0
Philippines,2020-01,53588.0
Philippines,2020-02,39728.0
Philippines,2020-03,10930.0
Philippines,2020-04,47.0
Philippines,2020-05,6.0
Philippines,2020-06,48.0
Philippines,2020-07,51.0
Philippines,2020-08,132.0
Philippines,2020-09,134.0
Philippines,2020-10,423.0
Philippines,2020-11,1704.0
Philippines,2020-12,2319.0
Philippines,2021-01,998.0
Philippines,2021-02,236.0
Philippines,2021-03,218.0
Philippines,2021-04,212.0
Philippines,2021-05,624.0
Philippines,2021-06,392.0
Philippines,2021-07,495.0
Philippines,2021-08,360.0
Philippines,2021-09,441.0
Philippines,2021-10,867.0
Philippines,2021-11,544.0
Philippines,2021-12,238.0
Philippines,2022-01,952.0
Philippines,2022-02,952.0
Philippines,2022-03,4211.0
Philippines,2022-04,8485.0
Philippines,2022-05,6699.0
Philippines,2022-06,5935.0
Philippines,2022-07,6888.0
Philippines,2022-08,7824.0
Philippines,2022-09,8479.0
Philippines,2022-10,14775.0
Philippines,2022-11,21689.0
Philippines,2022-12,39953.0
Philippines,2023-01,29679.0
Philippines,2023-02,33934.0
Philippines,2023-03,46569.0
Philippines,2023-04,62794.0
Philippines,2023-05,49939.0
Philippines,2023-06,54227.0
Philippines,2023-07,51711.0
Philippines,2023-08,38627.0
Philippines,2023-09,42763.0
Philippines,2023-10,69225.0
Philippines,2023-11,63718.0
Philippines,2023-12,79107.0
Philippines,2024-01,56776.0
Philippines,2024-02,65217.0
Philippines,2024-03,78821.0
Philippines,2024-04,68499.0
Philippines,2024-05,67443.0
Philippines,2024-06,65011.0
Philippines,2024-07,55466.0
Philippines,2024-08,38971.0
Philippines,2024-09,46618.0
Philippines,2024-10,80244.0
Philippines,2024-11,87078.0
Philippines,2024-12,108515.0
Philippines,2025-01,72185.0
Philippines,2025-02,66698.0
Philippines,2025-03,72333.0
Philippines,2025-04,90973.0
Philippines,2025-05,82723.0
Philippines,2025-06,63203.0
Philippines,2025-07,47366.0
Philippines,2025-08,44209.0
Philippines,2025-09,51615.0
Philippines,2025-10,86150.0
Philippines,2025-11,92011.0
Philippines,2025-12,115557.0
Philippines,2026-01,79187.0
Philippines,2026-02,71697.0
Philippines,2026-03,90122.0
Philippines,2026-04,88422.0
Poland,2019-01,1517.0
Poland,2019-02,1591.0
Poland,2019-03,4188.0
Poland,2019-04,5972.0
Poland,2019-05,3442.0
Poland,2019-06,2721.0
Poland,2019-07,3217.0
Poland,2019-08,2945.0
Poland,2019-09,3538.0
Poland,2019-10,4017.0
Poland,2019-11,3729.0
Poland,2019-12,1657.0
Poland,2020-01,1889.0
Poland,2020-02,1332.0
Poland,2020-03,570.0
Poland,2020-04,7.0
Poland,2020-05,3.0
Poland,2020-06,1.0
Poland,2020-07,3.0
Poland,2020-08,24.0
Poland,2020-09,17.0
Poland,2020-10,51.0
Poland,2020-11,44.0
Poland,2020-12,55.0
Poland,2021-01,47.0
Poland,2021-02,7.0
Poland,2021-03,16.0
Poland,2021-04,29.0
Poland,2021-05,19.0
Poland,2021-06,25.0
Poland,2021-07,739.0
Poland,2021-08,283.0
Poland,2021-09,56.0
Poland,2021-10,61.0
Poland,2021-11,56.0
Poland,2021-12,12.0
Poland,2022-01,50.0
Poland,2022-02,9.0
Poland,2022-03,88.0
Poland,2022-04,119.0
Poland,2022-05,190.0
Poland,2022-06,263.0
Poland,2022-07,328.0
Poland,2022-08,339.0
Poland,2022-09,692.0
Poland,2022-10,1110.0
Poland,2022-11,1628.0
Poland,2022-12,929.0
Poland,2023-01,1185.0
Poland,2023-02,1377.0
Poland,2023-03,3676.0
Poland,2023-04,4708.0
Poland,2023-05,3571.0
Poland,2023-06,3195.0
Poland,2023-07,3178.0
Poland,2023-08,3606.0
Poland,2023-09,4994.0
Poland,2023-10,5252.0
Poland,2023-11,4240.0
Poland,2023-12,1652.0
Poland,2024-01,2026.0
Poland,2024-02,2305.0
Poland,2024-03,5599.0
Poland,2024-04,8773.0
Poland,2024-05,6727.0
Poland,2024-06,4579.0
Poland,2024-07,4806.0
Poland,2024-08,5111.0
Poland,2024-09,7981.0
Poland,2024-10,7931.0
Poland,2024-11,5693.0
Poland,2024-12,2297.0
Poland,2025-01,2380.0
Poland,2025-02,3752.0
Poland,2025-03,9130.0
Poland,2025-04,11827.0
Poland,2025-05,9986.0
Poland,2025-06,6775.0
Poland,2025-07,7393.0
Poland,2025-08,8197.0
Poland,2025-09,13457.0
Poland,2025-10,10405.0
Poland,2025-11,9431.0
Poland,2025-12,3167.0
Poland,2026-01,3626.0
Poland,2026-02,4503.0
Poland,2026-03,9313.0
Poland,2026-04,12249.0
Portugal,2019-01,1587.0
Portugal,2019-02,1571.0
Portugal,2019-03,2538.0
Portugal,2019-04,3527.0
Portugal,2019-05,2728.0
Portugal,2019-06,2577.0
Portugal,2019-07,2828.0
Portugal,2019-08,3312.0
Portugal,2019-09,2712.0
Portugal,2019-10,3389.0
Portugal,2019-11,2693.0
Portugal,2019-12,2887.0
Portugal,2020-01,1932.0
Portugal,2020-02,899.0
Portugal,2020-03,300.0
Portugal,2020-04,0.0
Portugal,2020-05,0.0
Portugal,2020-06,0.0
Portugal,2020-07,3.0
Portugal,2020-08,7.0
Portugal,2020-09,6.0
Portugal,2020-10,14.0
Portugal,2020-11,7.0
Portugal,2020-12,11.0
Portugal,2021-01,32.0
Portugal,2021-02,3.0
Portugal,2021-03,7.0
Portugal,2021-04,7.0
Portugal,2021-05,21.0
Portugal,2021-06,37.0
Portugal,2021-07,410.0
Portugal,2021-08,133.0
Portugal,2021-09,23.0
Portugal,2021-10,32.0
Portugal,2021-11,16.0
Portugal,2021-12,7.0
Portugal,2022-01,22.0
Portugal,2022-02,8.0
Portugal,2022-03,68.0
Portugal,2022-04,153.0
Portugal,2022-05,98.0
Portugal,2022-06,139.0
Portugal,2022-07,193.0
Portugal,2022-08,182.0
Portugal,2022-09,221.0
Portugal,2022-10,648.0
Portugal,2022-11,748.0
Portugal,2022-12,696.0
Portugal,2023-01,829.0
Portugal,2023-02,858.0
Portugal,2023-03,1999.0
Portugal,2023-04,2485.0
Portugal,2023-05,2279.0
Portugal,2023-06,2009.0
Portugal,2023-07,2608.0
Portugal,2023-08,3019.0
Portugal,2023-09,2819.0
Portugal,2023-10,3544.0
Portugal,2023-11,2884.0
Portugal,2023-12,2479.0
Portugal,2024-01,1454.0
Portugal,2024-02,2074.0
Portugal,2024-03,4181.0
Portugal,2024-04,3782.0
Portugal,2024-05,3770.0
Portugal,2024-06,3088.0
Portugal,2024-07,3638.0
Portugal,2024-08,4251.0
Portugal,2024-09,3599.0
Portugal,2024-10,4776.0
Portugal,2024-11,4123.0
Portugal,2024-12,3564.0
Portugal,2025-01,2387.0
Portugal,2025-02,2591.0
Portugal,2025-03,4842.0
Portugal,2025-04,7540.0
Portugal,2025-05,5475.0
Portugal,2025-06,4205.0
Portugal,2025-07,4131.0
Portugal,2025-08,5893.0
Portugal,2025-09,5447.0
Portugal,2025-10,6016.0
Portugal,2025-11,4942.0
Portugal,2025-12,3922.0
Portugal,2026-01,2620.0
Portugal,2026-02,3148.0
Portugal,2026-03,5768.0
Portugal,2026-04,5842.0
Qatar,2019-01,283.0
Qatar,2019-02,107.0
Qatar,2019-03,303.0
Qatar,2019-04,433.0
Qatar,2019-05,70.0
Qatar,2019-06,278.0
Qatar,2019-07,366.0
Qatar,2019-08,238.0
Qatar,2019-09,133.0
Qatar,2019-10,267.0
Qatar,2019-11,175.0
Qatar,2019-12,366.0
Qatar,2020-01,79.0
Qatar,2020-02,35.0
Qatar,2020-03,2.0
Qatar,2020-04,1.0
Qatar,2020-05,0.0
Qatar,2020-06,7.0
Qatar,2020-07,0.0
Qatar,2020-08,0.0
Qatar,2020-09,3.0
Qatar,2020-10,9.0
Qatar,2020-11,5.0
Qatar,2020-12,3.0
Qatar,2021-01,4.0
Qatar,2021-02,0.0
Qatar,2021-03,4.0
Qatar,2021-04,2.0
Qatar,2021-05,4.0
Qatar,2021-06,12.0
Qatar,2021-07,70.0
Qatar,2021-08,5.0
Qatar,2021-09,26.0
Qatar,2021-10,12.0
Qatar,2021-11,2.0
Qatar,2021-12,8.0
Qatar,2022-01,6.0
Qatar,2022-02,4.0
Qatar,2022-03,7.0
Qatar,2022-04,5.0
Qatar,2022-05,9.0
Qatar,2022-06,33.0
Qatar,2022-07,35.0
Qatar,2022-08,26.0
Qatar,2022-09,113.0
Qatar,2022-10,59.0
Qatar,2022-11,102.0
Qatar,2022-12,95.0
Qatar,2023-01,190.0
Qatar,2023-02,144.0
Qatar,2023-03,313.0
Qatar,2023-04,422.0
Qatar,2023-05,158.0
Qatar,2023-06,415.0
Qatar,2023-07,446.0
Qatar,2023-08,200.0
Qatar,2023-09,170.0
Qatar,2023-10,444.0
Qatar,2023-11,147.0
Qatar,2023-12,337.0
Qatar,2024-01,169.0
Qatar,2024-02,177.0
Qatar,2024-03,59.0
Qatar,2024-04,783.0
Qatar,2024-05,267.0
Qatar,2024-06,471.0
Qatar,2024-07,373.0
Qatar,2024-08,279.0
Qatar,2024-09,131.0
Qatar,2024-10,302.0
Qatar,2024-11,328.0
Qatar,2024-12,489.0
Qatar,2025-01,264.0
Qatar,2025-02,162.0
Qatar,2025-03,328.0
Qatar,2025-04,436.0
Qatar,2025-05,343.0
Qatar,2025-06,268.0
Qatar,2025-07,461.0
Qatar,2025-08,239.0
Qatar,2025-09,206.0
Qatar,2025-10,399.0
Qatar,2025-11,279.0
Qatar,2025-12,555.0
Qatar,2026-01,366.0
Qatar,2026-02,99.0
Qatar,2026-03,15.0
Qatar,2026-04,101.0
Republic of Congo,2019-01,6.0
Republic of Congo,2019-02,7.0
Republic of Congo,2019-03,1.0
Republic of Congo,2019-04,7.0
Republic of Congo,2019-05,6.0
Republic of Congo,2019-06,15.0
Republic of Congo,2019-07,8.0
Republic of Congo,2019-08,24.0
Republic of Congo,2019-09,4.0
Republic of Congo,2019-10,7.0
Republic of Congo,2019-11,8.0
Republic of Congo,2019-12,4.0
Republic of Congo,2020-01,3.0
Republic of Congo,2020-02,8.0
Republic of Congo,2020-03,2.0
Republic of Congo,2020-04,0.0
Republic of Congo,2020-05,1.0
Republic of Congo,2020-06,0.0
Republic of Congo,2020-07,0.0
Republic of Congo,2020-08,0.0
Republic of Congo,2020-09,0.0
Republic of Congo,2020-10,1.0
Republic of Congo,2020-11,2.0
Republic of Congo,2020-12,0.0
Republic of Congo,2021-01,0.0
Republic of Congo,2021-02,0.0
Republic of Congo,2021-03,1.0
Republic of Congo,2021-04,0.0
Republic of Congo,2021-05,0.0
Republic of Congo,2021-06,1.0
Republic of Congo,2021-07,16.0
Republic of Congo,2021-08,11.0
Republic of Congo,2021-09,0.0
Republic of Congo,2021-10,1.0
Republic of Congo,2021-11,0.0
Republic of Congo,2021-12,0.0
Republic of Congo,2022-01,0.0
Republic of Congo,2022-02,1.0
Republic of Congo,2022-03,0.0
Republic of Congo,2022-04,1.0
Republic of Congo,2022-05,7.0
Republic of Congo,2022-06,1.0
Republic of Congo,2022-07,0.0
Republic of Congo,2022-08,3.0
Republic of Congo,2022-09,2.0
Republic of Congo,2022-10,4.0
Republic of Congo,2022-11,2.0
Republic of Congo,2022-12,4.0
Republic of Congo,2023-01,0.0
Republic of Congo,2023-02,6.0
Republic of Congo,2023-03,6.0
Republic of Congo,2023-04,16.0
Republic of Congo,2023-05,2.0
Republic of Congo,2023-06,11.0
Republic of Congo,2023-07,8.0
Republic of Congo,2023-08,3.0
Republic of Congo,2023-09,7.0
Republic of Congo,2023-10,15.0
Republic of Congo,2023-11,11.0
Republic of Congo,2023-12,9.0
Republic of Congo,2024-01,9.0
Republic of Congo,2024-02,14.0
Republic of Congo,2024-03,11.0
Republic of Congo,2024-04,4.0
Republic of Congo,2024-05,8.0
Republic of Congo,2024-06,7.0
Republic of Congo,2024-07,9.0
Republic of Congo,2024-08,24.0
Republic of Congo,2024-09,13.0
Republic of Congo,2024-10,9.0
Republic of Congo,2024-11,13.0
Republic of Congo,2024-12,9.0
Republic of Congo,2025-01,11.0
Republic of Congo,2025-02,3.0
Republic of Congo,2025-03,6.0
Republic of Congo,2025-04,6.0
Republic of Congo,2025-05,18.0
Republic of Congo,2025-06,7.0
Republic of Congo,2025-07,6.0
Republic of Congo,2025-08,20.0
Republic of Congo,2025-09,10.0
Republic of Congo,2025-10,11.0
Republic of Congo,2025-11,15.0
Republic of Congo,2025-12,7.0
Republic of Congo,2026-01,11.0
Republic of Congo,2026-02,5.0
Republic of Congo,2026-03,7.0
Republic of Congo,2026-04,9.0
Republic of Kosovo,2019-01,13.0
Republic of Kosovo,2019-02,20.0
Republic of Kosovo,2019-03,14.0
Republic of Kosovo,2019-04,25.0
Republic of Kosovo,2019-05,12.0
Republic of Kosovo,2019-06,19.0
Republic of Kosovo,2019-07,15.0
Republic of Kosovo,2019-08,30.0
Republic of Kosovo,2019-09,31.0
Republic of Kosovo,2019-10,20.0
Republic of Kosovo,2019-11,9.0
Republic of Kosovo,2019-12,6.0
Republic of Kosovo,2020-01,11.0
Republic of Kosovo,2020-02,8.0
Republic of Kosovo,2020-03,3.0
Republic of Kosovo,2020-04,0.0
Republic of Kosovo,2020-05,0.0
Republic of Kosovo,2020-06,0.0
Republic of Kosovo,2020-07,0.0
Republic of Kosovo,2020-08,0.0
Republic of Kosovo,2020-09,1.0
Republic of Kosovo,2020-10,1.0
Republic of Kosovo,2020-11,2.0
Republic of Kosovo,2020-12,1.0
Republic of Kosovo,2021-01,2.0
Republic of Kosovo,2021-02,0.0
Republic of Kosovo,2021-03,0.0
Republic of Kosovo,2021-04,0.0
Republic of Kosovo,2021-05,1.0
Republic of Kosovo,2021-06,1.0
Republic of Kosovo,2021-07,41.0
Republic of Kosovo,2021-08,1.0
Republic of Kosovo,2021-09,2.0
Republic of Kosovo,2021-10,0.0
Republic of Kosovo,2021-11,4.0
Republic of Kosovo,2021-12,0.0
Republic of Kosovo,2022-01,4.0
Republic of Kosovo,2022-02,0.0
Republic of Kosovo,2022-03,1.0
Republic of Kosovo,2022-04,6.0
Republic of Kosovo,2022-05,4.0
Republic of Kosovo,2022-06,0.0
Republic of Kosovo,2022-07,2.0
Republic of Kosovo,2022-08,5.0
Republic of Kosovo,2022-09,2.0
Republic of Kosovo,2022-10,5.0
Republic of Kosovo,2022-11,4.0
Republic of Kosovo,2022-12,15.0
Republic of Kosovo,2023-01,9.0
Republic of Kosovo,2023-02,9.0
Republic of Kosovo,2023-03,15.0
Republic of Kosovo,2023-04,25.0
Republic of Kosovo,2023-05,74.0
Republic of Kosovo,2023-06,52.0
Republic of Kosovo,2023-07,27.0
Republic of Kosovo,2023-08,11.0
Republic of Kosovo,2023-09,32.0
Republic of Kosovo,2023-10,23.0
Republic of Kosovo,2023-11,46.0
Republic of Kosovo,2023-12,19.0
Republic of Kosovo,2024-01,22.0
Republic of Kosovo,2024-02,12.0
Republic of Kosovo,2024-03,23.0
Republic of Kosovo,2024-04,47.0
Republic of Kosovo,2024-05,75.0
Republic of Kosovo,2024-06,37.0
Republic of Kosovo,2024-07,11.0
Republic of Kosovo,2024-08,30.0
Republic of Kosovo,2024-09,44.0
Republic of Kosovo,2024-10,34.0
Republic of Kosovo,2024-11,82.0
Republic of Kosovo,2024-12,23.0
Republic of Kosovo,2025-01,25.0
Republic of Kosovo,2025-02,24.0
Republic of Kosovo,2025-03,29.0
Republic of Kosovo,2025-04,99.0
Republic of Kosovo,2025-05,90.0
Republic of Kosovo,2025-06,74.0
Republic of Kosovo,2025-07,26.0
Republic of Kosovo,2025-08,54.0
Republic of Kosovo,2025-09,59.0
Republic of Kosovo,2025-10,87.0
Republic of Kosovo,2025-11,50.0
Republic of Kosovo,2025-12,37.0
Republic of Kosovo,2026-01,25.0
Republic of Kosovo,2026-02,30.0
Republic of Kosovo,2026-03,48.0
Republic of Kosovo,2026-04,101.0
Republic of South Africa,2019-01,676.0
Republic of South Africa,2019-02,635.0
Republic of South Africa,2019-03,1179.0
Republic of South Africa,2019-04,1122.0
Republic of South Africa,2019-05,850.0
Republic of South Africa,2019-06,1001.0
Republic of South Africa,2019-07,860.0
Republic of South Africa,2019-08,1183.0
Republic of South Africa,2019-09,4185.0
Republic of South Africa,2019-10,5252.0
Republic of South Africa,2019-11,1379.0
Republic of South Africa,2019-12,1221.0
Republic of South Africa,2020-01,826.0
Republic of South Africa,2020-02,386.0
Republic of South Africa,2020-03,204.0
Republic of South Africa,2020-04,2.0
Republic of South Africa,2020-05,0.0
Republic of South Africa,2020-06,2.0
Republic of South Africa,2020-07,4.0
Republic of South Africa,2020-08,41.0
Republic of South Africa,2020-09,16.0
Republic of South Africa,2020-10,46.0
Republic of South Africa,2020-11,49.0
Republic of South Africa,2020-12,47.0
Republic of South Africa,2021-01,39.0
Republic of South Africa,2021-02,12.0
Republic of South Africa,2021-03,11.0
Republic of South Africa,2021-04,31.0
Republic of South Africa,2021-05,20.0
Republic of South Africa,2021-06,25.0
Republic of South Africa,2021-07,429.0
Republic of South Africa,2021-08,158.0
Republic of South Africa,2021-09,23.0
Republic of South Africa,2021-10,31.0
Republic of South Africa,2021-11,48.0
Republic of South Africa,2021-12,11.0
Republic of South Africa,2022-01,25.0
Republic of South Africa,2022-02,16.0
Republic of South Africa,2022-03,138.0
Republic of South Africa,2022-04,152.0
Republic of South Africa,2022-05,106.0
Republic of South Africa,2022-06,115.0
Republic of South Africa,2022-07,189.0
Republic of South Africa,2022-08,260.0
Republic of South Africa,2022-09,250.0
Republic of South Africa,2022-10,446.0
Republic of South Africa,2022-11,370.0
Republic of South Africa,2022-12,494.0
Republic of South Africa,2023-01,452.0
Republic of South Africa,2023-02,420.0
Republic of South Africa,2023-03,825.0
Republic of South Africa,2023-04,763.0
Republic of South Africa,2023-05,666.0
Republic of South Africa,2023-06,606.0
Republic of South Africa,2023-07,908.0
Republic of South Africa,2023-08,746.0
Republic of South Africa,2023-09,1173.0
Republic of South Africa,2023-10,975.0
Republic of South Africa,2023-11,850.0
Republic of South Africa,2023-12,973.0
Republic of South Africa,2024-01,610.0
Republic of South Africa,2024-02,620.0
Republic of South Africa,2024-03,1245.0
Republic of South Africa,2024-04,1090.0
Republic of South Africa,2024-05,862.0
Republic of South Africa,2024-06,1200.0
Republic of South Africa,2024-07,933.0
Republic of South Africa,2024-08,870.0
Republic of South Africa,2024-09,1124.0
Republic of South Africa,2024-10,1263.0
Republic of South Africa,2024-11,940.0
Republic of South Africa,2024-12,1784.0
Republic of South Africa,2025-01,899.0
Republic of South Africa,2025-02,728.0
Republic of South Africa,2025-03,1652.0
Republic of South Africa,2025-04,1971.0
Republic of South Africa,2025-05,1373.0
Republic of South Africa,2025-06,1338.0
Republic of South Africa,2025-07,1383.0
Republic of South Africa,2025-08,1917.0
Republic of South Africa,2025-09,1876.0
Republic of South Africa,2025-10,1996.0
Republic of South Africa,2025-11,1484.0
Republic of South Africa,2025-12,2570.0
Republic of South Africa,2026-01,1126.0
Republic of South Africa,2026-02,1004.0
Republic of South Africa,2026-03,2049.0
Republic of South Africa,2026-04,1969.0
Republic of South Sudan,2019-01,5.0
Republic of South Sudan,2019-02,1.0
Republic of South Sudan,2019-03,2.0
Republic of South Sudan,2019-04,5.0
Republic of South Sudan,2019-05,8.0
Republic of South Sudan,2019-06,14.0
Republic of South Sudan,2019-07,14.0
Republic of South Sudan,2019-08,70.0
Republic of South Sudan,2019-09,5.0
Republic of South Sudan,2019-10,10.0
Republic of South Sudan,2019-11,10.0
Republic of South Sudan,2019-12,3.0
Republic of South Sudan,2020-01,8.0
Republic of South Sudan,2020-02,4.0
Republic of South Sudan,2020-03,0.0
Republic of South Sudan,2020-04,0.0
Republic of South Sudan,2020-05,0.0
Republic of South Sudan,2020-06,0.0
Republic of South Sudan,2020-07,0.0
Republic of South Sudan,2020-08,0.0
Republic of South Sudan,2020-09,2.0
Republic of South Sudan,2020-10,4.0
Republic of South Sudan,2020-11,1.0
Republic of South Sudan,2020-12,2.0
Republic of South Sudan,2021-01,2.0
Republic of South Sudan,2021-02,0.0
Republic of South Sudan,2021-03,2.0
Republic of South Sudan,2021-04,0.0
Republic of South Sudan,2021-05,2.0
Republic of South Sudan,2021-06,0.0
Republic of South Sudan,2021-07,21.0
Republic of South Sudan,2021-08,1.0
Republic of South Sudan,2021-09,0.0
Republic of South Sudan,2021-10,0.0
Republic of South Sudan,2021-11,7.0
Republic of South Sudan,2021-12,0.0
Republic of South Sudan,2022-01,3.0
Republic of South Sudan,2022-02,4.0
Republic of South Sudan,2022-03,1.0
Republic of South Sudan,2022-04,3.0
Republic of South Sudan,2022-05,2.0
Republic of South Sudan,2022-06,0.0
Republic of South Sudan,2022-07,4.0
Republic of South Sudan,2022-08,2.0
Republic of South Sudan,2022-09,7.0
Republic of South Sudan,2022-10,28.0
Republic of South Sudan,2022-11,19.0
Republic of South Sudan,2022-12,5.0
Republic of South Sudan,2023-01,3.0
Republic of South Sudan,2023-02,23.0
Republic of South Sudan,2023-03,6.0
Republic of South Sudan,2023-04,1.0
Republic of South Sudan,2023-05,9.0
Republic of South Sudan,2023-06,14.0
Republic of South Sudan,2023-07,20.0
Republic of South Sudan,2023-08,2.0
Republic of South Sudan,2023-09,25.0
Republic of South Sudan,2023-10,24.0
Republic of South Sudan,2023-11,24.0
Republic of South Sudan,2023-12,4.0
Republic of South Sudan,2024-01,30.0
Republic of South Sudan,2024-02,26.0
Republic of South Sudan,2024-03,8.0
Republic of South Sudan,2024-04,7.0
Republic of South Sudan,2024-05,6.0
Republic of South Sudan,2024-06,12.0
Republic of South Sudan,2024-07,4.0
Republic of South Sudan,2024-08,15.0
Republic of South Sudan,2024-09,22.0
Republic of South Sudan,2024-10,16.0
Republic of South Sudan,2024-11,15.0
Republic of South Sudan,2024-12,4.0
Republic of South Sudan,2025-01,18.0
Republic of South Sudan,2025-02,6.0
Republic of South Sudan,2025-03,19.0
Republic of South Sudan,2025-04,7.0
Republic of South Sudan,2025-05,10.0
Republic of South Sudan,2025-06,20.0
Republic of South Sudan,2025-07,7.0
Republic of South Sudan,2025-08,28.0
Republic of South Sudan,2025-09,19.0
Republic of South Sudan,2025-10,23.0
Republic of South Sudan,2025-11,14.0
Republic of South Sudan,2025-12,2.0
Republic of South Sudan,2026-01,8.0
Republic of South Sudan,2026-02,4.0
Republic of South Sudan,2026-03,7.0
Republic of South Sudan,2026-04,7.0
Romania,2019-01,573.0
Romania,2019-02,613.0
Romania,2019-03,1884.0
Romania,2019-04,2366.0
Romania,2019-05,1339.0
Romania,2019-06,1292.0
Romania,2019-07,1022.0
Romania,2019-08,1122.0
Romania,2019-09,1102.0
Romania,2019-10,1313.0
Romania,2019-11,1363.0
Romania,2019-12,848.0
Romania,2020-01,617.0
Romania,2020-02,466.0
Romania,2020-03,236.0
Romania,2020-04,1.0
Romania,2020-05,0.0
Romania,2020-06,0.0
Romania,2020-07,1.0
Romania,2020-08,10.0
Romania,2020-09,19.0
Romania,2020-10,21.0
Romania,2020-11,25.0
Romania,2020-12,13.0
Romania,2021-01,15.0
Romania,2021-02,7.0
Romania,2021-03,8.0
Romania,2021-04,21.0
Romania,2021-05,17.0
Romania,2021-06,23.0
Romania,2021-07,304.0
Romania,2021-08,54.0
Romania,2021-09,25.0
Romania,2021-10,38.0
Romania,2021-11,25.0
Romania,2021-12,15.0
Romania,2022-01,22.0
Romania,2022-02,9.0
Romania,2022-03,54.0
Romania,2022-04,48.0
Romania,2022-05,90.0
Romania,2022-06,85.0
Romania,2022-07,154.0
Romania,2022-08,121.0
Romania,2022-09,280.0
Romania,2022-10,464.0
Romania,2022-11,586.0
Romania,2022-12,463.0
Romania,2023-01,369.0
Romania,2023-02,450.0
Romania,2023-03,1874.0
Romania,2023-04,2128.0
Romania,2023-05,1226.0
Romania,2023-06,1204.0
Romania,2023-07,1233.0
Romania,2023-08,1179.0
Romania,2023-09,1452.0
Romania,2023-10,1819.0
Romania,2023-11,1602.0
Romania,2023-12,780.0
Romania,2024-01,545.0
Romania,2024-02,917.0
Romania,2024-03,3213.0
Romania,2024-04,3410.0
Romania,2024-05,2230.0
Romania,2024-06,1379.0
Romania,2024-07,1677.0
Romania,2024-08,1702.0
Romania,2024-09,2164.0
Romania,2024-10,2514.0
Romania,2024-11,1859.0
Romania,2024-12,1155.0
Romania,2025-01,710.0
Romania,2025-02,1150.0
Romania,2025-03,3708.0
Romania,2025-04,4406.0
Romania,2025-05,2956.0
Romania,2025-06,2445.0
Romania,2025-07,1901.0
Romania,2025-08,2772.0
Romania,2025-09,3085.0
Romania,2025-10,3582.0
Romania,2025-11,2529.0
Romania,2025-12,1492.0
Romania,2026-01,1072.0
Romania,2026-02,1200.0
Romania,2026-03,3622.0
Romania,2026-04,4456.0
Russia,2019-01,6316.0
Russia,2019-02,5601.0
Russia,2019-03,11701.0
Russia,2019-04,13787.0
Russia,2019-05,9691.0
Russia,2019-06,8844.0
Russia,2019-07,9005.0
Russia,2019-08,8321.0
Russia,2019-09,10454.0
Russia,2019-10,14348.0
Russia,2019-11,13142.0
Russia,2019-12,8833.0
Russia,2020-01,8399.0
Russia,2020-02,6702.0
Russia,2020-03,5639.0
Russia,2020-04,17.0
Russia,2020-05,6.0
Russia,2020-06,0.0
Russia,2020-07,10.0
Russia,2020-08,62.0
Russia,2020-09,61.0
Russia,2020-10,304.0
Russia,2020-11,671.0
Russia,2020-12,389.0
Russia,2021-01,204.0
Russia,2021-02,90.0
Russia,2021-03,92.0
Russia,2021-04,132.0
Russia,2021-05,160.0
Russia,2021-06,145.0
Russia,2021-07,1197.0
Russia,2021-08,778.0
Russia,2021-09,231.0
Russia,2021-10,346.0
Russia,2021-11,265.0
Russia,2021-12,83.0
Russia,2022-01,220.0
Russia,2022-02,112.0
Russia,2022-03,558.0
Russia,2022-04,751.0
Russia,2022-05,357.0
Russia,2022-06,548.0
Russia,2022-07,778.0
Russia,2022-08,655.0
Russia,2022-09,1207.0
Russia,2022-10,1580.0
Russia,2022-11,1975.0
Russia,2022-12,1583.0
Russia,2023-01,1628.0
Russia,2023-02,1378.0
Russia,2023-03,3414.0
Russia,2023-04,4421.0
Russia,2023-05,2960.0
Russia,2023-06,2381.0
Russia,2023-07,3239.0
Russia,2023-08,3355.0
Russia,2023-09,4294.0
Russia,2023-10,5726.0
Russia,2023-11,5914.0
Russia,2023-12,3255.0
Russia,2024-01,3242.0
Russia,2024-02,2907.0
Russia,2024-03,10579.0
Russia,2024-04,10748.0
Russia,2024-05,8004.0
Russia,2024-06,5616.0
Russia,2024-07,5675.0
Russia,2024-08,6874.0
Russia,2024-09,10187.0
Russia,2024-10,15701.0
Russia,2024-11,13852.0
Russia,2024-12,5879.0
Russia,2025-01,4931.0
Russia,2025-02,5668.0
Russia,2025-03,18823.0
Russia,2025-04,23170.0
Russia,2025-05,19152.0
Russia,2025-06,11947.0
Russia,2025-07,11266.0
Russia,2025-08,13044.0
Russia,2025-09,21174.0
Russia,2025-10,30053.0
Russia,2025-11,27397.0
Russia,2025-12,8283.0
Russia,2026-01,9802.0
Russia,2026-02,7696.0
Russia,2026-03,23684.0
Russia,2026-04,25823.0
Rwanda,2019-01,119.0
Rwanda,2019-02,12.0
Rwanda,2019-03,18.0
Rwanda,2019-04,12.0
Rwanda,2019-05,17.0
Rwanda,2019-06,31.0
Rwanda,2019-07,28.0
Rwanda,2019-08,126.0
Rwanda,2019-09,48.0
Rwanda,2019-10,21.0
Rwanda,2019-11,33.0
Rwanda,2019-12,7.0
Rwanda,2020-01,24.0
Rwanda,2020-02,8.0
Rwanda,2020-03,4.0
Rwanda,2020-04,0.0
Rwanda,2020-05,2.0
Rwanda,2020-06,0.0
Rwanda,2020-07,0.0
Rwanda,2020-08,0.0
Rwanda,2020-09,0.0
Rwanda,2020-10,4.0
Rwanda,2020-11,3.0
Rwanda,2020-12,2.0
Rwanda,2021-01,1.0
Rwanda,2021-02,1.0
Rwanda,2021-03,1.0
Rwanda,2021-04,0.0
Rwanda,2021-05,0.0
Rwanda,2021-06,1.0
Rwanda,2021-07,17.0
Rwanda,2021-08,28.0
Rwanda,2021-09,1.0
Rwanda,2021-10,4.0
Rwanda,2021-11,16.0
Rwanda,2021-12,1.0
Rwanda,2022-01,0.0
Rwanda,2022-02,0.0
Rwanda,2022-03,3.0
Rwanda,2022-04,4.0
Rwanda,2022-05,7.0
Rwanda,2022-06,7.0
Rwanda,2022-07,7.0
Rwanda,2022-08,6.0
Rwanda,2022-09,17.0
Rwanda,2022-10,31.0
Rwanda,2022-11,2.0
Rwanda,2022-12,21.0
Rwanda,2023-01,14.0
Rwanda,2023-02,7.0
Rwanda,2023-03,15.0
Rwanda,2023-04,9.0
Rwanda,2023-05,16.0
Rwanda,2023-06,14.0
Rwanda,2023-07,33.0
Rwanda,2023-08,12.0
Rwanda,2023-09,48.0
Rwanda,2023-10,36.0
Rwanda,2023-11,21.0
Rwanda,2023-12,4.0
Rwanda,2024-01,35.0
Rwanda,2024-02,13.0
Rwanda,2024-03,33.0
Rwanda,2024-04,10.0
Rwanda,2024-05,21.0
Rwanda,2024-06,18.0
Rwanda,2024-07,18.0
Rwanda,2024-08,41.0
Rwanda,2024-09,37.0
Rwanda,2024-10,31.0
Rwanda,2024-11,37.0
Rwanda,2024-12,14.0
Rwanda,2025-01,30.0
Rwanda,2025-02,8.0
Rwanda,2025-03,13.0
Rwanda,2025-04,28.0
Rwanda,2025-05,26.0
Rwanda,2025-06,23.0
Rwanda,2025-07,46.0
Rwanda,2025-08,35.0
Rwanda,2025-09,43.0
Rwanda,2025-10,44.0
Rwanda,2025-11,20.0
Rwanda,2025-12,10.0
Rwanda,2026-01,19.0
Rwanda,2026-02,12.0
Rwanda,2026-03,20.0
Rwanda,2026-04,12.0
Saint Kitts and Nevis,2019-01,18.0
Saint Kitts and Nevis,2019-02,27.0
Saint Kitts and Nevis,2019-03,23.0
Saint Kitts and Nevis,2019-04,24.0
Saint Kitts and Nevis,2019-05,11.0
Saint Kitts and Nevis,2019-06,11.0
Saint Kitts and Nevis,2019-07,17.0
Saint Kitts and Nevis,2019-08,11.0
Saint Kitts and Nevis,2019-09,12.0
Saint Kitts and Nevis,2019-10,13.0
Saint Kitts and Nevis,2019-11,17.0
Saint Kitts and Nevis,2019-12,16.0
Saint Kitts and Nevis,2020-01,24.0
Saint Kitts and Nevis,2020-02,8.0
Saint Kitts and Nevis,2020-03,6.0
Saint Kitts and Nevis,2020-04,0.0
Saint Kitts and Nevis,2020-05,0.0
Saint Kitts and Nevis,2020-06,0.0
Saint Kitts and Nevis,2020-07,0.0
Saint Kitts and Nevis,2020-08,0.0
Saint Kitts and Nevis,2020-09,0.0
Saint Kitts and Nevis,2020-10,0.0
Saint Kitts and Nevis,2020-11,1.0
Saint Kitts and Nevis,2020-12,2.0
Saint Kitts and Nevis,2021-01,1.0
Saint Kitts and Nevis,2021-02,0.0
Saint Kitts and Nevis,2021-03,0.0
Saint Kitts and Nevis,2021-04,0.0
Saint Kitts and Nevis,2021-05,0.0
Saint Kitts and Nevis,2021-06,0.0
Saint Kitts and Nevis,2021-07,5.0
Saint Kitts and Nevis,2021-08,1.0
Saint Kitts and Nevis,2021-09,0.0
Saint Kitts and Nevis,2021-10,0.0
Saint Kitts and Nevis,2021-11,0.0
Saint Kitts and Nevis,2021-12,0.0
Saint Kitts and Nevis,2022-01,1.0
Saint Kitts and Nevis,2022-02,3.0
Saint Kitts and Nevis,2022-03,3.0
Saint Kitts and Nevis,2022-04,4.0
Saint Kitts and Nevis,2022-05,3.0
Saint Kitts and Nevis,2022-06,3.0
Saint Kitts and Nevis,2022-07,10.0
Saint Kitts and Nevis,2022-08,2.0
Saint Kitts and Nevis,2022-09,4.0
Saint Kitts and Nevis,2022-10,9.0
Saint Kitts and Nevis,2022-11,11.0
Saint Kitts and Nevis,2022-12,10.0
Saint Kitts and Nevis,2023-01,18.0
Saint Kitts and Nevis,2023-02,7.0
Saint Kitts and Nevis,2023-03,20.0
Saint Kitts and Nevis,2023-04,16.0
Saint Kitts and Nevis,2023-05,16.0
Saint Kitts and Nevis,2023-06,29.0
Saint Kitts and Nevis,2023-07,35.0
Saint Kitts and Nevis,2023-08,14.0
Saint Kitts and Nevis,2023-09,30.0
Saint Kitts and Nevis,2023-10,29.0
Saint Kitts and Nevis,2023-11,25.0
Saint Kitts and Nevis,2023-12,36.0
Saint Kitts and Nevis,2024-01,23.0
Saint Kitts and Nevis,2024-02,23.0
Saint Kitts and Nevis,2024-03,38.0
Saint Kitts and Nevis,2024-04,40.0
Saint Kitts and Nevis,2024-05,26.0
Saint Kitts and Nevis,2024-06,46.0
Saint Kitts and Nevis,2024-07,42.0
Saint Kitts and Nevis,2024-08,27.0
Saint Kitts and Nevis,2024-09,31.0
Saint Kitts and Nevis,2024-10,38.0
Saint Kitts and Nevis,2024-11,42.0
Saint Kitts and Nevis,2024-12,40.0
Saint Kitts and Nevis,2025-01,36.0
Saint Kitts and Nevis,2025-02,42.0
Saint Kitts and Nevis,2025-03,75.0
Saint Kitts and Nevis,2025-04,70.0
Saint Kitts and Nevis,2025-05,52.0
Saint Kitts and Nevis,2025-06,35.0
Saint Kitts and Nevis,2025-07,45.0
Saint Kitts and Nevis,2025-08,68.0
Saint Kitts and Nevis,2025-09,45.0
Saint Kitts and Nevis,2025-10,53.0
Saint Kitts and Nevis,2025-11,38.0
Saint Kitts and Nevis,2025-12,64.0
Saint Kitts and Nevis,2026-01,35.0
Saint Kitts and Nevis,2026-02,36.0
Saint Kitts and Nevis,2026-03,42.0
Saint Kitts and Nevis,2026-04,51.0
Saint Lucia,2019-01,4.0
Saint Lucia,2019-02,5.0
Saint Lucia,2019-03,2.0
Saint Lucia,2019-04,1.0
Saint Lucia,2019-05,9.0
Saint Lucia,2019-06,12.0
Saint Lucia,2019-07,4.0
Saint Lucia,2019-08,7.0
Saint Lucia,2019-09,6.0
Saint Lucia,2019-10,9.0
Saint Lucia,2019-11,16.0
Saint Lucia,2019-12,6.0
Saint Lucia,2020-01,7.0
Saint Lucia,2020-02,2.0
Saint Lucia,2020-03,1.0
Saint Lucia,2020-04,0.0
Saint Lucia,2020-05,0.0
Saint Lucia,2020-06,0.0
Saint Lucia,2020-07,0.0
Saint Lucia,2020-08,0.0
Saint Lucia,2020-09,0.0
Saint Lucia,2020-10,0.0
Saint Lucia,2020-11,0.0
Saint Lucia,2020-12,0.0
Saint Lucia,2021-01,0.0
Saint Lucia,2021-02,0.0
Saint Lucia,2021-03,0.0
Saint Lucia,2021-04,0.0
Saint Lucia,2021-05,0.0
Saint Lucia,2021-06,0.0
Saint Lucia,2021-07,8.0
Saint Lucia,2021-08,2.0
Saint Lucia,2021-09,0.0
Saint Lucia,2021-10,0.0
Saint Lucia,2021-11,0.0
Saint Lucia,2021-12,0.0
Saint Lucia,2022-01,0.0
Saint Lucia,2022-02,0.0
Saint Lucia,2022-03,1.0
Saint Lucia,2022-04,1.0
Saint Lucia,2022-05,1.0
Saint Lucia,2022-06,1.0
Saint Lucia,2022-07,1.0
Saint Lucia,2022-08,1.0
Saint Lucia,2022-09,2.0
Saint Lucia,2022-10,3.0
Saint Lucia,2022-11,6.0
Saint Lucia,2022-12,7.0
Saint Lucia,2023-01,6.0
Saint Lucia,2023-02,1.0
Saint Lucia,2023-03,5.0
Saint Lucia,2023-04,7.0
Saint Lucia,2023-05,5.0
Saint Lucia,2023-06,10.0
Saint Lucia,2023-07,11.0
Saint Lucia,2023-08,5.0
Saint Lucia,2023-09,16.0
Saint Lucia,2023-10,6.0
Saint Lucia,2023-11,11.0
Saint Lucia,2023-12,5.0
Saint Lucia,2024-01,5.0
Saint Lucia,2024-02,11.0
Saint Lucia,2024-03,6.0
Saint Lucia,2024-04,4.0
Saint Lucia,2024-05,8.0
Saint Lucia,2024-06,12.0
Saint Lucia,2024-07,8.0
Saint Lucia,2024-08,21.0
Saint Lucia,2024-09,9.0
Saint Lucia,2024-10,14.0
Saint Lucia,2024-11,6.0
Saint Lucia,2024-12,11.0
Saint Lucia,2025-01,13.0
Saint Lucia,2025-02,8.0
Saint Lucia,2025-03,9.0
Saint Lucia,2025-04,11.0
Saint Lucia,2025-05,15.0
Saint Lucia,2025-06,19.0
Saint Lucia,2025-07,17.0
Saint Lucia,2025-08,73.0
Saint Lucia,2025-09,24.0
Saint Lucia,2025-10,15.0
Saint Lucia,2025-11,17.0
Saint Lucia,2025-12,8.0
Saint Lucia,2026-01,10.0
Saint Lucia,2026-02,6.0
Saint Lucia,2026-03,19.0
Saint Lucia,2026-04,12.0
Saint Vincent,2019-01,5.0
Saint Vincent,2019-02,5.0
Saint Vincent,2019-03,3.0
Saint Vincent,2019-04,0.0
Saint Vincent,2019-05,5.0
Saint Vincent,2019-06,0.0
Saint Vincent,2019-07,2.0
Saint Vincent,2019-08,5.0
Saint Vincent,2019-09,3.0
Saint Vincent,2019-10,6.0
Saint Vincent,2019-11,8.0
Saint Vincent,2019-12,2.0
Saint Vincent,2020-01,4.0
Saint Vincent,2020-02,2.0
Saint Vincent,2020-03,1.0
Saint Vincent,2020-04,0.0
Saint Vincent,2020-05,0.0
Saint Vincent,2020-06,0.0
Saint Vincent,2020-07,0.0
Saint Vincent,2020-08,0.0
Saint Vincent,2020-09,0.0
Saint Vincent,2020-10,0.0
Saint Vincent,2020-11,0.0
Saint Vincent,2020-12,0.0
Saint Vincent,2021-01,0.0
Saint Vincent,2021-02,0.0
Saint Vincent,2021-03,0.0
Saint Vincent,2021-04,0.0
Saint Vincent,2021-05,0.0
Saint Vincent,2021-06,0.0
Saint Vincent,2021-07,8.0
Saint Vincent,2021-08,2.0
Saint Vincent,2021-09,0.0
Saint Vincent,2021-10,0.0
Saint Vincent,2021-11,0.0
Saint Vincent,2021-12,0.0
Saint Vincent,2022-01,0.0
Saint Vincent,2022-02,0.0
Saint Vincent,2022-03,0.0
Saint Vincent,2022-04,0.0
Saint Vincent,2022-05,0.0
Saint Vincent,2022-06,0.0
Saint Vincent,2022-07,0.0
Saint Vincent,2022-08,3.0
Saint Vincent,2022-09,0.0
Saint Vincent,2022-10,1.0
Saint Vincent,2022-11,6.0
Saint Vincent,2022-12,2.0
Saint Vincent,2023-01,3.0
Saint Vincent,2023-02,1.0
Saint Vincent,2023-03,1.0
Saint Vincent,2023-04,0.0
Saint Vincent,2023-05,6.0
Saint Vincent,2023-06,6.0
Saint Vincent,2023-07,3.0
Saint Vincent,2023-08,2.0
Saint Vincent,2023-09,4.0
Saint Vincent,2023-10,6.0
Saint Vincent,2023-11,3.0
Saint Vincent,2023-12,3.0
Saint Vincent,2024-01,4.0
Saint Vincent,2024-02,3.0
Saint Vincent,2024-03,4.0
Saint Vincent,2024-04,2.0
Saint Vincent,2024-05,1.0
Saint Vincent,2024-06,11.0
Saint Vincent,2024-07,3.0
Saint Vincent,2024-08,4.0
Saint Vincent,2024-09,4.0
Saint Vincent,2024-10,4.0
Saint Vincent,2024-11,7.0
Saint Vincent,2024-12,4.0
Saint Vincent,2025-01,6.0
Saint Vincent,2025-02,3.0
Saint Vincent,2025-03,8.0
Saint Vincent,2025-04,3.0
Saint Vincent,2025-05,11.0
Saint Vincent,2025-06,2.0
Saint Vincent,2025-07,8.0
Saint Vincent,2025-08,4.0
Saint Vincent,2025-09,28.0
Saint Vincent,2025-10,0.0
Saint Vincent,2025-11,5.0
Saint Vincent,2025-12,2.0
Saint Vincent,2026-01,2.0
Saint Vincent,2026-02,2.0
Saint Vincent,2026-03,1.0
Saint Vincent,2026-04,3.0
Samoa,2019-01,23.0
Samoa,2019-02,8.0
Samoa,2019-03,18.0
Samoa,2019-04,9.0
Samoa,2019-05,32.0
Samoa,2019-06,5.0
Samoa,2019-07,14.0
Samoa,2019-08,15.0
Samoa,2019-09,55.0
Samoa,2019-10,52.0
Samoa,2019-11,15.0
Samoa,2019-12,31.0
Samoa,2020-01,12.0
Samoa,2020-02,4.0
Samoa,2020-03,1.0
Samoa,2020-04,0.0
Samoa,2020-05,0.0
Samoa,2020-06,0.0
Samoa,2020-07,0.0
Samoa,2020-08,0.0
Samoa,2020-09,0.0
Samoa,2020-10,0.0
Samoa,2020-11,0.0
Samoa,2020-12,1.0
Samoa,2021-01,0.0
Samoa,2021-02,0.0
Samoa,2021-03,0.0
Samoa,2021-04,0.0
Samoa,2021-05,0.0
Samoa,2021-06,1.0
Samoa,2021-07,4.0
Samoa,2021-08,0.0
Samoa,2021-09,0.0
Samoa,2021-10,0.0
Samoa,2021-11,3.0
Samoa,2021-12,0.0
Samoa,2022-01,0.0
Samoa,2022-02,0.0
Samoa,2022-03,0.0
Samoa,2022-04,7.0
Samoa,2022-05,1.0
Samoa,2022-06,1.0
Samoa,2022-07,10.0
Samoa,2022-08,3.0
Samoa,2022-09,4.0
Samoa,2022-10,7.0
Samoa,2022-11,7.0
Samoa,2022-12,8.0
Samoa,2023-01,16.0
Samoa,2023-02,7.0
Samoa,2023-03,8.0
Samoa,2023-04,7.0
Samoa,2023-05,7.0
Samoa,2023-06,16.0
Samoa,2023-07,25.0
Samoa,2023-08,11.0
Samoa,2023-09,26.0
Samoa,2023-10,19.0
Samoa,2023-11,11.0
Samoa,2023-12,9.0
Samoa,2024-01,16.0
Samoa,2024-02,18.0
Samoa,2024-03,9.0
Samoa,2024-04,12.0
Samoa,2024-05,16.0
Samoa,2024-06,23.0
Samoa,2024-07,19.0
Samoa,2024-08,12.0
Samoa,2024-09,37.0
Samoa,2024-10,24.0
Samoa,2024-11,11.0
Samoa,2024-12,11.0
Samoa,2025-01,28.0
Samoa,2025-02,13.0
Samoa,2025-03,19.0
Samoa,2025-04,21.0
Samoa,2025-05,9.0
Samoa,2025-06,18.0
Samoa,2025-07,14.0
Samoa,2025-08,16.0
Samoa,2025-09,21.0
Samoa,2025-10,22.0
Samoa,2025-11,22.0
Samoa,2025-12,9.0
Samoa,2026-01,17.0
Samoa,2026-02,11.0
Samoa,2026-03,14.0
Samoa,2026-04,11.0
San Marino,2019-01,0.0
San Marino,2019-02,1.0
San Marino,2019-03,15.0
San Marino,2019-04,6.0
San Marino,2019-05,14.0
San Marino,2019-06,7.0
San Marino,2019-07,7.0
San Marino,2019-08,21.0
San Marino,2019-09,5.0
San Marino,2019-10,9.0
San Marino,2019-11,11.0
San Marino,2019-12,4.0
San Marino,2020-01,1.0
San Marino,2020-02,0.0
San Marino,2020-03,1.0
San Marino,2020-04,0.0
San Marino,2020-05,0.0
San Marino,2020-06,0.0
San Marino,2020-07,0.0
San Marino,2020-08,0.0
San Marino,2020-09,0.0
San Marino,2020-10,0.0
San Marino,2020-11,0.0
San Marino,2020-12,0.0
San Marino,2021-01,0.0
San Marino,2021-02,0.0
San Marino,2021-03,0.0
San Marino,2021-04,0.0
San Marino,2021-05,0.0
San Marino,2021-06,0.0
San Marino,2021-07,18.0
San Marino,2021-08,1.0
San Marino,2021-09,0.0
San Marino,2021-10,3.0
San Marino,2021-11,0.0
San Marino,2021-12,0.0
San Marino,2022-01,0.0
San Marino,2022-02,0.0
San Marino,2022-03,0.0
San Marino,2022-04,0.0
San Marino,2022-05,0.0
San Marino,2022-06,0.0
San Marino,2022-07,0.0
San Marino,2022-08,1.0
San Marino,2022-09,4.0
San Marino,2022-10,4.0
San Marino,2022-11,2.0
San Marino,2022-12,1.0
San Marino,2023-01,1.0
San Marino,2023-02,3.0
San Marino,2023-03,4.0
San Marino,2023-04,6.0
San Marino,2023-05,2.0
San Marino,2023-06,8.0
San Marino,2023-07,13.0
San Marino,2023-08,16.0
San Marino,2023-09,6.0
San Marino,2023-10,14.0
San Marino,2023-11,12.0
San Marino,2023-12,5.0
San Marino,2024-01,7.0
San Marino,2024-02,2.0
San Marino,2024-03,6.0
San Marino,2024-04,16.0
San Marino,2024-05,10.0
San Marino,2024-06,20.0
San Marino,2024-07,6.0
San Marino,2024-08,18.0
San Marino,2024-09,14.0
San Marino,2024-10,19.0
San Marino,2024-11,17.0
San Marino,2024-12,10.0
San Marino,2025-01,10.0
San Marino,2025-02,4.0
San Marino,2025-03,19.0
San Marino,2025-04,38.0
San Marino,2025-05,90.0
San Marino,2025-06,39.0
San Marino,2025-07,15.0
San Marino,2025-08,28.0
San Marino,2025-09,43.0
San Marino,2025-10,36.0
San Marino,2025-11,17.0
San Marino,2025-12,15.0
San Marino,2026-01,1.0
San Marino,2026-02,7.0
San Marino,2026-03,18.0
San Marino,2026-04,11.0
Sao Tome and Principe,2019-01,0.0
Sao Tome and Principe,2019-02,0.0
Sao Tome and Principe,2019-03,0.0
Sao Tome and Principe,2019-04,1.0
Sao Tome and Principe,2019-05,1.0
Sao Tome and Principe,2019-06,1.0
Sao Tome and Principe,2019-07,2.0
Sao Tome and Principe,2019-08,5.0
Sao Tome and Principe,2019-09,0.0
Sao Tome and Principe,2019-10,1.0
Sao Tome and Principe,2019-11,4.0
Sao Tome and Principe,2019-12,0.0
Sao Tome and Principe,2020-01,1.0
Sao Tome and Principe,2020-02,0.0
Sao Tome and Principe,2020-03,0.0
Sao Tome and Principe,2020-04,0.0
Sao Tome and Principe,2020-05,0.0
Sao Tome and Principe,2020-06,0.0
Sao Tome and Principe,2020-07,0.0
Sao Tome and Principe,2020-08,0.0
Sao Tome and Principe,2020-09,0.0
Sao Tome and Principe,2020-10,0.0
Sao Tome and Principe,2020-11,0.0
Sao Tome and Principe,2020-12,0.0
Sao Tome and Principe,2021-01,0.0
Sao Tome and Principe,2021-02,0.0
Sao Tome and Principe,2021-03,0.0
Sao Tome and Principe,2021-04,0.0
Sao Tome and Principe,2021-05,0.0
Sao Tome and Principe,2021-06,2.0
Sao Tome and Principe,2021-07,6.0
Sao Tome and Principe,2021-08,4.0
Sao Tome and Principe,2021-09,0.0
Sao Tome and Principe,2021-10,0.0
Sao Tome and Principe,2021-11,0.0
Sao Tome and Principe,2021-12,0.0
Sao Tome and Principe,2022-01,0.0
Sao Tome and Principe,2022-02,0.0
Sao Tome and Principe,2022-03,0.0
Sao Tome and Principe,2022-04,0.0
Sao Tome and Principe,2022-05,0.0
Sao Tome and Principe,2022-06,0.0
Sao Tome and Principe,2022-07,0.0
Sao Tome and Principe,2022-08,0.0
Sao Tome and Principe,2022-09,0.0
Sao Tome and Principe,2022-10,2.0
Sao Tome and Principe,2022-11,0.0
Sao Tome and Principe,2022-12,0.0
Sao Tome and Principe,2023-01,1.0
Sao Tome and Principe,2023-02,0.0
Sao Tome and Principe,2023-03,0.0
Sao Tome and Principe,2023-04,0.0
Sao Tome and Principe,2023-05,0.0
Sao Tome and Principe,2023-06,0.0
Sao Tome and Principe,2023-07,0.0
Sao Tome and Principe,2023-08,0.0
Sao Tome and Principe,2023-09,1.0
Sao Tome and Principe,2023-10,0.0
Sao Tome and Principe,2023-11,1.0
Sao Tome and Principe,2023-12,0.0
Sao Tome and Principe,2024-01,3.0
Sao Tome and Principe,2024-02,0.0
Sao Tome and Principe,2024-03,0.0
Sao Tome and Principe,2024-04,0.0
Sao Tome and Principe,2024-05,1.0
Sao Tome and Principe,2024-06,7.0
Sao Tome and Principe,2024-07,0.0
Sao Tome and Principe,2024-08,1.0
Sao Tome and Principe,2024-09,2.0
Sao Tome and Principe,2024-10,2.0
Sao Tome and Principe,2024-11,0.0
Sao Tome and Principe,2024-12,2.0
Sao Tome and Principe,2025-01,3.0
Sao Tome and Principe,2025-02,0.0
Sao Tome and Principe,2025-03,4.0
Sao Tome and Principe,2025-04,7.0
Sao Tome and Principe,2025-05,0.0
Sao Tome and Principe,2025-06,0.0
Sao Tome and Principe,2025-07,2.0
Sao Tome and Principe,2025-08,8.0
Sao Tome and Principe,2025-09,19.0
Sao Tome and Principe,2025-10,0.0
Sao Tome and Principe,2025-11,2.0
Sao Tome and Principe,2025-12,0.0
Sao Tome and Principe,2026-01,1.0
Sao Tome and Principe,2026-02,0.0
Sao Tome and Principe,2026-03,0.0
Sao Tome and Principe,2026-04,0.0
Saudi Arabia,2019-01,444.0
Saudi Arabia,2019-02,266.0
Saudi Arabia,2019-03,845.0
Saudi Arabia,2019-04,847.0
Saudi Arabia,2019-05,336.0
Saudi Arabia,2019-06,2147.0
Saudi Arabia,2019-07,891.0
Saudi Arabia,2019-08,909.0
Saudi Arabia,2019-09,677.0
Saudi Arabia,2019-10,886.0
Saudi Arabia,2019-11,2415.0
Saudi Arabia,2019-12,489.0
Saudi Arabia,2020-01,631.0
Saudi Arabia,2020-02,181.0
Saudi Arabia,2020-03,32.0
Saudi Arabia,2020-04,1.0
Saudi Arabia,2020-05,0.0
Saudi Arabia,2020-06,0.0
Saudi Arabia,2020-07,9.0
Saudi Arabia,2020-08,8.0
Saudi Arabia,2020-09,62.0
Saudi Arabia,2020-10,54.0
Saudi Arabia,2020-11,47.0
Saudi Arabia,2020-12,14.0
Saudi Arabia,2021-01,28.0
Saudi Arabia,2021-02,7.0
Saudi Arabia,2021-03,12.0
Saudi Arabia,2021-04,23.0
Saudi Arabia,2021-05,19.0
Saudi Arabia,2021-06,25.0
Saudi Arabia,2021-07,108.0
Saudi Arabia,2021-08,68.0
Saudi Arabia,2021-09,64.0
Saudi Arabia,2021-10,21.0
Saudi Arabia,2021-11,17.0
Saudi Arabia,2021-12,10.0
Saudi Arabia,2022-01,78.0
Saudi Arabia,2022-02,20.0
Saudi Arabia,2022-03,49.0
Saudi Arabia,2022-04,39.0
Saudi Arabia,2022-05,80.0
Saudi Arabia,2022-06,114.0
Saudi Arabia,2022-07,173.0
Saudi Arabia,2022-08,113.0
Saudi Arabia,2022-09,241.0
Saudi Arabia,2022-10,346.0
Saudi Arabia,2022-11,869.0
Saudi Arabia,2022-12,281.0
Saudi Arabia,2023-01,338.0
Saudi Arabia,2023-02,399.0
Saudi Arabia,2023-03,661.0
Saudi Arabia,2023-04,998.0
Saudi Arabia,2023-05,1146.0
Saudi Arabia,2023-06,1246.0
Saudi Arabia,2023-07,1946.0
Saudi Arabia,2023-08,900.0
Saudi Arabia,2023-09,1059.0
Saudi Arabia,2023-10,1235.0
Saudi Arabia,2023-11,1799.0
Saudi Arabia,2023-12,653.0
Saudi Arabia,2024-01,543.0
Saudi Arabia,2024-02,889.0
Saudi Arabia,2024-03,387.0
Saudi Arabia,2024-04,2030.0
Saudi Arabia,2024-05,1892.0
Saudi Arabia,2024-06,2502.0
Saudi Arabia,2024-07,1924.0
Saudi Arabia,2024-08,724.0
Saudi Arabia,2024-09,1160.0
Saudi Arabia,2024-10,1630.0
Saudi Arabia,2024-11,2606.0
Saudi Arabia,2024-12,1156.0
Saudi Arabia,2025-01,885.0
Saudi Arabia,2025-02,951.0
Saudi Arabia,2025-03,1212.0
Saudi Arabia,2025-04,2458.0
Saudi Arabia,2025-05,2538.0
Saudi Arabia,2025-06,2638.0
Saudi Arabia,2025-07,2573.0
Saudi Arabia,2025-08,1424.0
Saudi Arabia,2025-09,2690.0
Saudi Arabia,2025-10,2547.0
Saudi Arabia,2025-11,2950.0
Saudi Arabia,2025-12,1222.0
Saudi Arabia,2026-01,1715.0
Saudi Arabia,2026-02,496.0
Saudi Arabia,2026-03,817.0
Saudi Arabia,2026-04,935.0
Senegal,2019-01,52.0
Senegal,2019-02,48.0
Senegal,2019-03,80.0
Senegal,2019-04,49.0
Senegal,2019-05,62.0
Senegal,2019-06,90.0
Senegal,2019-07,54.0
Senegal,2019-08,144.0
Senegal,2019-09,101.0
Senegal,2019-10,68.0
Senegal,2019-11,96.0
Senegal,2019-12,97.0
Senegal,2020-01,75.0
Senegal,2020-02,55.0
Senegal,2020-03,39.0
Senegal,2020-04,1.0
Senegal,2020-05,0.0
Senegal,2020-06,0.0
Senegal,2020-07,0.0
Senegal,2020-08,3.0
Senegal,2020-09,4.0
Senegal,2020-10,14.0
Senegal,2020-11,10.0
Senegal,2020-12,7.0
Senegal,2021-01,14.0
Senegal,2021-02,7.0
Senegal,2021-03,7.0
Senegal,2021-04,4.0
Senegal,2021-05,4.0
Senegal,2021-06,8.0
Senegal,2021-07,31.0
Senegal,2021-08,23.0
Senegal,2021-09,8.0
Senegal,2021-10,11.0
Senegal,2021-11,9.0
Senegal,2021-12,10.0
Senegal,2022-01,10.0
Senegal,2022-02,8.0
Senegal,2022-03,19.0
Senegal,2022-04,19.0
Senegal,2022-05,19.0
Senegal,2022-06,13.0
Senegal,2022-07,31.0
Senegal,2022-08,30.0
Senegal,2022-09,51.0
Senegal,2022-10,31.0
Senegal,2022-11,40.0
Senegal,2022-12,69.0
Senegal,2023-01,54.0
Senegal,2023-02,49.0
Senegal,2023-03,61.0
Senegal,2023-04,44.0
Senegal,2023-05,68.0
Senegal,2023-06,38.0
Senegal,2023-07,60.0
Senegal,2023-08,61.0
Senegal,2023-09,62.0
Senegal,2023-10,45.0
Senegal,2023-11,59.0
Senegal,2023-12,40.0
Senegal,2024-01,67.0
Senegal,2024-02,73.0
Senegal,2024-03,54.0
Senegal,2024-04,60.0
Senegal,2024-05,62.0
Senegal,2024-06,59.0
Senegal,2024-07,45.0
Senegal,2024-08,77.0
Senegal,2024-09,69.0
Senegal,2024-10,60.0
Senegal,2024-11,51.0
Senegal,2024-12,40.0
Senegal,2025-01,86.0
Senegal,2025-02,47.0
Senegal,2025-03,35.0
Senegal,2025-04,83.0
Senegal,2025-05,47.0
Senegal,2025-06,62.0
Senegal,2025-07,67.0
Senegal,2025-08,302.0
Senegal,2025-09,86.0
Senegal,2025-10,70.0
Senegal,2025-11,48.0
Senegal,2025-12,30.0
Senegal,2026-01,61.0
Senegal,2026-02,55.0
Senegal,2026-03,81.0
Senegal,2026-04,59.0
Serbia,2019-01,217.0
Serbia,2019-02,164.0
Serbia,2019-03,298.0
Serbia,2019-04,578.0
Serbia,2019-05,352.0
Serbia,2019-06,286.0
Serbia,2019-07,283.0
Serbia,2019-08,264.0
Serbia,2019-09,397.0
Serbia,2019-10,428.0
Serbia,2019-11,337.0
Serbia,2019-12,220.0
Serbia,2020-01,191.0
Serbia,2020-02,148.0
Serbia,2020-03,62.0
Serbia,2020-04,1.0
Serbia,2020-05,0.0
Serbia,2020-06,0.0
Serbia,2020-07,1.0
Serbia,2020-08,6.0
Serbia,2020-09,7.0
Serbia,2020-10,29.0
Serbia,2020-11,19.0
Serbia,2020-12,13.0
Serbia,2021-01,13.0
Serbia,2021-02,4.0
Serbia,2021-03,8.0
Serbia,2021-04,4.0
Serbia,2021-05,9.0
Serbia,2021-06,46.0
Serbia,2021-07,265.0
Serbia,2021-08,64.0
Serbia,2021-09,22.0
Serbia,2021-10,19.0
Serbia,2021-11,13.0
Serbia,2021-12,3.0
Serbia,2022-01,18.0
Serbia,2022-02,8.0
Serbia,2022-03,19.0
Serbia,2022-04,23.0
Serbia,2022-05,54.0
Serbia,2022-06,28.0
Serbia,2022-07,57.0
Serbia,2022-08,59.0
Serbia,2022-09,79.0
Serbia,2022-10,175.0
Serbia,2022-11,108.0
Serbia,2022-12,140.0
Serbia,2023-01,113.0
Serbia,2023-02,138.0
Serbia,2023-03,384.0
Serbia,2023-04,626.0
Serbia,2023-05,418.0
Serbia,2023-06,209.0
Serbia,2023-07,296.0
Serbia,2023-08,223.0
Serbia,2023-09,566.0
Serbia,2023-10,664.0
Serbia,2023-11,329.0
Serbia,2023-12,186.0
Serbia,2024-01,155.0
Serbia,2024-02,219.0
Serbia,2024-03,669.0
Serbia,2024-04,977.0
Serbia,2024-05,708.0
Serbia,2024-06,336.0
Serbia,2024-07,240.0
Serbia,2024-08,259.0
Serbia,2024-09,616.0
Serbia,2024-10,712.0
Serbia,2024-11,543.0
Serbia,2024-12,313.0
Serbia,2025-01,256.0
Serbia,2025-02,304.0
Serbia,2025-03,946.0
Serbia,2025-04,1142.0
Serbia,2025-05,912.0
Serbia,2025-06,443.0
Serbia,2025-07,330.0
Serbia,2025-08,396.0
Serbia,2025-09,896.0
Serbia,2025-10,1049.0
Serbia,2025-11,753.0
Serbia,2025-12,395.0
Serbia,2026-01,302.0
Serbia,2026-02,303.0
Serbia,2026-03,940.0
Serbia,2026-04,1272.0
Seychelles,2019-01,3.0
Seychelles,2019-02,3.0
Seychelles,2019-03,7.0
Seychelles,2019-04,7.0
Seychelles,2019-05,8.0
Seychelles,2019-06,5.0
Seychelles,2019-07,9.0
Seychelles,2019-08,34.0
Seychelles,2019-09,9.0
Seychelles,2019-10,15.0
Seychelles,2019-11,5.0
Seychelles,2019-12,3.0
Seychelles,2020-01,3.0
Seychelles,2020-02,0.0
Seychelles,2020-03,0.0
Seychelles,2020-04,0.0
Seychelles,2020-05,0.0
Seychelles,2020-06,0.0
Seychelles,2020-07,0.0
Seychelles,2020-08,1.0
Seychelles,2020-09,1.0
Seychelles,2020-10,1.0
Seychelles,2020-11,1.0
Seychelles,2020-12,0.0
Seychelles,2021-01,0.0
Seychelles,2021-02,0.0
Seychelles,2021-03,0.0
Seychelles,2021-04,0.0
Seychelles,2021-05,0.0
Seychelles,2021-06,0.0
Seychelles,2021-07,11.0
Seychelles,2021-08,0.0
Seychelles,2021-09,0.0
Seychelles,2021-10,0.0
Seychelles,2021-11,0.0
Seychelles,2021-12,0.0
Seychelles,2022-01,0.0
Seychelles,2022-02,0.0
Seychelles,2022-03,2.0
Seychelles,2022-04,0.0
Seychelles,2022-05,1.0
Seychelles,2022-06,0.0
Seychelles,2022-07,1.0
Seychelles,2022-08,3.0
Seychelles,2022-09,2.0
Seychelles,2022-10,1.0
Seychelles,2022-11,0.0
Seychelles,2022-12,2.0
Seychelles,2023-01,2.0
Seychelles,2023-02,2.0
Seychelles,2023-03,3.0
Seychelles,2023-04,8.0
Seychelles,2023-05,2.0
Seychelles,2023-06,9.0
Seychelles,2023-07,5.0
Seychelles,2023-08,15.0
Seychelles,2023-09,4.0
Seychelles,2023-10,9.0
Seychelles,2023-11,8.0
Seychelles,2023-12,9.0
Seychelles,2024-01,3.0
Seychelles,2024-02,6.0
Seychelles,2024-03,6.0
Seychelles,2024-04,10.0
Seychelles,2024-05,5.0
Seychelles,2024-06,4.0
Seychelles,2024-07,3.0
Seychelles,2024-08,24.0
Seychelles,2024-09,19.0
Seychelles,2024-10,7.0
Seychelles,2024-11,2.0
Seychelles,2024-12,8.0
Seychelles,2025-01,7.0
Seychelles,2025-02,2.0
Seychelles,2025-03,16.0
Seychelles,2025-04,16.0
Seychelles,2025-05,8.0
Seychelles,2025-06,14.0
Seychelles,2025-07,15.0
Seychelles,2025-08,50.0
Seychelles,2025-09,61.0
Seychelles,2025-10,14.0
Seychelles,2025-11,9.0
Seychelles,2025-12,7.0
Seychelles,2026-01,4.0
Seychelles,2026-02,8.0
Seychelles,2026-03,11.0
Seychelles,2026-04,8.0
Sierra Leone,2019-01,4.0
Sierra Leone,2019-02,5.0
Sierra Leone,2019-03,10.0
Sierra Leone,2019-04,1.0
Sierra Leone,2019-05,4.0
Sierra Leone,2019-06,13.0
Sierra Leone,2019-07,6.0
Sierra Leone,2019-08,41.0
Sierra Leone,2019-09,9.0
Sierra Leone,2019-10,17.0
Sierra Leone,2019-11,10.0
Sierra Leone,2019-12,3.0
Sierra Leone,2020-01,3.0
Sierra Leone,2020-02,5.0
Sierra Leone,2020-03,4.0
Sierra Leone,2020-04,0.0
Sierra Leone,2020-05,0.0
Sierra Leone,2020-06,0.0
Sierra Leone,2020-07,0.0
Sierra Leone,2020-08,1.0
Sierra Leone,2020-09,0.0
Sierra Leone,2020-10,2.0
Sierra Leone,2020-11,8.0
Sierra Leone,2020-12,1.0
Sierra Leone,2021-01,1.0
Sierra Leone,2021-02,1.0
Sierra Leone,2021-03,0.0
Sierra Leone,2021-04,0.0
Sierra Leone,2021-05,0.0
Sierra Leone,2021-06,0.0
Sierra Leone,2021-07,16.0
Sierra Leone,2021-08,10.0
Sierra Leone,2021-09,0.0
Sierra Leone,2021-10,1.0
Sierra Leone,2021-11,1.0
Sierra Leone,2021-12,0.0
Sierra Leone,2022-01,0.0
Sierra Leone,2022-02,0.0
Sierra Leone,2022-03,3.0
Sierra Leone,2022-04,3.0
Sierra Leone,2022-05,1.0
Sierra Leone,2022-06,1.0
Sierra Leone,2022-07,3.0
Sierra Leone,2022-08,4.0
Sierra Leone,2022-09,8.0
Sierra Leone,2022-10,9.0
Sierra Leone,2022-11,0.0
Sierra Leone,2022-12,0.0
Sierra Leone,2023-01,2.0
Sierra Leone,2023-02,1.0
Sierra Leone,2023-03,7.0
Sierra Leone,2023-04,6.0
Sierra Leone,2023-05,4.0
Sierra Leone,2023-06,11.0
Sierra Leone,2023-07,15.0
Sierra Leone,2023-08,8.0
Sierra Leone,2023-09,15.0
Sierra Leone,2023-10,14.0
Sierra Leone,2023-11,7.0
Sierra Leone,2023-12,1.0
Sierra Leone,2024-01,25.0
Sierra Leone,2024-02,9.0
Sierra Leone,2024-03,5.0
Sierra Leone,2024-04,4.0
Sierra Leone,2024-05,5.0
Sierra Leone,2024-06,8.0
Sierra Leone,2024-07,15.0
Sierra Leone,2024-08,6.0
Sierra Leone,2024-09,22.0
Sierra Leone,2024-10,10.0
Sierra Leone,2024-11,24.0
Sierra Leone,2024-12,12.0
Sierra Leone,2025-01,7.0
Sierra Leone,2025-02,7.0
Sierra Leone,2025-03,8.0
Sierra Leone,2025-04,9.0
Sierra Leone,2025-05,10.0
Sierra Leone,2025-06,9.0
Sierra Leone,2025-07,13.0
Sierra Leone,2025-08,32.0
Sierra Leone,2025-09,23.0
Sierra Leone,2025-10,8.0
Sierra Leone,2025-11,13.0
Sierra Leone,2025-12,8.0
Sierra Leone,2026-01,14.0
Sierra Leone,2026-02,3.0
Sierra Leone,2026-03,12.0
Sierra Leone,2026-04,7.0
Singapore,2019-01,22676.0
Singapore,2019-02,26102.0
Singapore,2019-03,43687.0
Singapore,2019-04,36704.0
Singapore,2019-05,37650.0
Singapore,2019-06,47264.0
Singapore,2019-07,21716.0
Singapore,2019-08,19698.0
Singapore,2019-09,29147.0
Singapore,2019-10,41937.0
Singapore,2019-11,65295.0
Singapore,2019-12,100376.0
Singapore,2020-01,30180.0
Singapore,2020-02,19551.0
Singapore,2020-03,5050.0
Singapore,2020-04,1.0
Singapore,2020-05,0.0
Singapore,2020-06,5.0
Singapore,2020-07,13.0
Singapore,2020-08,21.0
Singapore,2020-09,30.0
Singapore,2020-10,140.0
Singapore,2020-11,161.0
Singapore,2020-12,121.0
Singapore,2021-01,85.0
Singapore,2021-02,48.0
Singapore,2021-03,61.0
Singapore,2021-04,40.0
Singapore,2021-05,37.0
Singapore,2021-06,40.0
Singapore,2021-07,172.0
Singapore,2021-08,92.0
Singapore,2021-09,70.0
Singapore,2021-10,66.0
Singapore,2021-11,95.0
Singapore,2021-12,51.0
Singapore,2022-01,72.0
Singapore,2022-02,86.0
Singapore,2022-03,294.0
Singapore,2022-04,597.0
Singapore,2022-05,1215.0
Singapore,2022-06,1388.0
Singapore,2022-07,1967.0
Singapore,2022-08,1763.0
Singapore,2022-09,2887.0
Singapore,2022-10,14336.0
Singapore,2022-11,40321.0
Singapore,2022-12,67043.0
Singapore,2023-01,26658.0
Singapore,2023-02,27078.0
Singapore,2023-03,52671.0
Singapore,2023-04,41982.0
Singapore,2023-05,49746.0
Singapore,2023-06,54568.0
Singapore,2023-07,25320.0
Singapore,2023-08,20276.0
Singapore,2023-09,38105.0
Singapore,2023-10,55116.0
Singapore,2023-11,86052.0
Singapore,2023-12,113695.0
Singapore,2024-01,34140.0
Singapore,2024-02,36915.0
Singapore,2024-03,61047.0
Singapore,2024-04,46324.0
Singapore,2024-05,62676.0
Singapore,2024-06,58925.0
Singapore,2024-07,28115.0
Singapore,2024-08,24781.0
Singapore,2024-09,37433.0
Singapore,2024-10,68790.0
Singapore,2024-11,95830.0
Singapore,2024-12,136250.0
Singapore,2025-01,45707.0
Singapore,2025-02,42270.0
Singapore,2025-03,65297.0
Singapore,2025-04,59996.0
Singapore,2025-05,63257.0
Singapore,2025-06,68629.0
Singapore,2025-07,24304.0
Singapore,2025-08,20512.0
Singapore,2025-09,40495.0
Singapore,2025-10,65745.0
Singapore,2025-11,89393.0
Singapore,2025-12,140646.0
Singapore,2026-01,48476.0
Singapore,2026-02,51288.0
Singapore,2026-03,70983.0
Singapore,2026-04,62940.0
Slovakia,2019-01,265.0
Slovakia,2019-02,314.0
Slovakia,2019-03,514.0
Slovakia,2019-04,721.0
Slovakia,2019-05,614.0
Slovakia,2019-06,424.0
Slovakia,2019-07,543.0
Slovakia,2019-08,494.0
Slovakia,2019-09,579.0
Slovakia,2019-10,617.0
Slovakia,2019-11,458.0
Slovakia,2019-12,293.0
Slovakia,2020-01,279.0
Slovakia,2020-02,253.0
Slovakia,2020-03,108.0
Slovakia,2020-04,0.0
Slovakia,2020-05,0.0
Slovakia,2020-06,0.0
Slovakia,2020-07,0.0
Slovakia,2020-08,1.0
Slovakia,2020-09,3.0
Slovakia,2020-10,3.0
Slovakia,2020-11,14.0
Slovakia,2020-12,3.0
Slovakia,2021-01,3.0
Slovakia,2021-02,1.0
Slovakia,2021-03,5.0
Slovakia,2021-04,1.0
Slovakia,2021-05,6.0
Slovakia,2021-06,6.0
Slovakia,2021-07,231.0
Slovakia,2021-08,87.0
Slovakia,2021-09,9.0
Slovakia,2021-10,17.0
Slovakia,2021-11,9.0
Slovakia,2021-12,2.0
Slovakia,2022-01,6.0
Slovakia,2022-02,2.0
Slovakia,2022-03,17.0
Slovakia,2022-04,27.0
Slovakia,2022-05,29.0
Slovakia,2022-06,25.0
Slovakia,2022-07,69.0
Slovakia,2022-08,67.0
Slovakia,2022-09,84.0
Slovakia,2022-10,240.0
Slovakia,2022-11,220.0
Slovakia,2022-12,163.0
Slovakia,2023-01,180.0
Slovakia,2023-02,221.0
Slovakia,2023-03,416.0
Slovakia,2023-04,580.0
Slovakia,2023-05,559.0
Slovakia,2023-06,498.0
Slovakia,2023-07,595.0
Slovakia,2023-08,575.0
Slovakia,2023-09,603.0
Slovakia,2023-10,676.0
Slovakia,2023-11,488.0
Slovakia,2023-12,271.0
Slovakia,2024-01,280.0
Slovakia,2024-02,360.0
Slovakia,2024-03,757.0
Slovakia,2024-04,1051.0
Slovakia,2024-05,1027.0
Slovakia,2024-06,606.0
Slovakia,2024-07,773.0
Slovakia,2024-08,742.0
Slovakia,2024-09,909.0
Slovakia,2024-10,1085.0
Slovakia,2024-11,713.0
Slovakia,2024-12,396.0
Slovakia,2025-01,383.0
Slovakia,2025-02,641.0
Slovakia,2025-03,1189.0
Slovakia,2025-04,1892.0
Slovakia,2025-05,1567.0
Slovakia,2025-06,1122.0
Slovakia,2025-07,1053.0
Slovakia,2025-08,1248.0
Slovakia,2025-09,1752.0
Slovakia,2025-10,1395.0
Slovakia,2025-11,870.0
Slovakia,2025-12,431.0
Slovakia,2026-01,479.0
Slovakia,2026-02,616.0
Slovakia,2026-03,1208.0
Slovakia,2026-04,1333.0
Slovenia,2019-01,176.0
Slovenia,2019-02,164.0
Slovenia,2019-03,304.0
Slovenia,2019-04,439.0
Slovenia,2019-05,237.0
Slovenia,2019-06,211.0
Slovenia,2019-07,280.0
Slovenia,2019-08,309.0
Slovenia,2019-09,300.0
Slovenia,2019-10,397.0
Slovenia,2019-11,356.0
Slovenia,2019-12,174.0
Slovenia,2020-01,197.0
Slovenia,2020-02,220.0
Slovenia,2020-03,60.0
Slovenia,2020-04,0.0
Slovenia,2020-05,0.0
Slovenia,2020-06,0.0
Slovenia,2020-07,0.0
Slovenia,2020-08,5.0
Slovenia,2020-09,3.0
Slovenia,2020-10,3.0
Slovenia,2020-11,4.0
Slovenia,2020-12,1.0
Slovenia,2021-01,1.0
Slovenia,2021-02,1.0
Slovenia,2021-03,2.0
Slovenia,2021-04,9.0
Slovenia,2021-05,6.0
Slovenia,2021-06,2.0
Slovenia,2021-07,219.0
Slovenia,2021-08,48.0
Slovenia,2021-09,2.0
Slovenia,2021-10,16.0
Slovenia,2021-11,1.0
Slovenia,2021-12,1.0
Slovenia,2022-01,5.0
Slovenia,2022-02,0.0
Slovenia,2022-03,11.0
Slovenia,2022-04,11.0
Slovenia,2022-05,37.0
Slovenia,2022-06,34.0
Slovenia,2022-07,60.0
Slovenia,2022-08,45.0
Slovenia,2022-09,89.0
Slovenia,2022-10,126.0
Slovenia,2022-11,160.0
Slovenia,2022-12,98.0
Slovenia,2023-01,164.0
Slovenia,2023-02,137.0
Slovenia,2023-03,367.0
Slovenia,2023-04,495.0
Slovenia,2023-05,268.0
Slovenia,2023-06,233.0
Slovenia,2023-07,392.0
Slovenia,2023-08,319.0
Slovenia,2023-09,450.0
Slovenia,2023-10,547.0
Slovenia,2023-11,271.0
Slovenia,2023-12,136.0
Slovenia,2024-01,181.0
Slovenia,2024-02,248.0
Slovenia,2024-03,717.0
Slovenia,2024-04,824.0
Slovenia,2024-05,446.0
Slovenia,2024-06,397.0
Slovenia,2024-07,534.0
Slovenia,2024-08,318.0
Slovenia,2024-09,550.0
Slovenia,2024-10,1044.0
Slovenia,2024-11,529.0
Slovenia,2024-12,250.0
Slovenia,2025-01,247.0
Slovenia,2025-02,417.0
Slovenia,2025-03,933.0
Slovenia,2025-04,1624.0
Slovenia,2025-05,1004.0
Slovenia,2025-06,518.0
Slovenia,2025-07,689.0
Slovenia,2025-08,530.0
Slovenia,2025-09,1622.0
Slovenia,2025-10,1434.0
Slovenia,2025-11,716.0
Slovenia,2025-12,273.0
Slovenia,2026-01,324.0
Slovenia,2026-02,418.0
Slovenia,2026-03,942.0
Slovenia,2026-04,1458.0
Solomon,2019-01,41.0
Solomon,2019-02,12.0
Solomon,2019-03,35.0
Solomon,2019-04,4.0
Solomon,2019-05,7.0
Solomon,2019-06,17.0
Solomon,2019-07,23.0
Solomon,2019-08,9.0
Solomon,2019-09,48.0
Solomon,2019-10,24.0
Solomon,2019-11,16.0
Solomon,2019-12,11.0
Solomon,2020-01,30.0
Solomon,2020-02,12.0
Solomon,2020-03,0.0
Solomon,2020-04,0.0
Solomon,2020-05,0.0
Solomon,2020-06,0.0
Solomon,2020-07,0.0
Solomon,2020-08,0.0
Solomon,2020-09,0.0
Solomon,2020-10,0.0
Solomon,2020-11,0.0
Solomon,2020-12,0.0
Solomon,2021-01,0.0
Solomon,2021-02,0.0
Solomon,2021-03,0.0
Solomon,2021-04,0.0
Solomon,2021-05,0.0
Solomon,2021-06,5.0
Solomon,2021-07,10.0
Solomon,2021-08,1.0
Solomon,2021-09,1.0
Solomon,2021-10,1.0
Solomon,2021-11,1.0
Solomon,2021-12,0.0
Solomon,2022-01,0.0
Solomon,2022-02,1.0
Solomon,2022-03,1.0
Solomon,2022-04,2.0
Solomon,2022-05,7.0
Solomon,2022-06,1.0
Solomon,2022-07,2.0
Solomon,2022-08,0.0
Solomon,2022-09,10.0
Solomon,2022-10,15.0
Solomon,2022-11,1.0
Solomon,2022-12,0.0
Solomon,2023-01,18.0
Solomon,2023-02,3.0
Solomon,2023-03,6.0
Solomon,2023-04,3.0
Solomon,2023-05,9.0
Solomon,2023-06,10.0
Solomon,2023-07,20.0
Solomon,2023-08,5.0
Solomon,2023-09,28.0
Solomon,2023-10,9.0
Solomon,2023-11,7.0
Solomon,2023-12,8.0
Solomon,2024-01,24.0
Solomon,2024-02,9.0
Solomon,2024-03,11.0
Solomon,2024-04,7.0
Solomon,2024-05,8.0
Solomon,2024-06,17.0
Solomon,2024-07,20.0
Solomon,2024-08,10.0
Solomon,2024-09,23.0
Solomon,2024-10,17.0
Solomon,2024-11,19.0
Solomon,2024-12,6.0
Solomon,2025-01,22.0
Solomon,2025-02,14.0
Solomon,2025-03,21.0
Solomon,2025-04,12.0
Solomon,2025-05,14.0
Solomon,2025-06,13.0
Solomon,2025-07,24.0
Solomon,2025-08,21.0
Solomon,2025-09,48.0
Solomon,2025-10,29.0
Solomon,2025-11,15.0
Solomon,2025-12,6.0
Solomon,2026-01,18.0
Solomon,2026-02,7.0
Solomon,2026-03,12.0
Solomon,2026-04,5.0
Somalia,2019-01,3.0
Somalia,2019-02,2.0
Somalia,2019-03,6.0
Somalia,2019-04,6.0
Somalia,2019-05,9.0
Somalia,2019-06,18.0
Somalia,2019-07,4.0
Somalia,2019-08,19.0
Somalia,2019-09,5.0
Somalia,2019-10,8.0
Somalia,2019-11,5.0
Somalia,2019-12,1.0
Somalia,2020-01,11.0
Somalia,2020-02,3.0
Somalia,2020-03,0.0
Somalia,2020-04,0.0
Somalia,2020-05,0.0
Somalia,2020-06,0.0
Somalia,2020-07,0.0
Somalia,2020-08,1.0
Somalia,2020-09,0.0
Somalia,2020-10,1.0
Somalia,2020-11,6.0
Somalia,2020-12,3.0
Somalia,2021-01,0.0
Somalia,2021-02,0.0
Somalia,2021-03,0.0
Somalia,2021-04,1.0
Somalia,2021-05,0.0
Somalia,2021-06,0.0
Somalia,2021-07,3.0
Somalia,2021-08,8.0
Somalia,2021-09,1.0
Somalia,2021-10,1.0
Somalia,2021-11,0.0
Somalia,2021-12,0.0
Somalia,2022-01,1.0
Somalia,2022-02,0.0
Somalia,2022-03,1.0
Somalia,2022-04,6.0
Somalia,2022-05,2.0
Somalia,2022-06,0.0
Somalia,2022-07,0.0
Somalia,2022-08,2.0
Somalia,2022-09,4.0
Somalia,2022-10,7.0
Somalia,2022-11,6.0
Somalia,2022-12,3.0
Somalia,2023-01,9.0
Somalia,2023-02,1.0
Somalia,2023-03,6.0
Somalia,2023-04,1.0
Somalia,2023-05,4.0
Somalia,2023-06,8.0
Somalia,2023-07,2.0
Somalia,2023-08,15.0
Somalia,2023-09,14.0
Somalia,2023-10,9.0
Somalia,2023-11,3.0
Somalia,2023-12,5.0
Somalia,2024-01,1.0
Somalia,2024-02,2.0
Somalia,2024-03,11.0
Somalia,2024-04,10.0
Somalia,2024-05,17.0
Somalia,2024-06,11.0
Somalia,2024-07,6.0
Somalia,2024-08,12.0
Somalia,2024-09,11.0
Somalia,2024-10,10.0
Somalia,2024-11,10.0
Somalia,2024-12,7.0
Somalia,2025-01,6.0
Somalia,2025-02,6.0
Somalia,2025-03,8.0
Somalia,2025-04,14.0
Somalia,2025-05,8.0
Somalia,2025-06,2.0
Somalia,2025-07,5.0
Somalia,2025-08,14.0
Somalia,2025-09,12.0
Somalia,2025-10,18.0
Somalia,2025-11,13.0
Somalia,2025-12,3.0
Somalia,2026-01,7.0
Somalia,2026-02,3.0
Somalia,2026-03,5.0
Somalia,2026-04,6.0
South Korea,2019-01,779383.0
South Korea,2019-02,715804.0
South Korea,2019-03,585586.0
South Korea,2019-04,566624.0
South Korea,2019-05,603394.0
South Korea,2019-06,611867.0
South Korea,2019-07,561675.0
South Korea,2019-08,308730.0
South Korea,2019-09,201252.0
South Korea,2019-10,197281.0
South Korea,2019-11,205042.0
South Korea,2019-12,247959.0
South Korea,2020-01,316812.0
South Korea,2020-02,143896.0
South Korea,2020-03,16669.0
South Korea,2020-04,299.0
South Korea,2020-05,18.0
South Korea,2020-06,122.0
South Korea,2020-07,294.0
South Korea,2020-08,749.0
South Korea,2020-09,1426.0
South Korea,2020-10,2021.0
South Korea,2020-11,2825.0
South Korea,2020-12,2808.0
South Korea,2021-01,2535.0
South Korea,2021-02,910.0
South Korea,2021-03,1956.0
South Korea,2021-04,1076.0
South Korea,2021-05,950.0
South Korea,2021-06,835.0
South Korea,2021-07,1808.0
South Korea,2021-08,1647.0
South Korea,2021-09,2224.0
South Korea,2021-10,1921.0
South Korea,2021-11,2021.0
South Korea,2021-12,1064.0
South Korea,2022-01,1264.0
South Korea,2022-02,913.0
South Korea,2022-03,6694.0
South Korea,2022-04,7699.0
South Korea,2022-05,8805.0
South Korea,2022-06,11168.0
South Korea,2022-07,20384.0
South Korea,2022-08,28515.0
South Korea,2022-09,32764.0
South Korea,2022-10,122959.0
South Korea,2022-11,315421.0
South Korea,2022-12,456165.0
South Korea,2023-01,565251.0
South Korea,2023-02,568622.0
South Korea,2023-03,466810.0
South Korea,2023-04,466987.0
South Korea,2023-05,515717.0
South Korea,2023-06,545089.0
South Korea,2023-07,626830.0
South Korea,2023-08,569092.0
South Korea,2023-09,570369.0
South Korea,2023-10,631124.0
South Korea,2023-11,649877.0
South Korea,2023-12,782726.0
South Korea,2024-01,857039.0
South Korea,2024-02,818562.0
South Korea,2024-03,663102.0
South Korea,2024-04,661259.0
South Korea,2024-05,738872.0
South Korea,2024-06,703277.0
South Korea,2024-07,757679.0
South Korea,2024-08,612172.0
South Korea,2024-09,656753.0
South Korea,2024-10,732167.0
South Korea,2024-11,749506.0
South Korea,2024-12,867377.0
South Korea,2025-01,967100.0
South Korea,2025-02,847358.0
South Korea,2025-03,691725.0
South Korea,2025-04,721672.0
South Korea,2025-05,825883.0
South Korea,2025-06,729860.0
South Korea,2025-07,678566.0
South Korea,2025-08,660917.0
South Korea,2025-09,670563.0
South Korea,2025-10,867261.0
South Korea,2025-11,824567.0
South Korea,2025-12,974239.0
South Korea,2026-01,1176089.0
South Korea,2026-02,1086381.0
South Korea,2026-03,795612.0
South Korea,2026-04,878579.0
Spain,2019-01,4382.0
Spain,2019-02,4533.0
Spain,2019-03,8916.0
Spain,2019-04,13858.0
Spain,2019-05,9971.0
Spain,2019-06,9762.0
Spain,2019-07,15771.0
Spain,2019-08,20009.0
Spain,2019-09,11472.0
Spain,2019-10,13739.0
Spain,2019-11,10535.0
Spain,2019-12,7295.0
Spain,2020-01,5157.0
Spain,2020-02,4329.0
Spain,2020-03,1765.0
Spain,2020-04,4.0
Spain,2020-05,2.0
Spain,2020-06,10.0
Spain,2020-07,28.0
Spain,2020-08,46.0
Spain,2020-09,65.0
Spain,2020-10,100.0
Spain,2020-11,101.0
Spain,2020-12,134.0
Spain,2021-01,174.0
Spain,2021-02,38.0
Spain,2021-03,83.0
Spain,2021-04,79.0
Spain,2021-05,158.0
Spain,2021-06,108.0
Spain,2021-07,1433.0
Spain,2021-08,575.0
Spain,2021-09,126.0
Spain,2021-10,130.0
Spain,2021-11,87.0
Spain,2021-12,62.0
Spain,2022-01,301.0
Spain,2022-02,53.0
Spain,2022-03,262.0
Spain,2022-04,444.0
Spain,2022-05,517.0
Spain,2022-06,539.0
Spain,2022-07,816.0
Spain,2022-08,1116.0
Spain,2022-09,1952.0
Spain,2022-10,2819.0
Spain,2022-11,3622.0
Spain,2022-12,3485.0
Spain,2023-01,3075.0
Spain,2023-02,3322.0
Spain,2023-03,7557.0
Spain,2023-04,8302.0
Spain,2023-05,8581.0
Spain,2023-06,8693.0
Spain,2023-07,12985.0
Spain,2023-08,17283.0
Spain,2023-09,13192.0
Spain,2023-10,15515.0
Spain,2023-11,11007.0
Spain,2023-12,6361.0
Spain,2024-01,4769.0
Spain,2024-02,6323.0
Spain,2024-03,16797.0
Spain,2024-04,11722.0
Spain,2024-05,13417.0
Spain,2024-06,12907.0
Spain,2024-07,18687.0
Spain,2024-08,25906.0
Spain,2024-09,19052.0
Spain,2024-10,23391.0
Spain,2024-11,18810.0
Spain,2024-12,10503.0
Spain,2025-01,7401.0
Spain,2025-02,9827.0
Spain,2025-03,17826.0
Spain,2025-04,24248.0
Spain,2025-05,20799.0
Spain,2025-06,18160.0
Spain,2025-07,24056.0
Spain,2025-08,31990.0
Spain,2025-09,24700.0
Spain,2025-10,28749.0
Spain,2025-11,24213.0
Spain,2025-12,13607.0
Spain,2026-01,10078.0
Spain,2026-02,10235.0
Spain,2026-03,24263.0
Spain,2026-04,19045.0
Sri Lanka,2019-01,2846.0
Sri Lanka,2019-02,1733.0
Sri Lanka,2019-03,2349.0
Sri Lanka,2019-04,3720.0
Sri Lanka,2019-05,1846.0
Sri Lanka,2019-06,1860.0
Sri Lanka,2019-07,1878.0
Sri Lanka,2019-08,2831.0
Sri Lanka,2019-09,3186.0
Sri Lanka,2019-10,2560.0
Sri Lanka,2019-11,1788.0
Sri Lanka,2019-12,1783.0
Sri Lanka,2020-01,2738.0
Sri Lanka,2020-02,1565.0
Sri Lanka,2020-03,1199.0
Sri Lanka,2020-04,131.0
Sri Lanka,2020-05,286.0
Sri Lanka,2020-06,319.0
Sri Lanka,2020-07,178.0
Sri Lanka,2020-08,106.0
Sri Lanka,2020-09,160.0
Sri Lanka,2020-10,627.0
Sri Lanka,2020-11,645.0
Sri Lanka,2020-12,964.0
Sri Lanka,2021-01,360.0
Sri Lanka,2021-02,112.0
Sri Lanka,2021-03,140.0
Sri Lanka,2021-04,130.0
Sri Lanka,2021-05,223.0
Sri Lanka,2021-06,24.0
Sri Lanka,2021-07,101.0
Sri Lanka,2021-08,96.0
Sri Lanka,2021-09,383.0
Sri Lanka,2021-10,380.0
Sri Lanka,2021-11,666.0
Sri Lanka,2021-12,512.0
Sri Lanka,2022-01,563.0
Sri Lanka,2022-02,849.0
Sri Lanka,2022-03,1368.0
Sri Lanka,2022-04,2720.0
Sri Lanka,2022-05,2399.0
Sri Lanka,2022-06,2052.0
Sri Lanka,2022-07,1709.0
Sri Lanka,2022-08,1856.0
Sri Lanka,2022-09,2232.0
Sri Lanka,2022-10,2271.0
Sri Lanka,2022-11,1781.0
Sri Lanka,2022-12,1736.0
Sri Lanka,2023-01,2631.0
Sri Lanka,2023-02,2079.0
Sri Lanka,2023-03,3201.0
Sri Lanka,2023-04,4502.0
Sri Lanka,2023-05,3121.0
Sri Lanka,2023-06,2342.0
Sri Lanka,2023-07,2964.0
Sri Lanka,2023-08,2815.0
Sri Lanka,2023-09,3772.0
Sri Lanka,2023-10,4432.0
Sri Lanka,2023-11,2566.0
Sri Lanka,2023-12,2317.0
Sri Lanka,2024-01,3201.0
Sri Lanka,2024-02,2577.0
Sri Lanka,2024-03,4112.0
Sri Lanka,2024-04,6559.0
Sri Lanka,2024-05,4039.0
Sri Lanka,2024-06,3410.0
Sri Lanka,2024-07,3642.0
Sri Lanka,2024-08,4288.0
Sri Lanka,2024-09,5040.0
Sri Lanka,2024-10,5342.0
Sri Lanka,2024-11,3489.0
Sri Lanka,2024-12,3316.0
Sri Lanka,2025-01,4379.0
Sri Lanka,2025-02,2976.0
Sri Lanka,2025-03,4726.0
Sri Lanka,2025-04,8346.0
Sri Lanka,2025-05,4243.0
Sri Lanka,2025-06,3749.0
Sri Lanka,2025-07,3584.0
Sri Lanka,2025-08,5169.0
Sri Lanka,2025-09,5393.0
Sri Lanka,2025-10,4756.0
Sri Lanka,2025-11,3488.0
Sri Lanka,2025-12,3175.0
Sri Lanka,2026-01,4534.0
Sri Lanka,2026-02,2662.0
Sri Lanka,2026-03,4868.0
Sri Lanka,2026-04,8923.0
Stateless and others,2019-01,45.0
Stateless and others,2019-02,48.0
Stateless and others,2019-03,60.0
Stateless and others,2019-04,67.0
Stateless and others,2019-05,66.0
Stateless and others,2019-06,72.0
Stateless and others,2019-07,62.0
Stateless and others,2019-08,61.0
Stateless and others,2019-09,51.0
Stateless and others,2019-10,74.0
Stateless and others,2019-11,55.0
Stateless and others,2019-12,67.0
Stateless and others,2020-01,54.0
Stateless and others,2020-02,29.0
Stateless and others,2020-03,12.0
Stateless and others,2020-04,0.0
Stateless and others,2020-05,0.0
Stateless and others,2020-06,1.0
Stateless and others,2020-07,0.0
Stateless and others,2020-08,1.0
Stateless and others,2020-09,4.0
Stateless and others,2020-10,3.0
Stateless and others,2020-11,1.0
Stateless and others,2020-12,2.0
Stateless and others,2021-01,2.0
Stateless and others,2021-02,3.0
Stateless and others,2021-03,2.0
Stateless and others,2021-04,2.0
Stateless and others,2021-05,2.0
Stateless and others,2021-06,1.0
Stateless and others,2021-07,14.0
Stateless and others,2021-08,2.0
Stateless and others,2021-09,2.0
Stateless and others,2021-10,2.0
Stateless and others,2021-11,0.0
Stateless and others,2021-12,1.0
Stateless and others,2022-01,3.0
Stateless and others,2022-02,0.0
Stateless and others,2022-03,7.0
Stateless and others,2022-04,3.0
Stateless and others,2022-05,3.0
Stateless and others,2022-06,9.0
Stateless and others,2022-07,11.0
Stateless and others,2022-08,9.0
Stateless and others,2022-09,15.0
Stateless and others,2022-10,13.0
Stateless and others,2022-11,22.0
Stateless and others,2022-12,23.0
Stateless and others,2023-01,27.0
Stateless and others,2023-02,22.0
Stateless and others,2023-03,53.0
Stateless and others,2023-04,24.0
Stateless and others,2023-05,26.0
Stateless and others,2023-06,29.0
Stateless and others,2023-07,42.0
Stateless and others,2023-08,32.0
Stateless and others,2023-09,40.0
Stateless and others,2023-10,55.0
Stateless and others,2023-11,68.0
Stateless and others,2023-12,53.0
Stateless and others,2024-01,34.0
Stateless and others,2024-02,35.0
Stateless and others,2024-03,63.0
Stateless and others,2024-04,48.0
Stateless and others,2024-05,45.0
Stateless and others,2024-06,65.0
Stateless and others,2024-07,21.0
Stateless and others,2024-08,36.0
Stateless and others,2024-09,42.0
Stateless and others,2024-10,55.0
Stateless and others,2024-11,64.0
Stateless and others,2024-12,43.0
Stateless and others,2025-01,34.0
Stateless and others,2025-02,45.0
Stateless and others,2025-03,57.0
Stateless and others,2025-04,73.0
Stateless and others,2025-05,70.0
Stateless and others,2025-06,69.0
Stateless and others,2025-07,52.0
Stateless and others,2025-08,55.0
Stateless and others,2025-09,45.0
Stateless and others,2025-10,56.0
Stateless and others,2025-11,64.0
Stateless and others,2025-12,56.0
Stateless and others,2026-01,50.0
Stateless and others,2026-02,41.0
Stateless and others,2026-03,71.0
Stateless and others,2026-04,55.0
Sudan,2019-01,41.0
Sudan,2019-02,44.0
Sudan,2019-03,48.0
Sudan,2019-04,53.0
Sudan,2019-05,21.0
Sudan,2019-06,34.0
Sudan,2019-07,67.0
Sudan,2019-08,49.0
Sudan,2019-09,59.0
Sudan,2019-10,58.0
Sudan,2019-11,77.0
Sudan,2019-12,43.0
Sudan,2020-01,39.0
Sudan,2020-02,45.0
Sudan,2020-03,10.0
Sudan,2020-04,0.0
Sudan,2020-05,0.0
Sudan,2020-06,0.0
Sudan,2020-07,0.0
Sudan,2020-08,5.0
Sudan,2020-09,10.0
Sudan,2020-10,11.0
Sudan,2020-11,10.0
Sudan,2020-12,5.0
Sudan,2021-01,10.0
Sudan,2021-02,2.0
Sudan,2021-03,6.0
Sudan,2021-04,0.0
Sudan,2021-05,3.0
Sudan,2021-06,8.0
Sudan,2021-07,20.0
Sudan,2021-08,8.0
Sudan,2021-09,16.0
Sudan,2021-10,7.0
Sudan,2021-11,4.0
Sudan,2021-12,3.0
Sudan,2022-01,10.0
Sudan,2022-02,7.0
Sudan,2022-03,9.0
Sudan,2022-04,19.0
Sudan,2022-05,15.0
Sudan,2022-06,5.0
Sudan,2022-07,18.0
Sudan,2022-08,22.0
Sudan,2022-09,24.0
Sudan,2022-10,30.0
Sudan,2022-11,32.0
Sudan,2022-12,23.0
Sudan,2023-01,45.0
Sudan,2023-02,21.0
Sudan,2023-03,37.0
Sudan,2023-04,17.0
Sudan,2023-05,41.0
Sudan,2023-06,17.0
Sudan,2023-07,30.0
Sudan,2023-08,25.0
Sudan,2023-09,47.0
Sudan,2023-10,27.0
Sudan,2023-11,37.0
Sudan,2023-12,32.0
Sudan,2024-01,20.0
Sudan,2024-02,36.0
Sudan,2024-03,19.0
Sudan,2024-04,17.0
Sudan,2024-05,52.0
Sudan,2024-06,49.0
Sudan,2024-07,33.0
Sudan,2024-08,32.0
Sudan,2024-09,39.0
Sudan,2024-10,50.0
Sudan,2024-11,48.0
Sudan,2024-12,30.0
Sudan,2025-01,44.0
Sudan,2025-02,49.0
Sudan,2025-03,30.0
Sudan,2025-04,71.0
Sudan,2025-05,41.0
Sudan,2025-06,52.0
Sudan,2025-07,62.0
Sudan,2025-08,107.0
Sudan,2025-09,71.0
Sudan,2025-10,61.0
Sudan,2025-11,52.0
Sudan,2025-12,46.0
Sudan,2026-01,41.0
Sudan,2026-02,22.0
Sudan,2026-03,23.0
Sudan,2026-04,33.0
Suriname,2019-01,3.0
Suriname,2019-02,7.0
Suriname,2019-03,18.0
Suriname,2019-04,15.0
Suriname,2019-05,22.0
Suriname,2019-06,19.0
Suriname,2019-07,18.0
Suriname,2019-08,16.0
Suriname,2019-09,40.0
Suriname,2019-10,17.0
Suriname,2019-11,6.0
Suriname,2019-12,7.0
Suriname,2020-01,11.0
Suriname,2020-02,6.0
Suriname,2020-03,1.0
Suriname,2020-04,0.0
Suriname,2020-05,0.0
Suriname,2020-06,0.0
Suriname,2020-07,0.0
Suriname,2020-08,0.0
Suriname,2020-09,0.0
Suriname,2020-10,0.0
Suriname,2020-11,0.0
Suriname,2020-12,0.0
Suriname,2021-01,0.0
Suriname,2021-02,0.0
Suriname,2021-03,0.0
Suriname,2021-04,0.0
Suriname,2021-05,0.0
Suriname,2021-06,0.0
Suriname,2021-07,8.0
Suriname,2021-08,0.0
Suriname,2021-09,0.0
Suriname,2021-10,0.0
Suriname,2021-11,0.0
Suriname,2021-12,0.0
Suriname,2022-01,0.0
Suriname,2022-02,0.0
Suriname,2022-03,0.0
Suriname,2022-04,0.0
Suriname,2022-05,1.0
Suriname,2022-06,0.0
Suriname,2022-07,1.0
Suriname,2022-08,0.0
Suriname,2022-09,2.0
Suriname,2022-10,8.0
Suriname,2022-11,3.0
Suriname,2022-12,6.0
Suriname,2023-01,6.0
Suriname,2023-02,5.0
Suriname,2023-03,6.0
Suriname,2023-04,4.0
Suriname,2023-05,2.0
Suriname,2023-06,10.0
Suriname,2023-07,21.0
Suriname,2023-08,8.0
Suriname,2023-09,17.0
Suriname,2023-10,18.0
Suriname,2023-11,9.0
Suriname,2023-12,3.0
Suriname,2024-01,6.0
Suriname,2024-02,6.0
Suriname,2024-03,10.0
Suriname,2024-04,17.0
Suriname,2024-05,28.0
Suriname,2024-06,16.0
Suriname,2024-07,10.0
Suriname,2024-08,13.0
Suriname,2024-09,39.0
Suriname,2024-10,22.0
Suriname,2024-11,15.0
Suriname,2024-12,11.0
Suriname,2025-01,9.0
Suriname,2025-02,6.0
Suriname,2025-03,20.0
Suriname,2025-04,33.0
Suriname,2025-05,22.0
Suriname,2025-06,29.0
Suriname,2025-07,23.0
Suriname,2025-08,35.0
Suriname,2025-09,87.0
Suriname,2025-10,23.0
Suriname,2025-11,6.0
Suriname,2025-12,6.0
Suriname,2026-01,7.0
Suriname,2026-02,10.0
Suriname,2026-03,22.0
Suriname,2026-04,31.0
Sweden,2019-01,3509.0
Sweden,2019-02,3228.0
Sweden,2019-03,5461.0
Sweden,2019-04,6702.0
Sweden,2019-05,4171.0
Sweden,2019-06,5321.0
Sweden,2019-07,4364.0
Sweden,2019-08,2669.0
Sweden,2019-09,3664.0
Sweden,2019-10,5909.0
Sweden,2019-11,4843.0
Sweden,2019-12,3995.0
Sweden,2020-01,3499.0
Sweden,2020-02,2880.0
Sweden,2020-03,973.0
Sweden,2020-04,0.0
Sweden,2020-05,0.0
Sweden,2020-06,4.0
Sweden,2020-07,9.0
Sweden,2020-08,44.0
Sweden,2020-09,25.0
Sweden,2020-10,53.0
Sweden,2020-11,59.0
Sweden,2020-12,76.0
Sweden,2021-01,73.0
Sweden,2021-02,9.0
Sweden,2021-03,6.0
Sweden,2021-04,20.0
Sweden,2021-05,18.0
Sweden,2021-06,16.0
Sweden,2021-07,570.0
Sweden,2021-08,206.0
Sweden,2021-09,62.0
Sweden,2021-10,62.0
Sweden,2021-11,44.0
Sweden,2021-12,26.0
Sweden,2022-01,65.0
Sweden,2022-02,12.0
Sweden,2022-03,109.0
Sweden,2022-04,258.0
Sweden,2022-05,332.0
Sweden,2022-06,444.0
Sweden,2022-07,368.0
Sweden,2022-08,516.0
Sweden,2022-09,761.0
Sweden,2022-10,1498.0
Sweden,2022-11,1754.0
Sweden,2022-12,1783.0
Sweden,2023-01,1853.0
Sweden,2023-02,1786.0
Sweden,2023-03,3534.0
Sweden,2023-04,4266.0
Sweden,2023-05,2997.0
Sweden,2023-06,4496.0
Sweden,2023-07,3428.0
Sweden,2023-08,1994.0
Sweden,2023-09,3451.0
Sweden,2023-10,5030.0
Sweden,2023-11,3364.0
Sweden,2023-12,3046.0
Sweden,2024-01,2755.0
Sweden,2024-02,2855.0
Sweden,2024-03,5907.0
Sweden,2024-04,4838.0
Sweden,2024-05,3836.0
Sweden,2024-06,5465.0
Sweden,2024-07,4458.0
Sweden,2024-08,2267.0
Sweden,2024-09,4313.0
Sweden,2024-10,6494.0
Sweden,2024-11,4415.0
Sweden,2024-12,4496.0
Sweden,2025-01,3474.0
Sweden,2025-02,4479.0
Sweden,2025-03,5800.0
Sweden,2025-04,8042.0
Sweden,2025-05,5557.0
Sweden,2025-06,7271.0
Sweden,2025-07,5251.0
Sweden,2025-08,2993.0
Sweden,2025-09,5870.0
Sweden,2025-10,8897.0
Sweden,2025-11,6127.0
Sweden,2025-12,6142.0
Sweden,2026-01,4639.0
Sweden,2026-02,4837.0
Sweden,2026-03,7865.0
Sweden,2026-04,8211.0
Switzerland,2019-01,2399.0
Switzerland,2019-02,2568.0
Switzerland,2019-03,5066.0
Switzerland,2019-04,7983.0
Switzerland,2019-05,4608.0
Switzerland,2019-06,3145.0
Switzerland,2019-07,6489.0
Switzerland,2019-08,3529.0
Switzerland,2019-09,4778.0
Switzerland,2019-10,6514.0
Switzerland,2019-11,3756.0
Switzerland,2019-12,3073.0
Switzerland,2020-01,2489.0
Switzerland,2020-02,2322.0
Switzerland,2020-03,992.0
Switzerland,2020-04,5.0
Switzerland,2020-05,1.0
Switzerland,2020-06,4.0
Switzerland,2020-07,10.0
Switzerland,2020-08,22.0
Switzerland,2020-09,15.0
Switzerland,2020-10,65.0
Switzerland,2020-11,44.0
Switzerland,2020-12,67.0
Switzerland,2021-01,47.0
Switzerland,2021-02,7.0
Switzerland,2021-03,17.0
Switzerland,2021-04,44.0
Switzerland,2021-05,41.0
Switzerland,2021-06,33.0
Switzerland,2021-07,791.0
Switzerland,2021-08,203.0
Switzerland,2021-09,61.0
Switzerland,2021-10,88.0
Switzerland,2021-11,38.0
Switzerland,2021-12,17.0
Switzerland,2022-01,40.0
Switzerland,2022-02,21.0
Switzerland,2022-03,132.0
Switzerland,2022-04,322.0
Switzerland,2022-05,314.0
Switzerland,2022-06,350.0
Switzerland,2022-07,653.0
Switzerland,2022-08,518.0
Switzerland,2022-09,818.0
Switzerland,2022-10,1852.0
Switzerland,2022-11,1943.0
Switzerland,2022-12,1954.0
Switzerland,2023-01,1757.0
Switzerland,2023-02,2211.0
Switzerland,2023-03,4895.0
Switzerland,2023-04,6887.0
Switzerland,2023-05,4790.0
Switzerland,2023-06,2999.0
Switzerland,2023-07,7016.0
Switzerland,2023-08,3588.0
Switzerland,2023-09,5205.0
Switzerland,2023-10,7176.0
Switzerland,2023-11,3925.0
Switzerland,2023-12,2946.0
Switzerland,2024-01,2661.0
Switzerland,2024-02,3598.0
Switzerland,2024-03,9257.0
Switzerland,2024-04,8516.0
Switzerland,2024-05,6248.0
Switzerland,2024-06,4147.0
Switzerland,2024-07,8055.0
Switzerland,2024-08,4321.0
Switzerland,2024-09,7204.0
Switzerland,2024-10,9603.0
Switzerland,2024-11,4826.0
Switzerland,2024-12,3757.0
Switzerland,2025-01,3328.0
Switzerland,2025-02,4113.0
Switzerland,2025-03,7651.0
Switzerland,2025-04,13005.0
Switzerland,2025-05,7970.0
Switzerland,2025-06,5146.0
Switzerland,2025-07,10030.0
Switzerland,2025-08,5459.0
Switzerland,2025-09,9753.0
Switzerland,2025-10,12294.0
Switzerland,2025-11,6235.0
Switzerland,2025-12,4656.0
Switzerland,2026-01,4178.0
Switzerland,2026-02,4861.0
Switzerland,2026-03,8738.0
Switzerland,2026-04,13504.0
Syria,2019-01,56.0
Syria,2019-02,40.0
Syria,2019-03,99.0
Syria,2019-04,99.0
Syria,2019-05,52.0
Syria,2019-06,91.0
Syria,2019-07,122.0
Syria,2019-08,98.0
Syria,2019-09,110.0
Syria,2019-10,92.0
Syria,2019-11,74.0
Syria,2019-12,54.0
Syria,2020-01,68.0
Syria,2020-02,57.0
Syria,2020-03,27.0
Syria,2020-04,0.0
Syria,2020-05,0.0
Syria,2020-06,0.0
Syria,2020-07,2.0
Syria,2020-08,4.0
Syria,2020-09,2.0
Syria,2020-10,16.0
Syria,2020-11,8.0
Syria,2020-12,43.0
Syria,2021-01,5.0
Syria,2021-02,5.0
Syria,2021-03,9.0
Syria,2021-04,7.0
Syria,2021-05,8.0
Syria,2021-06,9.0
Syria,2021-07,38.0
Syria,2021-08,26.0
Syria,2021-09,15.0
Syria,2021-10,22.0
Syria,2021-11,34.0
Syria,2021-12,10.0
Syria,2022-01,12.0
Syria,2022-02,12.0
Syria,2022-03,25.0
Syria,2022-04,35.0
Syria,2022-05,35.0
Syria,2022-06,61.0
Syria,2022-07,33.0
Syria,2022-08,50.0
Syria,2022-09,73.0
Syria,2022-10,59.0
Syria,2022-11,56.0
Syria,2022-12,55.0
Syria,2023-01,45.0
Syria,2023-02,50.0
Syria,2023-03,69.0
Syria,2023-04,71.0
Syria,2023-05,74.0
Syria,2023-06,75.0
Syria,2023-07,96.0
Syria,2023-08,83.0
Syria,2023-09,109.0
Syria,2023-10,88.0
Syria,2023-11,95.0
Syria,2023-12,100.0
Syria,2024-01,68.0
Syria,2024-02,64.0
Syria,2024-03,84.0
Syria,2024-04,139.0
Syria,2024-05,93.0
Syria,2024-06,102.0
Syria,2024-07,97.0
Syria,2024-08,118.0
Syria,2024-09,96.0
Syria,2024-10,85.0
Syria,2024-11,113.0
Syria,2024-12,76.0
Syria,2025-01,57.0
Syria,2025-02,64.0
Syria,2025-03,71.0
Syria,2025-04,97.0
Syria,2025-05,112.0
Syria,2025-06,110.0
Syria,2025-07,96.0
Syria,2025-08,84.0
Syria,2025-09,127.0
Syria,2025-10,94.0
Syria,2025-11,132.0
Syria,2025-12,84.0
Syria,2026-01,74.0
Syria,2026-02,63.0
Syria,2026-03,53.0
Syria,2026-04,98.0
Taiwan,2019-01,387498.0
Taiwan,2019-02,399829.0
Taiwan,2019-03,402433.0
Taiwan,2019-04,403467.0
Taiwan,2019-05,426537.0
Taiwan,2019-06,461085.0
Taiwan,2019-07,459216.0
Taiwan,2019-08,420279.0
Taiwan,2019-09,376186.0
Taiwan,2019-10,413701.0
Taiwan,2019-11,392102.0
Taiwan,2019-12,348269.0
Taiwan,2020-01,461239.0
Taiwan,2020-02,220420.0
Taiwan,2020-03,7700.0
Taiwan,2020-04,337.0
Taiwan,2020-05,8.0
Taiwan,2020-06,45.0
Taiwan,2020-07,102.0
Taiwan,2020-08,448.0
Taiwan,2020-09,767.0
Taiwan,2020-10,1258.0
Taiwan,2020-11,1177.0
Taiwan,2020-12,975.0
Taiwan,2021-01,592.0
Taiwan,2021-02,423.0
Taiwan,2021-03,552.0
Taiwan,2021-04,405.0
Taiwan,2021-05,327.0
Taiwan,2021-06,300.0
Taiwan,2021-07,549.0
Taiwan,2021-08,387.0
Taiwan,2021-09,390.0
Taiwan,2021-10,425.0
Taiwan,2021-11,390.0
Taiwan,2021-12,276.0
Taiwan,2022-01,492.0
Taiwan,2022-02,601.0
Taiwan,2022-03,2461.0
Taiwan,2022-04,2838.0
Taiwan,2022-05,1861.0
Taiwan,2022-06,2416.0
Taiwan,2022-07,3945.0
Taiwan,2022-08,5007.0
Taiwan,2022-09,6756.0
Taiwan,2022-10,35028.0
Taiwan,2022-11,99533.0
Taiwan,2022-12,170159.0
Taiwan,2023-01,259340.0
Taiwan,2023-02,248493.0
Taiwan,2023-03,278902.0
Taiwan,2023-04,291564.0
Taiwan,2023-05,303343.0
Taiwan,2023-06,388976.0
Taiwan,2023-07,422356.0
Taiwan,2023-08,396346.0
Taiwan,2023-09,385259.0
Taiwan,2023-10,424857.0
Taiwan,2023-11,403498.0
Taiwan,2023-12,399500.0
Taiwan,2024-01,492288.0
Taiwan,2024-02,502237.0
Taiwan,2024-03,484454.0
Taiwan,2024-04,459723.0
Taiwan,2024-05,466008.0
Taiwan,2024-06,574487.0
Taiwan,2024-07,571698.0
Taiwan,2024-08,564360.0
Taiwan,2024-09,470635.0
Taiwan,2024-10,478902.0
Taiwan,2024-11,488362.0
Taiwan,2024-12,491162.0
Taiwan,2025-01,593431.0
Taiwan,2025-02,507346.0
Taiwan,2025-03,522886.0
Taiwan,2025-04,537638.0
Taiwan,2025-05,538428.0
Taiwan,2025-06,585070.0
Taiwan,2025-07,604177.0
Taiwan,2025-08,620753.0
Taiwan,2025-09,526982.0
Taiwan,2025-10,595915.0
Taiwan,2025-11,542389.0
Taiwan,2025-12,588409.0
Taiwan,2026-01,694551.0
Taiwan,2026-02,693620.0
Taiwan,2026-03,653346.0
Taiwan,2026-04,643477.0
Tajikistan,2019-01,43.0
Tajikistan,2019-02,46.0
Tajikistan,2019-03,37.0
Tajikistan,2019-04,36.0
Tajikistan,2019-05,24.0
Tajikistan,2019-06,33.0
Tajikistan,2019-07,36.0
Tajikistan,2019-08,57.0
Tajikistan,2019-09,55.0
Tajikistan,2019-10,67.0
Tajikistan,2019-11,52.0
Tajikistan,2019-12,32.0
Tajikistan,2020-01,43.0
Tajikistan,2020-02,28.0
Tajikistan,2020-03,4.0
Tajikistan,2020-04,0.0
Tajikistan,2020-05,0.0
Tajikistan,2020-06,0.0
Tajikistan,2020-07,5.0
Tajikistan,2020-08,0.0
Tajikistan,2020-09,1.0
Tajikistan,2020-10,19.0
Tajikistan,2020-11,4.0
Tajikistan,2020-12,5.0
Tajikistan,2021-01,13.0
Tajikistan,2021-02,5.0
Tajikistan,2021-03,7.0
Tajikistan,2021-04,6.0
Tajikistan,2021-05,7.0
Tajikistan,2021-06,44.0
Tajikistan,2021-07,30.0
Tajikistan,2021-08,14.0
Tajikistan,2021-09,6.0
Tajikistan,2021-10,4.0
Tajikistan,2021-11,19.0
Tajikistan,2021-12,11.0
Tajikistan,2022-01,5.0
Tajikistan,2022-02,9.0
Tajikistan,2022-03,18.0
Tajikistan,2022-04,35.0
Tajikistan,2022-05,31.0
Tajikistan,2022-06,10.0
Tajikistan,2022-07,26.0
Tajikistan,2022-08,31.0
Tajikistan,2022-09,38.0
Tajikistan,2022-10,43.0
Tajikistan,2022-11,61.0
Tajikistan,2022-12,40.0
Tajikistan,2023-01,53.0
Tajikistan,2023-02,29.0
Tajikistan,2023-03,38.0
Tajikistan,2023-04,53.0
Tajikistan,2023-05,26.0
Tajikistan,2023-06,42.0
Tajikistan,2023-07,48.0
Tajikistan,2023-08,71.0
Tajikistan,2023-09,73.0
Tajikistan,2023-10,63.0
Tajikistan,2023-11,86.0
Tajikistan,2023-12,74.0
Tajikistan,2024-01,44.0
Tajikistan,2024-02,37.0
Tajikistan,2024-03,47.0
Tajikistan,2024-04,45.0
Tajikistan,2024-05,24.0
Tajikistan,2024-06,43.0
Tajikistan,2024-07,56.0
Tajikistan,2024-08,98.0
Tajikistan,2024-09,78.0
Tajikistan,2024-10,70.0
Tajikistan,2024-11,60.0
Tajikistan,2024-12,83.0
Tajikistan,2025-01,71.0
Tajikistan,2025-02,50.0
Tajikistan,2025-03,63.0
Tajikistan,2025-04,92.0
Tajikistan,2025-05,77.0
Tajikistan,2025-06,108.0
Tajikistan,2025-07,85.0
Tajikistan,2025-08,123.0
Tajikistan,2025-09,148.0
Tajikistan,2025-10,83.0
Tajikistan,2025-11,91.0
Tajikistan,2025-12,215.0
Tajikistan,2026-01,67.0
Tajikistan,2026-02,60.0
Tajikistan,2026-03,53.0
Tajikistan,2026-04,76.0
Tanzania,2019-01,84.0
Tanzania,2019-02,61.0
Tanzania,2019-03,94.0
Tanzania,2019-04,62.0
Tanzania,2019-05,48.0
Tanzania,2019-06,52.0
Tanzania,2019-07,65.0
Tanzania,2019-08,150.0
Tanzania,2019-09,71.0
Tanzania,2019-10,90.0
Tanzania,2019-11,76.0
Tanzania,2019-12,29.0
Tanzania,2020-01,59.0
Tanzania,2020-02,40.0
Tanzania,2020-03,22.0
Tanzania,2020-04,1.0
Tanzania,2020-05,1.0
Tanzania,2020-06,0.0
Tanzania,2020-07,3.0
Tanzania,2020-08,0.0
Tanzania,2020-09,8.0
Tanzania,2020-10,17.0
Tanzania,2020-11,18.0
Tanzania,2020-12,9.0
Tanzania,2021-01,11.0
Tanzania,2021-02,3.0
Tanzania,2021-03,4.0
Tanzania,2021-04,8.0
Tanzania,2021-05,7.0
Tanzania,2021-06,2.0
Tanzania,2021-07,11.0
Tanzania,2021-08,6.0
Tanzania,2021-09,13.0
Tanzania,2021-10,4.0
Tanzania,2021-11,23.0
Tanzania,2021-12,1.0
Tanzania,2022-01,11.0
Tanzania,2022-02,13.0
Tanzania,2022-03,15.0
Tanzania,2022-04,29.0
Tanzania,2022-05,24.0
Tanzania,2022-06,22.0
Tanzania,2022-07,15.0
Tanzania,2022-08,25.0
Tanzania,2022-09,88.0
Tanzania,2022-10,81.0
Tanzania,2022-11,36.0
Tanzania,2022-12,50.0
Tanzania,2023-01,60.0
Tanzania,2023-02,25.0
Tanzania,2023-03,52.0
Tanzania,2023-04,50.0
Tanzania,2023-05,49.0
Tanzania,2023-06,96.0
Tanzania,2023-07,70.0
Tanzania,2023-08,70.0
Tanzania,2023-09,152.0
Tanzania,2023-10,107.0
Tanzania,2023-11,89.0
Tanzania,2023-12,52.0
Tanzania,2024-01,63.0
Tanzania,2024-02,61.0
Tanzania,2024-03,68.0
Tanzania,2024-04,78.0
Tanzania,2024-05,94.0
Tanzania,2024-06,64.0
Tanzania,2024-07,82.0
Tanzania,2024-08,74.0
Tanzania,2024-09,104.0
Tanzania,2024-10,103.0
Tanzania,2024-11,77.0
Tanzania,2024-12,86.0
Tanzania,2025-01,89.0
Tanzania,2025-02,89.0
Tanzania,2025-03,88.0
Tanzania,2025-04,118.0
Tanzania,2025-05,234.0
Tanzania,2025-06,134.0
Tanzania,2025-07,84.0
Tanzania,2025-08,180.0
Tanzania,2025-09,162.0
Tanzania,2025-10,104.0
Tanzania,2025-11,90.0
Tanzania,2025-12,86.0
Tanzania,2026-01,49.0
Tanzania,2026-02,106.0
Tanzania,2026-03,93.0
Tanzania,2026-04,104.0
Thailand,2019-01,92649.0
Thailand,2019-02,107845.0
Thailand,2019-03,147443.0
Thailand,2019-04,164817.0
Thailand,2019-05,107857.0
Thailand,2019-06,62984.0
Thailand,2019-07,73202.0
Thailand,2019-08,49589.0
Thailand,2019-09,62057.0
Thailand,2019-10,145333.0
Thailand,2019-11,140265.0
Thailand,2019-12,164936.0
Thailand,2020-01,112534.0
Thailand,2020-02,97957.0
Thailand,2020-03,4805.0
Thailand,2020-04,25.0
Thailand,2020-05,9.0
Thailand,2020-06,12.0
Thailand,2020-07,17.0
Thailand,2020-08,350.0
Thailand,2020-09,1038.0
Thailand,2020-10,1365.0
Thailand,2020-11,1035.0
Thailand,2020-12,683.0
Thailand,2021-01,719.0
Thailand,2021-02,92.0
Thailand,2021-03,145.0
Thailand,2021-04,154.0
Thailand,2021-05,235.0
Thailand,2021-06,139.0
Thailand,2021-07,233.0
Thailand,2021-08,272.0
Thailand,2021-09,153.0
Thailand,2021-10,195.0
Thailand,2021-11,248.0
Thailand,2021-12,173.0
Thailand,2022-01,356.0
Thailand,2022-02,137.0
Thailand,2022-03,2165.0
Thailand,2022-04,3193.0
Thailand,2022-05,2922.0
Thailand,2022-06,2544.0
Thailand,2022-07,4794.0
Thailand,2022-08,5115.0
Thailand,2022-09,7622.0
Thailand,2022-10,34115.0
Thailand,2022-11,52077.0
Thailand,2022-12,82997.0
Thailand,2023-01,63431.0
Thailand,2023-02,73292.0
Thailand,2023-03,107975.0
Thailand,2023-04,121022.0
Thailand,2023-05,80728.0
Thailand,2023-06,51351.0
Thailand,2023-07,49613.0
Thailand,2023-08,33166.0
Thailand,2023-09,50492.0
Thailand,2023-10,124558.0
Thailand,2023-11,114108.0
Thailand,2023-12,125822.0
Thailand,2024-01,90585.0
Thailand,2024-02,101443.0
Thailand,2024-03,131749.0
Thailand,2024-04,142521.0
Thailand,2024-05,97408.0
Thailand,2024-06,54604.0
Thailand,2024-07,53494.0
Thailand,2024-08,34667.0
Thailand,2024-09,45522.0
Thailand,2024-10,132188.0
Thailand,2024-11,118001.0
Thailand,2024-12,146666.0
Thailand,2025-01,96811.0
Thailand,2025-02,116797.0
Thailand,2025-03,148226.0
Thailand,2025-04,158470.0
Thailand,2025-05,108106.0
Thailand,2025-06,52059.0
Thailand,2025-07,48553.0
Thailand,2025-08,35499.0
Thailand,2025-09,51283.0
Thailand,2025-10,125894.0
Thailand,2025-11,117396.0
Thailand,2025-12,174009.0
Thailand,2026-01,115100.0
Thailand,2026-02,116955.0
Thailand,2026-03,160861.0
Thailand,2026-04,164841.0
The Bahamas,2019-01,11.0
The Bahamas,2019-02,10.0
The Bahamas,2019-03,16.0
The Bahamas,2019-04,37.0
The Bahamas,2019-05,48.0
The Bahamas,2019-06,13.0
The Bahamas,2019-07,16.0
The Bahamas,2019-08,47.0
The Bahamas,2019-09,18.0
The Bahamas,2019-10,70.0
The Bahamas,2019-11,22.0
The Bahamas,2019-12,7.0
The Bahamas,2020-01,9.0
The Bahamas,2020-02,4.0
The Bahamas,2020-03,2.0
The Bahamas,2020-04,0.0
The Bahamas,2020-05,0.0
The Bahamas,2020-06,0.0
The Bahamas,2020-07,0.0
The Bahamas,2020-08,1.0
The Bahamas,2020-09,0.0
The Bahamas,2020-10,0.0
The Bahamas,2020-11,1.0
The Bahamas,2020-12,1.0
The Bahamas,2021-01,1.0
The Bahamas,2021-02,0.0
The Bahamas,2021-03,0.0
The Bahamas,2021-04,0.0
The Bahamas,2021-05,1.0
The Bahamas,2021-06,0.0
The Bahamas,2021-07,35.0
The Bahamas,2021-08,1.0
The Bahamas,2021-09,0.0
The Bahamas,2021-10,0.0
The Bahamas,2021-11,0.0
The Bahamas,2021-12,1.0
The Bahamas,2022-01,1.0
The Bahamas,2022-02,0.0
The Bahamas,2022-03,0.0
The Bahamas,2022-04,2.0
The Bahamas,2022-05,1.0
The Bahamas,2022-06,1.0
The Bahamas,2022-07,1.0
The Bahamas,2022-08,1.0
The Bahamas,2022-09,3.0
The Bahamas,2022-10,14.0
The Bahamas,2022-11,16.0
The Bahamas,2022-12,9.0
The Bahamas,2023-01,12.0
The Bahamas,2023-02,4.0
The Bahamas,2023-03,27.0
The Bahamas,2023-04,21.0
The Bahamas,2023-05,28.0
The Bahamas,2023-06,16.0
The Bahamas,2023-07,40.0
The Bahamas,2023-08,19.0
The Bahamas,2023-09,39.0
The Bahamas,2023-10,39.0
The Bahamas,2023-11,25.0
The Bahamas,2023-12,14.0
The Bahamas,2024-01,17.0
The Bahamas,2024-02,13.0
The Bahamas,2024-03,35.0
The Bahamas,2024-04,19.0
The Bahamas,2024-05,28.0
The Bahamas,2024-06,29.0
The Bahamas,2024-07,60.0
The Bahamas,2024-08,40.0
The Bahamas,2024-09,49.0
The Bahamas,2024-10,45.0
The Bahamas,2024-11,29.0
The Bahamas,2024-12,37.0
The Bahamas,2025-01,22.0
The Bahamas,2025-02,32.0
The Bahamas,2025-03,53.0
The Bahamas,2025-04,57.0
The Bahamas,2025-05,48.0
The Bahamas,2025-06,57.0
The Bahamas,2025-07,114.0
The Bahamas,2025-08,56.0
The Bahamas,2025-09,154.0
The Bahamas,2025-10,307.0
The Bahamas,2025-11,61.0
The Bahamas,2025-12,42.0
The Bahamas,2026-01,36.0
The Bahamas,2026-02,31.0
The Bahamas,2026-03,64.0
The Bahamas,2026-04,45.0
Togo,2019-01,5.0
Togo,2019-02,4.0
Togo,2019-03,12.0
Togo,2019-04,4.0
Togo,2019-05,9.0
Togo,2019-06,12.0
Togo,2019-07,10.0
Togo,2019-08,63.0
Togo,2019-09,11.0
Togo,2019-10,26.0
Togo,2019-11,11.0
Togo,2019-12,6.0
Togo,2020-01,6.0
Togo,2020-02,3.0
Togo,2020-03,1.0
Togo,2020-04,0.0
Togo,2020-05,0.0
Togo,2020-06,0.0
Togo,2020-07,0.0
Togo,2020-08,5.0
Togo,2020-09,0.0
Togo,2020-10,1.0
Togo,2020-11,0.0
Togo,2020-12,1.0
Togo,2021-01,0.0
Togo,2021-02,2.0
Togo,2021-03,2.0
Togo,2021-04,1.0
Togo,2021-05,1.0
Togo,2021-06,0.0
Togo,2021-07,21.0
Togo,2021-08,7.0
Togo,2021-09,0.0
Togo,2021-10,6.0
Togo,2021-11,3.0
Togo,2021-12,0.0
Togo,2022-01,0.0
Togo,2022-02,3.0
Togo,2022-03,1.0
Togo,2022-04,2.0
Togo,2022-05,1.0
Togo,2022-06,3.0
Togo,2022-07,1.0
Togo,2022-08,5.0
Togo,2022-09,22.0
Togo,2022-10,11.0
Togo,2022-11,7.0
Togo,2022-12,4.0
Togo,2023-01,5.0
Togo,2023-02,9.0
Togo,2023-03,8.0
Togo,2023-04,6.0
Togo,2023-05,8.0
Togo,2023-06,10.0
Togo,2023-07,10.0
Togo,2023-08,6.0
Togo,2023-09,12.0
Togo,2023-10,7.0
Togo,2023-11,13.0
Togo,2023-12,3.0
Togo,2024-01,13.0
Togo,2024-02,8.0
Togo,2024-03,7.0
Togo,2024-04,9.0
Togo,2024-05,12.0
Togo,2024-06,13.0
Togo,2024-07,9.0
Togo,2024-08,16.0
Togo,2024-09,14.0
Togo,2024-10,9.0
Togo,2024-11,17.0
Togo,2024-12,10.0
Togo,2025-01,8.0
Togo,2025-02,11.0
Togo,2025-03,10.0
Togo,2025-04,23.0
Togo,2025-05,9.0
Togo,2025-06,9.0
Togo,2025-07,11.0
Togo,2025-08,107.0
Togo,2025-09,20.0
Togo,2025-10,13.0
Togo,2025-11,15.0
Togo,2025-12,18.0
Togo,2026-01,6.0
Togo,2026-02,10.0
Togo,2026-03,8.0
Togo,2026-04,9.0
Tonga,2019-01,54.0
Tonga,2019-02,39.0
Tonga,2019-03,41.0
Tonga,2019-04,26.0
Tonga,2019-05,15.0
Tonga,2019-06,16.0
Tonga,2019-07,44.0
Tonga,2019-08,34.0
Tonga,2019-09,128.0
Tonga,2019-10,63.0
Tonga,2019-11,16.0
Tonga,2019-12,27.0
Tonga,2020-01,31.0
Tonga,2020-02,29.0
Tonga,2020-03,29.0
Tonga,2020-04,0.0
Tonga,2020-05,0.0
Tonga,2020-06,1.0
Tonga,2020-07,0.0
Tonga,2020-08,1.0
Tonga,2020-09,2.0
Tonga,2020-10,1.0
Tonga,2020-11,4.0
Tonga,2020-12,0.0
Tonga,2021-01,0.0
Tonga,2021-02,1.0
Tonga,2021-03,0.0
Tonga,2021-04,0.0
Tonga,2021-05,0.0
Tonga,2021-06,0.0
Tonga,2021-07,13.0
Tonga,2021-08,3.0
Tonga,2021-09,0.0
Tonga,2021-10,3.0
Tonga,2021-11,4.0
Tonga,2021-12,1.0
Tonga,2022-01,0.0
Tonga,2022-02,1.0
Tonga,2022-03,3.0
Tonga,2022-04,18.0
Tonga,2022-05,16.0
Tonga,2022-06,9.0
Tonga,2022-07,8.0
Tonga,2022-08,17.0
Tonga,2022-09,16.0
Tonga,2022-10,19.0
Tonga,2022-11,13.0
Tonga,2022-12,15.0
Tonga,2023-01,20.0
Tonga,2023-02,20.0
Tonga,2023-03,36.0
Tonga,2023-04,15.0
Tonga,2023-05,20.0
Tonga,2023-06,28.0
Tonga,2023-07,62.0
Tonga,2023-08,29.0
Tonga,2023-09,31.0
Tonga,2023-10,25.0
Tonga,2023-11,34.0
Tonga,2023-12,20.0
Tonga,2024-01,34.0
Tonga,2024-02,37.0
Tonga,2024-03,39.0
Tonga,2024-04,16.0
Tonga,2024-05,23.0
Tonga,2024-06,24.0
Tonga,2024-07,54.0
Tonga,2024-08,28.0
Tonga,2024-09,58.0
Tonga,2024-10,39.0
Tonga,2024-11,36.0
Tonga,2024-12,33.0
Tonga,2025-01,51.0
Tonga,2025-02,39.0
Tonga,2025-03,67.0
Tonga,2025-04,43.0
Tonga,2025-05,25.0
Tonga,2025-06,34.0
Tonga,2025-07,63.0
Tonga,2025-08,52.0
Tonga,2025-09,44.0
Tonga,2025-10,32.0
Tonga,2025-11,36.0
Tonga,2025-12,28.0
Tonga,2026-01,45.0
Tonga,2026-02,42.0
Tonga,2026-03,48.0
Tonga,2026-04,75.0
Trinidad and Tobago,2019-01,55.0
Trinidad and Tobago,2019-02,35.0
Trinidad and Tobago,2019-03,59.0
Trinidad and Tobago,2019-04,75.0
Trinidad and Tobago,2019-05,99.0
Trinidad and Tobago,2019-06,77.0
Trinidad and Tobago,2019-07,65.0
Trinidad and Tobago,2019-08,89.0
Trinidad and Tobago,2019-09,87.0
Trinidad and Tobago,2019-10,83.0
Trinidad and Tobago,2019-11,73.0
Trinidad and Tobago,2019-12,45.0
Trinidad and Tobago,2020-01,90.0
Trinidad and Tobago,2020-02,25.0
Trinidad and Tobago,2020-03,10.0
Trinidad and Tobago,2020-04,0.0
Trinidad and Tobago,2020-05,0.0
Trinidad and Tobago,2020-06,0.0
Trinidad and Tobago,2020-07,0.0
Trinidad and Tobago,2020-08,0.0
Trinidad and Tobago,2020-09,0.0
Trinidad and Tobago,2020-10,2.0
Trinidad and Tobago,2020-11,0.0
Trinidad and Tobago,2020-12,3.0
Trinidad and Tobago,2021-01,1.0
Trinidad and Tobago,2021-02,0.0
Trinidad and Tobago,2021-03,0.0
Trinidad and Tobago,2021-04,0.0
Trinidad and Tobago,2021-05,0.0
Trinidad and Tobago,2021-06,0.0
Trinidad and Tobago,2021-07,60.0
Trinidad and Tobago,2021-08,1.0
Trinidad and Tobago,2021-09,2.0
Trinidad and Tobago,2021-10,1.0
Trinidad and Tobago,2021-11,24.0
Trinidad and Tobago,2021-12,2.0
Trinidad and Tobago,2022-01,7.0
Trinidad and Tobago,2022-02,1.0
Trinidad and Tobago,2022-03,4.0
Trinidad and Tobago,2022-04,16.0
Trinidad and Tobago,2022-05,10.0
Trinidad and Tobago,2022-06,9.0
Trinidad and Tobago,2022-07,23.0
Trinidad and Tobago,2022-08,19.0
Trinidad and Tobago,2022-09,28.0
Trinidad and Tobago,2022-10,17.0
Trinidad and Tobago,2022-11,23.0
Trinidad and Tobago,2022-12,14.0
Trinidad and Tobago,2023-01,44.0
Trinidad and Tobago,2023-02,23.0
Trinidad and Tobago,2023-03,45.0
Trinidad and Tobago,2023-04,57.0
Trinidad and Tobago,2023-05,67.0
Trinidad and Tobago,2023-06,38.0
Trinidad and Tobago,2023-07,49.0
Trinidad and Tobago,2023-08,98.0
Trinidad and Tobago,2023-09,75.0
Trinidad and Tobago,2023-10,96.0
Trinidad and Tobago,2023-11,64.0
Trinidad and Tobago,2023-12,37.0
Trinidad and Tobago,2024-01,54.0
Trinidad and Tobago,2024-02,40.0
Trinidad and Tobago,2024-03,94.0
Trinidad and Tobago,2024-04,83.0
Trinidad and Tobago,2024-05,88.0
Trinidad and Tobago,2024-06,58.0
Trinidad and Tobago,2024-07,56.0
Trinidad and Tobago,2024-08,134.0
Trinidad and Tobago,2024-09,76.0
Trinidad and Tobago,2024-10,147.0
Trinidad and Tobago,2024-11,55.0
Trinidad and Tobago,2024-12,44.0
Trinidad and Tobago,2025-01,50.0
Trinidad and Tobago,2025-02,31.0
Trinidad and Tobago,2025-03,74.0
Trinidad and Tobago,2025-04,143.0
Trinidad and Tobago,2025-05,103.0
Trinidad and Tobago,2025-06,51.0
Trinidad and Tobago,2025-07,80.0
Trinidad and Tobago,2025-08,167.0
Trinidad and Tobago,2025-09,116.0
Trinidad and Tobago,2025-10,94.0
Trinidad and Tobago,2025-11,67.0
Trinidad and Tobago,2025-12,50.0
Trinidad and Tobago,2026-01,63.0
Trinidad and Tobago,2026-02,57.0
Trinidad and Tobago,2026-03,116.0
Trinidad and Tobago,2026-04,144.0
Tunisia,2019-01,139.0
Tunisia,2019-02,146.0
Tunisia,2019-03,307.0
Tunisia,2019-04,283.0
Tunisia,2019-05,149.0
Tunisia,2019-06,201.0
Tunisia,2019-07,251.0
Tunisia,2019-08,283.0
Tunisia,2019-09,237.0
Tunisia,2019-10,193.0
Tunisia,2019-11,163.0
Tunisia,2019-12,221.0
Tunisia,2020-01,154.0
Tunisia,2020-02,156.0
Tunisia,2020-03,54.0
Tunisia,2020-04,1.0
Tunisia,2020-05,0.0
Tunisia,2020-06,0.0
Tunisia,2020-07,0.0
Tunisia,2020-08,12.0
Tunisia,2020-09,12.0
Tunisia,2020-10,16.0
Tunisia,2020-11,17.0
Tunisia,2020-12,7.0
Tunisia,2021-01,20.0
Tunisia,2021-02,7.0
Tunisia,2021-03,6.0
Tunisia,2021-04,7.0
Tunisia,2021-05,14.0
Tunisia,2021-06,14.0
Tunisia,2021-07,145.0
Tunisia,2021-08,74.0
Tunisia,2021-09,32.0
Tunisia,2021-10,16.0
Tunisia,2021-11,24.0
Tunisia,2021-12,9.0
Tunisia,2022-01,30.0
Tunisia,2022-02,12.0
Tunisia,2022-03,26.0
Tunisia,2022-04,18.0
Tunisia,2022-05,44.0
Tunisia,2022-06,69.0
Tunisia,2022-07,39.0
Tunisia,2022-08,55.0
Tunisia,2022-09,93.0
Tunisia,2022-10,146.0
Tunisia,2022-11,102.0
Tunisia,2022-12,156.0
Tunisia,2023-01,124.0
Tunisia,2023-02,137.0
Tunisia,2023-03,171.0
Tunisia,2023-04,248.0
Tunisia,2023-05,255.0
Tunisia,2023-06,150.0
Tunisia,2023-07,213.0
Tunisia,2023-08,222.0
Tunisia,2023-09,268.0
Tunisia,2023-10,291.0
Tunisia,2023-11,256.0
Tunisia,2023-12,262.0
Tunisia,2024-01,166.0
Tunisia,2024-02,221.0
Tunisia,2024-03,190.0
Tunisia,2024-04,399.0
Tunisia,2024-05,405.0
Tunisia,2024-06,286.0
Tunisia,2024-07,321.0
Tunisia,2024-08,276.0
Tunisia,2024-09,297.0
Tunisia,2024-10,347.0
Tunisia,2024-11,333.0
Tunisia,2024-12,344.0
Tunisia,2025-01,217.0
Tunisia,2025-02,224.0
Tunisia,2025-03,223.0
Tunisia,2025-04,494.0
Tunisia,2025-05,468.0
Tunisia,2025-06,290.0
Tunisia,2025-07,392.0
Tunisia,2025-08,473.0
Tunisia,2025-09,438.0
Tunisia,2025-10,449.0
Tunisia,2025-11,494.0
Tunisia,2025-12,388.0
Tunisia,2026-01,290.0
Tunisia,2026-02,153.0
Tunisia,2026-03,232.0
Tunisia,2026-04,495.0
Turkey,2019-01,1153.0
Turkey,2019-02,1105.0
Turkey,2019-03,2181.0
Turkey,2019-04,2483.0
Turkey,2019-05,1906.0
Turkey,2019-06,2736.0
Turkey,2019-07,2025.0
Turkey,2019-08,1924.0
Turkey,2019-09,1752.0
Turkey,2019-10,1855.0
Turkey,2019-11,2176.0
Turkey,2019-12,1428.0
Turkey,2020-01,1373.0
Turkey,2020-02,824.0
Turkey,2020-03,394.0
Turkey,2020-04,4.0
Turkey,2020-05,0.0
Turkey,2020-06,3.0
Turkey,2020-07,13.0
Turkey,2020-08,34.0
Turkey,2020-09,44.0
Turkey,2020-10,90.0
Turkey,2020-11,59.0
Turkey,2020-12,48.0
Turkey,2021-01,38.0
Turkey,2021-02,15.0
Turkey,2021-03,33.0
Turkey,2021-04,18.0
Turkey,2021-05,23.0
Turkey,2021-06,42.0
Turkey,2021-07,360.0
Turkey,2021-08,324.0
Turkey,2021-09,96.0
Turkey,2021-10,109.0
Turkey,2021-11,69.0
Turkey,2021-12,34.0
Turkey,2022-01,33.0
Turkey,2022-02,37.0
Turkey,2022-03,126.0
Turkey,2022-04,181.0
Turkey,2022-05,217.0
Turkey,2022-06,286.0
Turkey,2022-07,270.0
Turkey,2022-08,408.0
Turkey,2022-09,545.0
Turkey,2022-10,1205.0
Turkey,2022-11,1893.0
Turkey,2022-12,1928.0
Turkey,2023-01,1704.0
Turkey,2023-02,1107.0
Turkey,2023-03,2088.0
Turkey,2023-04,3718.0
Turkey,2023-05,2336.0
Turkey,2023-06,3206.0
Turkey,2023-07,2554.0
Turkey,2023-08,2497.0
Turkey,2023-09,2900.0
Turkey,2023-10,3239.0
Turkey,2023-11,3216.0
Turkey,2023-12,2633.0
Turkey,2024-01,2860.0
Turkey,2024-02,2349.0
Turkey,2024-03,4460.0
Turkey,2024-04,8804.0
Turkey,2024-05,4434.0
Turkey,2024-06,6132.0
Turkey,2024-07,5193.0
Turkey,2024-08,5406.0
Turkey,2024-09,5050.0
Turkey,2024-10,6319.0
Turkey,2024-11,6690.0
Turkey,2024-12,4402.0
Turkey,2025-01,6074.0
Turkey,2025-02,4466.0
Turkey,2025-03,10749.0
Turkey,2025-04,11067.0
Turkey,2025-05,9342.0
Turkey,2025-06,9798.0
Turkey,2025-07,9289.0
Turkey,2025-08,9562.0
Turkey,2025-09,8614.0
Turkey,2025-10,9418.0
Turkey,2025-11,11682.0
Turkey,2025-12,7669.0
Turkey,2026-01,10067.0
Turkey,2026-02,4502.0
Turkey,2026-03,11141.0
Turkey,2026-04,13348.0
Turkmenistan,2019-01,19.0
Turkmenistan,2019-02,30.0
Turkmenistan,2019-03,47.0
Turkmenistan,2019-04,28.0
Turkmenistan,2019-05,22.0
Turkmenistan,2019-06,340.0
Turkmenistan,2019-07,40.0
Turkmenistan,2019-08,29.0
Turkmenistan,2019-09,33.0
Turkmenistan,2019-10,254.0
Turkmenistan,2019-11,38.0
Turkmenistan,2019-12,18.0
Turkmenistan,2020-01,25.0
Turkmenistan,2020-02,12.0
Turkmenistan,2020-03,4.0
Turkmenistan,2020-04,0.0
Turkmenistan,2020-05,0.0
Turkmenistan,2020-06,0.0
Turkmenistan,2020-07,0.0
Turkmenistan,2020-08,0.0
Turkmenistan,2020-09,0.0
Turkmenistan,2020-10,0.0
Turkmenistan,2020-11,7.0
Turkmenistan,2020-12,3.0
Turkmenistan,2021-01,0.0
Turkmenistan,2021-02,0.0
Turkmenistan,2021-03,0.0
Turkmenistan,2021-04,1.0
Turkmenistan,2021-05,1.0
Turkmenistan,2021-06,3.0
Turkmenistan,2021-07,38.0
Turkmenistan,2021-08,0.0
Turkmenistan,2021-09,0.0
Turkmenistan,2021-10,9.0
Turkmenistan,2021-11,0.0
Turkmenistan,2021-12,3.0
Turkmenistan,2022-01,7.0
Turkmenistan,2022-02,0.0
Turkmenistan,2022-03,1.0
Turkmenistan,2022-04,2.0
Turkmenistan,2022-05,1.0
Turkmenistan,2022-06,8.0
Turkmenistan,2022-07,8.0
Turkmenistan,2022-08,16.0
Turkmenistan,2022-09,72.0
Turkmenistan,2022-10,11.0
Turkmenistan,2022-11,36.0
Turkmenistan,2022-12,26.0
Turkmenistan,2023-01,13.0
Turkmenistan,2023-02,30.0
Turkmenistan,2023-03,21.0
Turkmenistan,2023-04,20.0
Turkmenistan,2023-05,19.0
Turkmenistan,2023-06,20.0
Turkmenistan,2023-07,59.0
Turkmenistan,2023-08,23.0
Turkmenistan,2023-09,35.0
Turkmenistan,2023-10,47.0
Turkmenistan,2023-11,45.0
Turkmenistan,2023-12,25.0
Turkmenistan,2024-01,39.0
Turkmenistan,2024-02,40.0
Turkmenistan,2024-03,57.0
Turkmenistan,2024-04,29.0
Turkmenistan,2024-05,32.0
Turkmenistan,2024-06,97.0
Turkmenistan,2024-07,65.0
Turkmenistan,2024-08,62.0
Turkmenistan,2024-09,57.0
Turkmenistan,2024-10,39.0
Turkmenistan,2024-11,50.0
Turkmenistan,2024-12,55.0
Turkmenistan,2025-01,46.0
Turkmenistan,2025-02,60.0
Turkmenistan,2025-03,64.0
Turkmenistan,2025-04,206.0
Turkmenistan,2025-05,54.0
Turkmenistan,2025-06,61.0
Turkmenistan,2025-07,83.0
Turkmenistan,2025-08,104.0
Turkmenistan,2025-09,71.0
Turkmenistan,2025-10,75.0
Turkmenistan,2025-11,41.0
Turkmenistan,2025-12,158.0
Turkmenistan,2026-01,35.0
Turkmenistan,2026-02,45.0
Turkmenistan,2026-03,42.0
Turkmenistan,2026-04,43.0
Tuvalu,2019-01,9.0
Tuvalu,2019-02,4.0
Tuvalu,2019-03,3.0
Tuvalu,2019-04,4.0
Tuvalu,2019-05,3.0
Tuvalu,2019-06,11.0
Tuvalu,2019-07,9.0
Tuvalu,2019-08,4.0
Tuvalu,2019-09,9.0
Tuvalu,2019-10,13.0
Tuvalu,2019-11,11.0
Tuvalu,2019-12,1.0
Tuvalu,2020-01,5.0
Tuvalu,2020-02,2.0
Tuvalu,2020-03,0.0
Tuvalu,2020-04,0.0
Tuvalu,2020-05,0.0
Tuvalu,2020-06,0.0
Tuvalu,2020-07,0.0
Tuvalu,2020-08,0.0
Tuvalu,2020-09,0.0
Tuvalu,2020-10,0.0
Tuvalu,2020-11,0.0
Tuvalu,2020-12,0.0
Tuvalu,2021-01,0.0
Tuvalu,2021-02,0.0
Tuvalu,2021-03,0.0
Tuvalu,2021-04,0.0
Tuvalu,2021-05,0.0
Tuvalu,2021-06,0.0
Tuvalu,2021-07,6.0
Tuvalu,2021-08,0.0
Tuvalu,2021-09,0.0
Tuvalu,2021-10,5.0
Tuvalu,2021-11,0.0
Tuvalu,2021-12,0.0
Tuvalu,2022-01,0.0
Tuvalu,2022-02,0.0
Tuvalu,2022-03,0.0
Tuvalu,2022-04,7.0
Tuvalu,2022-05,0.0
Tuvalu,2022-06,0.0
Tuvalu,2022-07,0.0
Tuvalu,2022-08,0.0
Tuvalu,2022-09,0.0
Tuvalu,2022-10,1.0
Tuvalu,2022-11,0.0
Tuvalu,2022-12,0.0
Tuvalu,2023-01,4.0
Tuvalu,2023-02,2.0
Tuvalu,2023-03,0.0
Tuvalu,2023-04,2.0
Tuvalu,2023-05,2.0
Tuvalu,2023-06,8.0
Tuvalu,2023-07,10.0
Tuvalu,2023-08,0.0
Tuvalu,2023-09,3.0
Tuvalu,2023-10,7.0
Tuvalu,2023-11,9.0
Tuvalu,2023-12,5.0
Tuvalu,2024-01,4.0
Tuvalu,2024-02,1.0
Tuvalu,2024-03,0.0
Tuvalu,2024-04,2.0
Tuvalu,2024-05,3.0
Tuvalu,2024-06,7.0
Tuvalu,2024-07,24.0
Tuvalu,2024-08,1.0
Tuvalu,2024-09,3.0
Tuvalu,2024-10,9.0
Tuvalu,2024-11,3.0
Tuvalu,2024-12,1.0
Tuvalu,2025-01,11.0
Tuvalu,2025-02,31.0
Tuvalu,2025-03,11.0
Tuvalu,2025-04,3.0
Tuvalu,2025-05,3.0
Tuvalu,2025-06,1.0
Tuvalu,2025-07,22.0
Tuvalu,2025-08,8.0
Tuvalu,2025-09,5.0
Tuvalu,2025-10,4.0
Tuvalu,2025-11,8.0
Tuvalu,2025-12,6.0
Tuvalu,2026-01,10.0
Tuvalu,2026-02,2.0
Tuvalu,2026-03,2.0
Tuvalu,2026-04,3.0
Uganda,2019-01,53.0
Uganda,2019-02,68.0
Uganda,2019-03,91.0
Uganda,2019-04,88.0
Uganda,2019-05,68.0
Uganda,2019-06,74.0
Uganda,2019-07,112.0
Uganda,2019-08,211.0
Uganda,2019-09,132.0
Uganda,2019-10,142.0
Uganda,2019-11,76.0
Uganda,2019-12,42.0
Uganda,2020-01,77.0
Uganda,2020-02,58.0
Uganda,2020-03,20.0
Uganda,2020-04,1.0
Uganda,2020-05,0.0
Uganda,2020-06,0.0
Uganda,2020-07,0.0
Uganda,2020-08,3.0
Uganda,2020-09,3.0
Uganda,2020-10,21.0
Uganda,2020-11,23.0
Uganda,2020-12,5.0
Uganda,2021-01,14.0
Uganda,2021-02,4.0
Uganda,2021-03,14.0
Uganda,2021-04,2.0
Uganda,2021-05,6.0
Uganda,2021-06,17.0
Uganda,2021-07,59.0
Uganda,2021-08,34.0
Uganda,2021-09,5.0
Uganda,2021-10,16.0
Uganda,2021-11,9.0
Uganda,2021-12,2.0
Uganda,2022-01,15.0
Uganda,2022-02,8.0
Uganda,2022-03,20.0
Uganda,2022-04,25.0
Uganda,2022-05,24.0
Uganda,2022-06,28.0
Uganda,2022-07,34.0
Uganda,2022-08,36.0
Uganda,2022-09,84.0
Uganda,2022-10,71.0
Uganda,2022-11,46.0
Uganda,2022-12,40.0
Uganda,2023-01,75.0
Uganda,2023-02,44.0
Uganda,2023-03,49.0
Uganda,2023-04,66.0
Uganda,2023-05,80.0
Uganda,2023-06,77.0
Uganda,2023-07,93.0
Uganda,2023-08,76.0
Uganda,2023-09,106.0
Uganda,2023-10,126.0
Uganda,2023-11,72.0
Uganda,2023-12,74.0
Uganda,2024-01,82.0
Uganda,2024-02,83.0
Uganda,2024-03,83.0
Uganda,2024-04,76.0
Uganda,2024-05,77.0
Uganda,2024-06,86.0
Uganda,2024-07,76.0
Uganda,2024-08,87.0
Uganda,2024-09,126.0
Uganda,2024-10,115.0
Uganda,2024-11,127.0
Uganda,2024-12,83.0
Uganda,2025-01,93.0
Uganda,2025-02,73.0
Uganda,2025-03,94.0
Uganda,2025-04,85.0
Uganda,2025-05,92.0
Uganda,2025-06,141.0
Uganda,2025-07,100.0
Uganda,2025-08,198.0
Uganda,2025-09,172.0
Uganda,2025-10,132.0
Uganda,2025-11,69.0
Uganda,2025-12,90.0
Uganda,2026-01,86.0
Uganda,2026-02,63.0
Uganda,2026-03,74.0
Uganda,2026-04,92.0
Ukraine,2019-01,485.0
Ukraine,2019-02,474.0
Ukraine,2019-03,1171.0
Ukraine,2019-04,1197.0
Ukraine,2019-05,753.0
Ukraine,2019-06,566.0
Ukraine,2019-07,717.0
Ukraine,2019-08,763.0
Ukraine,2019-09,781.0
Ukraine,2019-10,1074.0
Ukraine,2019-11,1348.0
Ukraine,2019-12,847.0
Ukraine,2020-01,676.0
Ukraine,2020-02,427.0
Ukraine,2020-03,212.0
Ukraine,2020-04,1.0
Ukraine,2020-05,0.0
Ukraine,2020-06,2.0
Ukraine,2020-07,8.0
Ukraine,2020-08,5.0
Ukraine,2020-09,8.0
Ukraine,2020-10,45.0
Ukraine,2020-11,38.0
Ukraine,2020-12,44.0
Ukraine,2021-01,31.0
Ukraine,2021-02,7.0
Ukraine,2021-03,11.0
Ukraine,2021-04,29.0
Ukraine,2021-05,24.0
Ukraine,2021-06,46.0
Ukraine,2021-07,423.0
Ukraine,2021-08,332.0
Ukraine,2021-09,27.0
Ukraine,2021-10,91.0
Ukraine,2021-11,36.0
Ukraine,2021-12,13.0
Ukraine,2022-01,37.0
Ukraine,2022-02,18.0
Ukraine,2022-03,408.0
Ukraine,2022-04,527.0
Ukraine,2022-05,385.0
Ukraine,2022-06,346.0
Ukraine,2022-07,363.0
Ukraine,2022-08,302.0
Ukraine,2022-09,314.0
Ukraine,2022-10,306.0
Ukraine,2022-11,344.0
Ukraine,2022-12,445.0
Ukraine,2023-01,325.0
Ukraine,2023-02,269.0
Ukraine,2023-03,565.0
Ukraine,2023-04,519.0
Ukraine,2023-05,508.0
Ukraine,2023-06,488.0
Ukraine,2023-07,561.0
Ukraine,2023-08,490.0
Ukraine,2023-09,681.0
Ukraine,2023-10,813.0
Ukraine,2023-11,780.0
Ukraine,2023-12,750.0
Ukraine,2024-01,492.0
Ukraine,2024-02,635.0
Ukraine,2024-03,941.0
Ukraine,2024-04,1016.0
Ukraine,2024-05,713.0
Ukraine,2024-06,613.0
Ukraine,2024-07,571.0
Ukraine,2024-08,632.0
Ukraine,2024-09,847.0
Ukraine,2024-10,1080.0
Ukraine,2024-11,1146.0
Ukraine,2024-12,726.0
Ukraine,2025-01,640.0
Ukraine,2025-02,624.0
Ukraine,2025-03,1273.0
Ukraine,2025-04,1500.0
Ukraine,2025-05,1067.0
Ukraine,2025-06,762.0
Ukraine,2025-07,875.0
Ukraine,2025-08,950.0
Ukraine,2025-09,1319.0
Ukraine,2025-10,1849.0
Ukraine,2025-11,1982.0
Ukraine,2025-12,1069.0
Ukraine,2026-01,742.0
Ukraine,2026-02,736.0
Ukraine,2026-03,1666.0
Ukraine,2026-04,1867.0
United Arab Emirates,2019-01,553.0
United Arab Emirates,2019-02,396.0
United Arab Emirates,2019-03,1660.0
United Arab Emirates,2019-04,1527.0
United Arab Emirates,2019-05,112.0
United Arab Emirates,2019-06,473.0
United Arab Emirates,2019-07,809.0
United Arab Emirates,2019-08,514.0
United Arab Emirates,2019-09,416.0
United Arab Emirates,2019-10,494.0
United Arab Emirates,2019-11,896.0
United Arab Emirates,2019-12,1041.0
United Arab Emirates,2020-01,458.0
United Arab Emirates,2020-02,156.0
United Arab Emirates,2020-03,23.0
United Arab Emirates,2020-04,11.0
United Arab Emirates,2020-05,0.0
United Arab Emirates,2020-06,17.0
United Arab Emirates,2020-07,2.0
United Arab Emirates,2020-08,15.0
United Arab Emirates,2020-09,41.0
United Arab Emirates,2020-10,13.0
United Arab Emirates,2020-11,24.0
United Arab Emirates,2020-12,10.0
United Arab Emirates,2021-01,9.0
United Arab Emirates,2021-02,4.0
United Arab Emirates,2021-03,16.0
United Arab Emirates,2021-04,14.0
United Arab Emirates,2021-05,15.0
United Arab Emirates,2021-06,8.0
United Arab Emirates,2021-07,32.0
United Arab Emirates,2021-08,41.0
United Arab Emirates,2021-09,24.0
United Arab Emirates,2021-10,13.0
United Arab Emirates,2021-11,13.0
United Arab Emirates,2021-12,14.0
United Arab Emirates,2022-01,10.0
United Arab Emirates,2022-02,9.0
United Arab Emirates,2022-03,32.0
United Arab Emirates,2022-04,38.0
United Arab Emirates,2022-05,27.0
United Arab Emirates,2022-06,54.0
United Arab Emirates,2022-07,99.0
United Arab Emirates,2022-08,59.0
United Arab Emirates,2022-09,124.0
United Arab Emirates,2022-10,292.0
United Arab Emirates,2022-11,697.0
United Arab Emirates,2022-12,1264.0
United Arab Emirates,2023-01,509.0
United Arab Emirates,2023-02,639.0
United Arab Emirates,2023-03,642.0
United Arab Emirates,2023-04,632.0
United Arab Emirates,2023-05,781.0
United Arab Emirates,2023-06,750.0
United Arab Emirates,2023-07,893.0
United Arab Emirates,2023-08,448.0
United Arab Emirates,2023-09,431.0
United Arab Emirates,2023-10,1194.0
United Arab Emirates,2023-11,1115.0
United Arab Emirates,2023-12,2236.0
United Arab Emirates,2024-01,799.0
United Arab Emirates,2024-02,1106.0
United Arab Emirates,2024-03,297.0
United Arab Emirates,2024-04,1826.0
United Arab Emirates,2024-05,1787.0
United Arab Emirates,2024-06,960.0
United Arab Emirates,2024-07,953.0
United Arab Emirates,2024-08,559.0
United Arab Emirates,2024-09,533.0
United Arab Emirates,2024-10,1381.0
United Arab Emirates,2024-11,1541.0
United Arab Emirates,2024-12,2770.0
United Arab Emirates,2025-01,964.0
United Arab Emirates,2025-02,954.0
United Arab Emirates,2025-03,768.0
United Arab Emirates,2025-04,1981.0
United Arab Emirates,2025-05,1300.0
United Arab Emirates,2025-06,971.0
United Arab Emirates,2025-07,1078.0
United Arab Emirates,2025-08,669.0
United Arab Emirates,2025-09,973.0
United Arab Emirates,2025-10,1255.0
United Arab Emirates,2025-11,1715.0
United Arab Emirates,2025-12,3239.0
United Arab Emirates,2026-01,1058.0
United Arab Emirates,2026-02,350.0
United Arab Emirates,2026-03,441.0
United Arab Emirates,2026-04,585.0
United Kingdom,2019-01,21554.0
United Kingdom,2019-02,23554.0
United Kingdom,2019-03,38610.0
United Kingdom,2019-04,44537.0
United Kingdom,2019-05,31642.0
United Kingdom,2019-06,25801.0
United Kingdom,2019-07,28928.0
United Kingdom,2019-08,26213.0
United Kingdom,2019-09,49580.0
United Kingdom,2019-10,68401.0
United Kingdom,2019-11,37709.0
United Kingdom,2019-12,27750.0
United Kingdom,2020-01,24320.0
United Kingdom,2020-02,18645.0
United Kingdom,2020-03,6778.0
United Kingdom,2020-04,29.0
United Kingdom,2020-05,6.0
United Kingdom,2020-06,30.0
United Kingdom,2020-07,55.0
United Kingdom,2020-08,150.0
United Kingdom,2020-09,101.0
United Kingdom,2020-10,253.0
United Kingdom,2020-11,304.0
United Kingdom,2020-12,353.0
United Kingdom,2021-01,256.0
United Kingdom,2021-02,73.0
United Kingdom,2021-03,157.0
United Kingdom,2021-04,185.0
United Kingdom,2021-05,193.0
United Kingdom,2021-06,338.0
United Kingdom,2021-07,3420.0
United Kingdom,2021-08,1307.0
United Kingdom,2021-09,277.0
United Kingdom,2021-10,360.0
United Kingdom,2021-11,546.0
United Kingdom,2021-12,182.0
United Kingdom,2022-01,485.0
United Kingdom,2022-02,148.0
United Kingdom,2022-03,763.0
United Kingdom,2022-04,1610.0
United Kingdom,2022-05,1926.0
United Kingdom,2022-06,2044.0
United Kingdom,2022-07,2889.0
United Kingdom,2022-08,3924.0
United Kingdom,2022-09,4494.0
United Kingdom,2022-10,10309.0
United Kingdom,2022-11,13607.0
United Kingdom,2022-12,15297.0
United Kingdom,2023-01,15096.0
United Kingdom,2023-02,15579.0
United Kingdom,2023-03,34803.0
United Kingdom,2023-04,36527.0
United Kingdom,2023-05,27739.0
United Kingdom,2023-06,20417.0
United Kingdom,2023-07,26965.0
United Kingdom,2023-08,23837.0
United Kingdom,2023-09,29702.0
United Kingdom,2023-10,37431.0
United Kingdom,2023-11,29509.0
United Kingdom,2023-12,23877.0
United Kingdom,2024-01,19809.0
United Kingdom,2024-02,25877.0
United Kingdom,2024-03,56450.0
United Kingdom,2024-04,48407.0
United Kingdom,2024-05,39120.0
United Kingdom,2024-06,28828.0
United Kingdom,2024-07,32910.0
United Kingdom,2024-08,29410.0
United Kingdom,2024-09,37413.0
United Kingdom,2024-10,51637.0
United Kingdom,2024-11,37050.0
United Kingdom,2024-12,30319.0
United Kingdom,2025-01,26378.0
United Kingdom,2025-02,31408.0
United Kingdom,2025-03,58140.0
United Kingdom,2025-04,69496.0
United Kingdom,2025-05,52095.0
United Kingdom,2025-06,33525.0
United Kingdom,2025-07,37098.0
United Kingdom,2025-08,36690.0
United Kingdom,2025-09,47114.0
United Kingdom,2025-10,63343.0
United Kingdom,2025-11,45123.0
United Kingdom,2025-12,34594.0
United Kingdom,2026-01,29535.0
United Kingdom,2026-02,35616.0
United Kingdom,2026-03,70231.0
United Kingdom,2026-04,59856.0
United States,2019-01,103191.0
United States,2019-02,92669.0
United States,2019-03,176564.0
United States,2019-04,170247.0
United States,2019-05,156962.0
United States,2019-06,175491.0
United States,2019-07,156865.0
United States,2019-08,117828.0
United States,2019-09,127190.0
United States,2019-10,153363.0
United States,2019-11,148993.0
United States,2019-12,144498.0
United States,2020-01,117343.0
United States,2020-02,73373.0
United States,2020-03,22964.0
United States,2020-04,340.0
United States,2020-05,47.0
United States,2020-06,136.0
United States,2020-07,403.0
United States,2020-08,698.0
United States,2020-09,632.0
United States,2020-10,932.0
United States,2020-11,1091.0
United States,2020-12,1348.0
United States,2021-01,1206.0
United States,2021-02,367.0
United States,2021-03,550.0
United States,2021-04,583.0
United States,2021-05,958.0
United States,2021-06,1162.0
United States,2021-07,6139.0
United States,2021-08,2981.0
United States,2021-09,1657.0
United States,2021-10,2035.0
United States,2021-11,1432.0
United States,2021-12,956.0
United States,2022-01,1785.0
United States,2022-02,595.0
United States,2022-03,3199.0
United States,2022-04,5214.0
United States,2022-05,8066.0
United States,2022-06,9724.0
United States,2022-07,14127.0
United States,2022-08,15823.0
United States,2022-09,17965.0
United States,2022-10,53242.0
United States,2022-11,84289.0
United States,2022-12,109484.0
United States,2023-01,88114.0
United States,2023-02,86946.0
United States,2023-03,203041.0
United States,2023-04,183893.0
United States,2023-05,183408.0
United States,2023-06,226806.0
United States,2023-07,198845.0
United States,2023-08,138362.0
United States,2023-09,156637.0
United States,2023-10,211867.0
United States,2023-11,184769.0
United States,2023-12,183166.0
United States,2024-01,131855.0
United States,2024-02,148719.0
United States,2024-03,290075.0
United States,2024-04,228900.0
United States,2024-05,246972.0
United States,2024-06,296414.0
United States,2024-07,251218.0
United States,2024-08,174051.0
United States,2024-09,191942.0
United States,2024-10,278461.0
United States,2024-11,247464.0
United States,2024-12,238523.0
United States,2025-01,182556.0
United States,2025-02,191494.0
United States,2025-03,342752.0
United States,2025-04,327542.0
United States,2025-05,311933.0
United States,2025-06,345150.0
United States,2025-07,277080.0
United States,2025-08,194525.0
United States,2025-09,224793.0
United States,2025-10,335744.0
United States,2025-11,302550.0
United States,2025-12,270704.0
United States,2026-01,207784.0
United States,2026-02,219741.0
United States,2026-03,375948.0
United States,2026-04,330052.0
Unknown,2019-01,0.0
Unknown,2019-02,0.0
Unknown,2019-03,0.0
Unknown,2019-04,0.0
Unknown,2019-05,0.0
Unknown,2019-06,0.0
Unknown,2019-07,0.0
Unknown,2019-08,0.0
Unknown,2019-09,0.0
Unknown,2019-10,0.0
Unknown,2019-11,0.0
Unknown,2019-12,0.0
Unknown,2020-01,0.0
Unknown,2020-02,0.0
Unknown,2020-03,0.0
Unknown,2020-04,0.0
Unknown,2020-05,0.0
Unknown,2020-06,0.0
Unknown,2020-07,0.0
Unknown,2020-08,0.0
Unknown,2020-09,0.0
Unknown,2020-10,0.0
Unknown,2020-11,0.0
Unknown,2020-12,0.0
Unknown,2021-01,0.0
Unknown,2021-02,0.0
Unknown,2021-03,0.0
Unknown,2021-04,0.0
Unknown,2021-05,0.0
Unknown,2021-06,0.0
Unknown,2021-07,0.0
Unknown,2021-08,0.0
Unknown,2021-09,0.0
Unknown,2021-10,0.0
Unknown,2021-11,0.0
Unknown,2021-12,0.0
Unknown,2022-01,0.0
Unknown,2022-02,0.0
Unknown,2022-03,0.0
Unknown,2022-04,0.0
Unknown,2022-05,0.0
Unknown,2022-06,0.0
Unknown,2022-07,0.0
Unknown,2022-08,0.0
Unknown,2022-09,0.0
Unknown,2022-10,0.0
Unknown,2022-11,0.0
Unknown,2022-12,0.0
Unknown,2023-01,0.0
Unknown,2023-02,0.0
Unknown,2023-03,0.0
Unknown,2023-04,0.0
Unknown,2023-05,0.0
Unknown,2023-06,0.0
Unknown,2023-07,0.0
Unknown,2023-08,0.0
Unknown,2023-09,0.0
Unknown,2023-10,0.0
Unknown,2023-11,0.0
Unknown,2023-12,0.0
Unknown,2024-01,0.0
Unknown,2024-02,0.0
Unknown,2024-03,0.0
Unknown,2024-04,0.0
Unknown,2024-05,0.0
Unknown,2024-06,0.0
Unknown,2024-07,0.0
Unknown,2024-08,0.0
Unknown,2024-09,0.0
Unknown,2024-10,0.0
Unknown,2024-11,0.0
Unknown,2024-12,0.0
Unknown,2025-01,0.0
Unknown,2025-02,0.0
Unknown,2025-03,0.0
Unknown,2025-04,0.0
Unknown,2025-05,0.0
Unknown,2025-06,0.0
Unknown,2025-07,0.0
Unknown,2025-08,0.0
Unknown,2025-09,0.0
Unknown,2025-10,0.0
Unknown,2025-11,0.0
Unknown,2025-12,0.0
Unknown,2026-01,0.0
Unknown,2026-02,0.0
Unknown,2026-03,0.0
Unknown,2026-04,0.0
Uruguay,2019-01,89.0
Uruguay,2019-02,77.0
Uruguay,2019-03,241.0
Uruguay,2019-04,692.0
Uruguay,2019-05,191.0
Uruguay,2019-06,309.0
Uruguay,2019-07,93.0
Uruguay,2019-08,75.0
Uruguay,2019-09,323.0
Uruguay,2019-10,189.0
Uruguay,2019-11,102.0
Uruguay,2019-12,94.0
Uruguay,2020-01,92.0
Uruguay,2020-02,98.0
Uruguay,2020-03,415.0
Uruguay,2020-04,0.0
Uruguay,2020-05,0.0
Uruguay,2020-06,0.0
Uruguay,2020-07,0.0
Uruguay,2020-08,4.0
Uruguay,2020-09,2.0
Uruguay,2020-10,0.0
Uruguay,2020-11,2.0
Uruguay,2020-12,1.0
Uruguay,2021-01,1.0
Uruguay,2021-02,3.0
Uruguay,2021-03,1.0
Uruguay,2021-04,0.0
Uruguay,2021-05,0.0
Uruguay,2021-06,4.0
Uruguay,2021-07,49.0
Uruguay,2021-08,7.0
Uruguay,2021-09,0.0
Uruguay,2021-10,2.0
Uruguay,2021-11,10.0
Uruguay,2021-12,2.0
Uruguay,2022-01,3.0
Uruguay,2022-02,0.0
Uruguay,2022-03,3.0
Uruguay,2022-04,2.0
Uruguay,2022-05,2.0
Uruguay,2022-06,54.0
Uruguay,2022-07,7.0
Uruguay,2022-08,37.0
Uruguay,2022-09,16.0
Uruguay,2022-10,55.0
Uruguay,2022-11,44.0
Uruguay,2022-12,35.0
Uruguay,2023-01,37.0
Uruguay,2023-02,88.0
Uruguay,2023-03,349.0
Uruguay,2023-04,378.0
Uruguay,2023-05,147.0
Uruguay,2023-06,53.0
Uruguay,2023-07,82.0
Uruguay,2023-08,84.0
Uruguay,2023-09,111.0
Uruguay,2023-10,162.0
Uruguay,2023-11,114.0
Uruguay,2023-12,76.0
Uruguay,2024-01,83.0
Uruguay,2024-02,138.0
Uruguay,2024-03,377.0
Uruguay,2024-04,451.0
Uruguay,2024-05,213.0
Uruguay,2024-06,311.0
Uruguay,2024-07,95.0
Uruguay,2024-08,95.0
Uruguay,2024-09,181.0
Uruguay,2024-10,256.0
Uruguay,2024-11,126.0
Uruguay,2024-12,108.0
Uruguay,2025-01,167.0
Uruguay,2025-02,230.0
Uruguay,2025-03,398.0
Uruguay,2025-04,448.0
Uruguay,2025-05,581.0
Uruguay,2025-06,194.0
Uruguay,2025-07,123.0
Uruguay,2025-08,94.0
Uruguay,2025-09,292.0
Uruguay,2025-10,339.0
Uruguay,2025-11,177.0
Uruguay,2025-12,125.0
Uruguay,2026-01,183.0
Uruguay,2026-02,206.0
Uruguay,2026-03,637.0
Uruguay,2026-04,596.0
Uzbekistan,2019-01,297.0
Uzbekistan,2019-02,204.0
Uzbekistan,2019-03,375.0
Uzbekistan,2019-04,394.0
Uzbekistan,2019-05,392.0
Uzbekistan,2019-06,349.0
Uzbekistan,2019-07,307.0
Uzbekistan,2019-08,647.0
Uzbekistan,2019-09,710.0
Uzbekistan,2019-10,505.0
Uzbekistan,2019-11,488.0
Uzbekistan,2019-12,575.0
Uzbekistan,2020-01,374.0
Uzbekistan,2020-02,252.0
Uzbekistan,2020-03,88.0
Uzbekistan,2020-04,1.0
Uzbekistan,2020-05,1.0
Uzbekistan,2020-06,4.0
Uzbekistan,2020-07,8.0
Uzbekistan,2020-08,42.0
Uzbekistan,2020-09,39.0
Uzbekistan,2020-10,92.0
Uzbekistan,2020-11,240.0
Uzbekistan,2020-12,149.0
Uzbekistan,2021-01,98.0
Uzbekistan,2021-02,19.0
Uzbekistan,2021-03,83.0
Uzbekistan,2021-04,55.0
Uzbekistan,2021-05,77.0
Uzbekistan,2021-06,65.0
Uzbekistan,2021-07,257.0
Uzbekistan,2021-08,277.0
Uzbekistan,2021-09,299.0
Uzbekistan,2021-10,192.0
Uzbekistan,2021-11,101.0
Uzbekistan,2021-12,44.0
Uzbekistan,2022-01,94.0
Uzbekistan,2022-02,58.0
Uzbekistan,2022-03,200.0
Uzbekistan,2022-04,957.0
Uzbekistan,2022-05,305.0
Uzbekistan,2022-06,377.0
Uzbekistan,2022-07,519.0
Uzbekistan,2022-08,538.0
Uzbekistan,2022-09,700.0
Uzbekistan,2022-10,582.0
Uzbekistan,2022-11,353.0
Uzbekistan,2022-12,474.0
Uzbekistan,2023-01,388.0
Uzbekistan,2023-02,331.0
Uzbekistan,2023-03,582.0
Uzbekistan,2023-04,718.0
Uzbekistan,2023-05,493.0
Uzbekistan,2023-06,730.0
Uzbekistan,2023-07,682.0
Uzbekistan,2023-08,715.0
Uzbekistan,2023-09,1021.0
Uzbekistan,2023-10,1096.0
Uzbekistan,2023-11,644.0
Uzbekistan,2023-12,675.0
Uzbekistan,2024-01,609.0
Uzbekistan,2024-02,383.0
Uzbekistan,2024-03,732.0
Uzbekistan,2024-04,1018.0
Uzbekistan,2024-05,726.0
Uzbekistan,2024-06,630.0
Uzbekistan,2024-07,755.0
Uzbekistan,2024-08,980.0
Uzbekistan,2024-09,937.0
Uzbekistan,2024-10,923.0
Uzbekistan,2024-11,802.0
Uzbekistan,2024-12,573.0
Uzbekistan,2025-01,789.0
Uzbekistan,2025-02,573.0
Uzbekistan,2025-03,691.0
Uzbekistan,2025-04,1463.0
Uzbekistan,2025-05,977.0
Uzbekistan,2025-06,665.0
Uzbekistan,2025-07,983.0
Uzbekistan,2025-08,1308.0
Uzbekistan,2025-09,1576.0
Uzbekistan,2025-10,1209.0
Uzbekistan,2025-11,1095.0
Uzbekistan,2025-12,992.0
Uzbekistan,2026-01,928.0
Uzbekistan,2026-02,612.0
Uzbekistan,2026-03,886.0
Uzbekistan,2026-04,1198.0
Vanuatu,2019-01,23.0
Vanuatu,2019-02,9.0
Vanuatu,2019-03,24.0
Vanuatu,2019-04,8.0
Vanuatu,2019-05,24.0
Vanuatu,2019-06,15.0
Vanuatu,2019-07,15.0
Vanuatu,2019-08,14.0
Vanuatu,2019-09,25.0
Vanuatu,2019-10,11.0
Vanuatu,2019-11,31.0
Vanuatu,2019-12,32.0
Vanuatu,2020-01,14.0
Vanuatu,2020-02,3.0
Vanuatu,2020-03,4.0
Vanuatu,2020-04,0.0
Vanuatu,2020-05,0.0
Vanuatu,2020-06,0.0
Vanuatu,2020-07,0.0
Vanuatu,2020-08,0.0
Vanuatu,2020-09,0.0
Vanuatu,2020-10,0.0
Vanuatu,2020-11,0.0
Vanuatu,2020-12,0.0
Vanuatu,2021-01,0.0
Vanuatu,2021-02,0.0
Vanuatu,2021-03,0.0
Vanuatu,2021-04,0.0
Vanuatu,2021-05,0.0
Vanuatu,2021-06,0.0
Vanuatu,2021-07,6.0
Vanuatu,2021-08,0.0
Vanuatu,2021-09,2.0
Vanuatu,2021-10,0.0
Vanuatu,2021-11,0.0
Vanuatu,2021-12,0.0
Vanuatu,2022-01,0.0
Vanuatu,2022-02,0.0
Vanuatu,2022-03,1.0
Vanuatu,2022-04,1.0
Vanuatu,2022-05,1.0
Vanuatu,2022-06,1.0
Vanuatu,2022-07,2.0
Vanuatu,2022-08,2.0
Vanuatu,2022-09,8.0
Vanuatu,2022-10,10.0
Vanuatu,2022-11,10.0
Vanuatu,2022-12,20.0
Vanuatu,2023-01,28.0
Vanuatu,2023-02,18.0
Vanuatu,2023-03,23.0
Vanuatu,2023-04,24.0
Vanuatu,2023-05,18.0
Vanuatu,2023-06,37.0
Vanuatu,2023-07,40.0
Vanuatu,2023-08,13.0
Vanuatu,2023-09,34.0
Vanuatu,2023-10,43.0
Vanuatu,2023-11,29.0
Vanuatu,2023-12,36.0
Vanuatu,2024-01,29.0
Vanuatu,2024-02,47.0
Vanuatu,2024-03,43.0
Vanuatu,2024-04,35.0
Vanuatu,2024-05,32.0
Vanuatu,2024-06,56.0
Vanuatu,2024-07,62.0
Vanuatu,2024-08,49.0
Vanuatu,2024-09,78.0
Vanuatu,2024-10,65.0
Vanuatu,2024-11,48.0
Vanuatu,2024-12,89.0
Vanuatu,2025-01,80.0
Vanuatu,2025-02,65.0
Vanuatu,2025-03,62.0
Vanuatu,2025-04,68.0
Vanuatu,2025-05,71.0
Vanuatu,2025-06,74.0
Vanuatu,2025-07,102.0
Vanuatu,2025-08,112.0
Vanuatu,2025-09,76.0
Vanuatu,2025-10,93.0
Vanuatu,2025-11,77.0
Vanuatu,2025-12,93.0
Vanuatu,2026-01,82.0
Vanuatu,2026-02,65.0
Vanuatu,2026-03,84.0
Vanuatu,2026-04,79.0
Vatican,2019-01,1.0
Vatican,2019-02,1.0
Vatican,2019-03,0.0
Vatican,2019-04,0.0
Vatican,2019-05,1.0
Vatican,2019-06,1.0
Vatican,2019-07,1.0
Vatican,2019-08,3.0
Vatican,2019-09,0.0
Vatican,2019-10,2.0
Vatican,2019-11,19.0
Vatican,2019-12,0.0
Vatican,2020-01,0.0
Vatican,2020-02,2.0
Vatican,2020-03,0.0
Vatican,2020-04,0.0
Vatican,2020-05,0.0
Vatican,2020-06,0.0
Vatican,2020-07,0.0
Vatican,2020-08,0.0
Vatican,2020-09,0.0
Vatican,2020-10,0.0
Vatican,2020-11,0.0
Vatican,2020-12,0.0
Vatican,2021-01,0.0
Vatican,2021-02,0.0
Vatican,2021-03,0.0
Vatican,2021-04,0.0
Vatican,2021-05,0.0
Vatican,2021-06,0.0
Vatican,2021-07,1.0
Vatican,2021-08,0.0
Vatican,2021-09,0.0
Vatican,2021-10,0.0
Vatican,2021-11,0.0
Vatican,2021-12,0.0
Vatican,2022-01,1.0
Vatican,2022-02,0.0
Vatican,2022-03,0.0
Vatican,2022-04,0.0
Vatican,2022-05,0.0
Vatican,2022-06,0.0
Vatican,2022-07,1.0
Vatican,2022-08,1.0
Vatican,2022-09,0.0
Vatican,2022-10,0.0
Vatican,2022-11,1.0
Vatican,2022-12,0.0
Vatican,2023-01,0.0
Vatican,2023-02,0.0
Vatican,2023-03,1.0
Vatican,2023-04,0.0
Vatican,2023-05,1.0
Vatican,2023-06,0.0
Vatican,2023-07,0.0
Vatican,2023-08,1.0
Vatican,2023-09,0.0
Vatican,2023-10,0.0
Vatican,2023-11,0.0
Vatican,2023-12,0.0
Vatican,2024-01,0.0
Vatican,2024-02,0.0
Vatican,2024-03,0.0
Vatican,2024-04,2.0
Vatican,2024-05,0.0
Vatican,2024-06,1.0
Vatican,2024-07,1.0
Vatican,2024-08,0.0
Vatican,2024-09,0.0
Vatican,2024-10,0.0
Vatican,2024-11,1.0
Vatican,2024-12,0.0
Vatican,2025-01,0.0
Vatican,2025-02,1.0
Vatican,2025-03,0.0
Vatican,2025-04,1.0
Vatican,2025-05,0.0
Vatican,2025-06,4.0
Vatican,2025-07,1.0
Vatican,2025-08,1.0
Vatican,2025-09,0.0
Vatican,2025-10,0.0
Vatican,2025-11,1.0
Vatican,2025-12,1.0
Vatican,2026-01,0.0
Vatican,2026-02,1.0
Vatican,2026-03,0.0
Vatican,2026-04,0.0
Venezuela,2019-01,122.0
Venezuela,2019-02,88.0
Venezuela,2019-03,174.0
Venezuela,2019-04,191.0
Venezuela,2019-05,177.0
Venezuela,2019-06,131.0
Venezuela,2019-07,129.0
Venezuela,2019-08,179.0
Venezuela,2019-09,196.0
Venezuela,2019-10,164.0
Venezuela,2019-11,163.0
Venezuela,2019-12,117.0
Venezuela,2020-01,133.0
Venezuela,2020-02,86.0
Venezuela,2020-03,41.0
Venezuela,2020-04,0.0
Venezuela,2020-05,0.0
Venezuela,2020-06,0.0
Venezuela,2020-07,1.0
Venezuela,2020-08,3.0
Venezuela,2020-09,3.0
Venezuela,2020-10,3.0
Venezuela,2020-11,17.0
Venezuela,2020-12,7.0
Venezuela,2021-01,15.0
Venezuela,2021-02,3.0
Venezuela,2021-03,2.0
Venezuela,2021-04,18.0
Venezuela,2021-05,5.0
Venezuela,2021-06,9.0
Venezuela,2021-07,130.0
Venezuela,2021-08,87.0
Venezuela,2021-09,11.0
Venezuela,2021-10,3.0
Venezuela,2021-11,5.0
Venezuela,2021-12,1.0
Venezuela,2022-01,14.0
Venezuela,2022-02,7.0
Venezuela,2022-03,17.0
Venezuela,2022-04,17.0
Venezuela,2022-05,16.0
Venezuela,2022-06,11.0
Venezuela,2022-07,34.0
Venezuela,2022-08,18.0
Venezuela,2022-09,19.0
Venezuela,2022-10,48.0
Venezuela,2022-11,53.0
Venezuela,2022-12,66.0
Venezuela,2023-01,72.0
Venezuela,2023-02,78.0
Venezuela,2023-03,123.0
Venezuela,2023-04,108.0
Venezuela,2023-05,193.0
Venezuela,2023-06,130.0
Venezuela,2023-07,108.0
Venezuela,2023-08,169.0
Venezuela,2023-09,188.0
Venezuela,2023-10,162.0
Venezuela,2023-11,172.0
Venezuela,2023-12,101.0
Venezuela,2024-01,95.0
Venezuela,2024-02,149.0
Venezuela,2024-03,212.0
Venezuela,2024-04,183.0
Venezuela,2024-05,171.0
Venezuela,2024-06,166.0
Venezuela,2024-07,146.0
Venezuela,2024-08,121.0
Venezuela,2024-09,229.0
Venezuela,2024-10,317.0
Venezuela,2024-11,262.0
Venezuela,2024-12,163.0
Venezuela,2025-01,169.0
Venezuela,2025-02,161.0
Venezuela,2025-03,313.0
Venezuela,2025-04,294.0
Venezuela,2025-05,250.0
Venezuela,2025-06,187.0
Venezuela,2025-07,170.0
Venezuela,2025-08,262.0
Venezuela,2025-09,311.0
Venezuela,2025-10,331.0
Venezuela,2025-11,401.0
Venezuela,2025-12,201.0
Venezuela,2026-01,164.0
Venezuela,2026-02,156.0
Venezuela,2026-03,264.0
Venezuela,2026-04,269.0
Vietnam,2019-01,35375.0
Vietnam,2019-02,39377.0
Vietnam,2019-03,47881.0
Vietnam,2019-04,55295.0
Vietnam,2019-05,39900.0
Vietnam,2019-06,35419.0
Vietnam,2019-07,40762.0
Vietnam,2019-08,43709.0
Vietnam,2019-09,38325.0
Vietnam,2019-10,46510.0
Vietnam,2019-11,41892.0
Vietnam,2019-12,30606.0
Vietnam,2020-01,50424.0
Vietnam,2020-02,39905.0
Vietnam,2020-03,20842.0
Vietnam,2020-04,206.0
Vietnam,2020-05,2.0
Vietnam,2020-06,122.0
Vietnam,2020-07,633.0
Vietnam,2020-08,1122.0
Vietnam,2020-09,2698.0
Vietnam,2020-10,6162.0
Vietnam,2020-11,14730.0
Vietnam,2020-12,15713.0
Vietnam,2021-01,20032.0
Vietnam,2021-02,194.0
Vietnam,2021-03,230.0
Vietnam,2021-04,332.0
Vietnam,2021-05,425.0
Vietnam,2021-06,416.0
Vietnam,2021-07,389.0
Vietnam,2021-08,416.0
Vietnam,2021-09,1012.0
Vietnam,2021-10,995.0
Vietnam,2021-11,1814.0
Vietnam,2021-12,331.0
Vietnam,2022-01,424.0
Vietnam,2022-02,2613.0
Vietnam,2022-03,10096.0
Vietnam,2022-04,29810.0
Vietnam,2022-05,39040.0
Vietnam,2022-06,22877.0
Vietnam,2022-07,22738.0
Vietnam,2022-08,33052.0
Vietnam,2022-09,30871.0
Vietnam,2022-10,30811.0
Vietnam,2022-11,33584.0
Vietnam,2022-12,28197.0
Vietnam,2023-01,51564.0
Vietnam,2023-02,55847.0
Vietnam,2023-03,53653.0
Vietnam,2023-04,55193.0
Vietnam,2023-05,45768.0
Vietnam,2023-06,38873.0
Vietnam,2023-07,44773.0
Vietnam,2023-08,50945.0
Vietnam,2023-09,43004.0
Vietnam,2023-10,50456.0
Vietnam,2023-11,46793.0
Vietnam,2023-12,37047.0
Vietnam,2024-01,44602.0
Vietnam,2024-02,60181.0
Vietnam,2024-03,67475.0
Vietnam,2024-04,61607.0
Vietnam,2024-05,50575.0
Vietnam,2024-06,47458.0
Vietnam,2024-07,49733.0
Vietnam,2024-08,52430.0
Vietnam,2024-09,45857.0
Vietnam,2024-10,50982.0
Vietnam,2024-11,50213.0
Vietnam,2024-12,40060.0
Vietnam,2025-01,50415.0
Vietnam,2025-02,73813.0
Vietnam,2025-03,64123.0
Vietnam,2025-04,64089.0
Vietnam,2025-05,59263.0
Vietnam,2025-06,52935.0
Vietnam,2025-07,53538.0
Vietnam,2025-08,61215.0
Vietnam,2025-09,50419.0
Vietnam,2025-10,53238.0
Vietnam,2025-11,51850.0
Vietnam,2025-12,43696.0
Vietnam,2026-01,52871.0
Vietnam,2026-02,61079.0
Vietnam,2026-03,92051.0
Vietnam,2026-04,76029.0
Yemen,2019-01,42.0
Yemen,2019-02,18.0
Yemen,2019-03,49.0
Yemen,2019-04,64.0
Yemen,2019-05,17.0
Yemen,2019-06,49.0
Yemen,2019-07,41.0
Yemen,2019-08,39.0
Yemen,2019-09,41.0
Yemen,2019-10,45.0
Yemen,2019-11,60.0
Yemen,2019-12,46.0
Yemen,2020-01,36.0
Yemen,2020-02,30.0
Yemen,2020-03,9.0
Yemen,2020-04,0.0
Yemen,2020-05,0.0
Yemen,2020-06,0.0
Yemen,2020-07,0.0
Yemen,2020-08,0.0
Yemen,2020-09,0.0
Yemen,2020-10,1.0
Yemen,2020-11,5.0
Yemen,2020-12,0.0
Yemen,2021-01,1.0
Yemen,2021-02,0.0
Yemen,2021-03,0.0
Yemen,2021-04,1.0
Yemen,2021-05,1.0
Yemen,2021-06,0.0
Yemen,2021-07,23.0
Yemen,2021-08,7.0
Yemen,2021-09,1.0
Yemen,2021-10,1.0
Yemen,2021-11,0.0
Yemen,2021-12,1.0
Yemen,2022-01,0.0
Yemen,2022-02,0.0
Yemen,2022-03,2.0
Yemen,2022-04,9.0
Yemen,2022-05,3.0
Yemen,2022-06,3.0
Yemen,2022-07,3.0
Yemen,2022-08,9.0
Yemen,2022-09,11.0
Yemen,2022-10,13.0
Yemen,2022-11,24.0
Yemen,2022-12,17.0
Yemen,2023-01,17.0
Yemen,2023-02,32.0
Yemen,2023-03,21.0
Yemen,2023-04,30.0
Yemen,2023-05,42.0
Yemen,2023-06,48.0
Yemen,2023-07,69.0
Yemen,2023-08,35.0
Yemen,2023-09,51.0
Yemen,2023-10,59.0
Yemen,2023-11,59.0
Yemen,2023-12,63.0
Yemen,2024-01,25.0
Yemen,2024-02,39.0
Yemen,2024-03,9.0
Yemen,2024-04,44.0
Yemen,2024-05,50.0
Yemen,2024-06,52.0
Yemen,2024-07,71.0
Yemen,2024-08,43.0
Yemen,2024-09,45.0
Yemen,2024-10,53.0
Yemen,2024-11,64.0
Yemen,2024-12,56.0
Yemen,2025-01,43.0
Yemen,2025-02,24.0
Yemen,2025-03,20.0
Yemen,2025-04,70.0
Yemen,2025-05,62.0
Yemen,2025-06,45.0
Yemen,2025-07,68.0
Yemen,2025-08,37.0
Yemen,2025-09,62.0
Yemen,2025-10,62.0
Yemen,2025-11,86.0
Yemen,2025-12,49.0
Yemen,2026-01,36.0
Yemen,2026-02,26.0
Yemen,2026-03,22.0
Yemen,2026-04,28.0
Zambia,2019-01,39.0
Zambia,2019-02,29.0
Zambia,2019-03,36.0
Zambia,2019-04,55.0
Zambia,2019-05,43.0
Zambia,2019-06,41.0
Zambia,2019-07,32.0
Zambia,2019-08,120.0
Zambia,2019-09,81.0
Zambia,2019-10,49.0
Zambia,2019-11,67.0
Zambia,2019-12,37.0
Zambia,2020-01,27.0
Zambia,2020-02,32.0
Zambia,2020-03,15.0
Zambia,2020-04,0.0
Zambia,2020-05,0.0
Zambia,2020-06,0.0
Zambia,2020-07,0.0
Zambia,2020-08,5.0
Zambia,2020-09,10.0
Zambia,2020-10,13.0
Zambia,2020-11,23.0
Zambia,2020-12,16.0
Zambia,2021-01,4.0
Zambia,2021-02,7.0
Zambia,2021-03,6.0
Zambia,2021-04,3.0
Zambia,2021-05,3.0
Zambia,2021-06,7.0
Zambia,2021-07,57.0
Zambia,2021-08,9.0
Zambia,2021-09,3.0
Zambia,2021-10,8.0
Zambia,2021-11,1.0
Zambia,2021-12,8.0
Zambia,2022-01,4.0
Zambia,2022-02,5.0
Zambia,2022-03,22.0
Zambia,2022-04,29.0
Zambia,2022-05,10.0
Zambia,2022-06,20.0
Zambia,2022-07,15.0
Zambia,2022-08,28.0
Zambia,2022-09,54.0
Zambia,2022-10,55.0
Zambia,2022-11,42.0
Zambia,2022-12,35.0
Zambia,2023-01,35.0
Zambia,2023-02,33.0
Zambia,2023-03,34.0
Zambia,2023-04,25.0
Zambia,2023-05,35.0
Zambia,2023-06,54.0
Zambia,2023-07,55.0
Zambia,2023-08,38.0
Zambia,2023-09,61.0
Zambia,2023-10,62.0
Zambia,2023-11,52.0
Zambia,2023-12,45.0
Zambia,2024-01,46.0
Zambia,2024-02,32.0
Zambia,2024-03,46.0
Zambia,2024-04,32.0
Zambia,2024-05,27.0
Zambia,2024-06,60.0
Zambia,2024-07,48.0
Zambia,2024-08,55.0
Zambia,2024-09,56.0
Zambia,2024-10,80.0
Zambia,2024-11,60.0
Zambia,2024-12,53.0
Zambia,2025-01,88.0
Zambia,2025-02,119.0
Zambia,2025-03,41.0
Zambia,2025-04,80.0
Zambia,2025-05,70.0
Zambia,2025-06,57.0
Zambia,2025-07,99.0
Zambia,2025-08,110.0
Zambia,2025-09,86.0
Zambia,2025-10,70.0
Zambia,2025-11,87.0
Zambia,2025-12,76.0
Zambia,2026-01,46.0
Zambia,2026-02,33.0
Zambia,2026-03,40.0
Zambia,2026-04,39.0
Zimbabwe,2019-01,30.0
Zimbabwe,2019-02,34.0
Zimbabwe,2019-03,42.0
Zimbabwe,2019-04,38.0
Zimbabwe,2019-05,49.0
Zimbabwe,2019-06,39.0
Zimbabwe,2019-07,42.0
Zimbabwe,2019-08,157.0
Zimbabwe,2019-09,76.0
Zimbabwe,2019-10,115.0
Zimbabwe,2019-11,49.0
Zimbabwe,2019-12,52.0
Zimbabwe,2020-01,60.0
Zimbabwe,2020-02,27.0
Zimbabwe,2020-03,13.0
Zimbabwe,2020-04,3.0
Zimbabwe,2020-05,0.0
Zimbabwe,2020-06,1.0
Zimbabwe,2020-07,2.0
Zimbabwe,2020-08,2.0
Zimbabwe,2020-09,2.0
Zimbabwe,2020-10,17.0
Zimbabwe,2020-11,14.0
Zimbabwe,2020-12,5.0
Zimbabwe,2021-01,4.0
Zimbabwe,2021-02,1.0
Zimbabwe,2021-03,3.0
Zimbabwe,2021-04,11.0
Zimbabwe,2021-05,6.0
Zimbabwe,2021-06,9.0
Zimbabwe,2021-07,29.0
Zimbabwe,2021-08,16.0
Zimbabwe,2021-09,3.0
Zimbabwe,2021-10,2.0
Zimbabwe,2021-11,7.0
Zimbabwe,2021-12,1.0
Zimbabwe,2022-01,5.0
Zimbabwe,2022-02,10.0
Zimbabwe,2022-03,26.0
Zimbabwe,2022-04,25.0
Zimbabwe,2022-05,25.0
Zimbabwe,2022-06,7.0
Zimbabwe,2022-07,21.0
Zimbabwe,2022-08,32.0
Zimbabwe,2022-09,50.0
Zimbabwe,2022-10,47.0
Zimbabwe,2022-11,71.0
Zimbabwe,2022-12,32.0
Zimbabwe,2023-01,39.0
Zimbabwe,2023-02,37.0
Zimbabwe,2023-03,48.0
Zimbabwe,2023-04,43.0
Zimbabwe,2023-05,42.0
Zimbabwe,2023-06,33.0
Zimbabwe,2023-07,55.0
Zimbabwe,2023-08,40.0
Zimbabwe,2023-09,76.0
Zimbabwe,2023-10,85.0
Zimbabwe,2023-11,53.0
Zimbabwe,2023-12,62.0
Zimbabwe,2024-01,91.0
Zimbabwe,2024-02,55.0
Zimbabwe,2024-03,111.0
Zimbabwe,2024-04,78.0
Zimbabwe,2024-05,64.0
Zimbabwe,2024-06,71.0
Zimbabwe,2024-07,62.0
Zimbabwe,2024-08,88.0
Zimbabwe,2024-09,99.0
Zimbabwe,2024-10,69.0
Zimbabwe,2024-11,73.0
Zimbabwe,2024-12,93.0
Zimbabwe,2025-01,80.0
Zimbabwe,2025-02,36.0
Zimbabwe,2025-03,89.0
Zimbabwe,2025-04,124.0
Zimbabwe,2025-05,87.0
Zimbabwe,2025-06,94.0
Zimbabwe,2025-07,279.0
Zimbabwe,2025-08,269.0
Zimbabwe,2025-09,206.0
Zimbabwe,2025-10,116.0
Zimbabwe,2025-11,90.0
Zimbabwe,2025-12,113.0
Zimbabwe,2026-01,90.0
Zimbabwe,2026-02,36.0
Zimbabwe,2026-03,122.0
Zimbabwe,2026-04,104.0
