merchant_id,corridor,category,name,raw_category,address,city,region,country,latitude,longitude,website,phone,source,first_seen_month,geo_precision
ChIJ2e6Uu2kU2jERJNBBNMoMnN8,CN->SG,Beverage,Rasa Rasa @ Yishun,Coffee shop,348 Yishun Ave 11,Singapore,,SG,1.4265573,103.8428669,http://www.tastywok.sg/,+65 6352 0336,google_maps_vendor_export,2026-08,crawler_exact
ChIJ5WGfo3o92jERLPxTnQ3j2Os,CN->SG,Beverage,乐满家乡小厨 Le Man Seafood Restaurant 622A,Coffee shop,622A Tampines Ave 12,Singapore,,SG,1.3610215,103.9402422,https://m.facebook.com/pages/category/food-beverage/Le-Man-Seafood-Restaurant-109521940714775/,+65 8868 9648,google_maps_vendor_export,2026-08,crawler_exact
ChIJB4DN1L4R2jERRJdF4b8bKN8,CN->SG,Beverage,Tiong Wah Restaurant,Coffee shop,"16 Teck Whye Ln, Block 16",Singapore,,SG,1.3784114,103.7546976,"https://www.burpple.com/tiong-wah-restaurant?bp_ref=/neighbourhoods/sg/west,-singapore",,google_maps_vendor_export,2026-08,crawler_exact
ChIJM68ux0w92jER9yE2WrntyL4,CN->SG,Beverage,New Rezki Restaurant.pte.ltd,Coffee shop,203 Bedok North Street 1,Singapore,,SG,1.3256433,103.9290071,https://www.foodpanda.sg/restaurant/v8sm/new-rezki-restaurant,+65 6573 6837,google_maps_vendor_export,2026-08,crawler_exact
ChIJt_9UaBs92jERInQc82L3oP4,CN->SG,Beverage,Afghanistan Family Restaurant,Coffee shop,"201E Tampines Street 23, #01-56, Tampines N 2, Shopping, Street",Singapore,,SG,1.3535555,103.9539729,undefined,+65 9829 4907,google_maps_vendor_export,2026-08,crawler_exact
ChIJydiQ65YZ2jERt_T20MW04xo,CN->SG,Beverage,Izakaya Nijumaru 居酒屋二重丸,Izakaya restaurant,"5 Koek Rd, #02-10/12",Singapore,,SG,1.3019385,103.840625,https://www.facebook.com/pages/Izakaya-Nijumaru-Restaurant/126326744091762,+65 6235 6693,google_maps_vendor_export,2026-08,crawler_exact
ChIJ-0DAQI4a2jERVIPajSdgj58,CN->SG,Food,Sichuan Tianfu Restaurant (Clementi) 天府川菜 (金文泰),Restaurant,"3151 Commonwealth Ave W, #01-17/18 Grantral Mall @ Clementi",Singapore,,SG,1.3142853,103.7650862,http://www.tianfu.com.sg/,+65 6777 1866,google_maps_vendor_export,2026-08,crawler_exact
ChIJ-5vUSgsZ2jER8xAGp9SfK68,CN->SG,Food,Nanbantei Japanese Restaurant (Chinatown Point),Yakitori restaurant,"133 New Bridge Rd, #02-40 Chinatown Point",Singapore,,SG,1.2855584,103.8450154,http://www.nanbantei.com.sg/,+65 6443 5659,google_maps_vendor_export,2026-08,crawler_exact
ChIJ-YcVucUV2jERo4NKS9Wl7WE,CN->SG,Food,Nandhana’s Restaurant @ Yishun,Indian restaurant,441 Sembawang Rd,Singapore,,SG,1.428485,103.826507,http://www.nandhanas.com/,+65 6015 0276,google_maps_vendor_export,2026-08,crawler_exact
ChIJ-acM4LcZ2jERI5kCVYDvokk,CN->SG,Food,Qtech Cafe Restaurant,Restaurant,211 Syed Alwi Rd,Singapore,,SG,1.307781,103.857714,undefined,+65 9639 6395,google_maps_vendor_export,2026-08,crawler_exact
ChIJ-b2mGjgT2jERStYhYNjd0eU,CN->SG,Food,KNS Restaurant,Indian Muslim restaurant,"120 Woodlands Ave 1, #01-02 ACE The Place Community Club",Singapore,,SG,1.427508,103.7920485,https://knsrestaurant.com/,+65 6974 8267,google_maps_vendor_export,2026-08,crawler_exact
ChIJ-d2VabkR2jERYQ1K_MKnO1M,CN->SG,Food,Phoenix Indian Restaurant,Indian restaurant,"KidsSTOP 21, Jurong Town Hall Rd, Omni theatre building",Singapore,,SG,1.334501,103.735502,https://phoenixindianrestaurant.oddle.me/,+65 6468 1044,google_maps_vendor_export,2026-08,crawler_exact
ChIJ-zvlIDQZ2jERQmjhYTdSKMg,CN->SG,Food,Claudine Restaurant,Restaurant,39C Harding Rd,Singapore,,SG,1.3048733,103.8135205,https://www.claudinerestaurant.com/,+65 8031 9935,google_maps_vendor_export,2026-08,crawler_exact
ChIJ01fgzLUe2jERxlhvImcbZ7g,CN->SG,Food,Quayside Isle,Restaurant,31 Ocean Way,Singapore,,SG,1.2476808,103.8420723,http://www.quaysideisle.com/,+65 6887 3502,google_maps_vendor_export,2026-08,crawler_exact
ChIJ04oiK_kZ2jERX0ctMP0WwiY,CN->SG,Food,Miyabi Japanese Restaurant,Restaurant,"1 Plymouth Ave, Level 2 Raffles Town Club",Singapore,,SG,1.3219317,103.8245858,https://www.rafflestownclub.com.sg/miyabi-japanese-restaurant,+65 6357 3335,google_maps_vendor_export,2026-08,crawler_exact
ChIJ09w94vg92jERb-r87uDlCOc,CN->SG,Food,Sum Dim Sum (Bedok),Dim sum restaurant,"900 Bedok North Rd, #02-02 HometeamNS Bedok",Singapore,,SG,1.3414933,103.918978,http://www.sumdimsum.sg/,+65 8818 9161,google_maps_vendor_export,2026-08,crawler_exact
ChIJ0zevoBEZ2jER9eYTLSlcX1Q,CN->SG,Food,NAEUM Restaurant,Fine dining restaurant,161 Telok Ayer St,Singapore,,SG,1.2803318,103.8475438,http://www.naeum.sg/,+65 8830 5016,google_maps_vendor_export,2026-08,crawler_exact
ChIJ1-cdD7EZ2jERRwu1YXcr6jk,CN->SG,Food,Alaturka Mediterranean & Turkish Restaurant,Turkish restaurant,15 Bussorah St,Singapore,,SG,1.301179,103.859969,http://www.alaturka.com.sg/,+65 9434 6026,google_maps_vendor_export,2026-08,crawler_exact
ChIJ10ST3Vo92jERg2zwKGJ5FKs,CN->SG,Food,Soup Restaurant (Jewel),Chinese restaurant,"78 Airport Boulevard JEWEL #03 - 201, 78 Airport Blvd., #03 - 201",Singapore,,SG,1.3597824,103.9904808,http://www.souprestaurant.com.sg/index_ori.html,+65 6908 3274,google_maps_vendor_export,2026-08,crawler_exact
ChIJ1TIAJCMa2jERxEA9Zo_-TMs,CN->SG,Food,Chang Korean Charcoal BBQ Restaurant,Korean barbecue restaurant,"71 Loewen Rd, #01-01",Singapore,,SG,1.3019405,103.8116485,http://changbbq.com.sg/,+65 6473 9005,google_maps_vendor_export,2026-08,crawler_exact
ChIJ1UPefHIZ2jERNw75Jntk0oM,CN->SG,Food,KOK Sen Restaurant,Singaporean restaurant,4 Keong Saik Rd.,Singapore,,SG,1.2794333,103.8416097,https://wa.me/6597272533,+65 9727 2533,google_maps_vendor_export,2026-08,crawler_exact
ChIJ1_EJz8cZ2jERdsetNXi_zHc,CN->SG,Food,Kailash Parbat Restaurant,Indian restaurant,93 Syed Alwi Rd,Singapore,,SG,1.3095518,103.855504,http://www.kailashparbat.com.sg/,+65 6291 5545,google_maps_vendor_export,2026-08,crawler_exact
ChIJ1bio5vwV2jERYTVD256o8FQ,CN->SG,Food,Uncle Leong Signatures,Chinese restaurant,"1 Joo Koon Cir, #03-26 FairPrice Joo Koon",Singapore,,SG,1.3272183,103.6785455,http://www.uncleleongsignatures.com/,+65 8878 0803,google_maps_vendor_export,2026-08,crawler_exact
ChIJ1ceJAYIZ2jERBDq8G-PB1Ck,CN->SG,Food,Liang Kee Teochew Restaurant,Chinese restaurant,556 MacPherson Rd,Singapore,,SG,1.3324028,103.8850935,https://liangkeerestaurant.com/,+65 6278 7026,google_maps_vendor_export,2026-08,crawler_exact
ChIJ1d0-d6oZ2jERbqzDiEHTuS8,CN->SG,Food,Jia He Grand Chinese Restaurant (Jia He Grand),Chinese restaurant,"1 Farrer Park Station Rd, #01-01 One Farrer Hotel",Singapore,,SG,1.312811,103.8541745,https://www.jiahe.com.sg/,+65 6538 9688,google_maps_vendor_export,2026-08,crawler_exact
ChIJ1z1rl4YX2jER5Dm8jwFIGjY,CN->SG,Food,Casuarina Curry Restaurant and Catering,Indian restaurant,187 MacPherson Rd,Singapore,,SG,1.3303589,103.875493,https://www.casuarinacatering.com/,+65 6285 9001,google_maps_vendor_export,2026-08,crawler_exact
ChIJ26f-6Z4Z2jERGpsI6a3XdiU,CN->SG,Food,Shin Minori Japanese Restaurant @ UE Square,Japanese restaurant,"81 Clemenceau Ave, #03-15/16",Singapore,,SG,1.2919659,103.8426977,http://www.shinminori.com.sg/,+65 6733 2272,google_maps_vendor_export,2026-08,crawler_exact
ChIJ27Nx_BgZ2jER-eTIMZ8ZORM,CN->SG,Food,Ah Yat Seafood Restaurant,Seafood restaurant,19 Sims Way,Singapore,,SG,1.3121512,103.8746939,http://ahyatrestaurant.com.sg/,+65 6332 2288,google_maps_vendor_export,2026-08,crawler_exact
ChIJ2QyAErEb2jER2La0cesrzwA,CN->SG,Food,MIYOSHI by Fat Cow - Teppan-Kaiseki @ Sentosa,Japanese restaurant,"2 Gunner Ln, #01-04/05/06 Mess Hall at Sentosa",Singapore,,SG,1.2529859,103.8205133,http://www.miyoshi.sg/,+65 9247 7668,google_maps_vendor_export,2026-08,crawler_exact
ChIJ2XAPSDYQ2jEROm78Hw5Pgos,CN->SG,Food,Habib Family Restaurant Bukit Batok,Restaurant,"374 Bukit Batok Street 31, Block 377 HDB Bukit Batok",Singapore,,SG,1.357657,103.7506629,undefined,+65 6561 6976,google_maps_vendor_export,2026-08,crawler_exact
ChIJ2Y8ISqI92jERJAkMl3WwlXA,CN->SG,Food,Kin Kao Mai Thai Restaurant,Thai restaurant,50 Punggol East,Singapore,,SG,1.3935658,103.9177688,undefined,+65 8811 5858,google_maps_vendor_export,2026-08,crawler_exact
ChIJ2cHrHK8P2jERrEVc8kgYqmg,CN->SG,Food,SZ Kitchen @ D’Arena,Fish and seafood restaurant,"511 Upper Jurong Rd, Blk E Level 1",Singapore,,SG,1.3294537,103.682807,undefined,+65 8013 0558,google_maps_vendor_export,2026-08,crawler_exact
ChIJ2czce3IZ2jERsxb9tAMRD-Q,CN->SG,Food,Nicolas Le Restaurant,Restaurant,10 Teck Lim Rd,Singapore,,SG,1.2803389,103.8420164,http://www.restaurantnicolas.com/,+65 9643 4391,google_maps_vendor_export,2026-08,crawler_exact
ChIJ31zEWooZ2jERhwUgBDWxuok,CN->SG,Food,PAUL Tanglin,French restaurant,"163 Tanglin Rd, #01-118/120 Tanglin Mall",Singapore,,SG,1.305035,103.823845,http://www.paul-singapore.com/,,google_maps_vendor_export,2026-08,crawler_exact
ChIJ34jrBNQi2jER8TS0jo_zrsY,CN->SG,Food,Hong Kong Street Family Restaurant Bedok 香港街,Chinese restaurant,"430 Upper Changi Rd, #01-67",Singapore,,SG,1.3320173,103.9462022,undefined,+65 6245 3881,google_maps_vendor_export,2026-08,crawler_exact
ChIJ38SghT4Y2jER5Fe3J-Thu8M,CN->SG,Food,Ros Lamul - Best Thai Restaurant in Singapore,Thai restaurant,379 Guillemard Rd,Singapore,,SG,1.3117522,103.8877748,undefined,+65 9816 8055,google_maps_vendor_export,2026-08,crawler_exact
ChIJ3ZiRQ0wR2jER9oCv4f9T9oY,CN->SG,Food,Al Hazima Restaurant,Indian Muslim restaurant,4 Cheong Chin Nam Rd,Singapore,,SG,1.3423657,103.7752408,undefined,+65 6513 0000,google_maps_vendor_export,2026-08,crawler_exact
ChIJ3bz7o1gF2jERqm8AJ08dOnI,CN->SG,Food,SZ Kitchen @ Joo Koon,Fish and seafood restaurant,"1 Joo Koon Cir, #01-45 FairPrice Joo Koon",Singapore,,SG,1.327209,103.678718,undefined,+65 8013 0558,google_maps_vendor_export,2026-08,crawler_exact
ChIJ3x67XiIZ2jERNLoiO6raxGU,CN->SG,Food,Black Pepper Multicuisine Restaurant Singapore,Indian restaurant,"3 Temasek Blvd, Tower 3, #03-367/370 Suntec City mall",Singapore,,SG,1.295069,103.8599416,https://blackpepper.com.sg/,+65 8688 4566,google_maps_vendor_export,2026-08,crawler_exact
ChIJ4-VvVKQZ2jERpID4oMNCeLU,CN->SG,Food,Asia Grand Chinese Restaurant | Cantonese Cuisine Singapore,Chinese restaurant,"252 N Bridge Rd, #03-22B Fairmont Singapore (South Tower",Singapore,,SG,1.2939134,103.8538711,http://www.asiagrand.com.sg/,+65 6887 0010,google_maps_vendor_export,2026-08,crawler_exact
ChIJ40aBt_8W2jERuo-1JPazw4o,CN->SG,Food,Shamiana Restaurant - Serangoon Garden Way,Indian restaurant,"24 Maju Ave, Garden Estate",Singapore,,SG,1.3652583,103.8658003,http://www.shamiana.com.sg/,+65 6283 9685,google_maps_vendor_export,2026-08,crawler_exact
ChIJ487Dp2oR2jERTV1zM0iJNYo,CN->SG,Food,YC Dining & Bar | Western Restaurant Bar,Western restaurant,"2 Venture Dr, #01-45",Singapore,,SG,1.3305038,103.7443055,https://www.ycdiningandbar.info/,+65 6980 5432,google_maps_vendor_export,2026-08,crawler_exact
ChIJ48Vict4b2jERkC8mMbyY8_o,CN->SG,Food,Tee Top Restaurant,Family restaurant,239 Sime Rd,Singapore,,SG,1.3418745,103.8113082,http://www.keppelclub.com.sg/Tee-Top,+65 6933 3962,google_maps_vendor_export,2026-08,crawler_exact
ChIJ4SkXHigZ2jERe_tpWCuslzs,CN->SG,Food,Dal Bam Korean BBQ Restaurant,Korean barbecue restaurant,"66 Tg Pagar Rd, #02-66",Singapore,,SG,1.2788698,103.8438265,undefined,,google_maps_vendor_export,2026-08,crawler_exact
ChIJ4VIYcYM92jER3JjwNuznRrU,CN->SG,Food,Abu Mubarak Mandi Rice Restaurant (Tampines),Middle Eastern restaurant,300 Tampines Ave 5,Singapore,,SG,1.3521977,103.9416774,https://www.abumubarakmandirice.com/,+65 9858 0265,google_maps_vendor_export,2026-08,crawler_exact
ChIJ4ctYDaEZ2jERmhYhjWkjIf4,CN->SG,Food,Flutes,Fine dining restaurant,"120 Beach Rd, #01-02 Guoco Midtown House",Singapore,,SG,1.2973463,103.857383,http://www.flutes.com.sg/?utm_source=google&utm_medium=organic&utm_campaign=gmb,+65 6338 8770,google_maps_vendor_export,2026-08,crawler_exact
ChIJ4fVxTf8b2jERtNRUV2Ng-0Q,CN->SG,Food,"Coastes - Beach Bar & Restaurant | Siloso Beach, Sentosa",Restaurant,"50 Siloso Bch Walk, #01-06",Singapore,,SG,1.2524212,103.8161708,http://www.coastes.com/,,google_maps_vendor_export,2026-08,crawler_exact
ChIJ4w9Rwbwb2jERbaN2kBT1Eqw,CN->SG,Food,Sakunthala's Restaurant - SAFRA Mount Faber,Indian restaurant,"2 Telok Blangah Way #01-07 SAFRA, Mount Faber",Singapore,,SG,1.2775513,103.8174644,https://www.sakunthalas.com/,+65 6261 0314,google_maps_vendor_export,2026-08,crawler_exact
ChIJ5-gaDK8Z2jERSUw9L4HrdK8,CN->SG,Food,Soup Restaurant @ Suntec City,Cantonese restaurant,"3 Temasek Blvd, #B1-127",Singapore,,SG,1.2946756,103.8582806,http://www.souprestaurant.com.sg/,+65 6333 9886,google_maps_vendor_export,2026-08,crawler_exact
ChIJ5SCE0q4e2jERLiATjgKeV90,CN->SG,Food,THE CLIFF,Italian restaurant,"2 Bukit Manis Rd, Sentosa",Singapore,,SG,1.2457724,103.8267834,https://restaurantsandbars.accor.com/fr/restaurant/9474_R004?utm_source=google+Maps&utm_medium=seo+maps&utm_campaign=seo+maps,+65 6708 8360,google_maps_vendor_export,2026-08,crawler_exact
ChIJ5UCkFuEH2jERbLSqUpAAb4c,CN->SG,Food,Greenhouse Bistro,Restaurant,"30 Tuas Bay Dr, #01-00",Singapore,,SG,1.3154265,103.6316115,undefined,,google_maps_vendor_export,2026-08,crawler_exact
ChIJ5XjbxhgQ2jERM4SnMVct6-Q,CN->SG,Food,Enaq the prata shop,Indian restaurant,303 Jurong East Street 32,Singapore,,SG,1.3446764,103.7353697,undefined,,google_maps_vendor_export,2026-08,crawler_exact
ChIJ5ySHC3IZ2jERu-xiMMTjAVE,CN->SG,Food,Candlenut,Nyonya restaurant,17a Dempsey Rd,Singapore,,SG,1.3058022,103.810095,https://www.comoepicurean.com/restaurants/candlenut/,+65 1800 304 2288,google_maps_vendor_export,2026-08,crawler_exact
ChIJ5yUNSEUa2jERwFbLzYcct0g,CN->SG,Food,roots@onenorth restaurant,Western restaurant,"3 Fusionopolis Pl Workloft, Unit, #01 - 50 Galaxis",Singapore,,SG,1.2996794,103.78726,http://www.facebook.com/rootsonenorth,+65 8040 5140,google_maps_vendor_export,2026-08,crawler_exact
ChIJ60i8_RYY2jER0Ah_GzYBzeY,CN->SG,Food,Kucina Italian Restaurant,Italian restaurant,"11 Tanjong Katong Rd, #B1-09/10",Singapore,,SG,1.3149417,103.8945413,http://kucinaitalian.com/,+65 6493 2154,google_maps_vendor_export,2026-08,crawler_exact
ChIJ6WJrhG0Z2jERFtVbDrD08jM,CN->SG,Food,Meta Restaurant,Fine dining restaurant,"9 Mohamed Sultan Rd, Meta Restaurant",Singapore,,SG,1.2939004,103.8418116,http://www.metarestaurant.sg/,+65 9233 9721,google_maps_vendor_export,2026-08,crawler_exact
ChIJ6ZICzEwP2jERlb1OvfWlxrk,CN->SG,Food,Captain's Table,Chinese restaurant,10 Tuas West Dr,Singapore,,SG,1.3425467,103.6354306,https://www.rafflesmarina.com.sg/dining/group-1/captain-s-table.html,+65 6869 2288,google_maps_vendor_export,2026-08,crawler_exact
ChIJ6c_XS6oV2jERnoFBMjB_LbE,CN->SG,Food,Sembawang Eating House Seafood Restaurant,Seafood restaurant,500 Gambas Ave,Singapore,,SG,1.4344224,103.823281,https://www.sehseafood.com/,+65 6423 9861,google_maps_vendor_export,2026-08,crawler_exact
ChIJ6w20tYcP2jERTgGjpchB0Ng,CN->SG,Food,Rasa Istimewa Restaurant @ Safra Jurong (Halal Seafood),Restaurant,"333 Boon Lay Way, #2B-01",Singapore,,SG,1.335214,103.7061558,http://www.rasaistimewa.sg/,+65 6877 9339,google_maps_vendor_export,2026-08,crawler_exact
ChIJ6wtcjx0Z2jERgop9RFB4BCU,CN->SG,Food,Nalan Restaurant Little India,Vegetarian restaurant,82 Serangoon Rd,Singapore,,SG,1.30649,103.8519744,https://nalan.com.sg/,+65 9171 8282,google_maps_vendor_export,2026-08,crawler_exact
ChIJ6yveHwAR2jER1AW2Ffr0uZ4,CN->SG,Food,East Ocean Legend Seafood Restaurant,Restaurant,"63 Hillview Ave, #06-00 Lam Soon Industrial Building",Singapore,,SG,1.3571577,103.7630314,https://www.facebook.com/profile.php?id=61591427138403,+65 8074 1038,google_maps_vendor_export,2026-08,crawler_exact
ChIJ74mSCrsi2jERJG7qojkJU-k,CN->SG,Food,Etna Italian Restaurant (East Coast),Italian restaurant,110 Upper E Coast Rd,Singapore,,SG,1.3132206,103.9293525,http://www.etnaitalianrestaurant.com/,+65 6444 9530,google_maps_vendor_export,2026-08,crawler_exact
ChIJ756pFwsf2jERSX3p6a-SwwI,CN->SG,Food,"Little Farms Table, Sentosa (Restaurant)",Restaurant,"1 Cove Ave, #02-14 PPRT Sentosa",Singapore,,SG,1.2472748,103.8399516,https://www.littlefarmscafe.com/,+65 3158 2457,google_maps_vendor_export,2026-08,crawler_exact
ChIJ75ZsIMsX2jERnk3vHq-qutQ,CN->SG,Food,121 Prawn Roll (Restaurant 121),Takeout Restaurant,"6 Hougang Ave 3, #01-84",Singapore,,SG,1.3627025,103.8939807,undefined,+65 6382 2275,google_maps_vendor_export,2026-08,crawler_exact
ChIJ77snggwG2jER0wYRCz2-4yM,CN->SG,Food,Hi-Five Restaurant & Catering Pte. Ltd.,Fusion restaurant,14 Tech Park Cres,Singapore,,SG,1.3108778,103.630262,undefined,,google_maps_vendor_export,2026-08,crawler_exact
ChIJ7VRKwAY92jERecn25Uf7_J8,CN->SG,Food,Alsalam Restaurant,Halal restaurant,"472 Tampines Street 44, #01-49",Singapore,,SG,1.3600744,103.9536754,undefined,+65 6783 8073,google_maps_vendor_export,2026-08,crawler_exact
ChIJ80ZPPvUR2jERsK-jEZy1Owc,CN->SG,Food,AHTTI Korean Restaurant,Korean restaurant,"2 Venture Dr, #02-43",Singapore,,SG,1.330109,103.744756,https://www.instagram.com/ahtti_kr/,+65 6803 9341,google_maps_vendor_export,2026-08,crawler_exact
ChIJ82KCjowZ2jER37FvW5wmONU,CN->SG,Food,Hana Japanese Restaurant,Japanese restaurant,"583 Orchard Road, Forum The Shopping Mall, #01-17",Singapore,,SG,1.3061111,103.8286111,https://www.hanarestaurantsg.com/,+65 6737 5525,google_maps_vendor_export,2026-08,crawler_exact
ChIJ8TTpmsk92jERNHpupLAkT3Q,CN->SG,Food,Indian Tandoor Restaurant,Restaurant,#01-65 430 Upper Changi Rd,Singapore,,SG,1.3320183,103.9461061,http://indiantandoor.com.sg/,+65 9105 2565,google_maps_vendor_export,2026-08,crawler_exact
ChIJ8VPbCQcY2jER_UWNKLjbjgQ,CN->SG,Food,Alsalam Restaurant,Indian Muslim restaurant,457 Changi Rd,Singapore,,SG,1.3191889,103.9124729,undefined,+65 6841 3543,google_maps_vendor_export,2026-08,crawler_exact
ChIJ8_VREaYR2jERtLdaxL0W1Sc,CN->SG,Food,Anandham Chettinad Restaurant,Restaurant,"152 Bukit Batok Street 11, #01-264",Singapore,,SG,1.3483489,103.7442538,undefined,+65 6904 0100,google_maps_vendor_export,2026-08,crawler_exact
ChIJ9-t6OzsY2jER4mR3gW7x-s8,CN->SG,Food,金方圆饺子馆 Jin Fang Yuan Restaurant,Restaurant,84 Lor 25A Geylang,Singapore,,SG,1.3161875,103.8833377,undefined,,google_maps_vendor_export,2026-08,crawler_exact
ChIJ93wE0BcY2jERorSvVjCkWN8,CN->SG,Food,ShangHai Family Restaurant,Chinese restaurant,789 Geylang Rd,Singapore,,SG,1.3151274,103.8917245,undefined,+65 6848 4530,google_maps_vendor_export,2026-08,crawler_exact
ChIJ978lPHYP2jERf2c1HxrwMsQ,CN->SG,Food,Bottle tree cafe restaurant by sembawang eating house seafood restaurant,Asian restaurant,510 Upper Jurong Rd,Singapore,,SG,1.332714,103.678929,undefined,,google_maps_vendor_export,2026-08,crawler_exact
ChIJ98EW-_g92jERT1piAsJAnow,CN->SG,Food,Seoul Good Korean Restaurant (PUNGGOL),Korean restaurant,50 Punggol East,Singapore,,SG,1.3933217,103.9176177,https://www.facebook.com/seoulgoodsg/,+65 8378 7873,google_maps_vendor_export,2026-08,crawler_exact
ChIJ99TNbQ0Z2jERRn54Uqk3ojc,CN->SG,Food,潮州发记 Teochew Restaurant Huat Kee,Chinese restaurant,"#02-01 RELC Building, 30 Orange Grove Rd",Singapore,,SG,1.3130143,103.8260798,http://www.teochewrestaurant.com/,+65 6423 4747,google_maps_vendor_export,2026-08,crawler_exact
ChIJ9ciIgO892jERUNJPC3z_jKA,CN->SG,Food,Nandhana's restaurant Eastpoint Simei,Restaurant,"3 Simei Street 6, #02-05 Eastpoint Mall",Singapore,,SG,1.3427303,103.9530181,http://www.nandhanas.com/,+65 8690 5861,google_maps_vendor_export,2026-08,crawler_exact
ChIJ9coFPjQY2jERbycvhMP_z-w,CN->SG,Food,Imam Banana Leaf Restaurant Pte Ltd,Restaurant,12 Lor 1 Geylang,Singapore,,SG,1.3110978,103.8725542,https://www.facebook.com/pages/Imam-Banana-Leaf-Restaurant/172338039478801,+65 6744 8644,google_maps_vendor_export,2026-08,crawler_exact
ChIJ9y7Rbo4a2jERLC1BGHJVV_w,CN->SG,Food,Soup Restaurant 三盅两件 @ Clementi Mall,Cantonese restaurant,"3155 Commonwealth Ave W, #03 - 62",Singapore,,SG,1.3151,103.7647806,http://www.souprestaurant.com.sg/,+65 6659 3688,google_maps_vendor_export,2026-08,crawler_exact
ChIJA17IiV4X2jERbNjg85Wi4NU,CN->SG,Food,Luss Restaurant & Bar,Bistro,"5B Portsdown Rd, #01-04",Singapore,,SG,1.2945449,103.7961273,https://www.luss.sg/,+65 8093 1979,google_maps_vendor_export,2026-08,crawler_exact
ChIJA3PsA1QX2jER0STfSUKNqbU,CN->SG,Food,Xin Lai Lai Seafood Restaurant,Restaurant,"391 Upper Aljunied Rd, #391",Singapore,,SG,1.3332616,103.878829,undefined,+65 8336 3918,google_maps_vendor_export,2026-08,crawler_exact
ChIJAQAAsAAc2jERbbHzLY1ImcM,CN->SG,Food,Good Old Days Singapore Flavours,Singaporean restaurant,"60 Siloso Bch Walk, #01-03/04",Singapore,,SG,1.2516525,103.8171855,https://www.mountfaberleisure.com/restaurant/good-old-days/,+65 6361 0088,google_maps_vendor_export,2026-08,crawler_exact
ChIJAXBY2D0U2jERZWpNAYMidOw,CN->SG,Food,Himawari Japanese Restaurant OCC,Authentic Japanese restaurant,"1 Orchid Club Rd #02-02/03, Driving Range unit (Carpark, A Orchid Country Club",Singapore,,SG,1.4136054,103.8448136,https://www.bento.com.sg/,+65 6834 3313,google_maps_vendor_export,2026-08,crawler_exact
ChIJAaUa-RcU2jERfUdAHPUblEQ,CN->SG,Food,Royal Palm @ Orchid Country Club Restaurant,Halal restaurant,"1 Orchid Club Road, #01-21/22, Social Clubhouse",Singapore,,SG,1.4109962,103.8443196,http://www.royalpalmocc.com.sg/,+65 6555 2165,google_maps_vendor_export,2026-08,crawler_exact
ChIJAbqMFbsi2jEROYuBNPvVbvI,CN->SG,Food,Megumi Japanese Restaurant,Japanese restaurant,443 Joo Chiat Rd,Singapore,,SG,1.3070356,103.9043681,http://www.megumi.com.sg/,+65 6243 0700,google_maps_vendor_export,2026-08,crawler_exact
ChIJAdJ_1hQ92jERP1rHP9LQY2Q,CN->SG,Food,Alsalam Restaurant,Indian Muslim restaurant,801 Tampines Ave 4,Singapore,,SG,1.3467606,103.9380649,https://www.foodpanda.sg/restaurant/x4ke/alsalam-restaurant,+65 6789 9680,google_maps_vendor_export,2026-08,crawler_exact
ChIJAwFUL6QQ2jERRnZAgGX_g1k,CN->SG,Food,Greenwood Fish Market | Seafood Restaurant & Market in Bukit Timah,Seafood restaurant,34 & 38 Greenwood Ave,Singapore,,SG,1.3317747,103.806434,http://www.greenwoodfishmarket.com/,+65 6467 4950,google_maps_vendor_export,2026-08,crawler_exact
ChIJAyjVlcs82jERAt-b0q8rhoM,CN->SG,Food,Garden View Restaurant,Chinese restaurant,25 Changi Coast Walk,Singapore,,SG,1.3292506,103.9796745,http://www.tmcc.org.sg/fb-outlets/,+65 6545 2891,google_maps_vendor_export,2026-08,crawler_exact
ChIJB6GpqcIT2jER9K6akoOWj14,CN->SG,Food,East Treasure Chinese Restaurant (東寶) Woods Square,Chinese restaurant,"6 Woodlands Sq, #01-07/08/09/10 Woods Square",Singapore,,SG,1.4347341,103.7860973,http://www.easttreasure.com.sg/,+65 8770 2447,google_maps_vendor_export,2026-08,crawler_exact
ChIJBUNpgbAX2jERZR8GXn-t9-o,CN->SG,Food,Tora Tora Tora Japanese Restaurant Singapore,Japanese restaurant,"62 Ubi Rd 1, #11-19",Singapore,,SG,1.3322686,103.892106,https://www.toratoratora.sg/,+65 9852 9148,google_maps_vendor_export,2026-08,crawler_exact
ChIJBaFPaMEj2jERDH3HboYBSX8,CN->SG,Food,Cheng Ji Seafood Restaurant 城记海鲜 | East Coast Road Branch (Siglap),Seafood restaurant,891 E Coast Rd,Singapore,,SG,1.3127347,103.9240304,http://www.chengjiseafood.com/,+65 9694 1818,google_maps_vendor_export,2026-08,crawler_exact
ChIJBcVP76MZ2jEROyOCv2NE8v4,CN->SG,Food,Smith Marine Floating Restaurant,Restaurant,9XW6+VJP,Singapore,,SG,1.3972416,103.9615845,http://www.smithmarine.com.sg/,+65 9792 7609,google_maps_vendor_export,2026-08,crawler_exact
ChIJBcgWhBEY2jERvkEpJH2j-iQ,CN->SG,Food,Lập - Phở Thố Đá Restaurant,Vietnamese restaurant,"169 Joo Chiat Rd, #01-01",Singapore,,SG,1.3125473,103.9002718,https://www.burpple.com/lap-vietnamese-restaurant,+65 9321 1985,google_maps_vendor_export,2026-08,crawler_exact
ChIJBf9ijzgZ2jERVOfl83L9Gfw,CN->SG,Food,Dark Horse Restaurant,Restaurant,30B Boat Quay,Singapore,,SG,1.2860955,103.8499191,https://darkhorsesingapore.com/,+65 9894 6525,google_maps_vendor_export,2026-08,crawler_exact
ChIJBwvgX8492jERuGqgO6qiZPc,CN->SG,Food,Anjappar Restaurant @ T1 Public,Halal restaurant,"80 Airport Blvd., #03-20 Public Area, Terminal 1",Singapore,,SG,1.3618455,103.9902021,http://anjappar.com.sg/,+65 6278 5545,google_maps_vendor_export,2026-08,crawler_exact
ChIJBxcAf-IZ2jERpPV_h8SXdXk,CN->SG,Food,Pearl Hill Garden Restaurant,Chinese restaurant,1 Labrador Villa Rd,,,SG,1.2718599,103.8023731,undefined,,google_maps_vendor_export,2026-08,crawler_exact
ChIJC4p6u00X2jERvdPg-FGB6-M,CN->SG,Food,Kin Kao Mai Authentic Thai Restaurant,Restaurant,"1 Pasir Ris Cl, #01-309 E!Avenue",Singapore,,SG,1.3756625,103.9550846,undefined,+65 8811 5858,google_maps_vendor_export,2026-08,crawler_exact
ChIJC690iKYi2jERvmTCA-JjDn8,CN->SG,Food,Different Taste Cafe & Restaurant,Family restaurant,111 Frankel Ave,Singapore,,SG,1.3142974,103.9194291,https://m.facebook.com/differenttasterestaurant/?ref=bookmarks,+65 6241 6518,google_maps_vendor_export,2026-08,crawler_exact
ChIJCSu9KUIQ2jERmAlWHXSKk9U,CN->SG,Food,Ariff's Restaurant - Authentic Indian Muslim Cuisine,Indian restaurant,"278 Bukit Batok East Ave 3, #01-365",Singapore,,SG,1.3476898,103.7580109,undefined,+65 8248 9248,google_maps_vendor_export,2026-08,crawler_exact
ChIJCXYS9GMZ2jER3VTObljuSjc,CN->SG,Food,Komala‘s Restaurants,Indian restaurant,42 Race Course Rd,Singapore,,SG,1.3081398,103.8508054,http://www.komalasrestaurants.com/,+65 6293 4464,google_maps_vendor_export,2026-08,crawler_exact
ChIJC_Bo7lYZ2jERATwK_6d9UUA,CN->SG,Food,IN BAD COMPANY | Restaurant & Craft Beer & Wine Bar,Restaurant,"66 E Coast Rd, Level 5, Unit 17 The Flow",Singapore,,SG,1.3042087,103.904484,http://www.inbadco.com/,+65 9145 1134,google_maps_vendor_export,2026-08,crawler_exact
ChIJCaCSXqwi2jERDYg02QOWzng,CN->SG,Food,Muk-Bang Korean Restaurant,Korean restaurant,750 Chai Chee Rd,Singapore,,SG,1.3235722,103.9220387,https://www.instagram.com/mukbangofficial/?hl=en,+65 6604 6328,google_maps_vendor_export,2026-08,crawler_exact
ChIJCxTorhMY2jER96kxaVyOcZc,CN->SG,Food,Quentin's the Eurasian Restaurant,Restaurant,"139 Ceylon Rd, Level 1 Eurasian Heritage Gallery",Singapore,,SG,1.3100053,103.8993095,http://www.quentins.com.sg/,+65 9008 3802,google_maps_vendor_export,2026-08,crawler_exact
ChIJCzL6GnwW2jERtpXp_2IKVbI,CN->SG,Food,Thasevi Food,Indian restaurant,237 Jln Kayu,Singapore,,SG,1.396217,103.8729069,https://thasevifood.shop/,,google_maps_vendor_export,2026-08,crawler_exact
ChIJCzqSjTE92jERCxig5QFo4o8,CN->SG,Food,New Mahamoodiya Restaurant,Indian restaurant,335 Bedok Rd,Singapore,,SG,1.3311377,103.9475055,https://newmahamoodiya.com/,+65 6243 2086,google_maps_vendor_export,2026-08,crawler_exact
ChIJD-HIEdkT2jERTPBGsoeo-dg,CN->SG,Food,Ah Meng Restaurant,Restaurant,"80 Mandai Lake Rd, Singapore Zoo at the Mandai Wildlife Reserve",Singapore,,SG,1.4044329,103.7935492,https://www.mandai.com/en/dine-and-shop/dining-outlets.html,,google_maps_vendor_export,2026-08,crawler_exact
ChIJDVTpC_8S2jERSz_upFj7WYo,CN->SG,Food,Rasa Istimewa Waterfront Restaurant,Halal restaurant,6A Admiralty Rd W,Singapore,,SG,1.4539459,103.7776873,https://www.rasaistimewa.sg/,+65 6366 9339,google_maps_vendor_export,2026-08,crawler_exact
ChIJDY2nRIQZ2jERIIYwqhVhqSY,CN->SG,Food,Al Afrose Restaurant,Indian restaurant,421 River Valley Rd,Singapore,,SG,1.2952109,103.8295574,https://alafroserestaurant.shop/,+65 6737 5715,google_maps_vendor_export,2026-08,crawler_exact
ChIJDbcktlQ92jER_Ao30nl1TYs,CN->SG,Food,Khan Saab Restaurant,Indian restaurant,Blk 55 Chai Chee Dr,Singapore,,SG,1.3270906,103.9187045,undefined,+65 6244 4430,google_maps_vendor_export,2026-08,crawler_exact
ChIJDc8qzwkZ2jERhTL-WDLdqMk,CN->SG,Food,JB Garden Seafood Restaurant,Restaurant,574 Geylang Rd,Singapore,,SG,1.3139756,103.8872723,undefined,+65 9637 9266,google_maps_vendor_export,2026-08,crawler_exact
ChIJDfXnoY8X2jERliGvwx0x__Y,CN->SG,Food,Yu Pavilion Restaurant,Chinese restaurant,"205 Hougang St 21, #03-18/19 Heartland Mall",Singapore,,SG,1.359469,103.8851289,https://www.facebook.com/yupavilionsg,+65 6970 8598,google_maps_vendor_export,2026-08,crawler_exact
ChIJDxsfxWYZ2jER66T76Wy5Stw,CN->SG,Food,Nyonyas & Gentlemen Restaurant,Restaurant,"25 Marine Parade Rd, Level 4 @",Singapore,,SG,1.3037177,103.9029408,http://nag.sg/,+65 6241 4850,google_maps_vendor_export,2026-08,crawler_exact
ChIJE0M5ac8F2jER4VyguvgqOAg,CN->SG,Food,Saap Saap Thai,Thai restaurant,"1 Joo Koon Cir, #01-40/43/46A FairPrice Joo Koon",Singapore,,SG,1.3271996,103.6786162,https://www.saapsaapthai.sg/,,google_maps_vendor_export,2026-08,crawler_exact
ChIJE8Ua3jsX2jERAG8RxkneTfg,CN->SG,Food,Al Mubin Restaurant,Indian restaurant,"212 Hougang St 21, #01-343",Singapore,,SG,1.3595524,103.8884823,undefined,+65 8624 5143,google_maps_vendor_export,2026-08,crawler_exact
ChIJE8vfxYoV2jERyXYCN80Q6lk,CN->SG,Food,White Restaurant (Waterway Point),Chinese restaurant,"83 Punggol Central, B1-12 Waterway Point West Wing",Singapore,,SG,1.4069042,103.9018729,https://whiterestaurant.com.sg/,+65 8073 6693,google_maps_vendor_export,2026-08,crawler_exact
ChIJEVP4-TsQ2jERgoJNF34c_Hs,CN->SG,Food,Teochew Cuisine Restaurant,Chinese restaurant,"Bukit Batok West Ave 6, #01-300 Block 132",Singapore,,SG,1.3503551,103.7459189,undefined,+65 6560 0050,google_maps_vendor_export,2026-08,crawler_exact
ChIJEWNnq5of2jER69_bjd4nzlg,CN->SG,Food,Fiamma,Italian restaurant,1 The Knolls,Singapore,,SG,1.2492482,103.8244513,https://capellahotels.com/en/capella-singapore/dining/fiamma,+65 6591 5046,google_maps_vendor_export,2026-08,crawler_exact
ChIJEbQ9xpYZ2jERyBrI8a2FtEY,CN->SG,Food,Restaurant Born,Fine dining restaurant,"1 Neil Rd, #01-01",Singapore,,SG,1.2803733,103.8438899,https://restaurantborn.com/,+65 9270 8718,google_maps_vendor_export,2026-08,crawler_exact
ChIJF9leE50Z2jER4uEdueSxtsM,CN->SG,Food,Grand Shanghai Restaurant,Shanghainese restaurant,"390 Havelock Rd, Level 1 King's Centre",Singapore,,SG,1.2896087,103.8358913,https://www.grandshanghai.com.sg/,+65 6836 6866,google_maps_vendor_export,2026-08,crawler_exact
ChIJFUNR1fgZ2jER8_PFL26c8Ao,CN->SG,Food,The Café & Terrace Restaurant,Fusion restaurant,"1 Plymouth Ave, Level 2 Raffles Town Club",Singapore,,SG,1.3217087,103.8253106,https://www.rafflestownclub.com.sg/cafe-terrace,+65 6357 3332,google_maps_vendor_export,2026-08,crawler_exact
ChIJFZItt4EU2jERs4G5nrj3tTk,CN->SG,Food,East Bistro Chinese Restaurant,Chinese restaurant,10 Jln Tampang,Singapore,,SG,1.4420426,103.823434,https://www.facebook.com/eastbistrosembawang/,+65 6752 4844,google_maps_vendor_export,2026-08,crawler_exact
ChIJFdruaMEb2jERMCmyEfu4Tws,CN->SG,Food,Himawari Japanese Restaurant,Authentic Japanese restaurant,"991B Alexandra Rd, #01-08/09",Singapore,,SG,1.2738884,103.8033299,http://www.himawari.com.sg/,+65 6272 1110,google_maps_vendor_export,2026-08,crawler_exact
ChIJFw8zxhQY2jER2QJnMRERk90,CN->SG,Food,Bikanervala - Best Indian Vegetarian Restaurant and Mithai shop (Tanjong Katong) Singapore,Indian restaurant,253 Tanjong Katong Rd,Singapore,,SG,1.3082024,103.8953429,https://bikanervala.sg/,+65 8916 0826,google_maps_vendor_export,2026-08,crawler_exact
ChIJFykj1mEQ2jER50T02kGd1OY,CN->SG,Food,Al-Azhar Restaurant,Halal restaurant,11 Cheong Chin Nam Rd,Singapore,,SG,1.3425021,103.7753333,https://www.al-azhar.com/,+65 6466 5052,google_maps_vendor_export,2026-08,crawler_exact
ChIJFzRwWakQ2jER4xnnIvUAwG4,CN->SG,Food,Akane Japanese Restaurant (Members Only),Restaurant,120 Adam Rd,Singapore,,SG,1.330341,103.8157055,http://www.jas.org.sg/dining/akane/akane_en.html,+65 6591 7624,google_maps_vendor_export,2026-08,crawler_exact
ChIJFzRwWakQ2jERhCPJUvP8VQM,CN->SG,Food,Donguri Family Restaurant (Member’s Only),Japanese restaurant,120 Adam Rd,Singapore,,SG,1.3308434,103.8160288,http://www.jas.org.sg/dining/donguri/donguri_en.html,+65 6467 3968,google_maps_vendor_export,2026-08,crawler_exact
ChIJG4HBP5M82jERqbo7uo6pc-g,CN->SG,Food,"Bikanervala - Indian Sweets and Vegetarian Restaurant in Changi Airport, Terminal 3, Singapore",Indian restaurant,"65 Airport Boulevard Singapore Changi Airport terminal 3 Unit 04-01 Level 4, Public Area, Near Departure,before immigration",Singapore,,SG,1.3552177,103.9859232,https://bikanervala.sg/,+65 6584 2473,google_maps_vendor_export,2026-08,crawler_exact
ChIJG5k102MQ2jER0OMTkkFt5XI,CN->SG,Food,Ajiya Okonomiyaki Restaurant,Japanese restaurant,104 Jln Jurong Kechil,Singapore,,SG,1.3409149,103.7724501,http://www.facebook.com/ajiyasg,+65 6463 3461,google_maps_vendor_export,2026-08,crawler_exact
ChIJGVCKbHEY2jERe4sLs53yWvg,CN->SG,Food,Roland Restaurant,Seafood restaurant,"89 Marine Parade Central, #06-750",Singapore,,SG,1.3011283,103.9065943,https://www.rolandrestaurant.com.sg/,+65 6440 8205,google_maps_vendor_export,2026-08,crawler_exact
ChIJH2qMV_Ab2jERmx2LbOg0S1Y,CN->SG,Food,Jang San Korean Restaurant 장산왕족발,Restaurant,"1 W Coast Dr, #01-107",Singapore,,SG,1.3171058,103.7571912,http://jangsankoreanrestaurant.oddle.me/,+65 8679 4622,google_maps_vendor_export,2026-08,crawler_exact
ChIJH8LySQkZ2jERFAGAVveJaA0,CN->SG,Food,"Little Farms Bistro, Katong Point (Restaurant)",Restaurant,"451 Joo Chiat Rd, #01-04",Singapore,,SG,1.3069216,103.9045661,https://littlefarmscafe.com/pages/little-farms-katong-point-bistro,+65 3163 7958,google_maps_vendor_export,2026-08,crawler_exact
ChIJHQALBw8Q2jERTRbxK3smjw0,CN->SG,Food,Brotzeit German Beer Bar and Restaurant @ WestGate,German restaurant,"3 Gateway Dr, #01-04",Singapore,,SG,1.3336757,103.7425569,http://www.brotzeit.co/?utm_source=google&utm_medium=organic&utm_campaign=gmb,+65 6465 9874,google_maps_vendor_export,2026-08,crawler_exact
ChIJHTeC7DUQ2jERQJ0WFpTQDCs,CN->SG,Food,Hwa Jin Vegetarian Family Restaurant,Vegetarian restaurant,"359 Bukit Batok Street 31, #01-393",Singapore,,SG,1.361389,103.7512015,undefined,+65 6677 1492,google_maps_vendor_export,2026-08,crawler_exact
ChIJHWpH1g0Q2jERAwYNmAwf7_g,CN->SG,Food,Tea House by Soup Restaurant,Cantonese restaurant,"2 Jurong East Street 21, #01-87",Singapore,,SG,1.3349575,103.7468492,http://www.souprestaurant.com.sg/,+65 6970 8633,google_maps_vendor_export,2026-08,crawler_exact
ChIJHcaYLpMP2jERjhDMRZ9A7-k,CN->SG,Food,Legendary Hong Kong Restaurant @ Jurong Point 香港傳奇餐廳,Hong Kong style fast food restaurant,"63 Jurong West Central 3, #03-80 Jurong Point",Singapore,,SG,1.3399211,103.7058776,http://www.lhk.com.sg/,+65 9297 3511,google_maps_vendor_export,2026-08,crawler_exact
ChIJHenLA_ET2jERbOlUI2JLLOc,CN->SG,Food,Kin Kao Mai Thai Restaurant Sembawang,Thai restaurant,"43 Admiralty Rd W, #02-01 Sembawang Yatch Club",Singapore,,SG,1.4694763,103.8194072,undefined,+65 9274 8585,google_maps_vendor_export,2026-08,crawler_exact
ChIJHfUPa50Z2jERGJvm5OXf788,CN->SG,Food,Olivia Restaurant & Lounge,Restaurant,"55 Keong Saik Rd., #01-03",Singapore,,SG,1.2806358,103.8415896,https://www.olivia.sg/,+65 6221 0522,google_maps_vendor_export,2026-08,crawler_exact
ChIJHwZEaooQ2jERl-shndvFq7I,CN->SG,Food,Pink Candy Korean Restaurant,Korean restaurant,144 Upper Bukit Timah Rd #04-60 Beauty World Centre,Singapore,,SG,1.342311,103.7763425,https://pinkcandysg.com/,+65 9170 2365,google_maps_vendor_export,2026-08,crawler_exact
ChIJI07EtWMU2jERtBIsqvMyp6E,CN->SG,Food,Xin Peng Chinese Restaurant,Chinese restaurant,"292 Yishun Street 22, #01-271 East Courtyard",Singapore,,SG,1.4366413,103.8374016,undefined,+65 6752 7188,google_maps_vendor_export,2026-08,crawler_exact
ChIJITBrvHQG2jERcNDnppjqfR8,CN->SG,Food,Forum Roasted Bbq,Barbecue restaurant,2 Tuas South Street 2,Singapore,,SG,1.308057,103.6314757,undefined,+65 9758 8678,google_maps_vendor_export,2026-08,crawler_exact
ChIJIWhO2LgZ2jER5HDOAKsQ1cA,CN->SG,Food,RW Selmor Restaurant,Restaurant,48 Serangoon Rd,Singapore,,SG,1.3054587,103.8521936,https://rwselmor.com/,+65 9347 0661,google_maps_vendor_export,2026-08,crawler_exact
ChIJIWql3dwP2jER2Vofb-ef4Y8,CN->SG,Food,Ayza’s Restaurant,Halal restaurant,"508 Jurong West Street 52, #01-170",Singapore,,SG,1.3487191,103.7187866,http://ayzasrestaurantpteltd.com/,+65 6756 4963,google_maps_vendor_export,2026-08,crawler_exact
ChIJId31rWkb2jERHn7iY6qgijA,CN->SG,Food,Abundance: Taiwanese Restaurant & Craft Beer Bar (Redhill),Restaurant,"63A Lengkok Bahru, #01-378",Singapore,,SG,1.289692,103.8153757,https://www.facebook.com/a8undance,+65 8032 1880,google_maps_vendor_export,2026-08,crawler_exact
ChIJIwIB3TYZ2jERc_YxKyz3ApI,CN->SG,Food,One-Ninety Restaurant,Restaurant,"190 Orchard Blvd, Lobby Level",Singapore,,SG,1.3052997,103.8284288,https://www.fourseasons.com/singapore/dining/restaurants/one_ninety/?utm_source=google&utm_medium=organicsearch&utm_campaign=tor-sin-fab-mid-seo-na&utm_content=na-na&utm_term=na,+65 6831 7653,google_maps_vendor_export,2026-08,crawler_exact
ChIJIxNKcs8b2jER_qRtK-FF8z8,CN->SG,Food,TINTO Spanish Restaurant at Dempsey Hill - Best Paella in Singapore,Spanish restaurant,"10 Dempsey Rd, #01-21",Singapore,,SG,1.3033447,103.8104234,https://tinto.sg/,+65 9729 5002,google_maps_vendor_export,2026-08,crawler_exact
ChIJJ12oOwAF2jER1c9sOEh17uE,CN->SG,Food,Kokoro Izakaya (FairPrice Hub - Joo Koon MRT),Japanese restaurant,"1 Joo Koon Cir, #01-51 FairPrice Joo Koon",Singapore,,SG,1.3250128,103.6786652,undefined,+65 8758 7024,google_maps_vendor_export,2026-08,crawler_exact
ChIJJ2b_-MM92jERX9O7FKfuL6s,CN->SG,Food,Dalcomhan Bam Korean Restaurant East Village,Korean restaurant,"430 Upper Changi Rd, #01-66 East Village",Singapore,,SG,1.3319849,103.9461517,https://www.instagram.com/dalcomhanbam.sg/?hl=en,+65 6214 0886,google_maps_vendor_export,2026-08,crawler_exact
ChIJJ4D-iA0W2jERUnMrYe7fnkk,CN->SG,Food,Swensen's @ Compass One,Restaurant,"1 Sengkang Square, #B1-16",Singapore,,SG,1.3920104,103.895214,http://www.swensens.com.sg/,+65 6386 4341,google_maps_vendor_export,2026-08,crawler_exact
ChIJJ8s24l8Z2jERmHd_s9Vxa1s,CN->SG,Food,Restaurant Fiz,Fine dining restaurant,"21 Tg Pagar Rd, #01-01/02 Next to the Fairfield Methodist Church",Singapore,,SG,1.2796868,103.8440099,http://www.restaurantfiz.sg/,+65 9679 8021,google_maps_vendor_export,2026-08,crawler_exact
ChIJJSw0vREY2jERpJYzQVeUcMo,CN->SG,Food,Kim's Place Seafood Restaurant,Seafood restaurant,62B Jln Eunos,Singapore,,SG,1.3217646,103.905563,undefined,+65 6742 1119,google_maps_vendor_export,2026-08,crawler_exact
ChIJJUKV97gb2jERKbp1AJJ9f4w,CN->SG,Food,Yuzutei Japanese Restaurant,Japanese restaurant,"100G Pasir Panjang Rd, #01-01 Interlocal Centre",Singapore,,SG,1.2778449,103.7964888,https://sitelift.site/yuzuteijapaneserestaurant/index.html,+65 9689 4092,google_maps_vendor_export,2026-08,crawler_exact
ChIJJY6vwBsZ2jERCkA10qyoLB8,CN->SG,Food,White Restaurant @ Suntec City,Chinese restaurant,"3 Temasek Blvd, #B1-131",Singapore,,SG,1.2949685,103.858587,https://whiterestaurant.com.sg/locate-us/,+65 8012 2678,google_maps_vendor_export,2026-08,crawler_exact
ChIJJajGausb2jERWTnnTRxm1w8,CN->SG,Food,Bombay Grill - Authentic North Indian Restaurant,North Indian restaurant,"1W W Coast Dr, #01-83 NEWest",Singapore,,SG,1.3168845,103.7573947,http://bombaygrill.sg/,+65 6532 1110,google_maps_vendor_export,2026-08,crawler_exact
ChIJJdZUkWsa2jERge1hfzMuvAY,CN->SG,Food,Baden Restaurant & Pub,Restaurant,42 Lor Mambong,Singapore,,SG,1.3120183,103.7944017,https://m.facebook.com/baden.sg/,+65 6463 8127,google_maps_vendor_export,2026-08,crawler_exact
ChIJJeb3WfMV2jERwC5HFdWSrI4,CN->SG,Food,YAYOI Japanese Restaurant | Northpoint City Yishun | Teishoku | Tonkatsu | Chicken Namban,Japanese restaurant,"930 Yishun Avenue 2 Northpoint City, B1-103/104 South Wing",Singapore,,SG,1.4288276,103.8361132,http://www.yayoi.sg/?utm_source=google&utm_medium=wix_google_business_profile&utm_campaign=3581884231657666160,+65 6970 5592,google_maps_vendor_export,2026-08,crawler_exact
ChIJJxuJ8Z4Z2jER4erCmq37t1A,CN->SG,Food,"Shabestan, Finest Persian Restaurant",Persian restaurant,"80 Mohamed Sultan Rd, #01-13",Singapore,,SG,1.2910376,103.8405841,http://www.shabestan.sg/,+65 9397 6562,google_maps_vendor_export,2026-08,crawler_exact
ChIJJyodxP0b2jERvwv6K_-NPY8,CN->SG,Food,OCEAN Restaurant,Fine dining restaurant,"B1M, Equarius Hotel, 16 Sentosa Gateway, Resorts World Sentosa",Singapore,,SG,1.2579753,103.8166317,https://www.rwsentosa.com/en/dine/signature-restaurants/ocean-restaurant?utm_source=google&utm_medium=serp&utm_placement=website,+65 6577 6869,google_maps_vendor_export,2026-08,crawler_exact
ChIJKVSNn4sR2jERjznHMmMyMAQ,CN->SG,Food,Signature Restaurant & Bar - Best Briyani and Grill chicken,Indian restaurant,"2 Venture Dr, #02-47 magic life pte. ltd.",Singapore,,SG,1.3303721,103.7442673,http://www.signaturelounge.sg/,+65 8586 8782,google_maps_vendor_export,2026-08,crawler_exact
ChIJKaWLnqIi2jER8MCzTNDC7qg,CN->SG,Food,"ThaiPan Restaurant, Marine Parade",Asian restaurant,"13 Siglap Rd, Inside Mandarin Gardens next to the swimming pool",Singapore,,SG,1.3075506,103.9242958,https://www.facebook.com/ThaiPanRestaurantSG?mibextid=ZbWKwL,+65 8869 4272,google_maps_vendor_export,2026-08,crawler_exact
ChIJKcHQTXcT2jER5apKhqFZd8M,CN->SG,Food,Famous Hangout Alfresco Restaurant and Bar (Pet Friendly),Restaurant,"54 Sembawang Rd, #01-01 Hong Heng Mansion",Singapore,,SG,1.4027461,103.8181274,https://www.instagram.com/famoushangout/,+65 9159 9026,google_maps_vendor_export,2026-08,crawler_exact
ChIJKf8-B1IZ2jERKoqDakRkZy0,CN->SG,Food,Restaurant JAG,Restaurant,"41 Robertson Quay, #02-02 STPI",Singapore,,SG,1.2911018,103.8402617,https://www.restaurantjag.com/,+65 6304 3047,google_maps_vendor_export,2026-08,crawler_exact
ChIJKw9mi8YZ2jERk7DUCxp57LY,CN->SG,Food,Man Ting Fang Sichuan Restaurant 满庭芳四川饭店,Sichuan restaurant,72 Pagoda St,Singapore,,SG,1.2837742,103.8438827,http://www.sichuan.com.sg/,+65 6221 3898,google_maps_vendor_export,2026-08,crawler_exact
ChIJKzu_XBgY2jERkZA-RarKtt8,CN->SG,Food,Madura's Restaurant Pte Ltd,Indian restaurant,"60 Paya Lebar Rd, #01-08 Paya Lebar Square",Singapore,,SG,1.3187036,103.8930873,http://www.madurasfood.sg/,+65 6288 5268,google_maps_vendor_export,2026-08,crawler_exact
ChIJL3YtUCI92jERwCp52oQhVSo,CN->SG,Food,Sakura Family Restaurant,Halal restaurant,"3 Simei Street 6, #03-05, Eastpoint Mall, 3 Simei Street 6, #03-05",Singapore,,SG,1.3423802,103.953164,undefined,+65 6388 7414,google_maps_vendor_export,2026-08,crawler_exact
ChIJL7m1cy8Z2jERHtaorNYRzuQ,CN->SG,Food,Ayasofya Turkish Restaurant,Turkish restaurant,51 Bussorah St,Singapore,,SG,1.3018398,103.8593332,http://www.ayasofyarestaurant.com.sg/,+65 9134 0468,google_maps_vendor_export,2026-08,crawler_exact
ChIJLQ-16_4Z2jERFj2nuT9QXas,CN->SG,Food,J.B. Ah Meng Restaurant,Chinese restaurant,534 Geylang Rd,Singapore,,SG,1.3137378,103.8861926,undefined,+65 6741 2418,google_maps_vendor_export,2026-08,crawler_exact
ChIJLZ9DYnIZ2jERQ51Am7WzJLM,CN->SG,Food,Burnt Ends,Barbecue restaurant,"7 Dempsey Rd, #01-02",Singapore,,SG,1.304606,103.8089925,https://burntends.com.sg/,+65 6224 3933,google_maps_vendor_export,2026-08,crawler_exact
ChIJLfD_pN8j2jERCH3WFHh6RN8,CN->SG,Food,Masalaa Bar,Modern Indian restaurant,723 E Coast Rd,Singapore,,SG,1.3122359,103.922917,http://www.masalaabar.com/,+65 6282 4648,google_maps_vendor_export,2026-08,crawler_exact
ChIJLyDlx6092jER1ovQGM8BqvA,CN->SG,Food,Kailash Parbat Restaurant,Vegetarian restaurant,"1 Changi Business Park Cres, #01-10/12/13",Singapore,,SG,1.3330865,103.9659768,https://www.kailashparbat.com.sg/,+65 6636 5545,google_maps_vendor_export,2026-08,crawler_exact
ChIJM-eKedc82jERGtX0Qt-ekFc,CN->SG,Food,Sakunthala's Restaurant - Changi Outlet,Indian restaurant,"8 Changi Business Park Ave 1, #01-53 ESR Biz Park",Singapore,,SG,1.33488,103.9640401,https://www.sakunthalas.com/,+65 6538 3134,google_maps_vendor_export,2026-08,crawler_exact
ChIJM5XhS5IP2jEROHYnmj2eHMA,CN->SG,Food,Wan Xing Mala Xiang Guo 万兴麻辣香锅,Chinese restaurant,"960 Jurong West Street 92, #01-168",Singapore,,SG,1.3413854,103.6914284,http://wanxing.getz.co/,+65 9887 3317,google_maps_vendor_export,2026-08,crawler_exact
ChIJM9NDV9gT2jERDIaoRwP9YIw,CN->SG,Food,Ulu Ulu Safari Restaurant,Restaurant,"80 Mandai Lake Rd, Night Safari at the Mandai Wildlife Reserve",Singapore,,SG,1.4038005,103.7884284,https://www.mandai.com/en/dine-and-shop/dining-outlets.html?location=night-safari,,google_maps_vendor_export,2026-08,crawler_exact
ChIJMX4yLYYX2jERsEEiF3cmpP4,CN->SG,Food,Pin Zhen Chinese Restaurant,Chinese restaurant,"87 Defu Lane 10, #02-01",Singapore,,SG,1.3504231,103.8905436,https://www.yummypalace.com.sg/,+65 6343 1818,google_maps_vendor_export,2026-08,crawler_exact
ChIJMXrGuSo92jERowTcAJXvTlo,CN->SG,Food,PUTIEN (Jewel Changi Airport),Chinese restaurant,"78 Airport Boulevard, #02-249, Jewel, 78 Airport Blvd., #02 - 249 Singapore Changi Airport",Singapore,,SG,1.3598399,103.9899885,https://www.putien.com/,+65 6908 5182,google_maps_vendor_export,2026-08,crawler_exact
ChIJMZS0f_kZ2jERS9Z6l2Jnw9g,CN->SG,Food,Al Borgo Italian Restaurant,Italian restaurant,"383 Bukit Timah Rd, #01-02",Singapore,,SG,1.319502,103.8275459,https://www.alborgo.asia/,+65 9772 1680,google_maps_vendor_export,2026-08,crawler_exact
ChIJMbxelGgV2jERft64o8N23NQ,CN->SG,Food,辣不辣 Labula Mala Sichuan Restaurant @ Yishun,Sichuan restaurant,"233 Yishun Street 21, #01-466",Singapore,,SG,1.4347877,103.8382376,https://www.labula.sg/,+65 8918 7928,google_maps_vendor_export,2026-08,crawler_exact
ChIJMdepCAEEBBARWeEP9knjBok,CN->SG,Food,Nalan Restaurant City Hall,Vegetarian restaurant,"13 Stamford Rd, #B2-54 Capitol Singapore",Singapore,,SG,1.2930748,103.8510451,https://nalan.com.sg/,+65 9732 4289,google_maps_vendor_export,2026-08,crawler_exact
ChIJMduSTzgQ2jEROj60t5-zEL8,CN->SG,Food,Hilltop Garden Restaurant,Restaurant,"91 Bukit Batok West Ave 2, Blk B #03-03",Singapore,,SG,1.3525875,103.7494101,http://www.qianxi.com.sg/,+65 6316 5500,google_maps_vendor_export,2026-08,crawler_exact
ChIJMfzHEP8Z2jER47wjTEBYUl8,CN->SG,Food,PEN & INC NTU Restaurant & Bar,Restaurant,"76 Nanyang Drive, Blk N2.1 NTU North Spine Plaza, #01-01",Singapore,,SG,1.34748,103.6797845,https://www.penandinc.sg/,+65 6513 5780,google_maps_vendor_export,2026-08,crawler_exact
ChIJN45D0_8W2jERw1-vlOEIacg,CN->SG,Food,Hanwoori Korean Restaurant,Korean restaurant,76 Serangoon Garden Wy,Singapore,,SG,1.3642091,103.8651725,undefined,+65 8181 7225,google_maps_vendor_export,2026-08,crawler_exact
ChIJN4xfgXIY2jERK64qoJawCrY,CN->SG,Food,Udipi Ganesh Vilas Restaurant,Vegetarian restaurant,"50 E Coast Rd, #01-64 Stall 6 Roxy Square",Singapore,,SG,1.3044678,103.9037716,https://udipiganeshvilas.com/,+65 8913 7044,google_maps_vendor_export,2026-08,crawler_exact
ChIJN550KU4V2jERoFZ6JduAo4w,CN->SG,Food,Jo Japanese Restaurant,Authentic Japanese restaurant,"101 Seletar Club Rd, #01-01",Singapore,,SG,1.4096081,103.8581298,http://www.jojaprestaurant.com/,+65 8310 3388,google_maps_vendor_export,2026-08,crawler_exact
ChIJNW68tAwY2jERLZZoVN5w44M,CN->SG,Food,Doongji Korean Restaurant,Korean restaurant,222 E Coast Rd,Singapore,,SG,1.307461,103.907404,https://www.instagram.com/doongji.sg/?hl=en,+65 6345 4264,google_maps_vendor_export,2026-08,crawler_exact
ChIJO4L-b8EF2jERfcF00jX9Ae8,CN->SG,Food,Nandhana's Restaurant,Indian restaurant,1 Joo Koon Cir,Singapore,,SG,1.3271539,103.678449,http://www.nandhanas.com/?utm_source=google&utm_medium=wix_google_business_profile&utm_campaign=7268294159237354021,+65 6904 3766,google_maps_vendor_export,2026-08,crawler_exact
ChIJO6-QXP0V2jERgS2qIeMexJI,CN->SG,Food,arabstreet,Restaurant,"Blk 106 Clementi Street 12, #01-38",Singapore,,SG,1.3221739,103.7695664,https://arabstreetturkishwesternrestaurant.shop/,+65 9086 9670,google_maps_vendor_export,2026-08,crawler_exact
ChIJO74wMH0T2jERLSsU6GCXz5M,CN->SG,Food,White Restaurant (Sun Plaza),Chinese restaurant,"30 Sembawang Dr, #03 - 12",Singapore,,SG,1.4484036,103.8198718,https://whiterestaurant.com.sg/,+65 8849 8479,google_maps_vendor_export,2026-08,crawler_exact
ChIJO9op3n8Z2jERkJtP5VHiksg,CN->SG,Food,Eden Restaurant,Restaurant,270 Orchard Rd,Singapore,,SG,1.3029904,103.8362536,https://restaurantsandbars.accor.com/en/restaurant/B9H8_R001,+65 6603 8888,google_maps_vendor_export,2026-08,crawler_exact
ChIJO_0iuLQI2jERkcDiNJD7aIA,CN->SG,Food,Marina Bistro,Restaurant,10 Tuas West Dr,Singapore,,SG,1.3422185,103.6352544,https://www.rafflesmarina.com.sg/dining/group-1/marina-bistro.html,+65 6869 2299,google_maps_vendor_export,2026-08,crawler_exact
ChIJOeo7rRYP2jERfaGpD0hs2vE,CN->SG,Food,The Crowded Bowl,Restaurant,"76 Nanyang Dr, NS3-1-18 West Singapore, North Spine Plaza",Singapore,,SG,1.34729,103.6807359,undefined,,google_maps_vendor_export,2026-08,crawler_exact
ChIJOzIVm4AF2jERKcrCdeHuGAM,CN->SG,Food,Han's,Restaurant,"1 Joo Koon Cir, #02-26/27/28 FairPrice Joo Koon",Singapore,,SG,1.3272086,103.6787828,https://hans.com.sg/,+65 6708 6773,google_maps_vendor_export,2026-08,crawler_exact
ChIJP2ybo_AX2jERoJ0YHyCCu4E,CN->SG,Food,Lee Do Restaurant,Chinese restaurant,"9 King Albert Prk, #01-22 KAP Mall",Singapore,,SG,1.336796,103.7791565,http://www.leedorestaurant.com/,+65 8081 0128,google_maps_vendor_export,2026-08,crawler_exact
ChIJPTigtosZ2jEROGhm4E1Gbm8,CN->SG,Food,Tenshin Restaurant,Tempura restaurant,"1 Cuscaden Rd, Level 3",Singapore,,SG,1.3046549,103.8249313,https://www.tenshin.sg/english.php,+65 6735 4588,google_maps_vendor_export,2026-08,crawler_exact
ChIJPW1NqYYa2jER5HY0GwG7WsM,CN->SG,Food,HoHo Korean Restaurant,Korean restaurant,"106 Clementi Street 12, #01-58/60",Singapore,,SG,1.3218188,103.77005,https://www.facebook.com/pages/HoHo-Korean-Restaurant/978072995645006,+65 6250 3908,google_maps_vendor_export,2026-08,crawler_exact
ChIJQ7ONulgZ2jER7Z-aF-EJ5K0,CN->SG,Food,Imperial Restaurant,Chinese restaurant,382 Havelock Rd,Singapore,,SG,1.2894144,103.8365075,http://imperialrestaurant1988.com/,+65 6337 0491,google_maps_vendor_export,2026-08,crawler_exact
ChIJQ7ONulgZ2jERMHtVg8e4VHg,CN->SG,Food,Brotzeit German Beer Bar and Restaurant - VivoCity,German restaurant,"1 HarbourFront Walk, #01-149 VivoCity",Singapore,,SG,1.2634018,103.8220077,http://www.brotzeit.co/?utm_source=google&utm_medium=organic&utm_campaign=gmb,+65 6272 8815,google_maps_vendor_export,2026-08,crawler_exact
ChIJQ8OtUEwZ2jERiMkcBqLnjyQ,CN->SG,Food,Tabbouleh Lebanese Restaurant,Lebanese restaurant,54 Bussorah St,Singapore,,SG,1.3017018,103.8594839,http://www.tabbouleh.sg/,+65 6291 4100,google_maps_vendor_export,2026-08,crawler_exact
ChIJQQwlkXwZ2jERhgDDkxHH1Vc,CN->SG,Food,Ah Orh Seafood Restaurant,Seafood restaurant,"115 Jalan Bukit Merah, #01-1627",Singapore,,SG,1.2811564,103.8264693,https://ahorhseafood.oddle.me/en_SG,+65 6275 7575,google_maps_vendor_export,2026-08,crawler_exact
ChIJQYPmbysY2jERWY6H8h83tn4,CN->SG,Food,Chennai Alnoor Restaurant,Indian Muslim restaurant,"68 Geylang Bahru, #01-3231",Singapore,,SG,1.3223465,103.8701396,undefined,+65 6297 0331,google_maps_vendor_export,2026-08,crawler_exact
ChIJQe8Ik4wZ2jER9k1PRfGqLy0,CN->SG,Food,Jade Palace Seafood Restaurant,Cantonese restaurant,"583 Orchard Rd, B1 - 13",Singapore,,SG,1.3059609,103.8285176,http://www.jadepalace.com.sg/,+65 6732 6628,google_maps_vendor_export,2026-08,crawler_exact
ChIJR19GINoP2jERIVvcAXcatpg,CN->SG,Food,81 Seafood Restaurant,Restaurant,406 Jurong West Street 42,Singapore,,SG,1.3542716,103.7227622,http://www.facebook.com/81seafood,+65 9072 2049,google_maps_vendor_export,2026-08,crawler_exact
ChIJR7kZRvUP2jER5WSA9lbb-oM,CN->SG,Food,Hahahotpot D'Arena,Restaurant,"511, Block B Upper Jurong Rd, #01-09/10",Singapore,,SG,1.3296779,103.6812636,http://hahahotpot.com/,+65 9731 9616,google_maps_vendor_export,2026-08,crawler_exact
ChIJR8qLTngb2jERncHT3pQir5o,CN->SG,Food,Quentin’s Bar and Restaurant,Asian fusion restaurant,"14 Mess, 2 Gunner Ln, #01-08 Hall Sentosa",,,SG,1.2528382,103.8207408,https://www.quentins.com.sg/,+65 8817 6742,google_maps_vendor_export,2026-08,crawler_exact
ChIJRR8bWM8Z2jER8ml0qU8UFeE,CN->SG,Food,MTR Singapore,Vegetarian restaurant,438 Serangoon Rd,Singapore,,SG,1.3130167,103.8565232,http://www.mtrsingapore.com/,+65 6296 5800,google_maps_vendor_export,2026-08,crawler_exact
ChIJS2s-NswX2jERl8PJLvyATg8,CN->SG,Food,Ruchulu Indian Family Restaurant (Fine Dining) @ High Park Residences Sengkang (Paid Car Park Available in Condo),Indian restaurant,"Sengkang, 21 Fernvale Rd, #01-02 HIGH PARK RESIDENCES",Singapore,,SG,1.3964769,103.875425,https://www.instagram.com/ruchulusg?igsh=aTNvcTg0ZG5ndm1o,+65 8177 4733,google_maps_vendor_export,2026-08,crawler_exact
ChIJSSqJZm0Z2jERuHaJHZH3bnE,CN->SG,Food,FOC Restaurant,Spanish restaurant,32 Keong Saik Rd.,Singapore,,SG,1.2803004,103.8417202,http://www.focrestaurant.com/,+65 6206 5810,google_maps_vendor_export,2026-08,crawler_exact
ChIJSYGeCXIY2jERMf3CjkFvA8E,CN->SG,Food,Yun Ga Traditional Korean Restaurant,Korean barbecue restaurant,"30 E Coast Rd, #03-12",Singapore,,SG,1.3037877,103.9029558,http://www.jushinjung.com.sg/?p=981,+65 6447 9279,google_maps_vendor_export,2026-08,crawler_exact
ChIJT0qQtv0b2jER-bVlf4iazQ4,CN->SG,Food,The Bay Restaurant,Fast food restaurant,"8 Sentosa Gateway, Sentosa Island",Singapore,,SG,1.2579102,103.8174067,http://www.rwsentosa.com/language/en-US/Homepage/Restaurants/Others/TheBayRestaurant,,google_maps_vendor_export,2026-08,crawler_exact
ChIJT8faQP4T2jERYXWhxMWmWzw,CN->SG,Food,Wong Chiew Restaurant 皇潮餐室,Cantonese restaurant,19 Sembawang Rd,Singapore,,SG,1.4028831,103.8175781,https://wongchiewrestaurant.shop/,+65 6456 6838,google_maps_vendor_export,2026-08,crawler_exact
ChIJTT5t4Ek92jERFUegYdjoYU8,CN->SG,Food,Chin Lee Restaurant,Chinese restaurant,"115 Bedok North Rd, #01-285",Singapore,,SG,1.3316142,103.9373255,http://chinlee.com.sg/#page,+65 6449 5454,google_maps_vendor_export,2026-08,crawler_exact
ChIJTbSyA8si2jERsZF1qd_ucZQ,CN->SG,Food,Izumi Japanese Restaurant,Japanese restaurant,"59 New Upper Changi Rd, #01-1240",Singapore,,SG,1.3236717,103.9408779,https://www.facebook.com/Izumijapanesefishmarketsingapore/,+65 8189 1848,google_maps_vendor_export,2026-08,crawler_exact
ChIJTcC3mA8a2jER8_61xS6bFN0,CN->SG,Food,Bumbu Restaurant,Restaurant,"4 Queen's Rd, #02-101",Singapore,,SG,1.319337,103.8087819,https://www.bumbu.sg/,+65 6479 4075,google_maps_vendor_export,2026-08,crawler_exact
ChIJTy0ppOgZ2jERe6fBEYFCvVY,CN->SG,Food,Coucou Authentic Swiss Restaurant and Bar,Swiss restaurant,9 Craig Rd,Singapore,,SG,1.2776438,103.842759,http://coucou.sg/,+65 6226 0060,google_maps_vendor_export,2026-08,crawler_exact
ChIJTyu1bwwZ2jERFtScJqploZY,CN->SG,Food,Kazbar - Middle Eastern Restaurant | Charcoal Grilled Meats & Cocktails,Middle Eastern restaurant,"25 Church St, #01-03 Capital Square 3",Singapore,,SG,1.2837387,103.8486326,https://www.kazbar.com/,+65 6438 2975,google_maps_vendor_export,2026-08,crawler_exact
ChIJU8Tj1WEQ2jEROPbVZAW14uE,CN->SG,Food,Sin Manbok Korean Restaurant 신만복,Restaurant,17 Cheong Chin Nam Rd,Singapore,,SG,1.3433641,103.7751119,https://www.facebook.com/pages/Manbok-Korean-Restaurant-Bukit-Timah/422287711117143,+65 6466 4342,google_maps_vendor_export,2026-08,crawler_exact
ChIJUUJFJ4oX2jER-SsjZUKoUBI,CN->SG,Food,Hippo Family Restaurant,Chinese restaurant,"72 Circuit Rd, #01-13",Singapore,,SG,1.3245016,103.8879239,undefined,+65 6844 2770,google_maps_vendor_export,2026-08,crawler_exact
ChIJUXAAUEUa2jERTkJUfdD1DXM,CN->SG,Food,Hoodadak Korean Restaurant 후다닥 한국 음식점,Korean restaurant,"1 Fusionopolis Pl, #01-10 Galaxis",Singapore,,SG,1.2995285,103.7882033,https://m.facebook.com/pages/Hoodadak-Korean-Fusion-Dining-Room-at-Fusionopolis/959580834119544,+65 6320 3477,google_maps_vendor_export,2026-08,crawler_exact
ChIJUZQWQPEZ2jERTACV9N1eJe4,CN->SG,Food,In Piazza Italian Restaurant & Pizzeria,Italian restaurant,"28 Stevens Rd, #01-04/05",Singapore,,SG,1.3136013,103.82868,http://inpiazza.sg/,+65 9626 0084,google_maps_vendor_export,2026-08,crawler_exact
ChIJU_2KeToY2jER47l6QQxmtoM,CN->SG,Food,Tan Ser Seng Herbal Soup 陳生成山瑞补品,Soup shop,"Lorong 21 Geylang, 29 Lor Bachok, #29",Singapore,,SG,1.3140743,103.8799016,http://tanserseng.oddle.me/en_SG/,+65 8737 2929,google_maps_vendor_export,2026-08,crawler_exact
ChIJUcImHLgZ2jER4dEtGLOhpZY,CN->SG,Food,Hand In Hand Beijing Restaurant,Chinese restaurant,143 Jln Besar,Singapore,,SG,1.3069444,103.8561111,https://inline.app/booking/-Mf6H7ybnTi5Stc8AFcc:inline-live-2/-Nm-aSgQF61pqgBQrJrI,+65 6297 1398,google_maps_vendor_export,2026-08,crawler_exact
ChIJUde_2ogZ2jER9qs3jw1xMgA,CN->SG,Food,Anatolia Restaurant ( Turkish and Lebanese Food),Turkish restaurant,58 Arab St,Singapore,,SG,1.3010307,103.859402,https://anatoliarestaurantsg.com/,+65 8227 7270,google_maps_vendor_export,2026-08,crawler_exact
ChIJV-4CoowZ2jERqZOWhKmnN4g,CN->SG,Food,Kam Boat Teochew Restaurant,Chinese restaurant,"1 Tanglin Rd, #01-13",Singapore,,SG,1.3066408,103.827488,http://www.kamboat.com.sg/,+65 6733 6755,google_maps_vendor_export,2026-08,crawler_exact
ChIJV-B_5JAR2jERhshN1jt1f28,CN->SG,Food,Napolizz Italian Restaurant & Bar (GreenWich V),Italian restaurant,"1 Seletar Rd, #02-02 Greenwich V",Singapore,,SG,1.387699,103.8692972,http://www.napolizz.com.sg/,+65 6592 7640,google_maps_vendor_export,2026-08,crawler_exact
ChIJV-z_710Z2jERKp2acbLHCwY,CN->SG,Food,Yogiyo Korean restaurant,Restaurant,"144 Upper Bukit Timah Rd, #04-03 Beauty World Centre",Singapore,,SG,1.3424106,103.7764256,https://www.instagram.com/yogiyosg?igsh=eXNwN3ppZnI5d3ky,+65 9615 4419,google_maps_vendor_export,2026-08,crawler_exact
ChIJV0YWiNEZ2jERJCb2BdUtFww,CN->SG,Food,Ever Dragon Family Restaurant,Family restaurant,"24 Bendemeer Rd, #01 541",Singapore,,SG,1.3186613,103.8622377,undefined,+65 6295 1929,google_maps_vendor_export,2026-08,crawler_exact
ChIJV0ib2HIZ2jER_Zg0TzVzKeU,CN->SG,Food,Sawasdee Thai Restaurant,Thai restaurant,6 / 8 Trengganu St,Singapore,,SG,1.2832653,103.8442614,https://www.instagram.com/eatsawasdee/?hl=en,+65 9610 9975,google_maps_vendor_export,2026-08,crawler_exact
ChIJV15mQ6Ub2jERvlB6iB9FrN8,CN->SG,Food,Rangooli Restaurant @ Clementi,Indian restaurant,"Blk 721 Clementi West Street 2, #01-138/140",Singapore,,SG,1.3023263,103.7642234,http://www.rangoolirestaurant.com/,+65 9889 5448,google_maps_vendor_export,2026-08,crawler_exact
ChIJV1jY_msZ2jER2Nm55hFNYxo,CN->SG,Food,Kapitan Restaurant | Authentic Slavic Cuisine - Maxwell Chambers,Eastern European restaurant,"32 Maxwell Rd, #01-05 Maxwell Chambers",Singapore,,SG,1.2774027,103.8464312,https://www.kapitanbar.com/,+65 8875 7033,google_maps_vendor_export,2026-08,crawler_exact
ChIJV34W7ecZ2jER_khbLcR0NSQ,CN->SG,Food,Nanta BBQ,Korean barbecue restaurant,"175 Thomson Rd, #01-175/177 Goldhill Centre",Singapore,,SG,1.3183031,103.8437226,https://www.nantabbq.com/,+65 6258 1391,google_maps_vendor_export,2026-08,crawler_exact
ChIJV4DVMtg82jERbKVt1VxBZfA,CN->SG,Food,Yum Cha Changi | Dim Sum Chinese Restaurant,Dim sum restaurant,"6 Changi Business Park Ave 1, #01-33 UE BizHub East",Singapore,,SG,1.3356389,103.9636821,http://www.yumcha.com.sg/,+65 6789 1717,google_maps_vendor_export,2026-08,crawler_exact
ChIJV5HqbUw92jERnQ7X4hYoVQU,CN->SG,Food,Jing Long Seafood Restaurant @ BEDOK,Seafood restaurant,"412 Bedok North Ave 2, #01-152",Singapore,,SG,1.3298436,103.9309225,http://www.jinglongseafood.com.sg/,+65 6442 9398,google_maps_vendor_export,2026-08,crawler_exact
ChIJVUFS5CIa2jERGicUsfSt_2w,CN->SG,Food,Long Beach @ DEMPSEY HILL,Seafood restaurant,25 Dempsey Rd,Singapore,,SG,1.3059056,103.8119806,http://www.longbeachseafood.com.sg/,+65 6323 2222,google_maps_vendor_export,2026-08,crawler_exact
ChIJV_3I1r4b2jERXm75U0No9uo,CN->SG,Food,Paradise Restaurant,Indian restaurant,93 Pasir Panjang Rd,Singapore,,SG,1.2749216,103.795184,http://www.paradiserestaurant.com.sg/ContactUs.aspx,+65 6352 0010,google_maps_vendor_export,2026-08,crawler_exact
ChIJVcTbzycP2jERsdR9HVEL2fY,CN->SG,Food,Al-Afrida Restaurant,Indian Muslim restaurant,"66 Yung Kuang Rd, #01-89/91",Singapore,,SG,1.3321091,103.7229569,undefined,+65 9087 9207,google_maps_vendor_export,2026-08,crawler_exact
ChIJVzhOFlEQ2jER3n2PjmRDbbk,CN->SG,Food,Acqua e Farina - Italian Pizza & Pasta Restaurant . Rail Mall,Italian restaurant,"400 Upper Bukit Timah Rd, The Rail Mall",Singapore,,SG,1.3581088,103.767846,https://acquaefarina.com.sg/,+65 8499 7156,google_maps_vendor_export,2026-08,crawler_exact
ChIJW34KHmIQ2jERkEZOiUOx5Ik,CN->SG,Food,Kah Heng Seafood Restaurant,Chinese restaurant,17 Lor Kilat,Singapore,,SG,1.3409066,103.774347,undefined,+65 9860 8791,google_maps_vendor_export,2026-08,crawler_exact
ChIJW5UmLTY92jERHKQ3LeLjDEs,CN->SG,Food,KNS Restaurant,Indian restaurant,"89 Bedok North Street 4, #01-111",Singapore,,SG,1.3329829,103.9381512,https://knsrestaurant.com/,+65 6445 1619,google_maps_vendor_export,2026-08,crawler_exact
ChIJWWpwVksH2jERIN9b4s7D0Ok,CN->SG,Food,Al-Dia Restaurant @ Tuas South,Indian restaurant,2 Tuas South Street 2,Singapore,,SG,1.3078432,103.6315106,undefined,+65 9892 6935,google_maps_vendor_export,2026-08,crawler_exact
ChIJWX6hZwAT2jERCJjVk3CHRmU,CN->SG,Food,Cavern Restaurant,Western restaurant,"20 Mandai Lake Rd, #02-32 Rainforest Wild Adventure WEST",Singapore,,SG,1.4088282,103.7810406,https://www.mandai.com/en/dine-and-shop/dining-outlets/rainforest-wild-asia/cavern-restaurant.html,,google_maps_vendor_export,2026-08,crawler_exact
ChIJWXkyfhER2jERe2ctFxHPaNs,CN->SG,Food,IKEA Jurong Restaurant,Swedish restaurant,"50 Jurong Gateway Rd, #04-20/21/22",Singapore,,SG,1.3337765,103.7436699,https://www.ikea.com/sg/en/stores/restaurant/,+65 6786 6868,google_maps_vendor_export,2026-08,crawler_exact
ChIJX-0vaTI92jER3JkUjV2Vh9s,CN->SG,Food,Swee Choon Tim Sum Restaurant - Tampines (Century Square),Dim sum restaurant,"2 Tampines Central 5, #01-01 Century Square",Singapore,,SG,1.3526173,103.9440952,https://www.sweechoon.com/,,google_maps_vendor_export,2026-08,crawler_exact
ChIJX9Q-djwY2jER3SjFTMOouOg,CN->SG,Food,Kwong Satay Geylang,Satay restaurant,"517 Geylang Rd, #27A",Singapore,,SG,1.3137131,103.8845443,https://www.facebook.com/kwongsataygeylang,+65 9755 2771,google_maps_vendor_export,2026-08,crawler_exact
ChIJXTBJS0w92jERexiwvZ_ZAEQ,CN->SG,Food,Teahouse By Soup Restaurant @ Century Square,Chinese restaurant,"2 Tampines Central 5, #01-20 Century Square",Singapore,,SG,1.3520939,103.9435653,http://www.souprestaurant.com.sg/,+65 6260 0030,google_maps_vendor_export,2026-08,crawler_exact
ChIJXY4jC5ka2jER7-pcR1iUa70,CN->SG,Food,Faber Valley Pub & Restaurant,Restaurant,114 Faber Dr,Singapore,,SG,1.3204035,103.7564168,https://www.facebook.com/FaberValley/,+65 6778 7101,google_maps_vendor_export,2026-08,crawler_exact
ChIJXYrfjHkZ2jER2CDZHUnyXxs,CN->SG,Food,ManNa Korean Restaurant,Korean restaurant,"#02-138/139, Singpost Centre, 10 Eunos Rd 8",Singapore,,SG,1.3189548,103.8944549,undefined,+65 6227 7425,google_maps_vendor_export,2026-08,crawler_exact
ChIJXdHIvxEY2jERJNkYJvH_4J8,CN->SG,Food,Guan Hoe Soon Restaurant,Nyonya restaurant,"200 Joo Chiat Rd, #01-01",Singapore,,SG,1.312223,103.9002546,http://www.guanhoesoon.com/,+65 6344 2761,google_maps_vendor_export,2026-08,crawler_exact
ChIJXf9cwQUY2jER1VRPF86GDfw,CN->SG,Food,Kampong Chai Chee Restaurant,Halal restaurant,303 Changi Rd,Singapore,,SG,1.3182423,103.9074661,http://kampongchaichee.com/,+65 6841 5005,google_maps_vendor_export,2026-08,crawler_exact
ChIJXwluwgoP2jERulXZRFj8fYY,CN->SG,Food,The Soup Spoon Union NTU,Restaurant,"50 Nanyang Ave, #01-14",Singapore,,SG,1.3471227,103.6811829,https://www.thesoupspoon.com/,,google_maps_vendor_export,2026-08,crawler_exact
ChIJYTcgERU92jERsQYotcxqEyo,CN->SG,Food,Sri Lakshmi Narayana Restaurant,Indian restaurant,"Tampines Street 93, Stall 2 Sri Lakshmi Narayana Restaurant 9007 Kopitiam, Tampines Industrial Park A",Singapore,,SG,1.3389491,103.9412884,http://www.makanveg.com/,+65 8153 2722,google_maps_vendor_export,2026-08,crawler_exact
ChIJZ27Ex-cZ2jERvJAsBMsgDak,CN->SG,Food,Da Luca Italian Restaurant,Italian restaurant,"1 Goldhill Plaza, #01-19/21",Singapore,,SG,1.3180982,103.8426847,undefined,+65 6258 4846,google_maps_vendor_export,2026-08,crawler_exact
ChIJZ5EV6CwY2jERVDWnLvbwFQA,CN->SG,Food,Ariff's Restaurant,Indian restaurant,71 Kallang Bahru,Singapore,,SG,1.3207925,103.8703127,undefined,+65 6297 1024,google_maps_vendor_export,2026-08,crawler_exact
ChIJZdFGZxgY2jERUcLn_QF2BV4,CN->SG,Food,Chicken Run Restaurant,Singaporean restaurant,"60 Paya Lebar Road #02-18/19/20 Paya Lebar Square, above, Paya Lebar MRT station",Singapore,,SG,1.3194919,103.8927503,https://www.facebook.com/chickenrunsg/?fref=ts,+65 6702 1373,google_maps_vendor_export,2026-08,crawler_exact
ChIJZfN4HSMa2jEROlvzGFzspWk,CN->SG,Food,Morsels Restaurant & Gastro Wine Bar | Morsels Private Dining,Asian fusion restaurant,"25 Dempsey Rd, #01-04",Singapore,,SG,1.3058011,103.811817,undefined,+65 6266 3822,google_maps_vendor_export,2026-08,crawler_exact
ChIJZzTg5yIa2jERNtVXMcuCOFU,CN->SG,Food,Samy's Curry Restaurant,Indian restaurant,25 Dempsey Rd,Singapore,,SG,1.3061228,103.8117619,http://www.samyscurry.com/,+65 6472 2080,google_maps_vendor_export,2026-08,crawler_exact
ChIJ_0xLmyAQ2jERFnv2OAux8mQ,CN->SG,Food,Aashiq Restaurant,Indian Muslim restaurant,"326 Jurong East Street 31, Block 326",Singapore,,SG,1.3489432,103.729595,https://www.facebook.com/pages/Aashiq-Restaurant-Pte-Ltd/220112818183722,+65 9234 9918,google_maps_vendor_export,2026-08,crawler_exact
ChIJ_2LlXg0Y2jERFJRp4jdBFTA,CN->SG,Food,Mellvin Seafood Restaurant,Chinese restaurant,354 Joo Chiat Rd,Singapore,,SG,1.3084176,103.9028881,undefined,+65 6366 9985,google_maps_vendor_export,2026-08,crawler_exact
ChIJ_W2jIrEZ2jERpx5zNEeliOg,CN->SG,Food,Bumbu Restaurant,Indonesian restaurant,44 Kandahar St,Singapore,,SG,1.3018761,103.8599942,http://bumbu.com.sg/,+65 6392 8628,google_maps_vendor_export,2026-08,crawler_exact
ChIJ__N6CugZ2jERpeCXKPjrHZo,CN->SG,Food,YAYOI Japanese Restaurant | United Square Novena | Teishoku | Tonkatsu | Chicken Namban,Japanese restaurant,"United Square Thomson Rd, #B1-54/55",Singapore,,SG,1.3172392,103.8434017,https://www.yayoi.sg/?utm_source=google&utm_medium=wix_google_business_profile&utm_campaign=3980408955223696184,+65 6352 7889,google_maps_vendor_export,2026-08,crawler_exact
ChIJ_____1YW2jERK63bsKwVVXo,CN->SG,Food,Chindamani Indian Restaurant Pte Ltd,Indian restaurant,"108 Hougang Ave 1, #01-1263",Singapore,,SG,1.3530738,103.8906133,http://chindamani.sg/,,google_maps_vendor_export,2026-08,crawler_exact
ChIJ_____zoY2jERaXrZkh3ZXuA,CN->SG,Food,Penang Seafood Restaurant,Malaysian restaurant,32 Aljunied Rd,Singapore,,SG,1.3147789,103.8821586,https://penangseafoodrestaurant.shop/,+65 6841 3002,google_maps_vendor_export,2026-08,crawler_exact
ChIJ_a1Lj4gb2jERqZrB0KKNDwU,CN->SG,Food,CANCHITA at Dempsey Hill - Best Peruvian Restaurant in Singapore,Peruvian restaurant,"Dempsey Rd, #9A 9B",Singapore,,SG,1.3029342,103.8098103,http://canchita.sg/,+65 8028 1994,google_maps_vendor_export,2026-08,crawler_exact
ChIJ_bws6xEa2jERYE2B5blZocI,CN->SG,Food,Westlake (Queen's Road),Chinese restaurant,"Blk 4 Queen's Rd, MRT, Farrer Rd, #02-139 Exit B",Singapore,,SG,1.3187577,103.8079784,https://westlake.com.sg/,+65 6474 7283,google_maps_vendor_export,2026-08,crawler_exact
ChIJaXz5QqgZ2jERrq2spRELQ4c,CN->SG,Food,"Little Farms Table, Tanglin Mall (Restaurant)",Restaurant,"163 Tanglin Rd, #02-138",Singapore,,SG,1.305035,103.823845,https://littlefarmscafe.com/pages/little-farms-table-tanglin,+65 3174 1888,google_maps_vendor_export,2026-08,crawler_exact
ChIJadtiSWsY2jERrQniipDfcQA,CN->SG,Food,Keng Bee Restaurant,Chinese restaurant,271 Tanjong Katong Rd,Singapore,,SG,1.3071459,103.8956539,undefined,+65 6345 0366,google_maps_vendor_export,2026-08,crawler_exact
ChIJaf1jCYoZ2jEREWP4zlROmdc,CN->SG,Food,FIRE | Argentinian Restaurant,Argentinian restaurant,"2 Orchard Turn, #55-01 ION Orchard",Singapore,,SG,1.3039288,103.8319512,https://firerestaurant.sg/,+65 8028 1489,google_maps_vendor_export,2026-08,crawler_exact
ChIJayQQ_q8R2jERLJbAEjVYqk0,CN->SG,Food,KNS Restaurant,Indian Muslim restaurant,"346 Jurong East Street 31, #01-73",Singapore,,SG,1.3454479,103.7307035,https://knsrestaurant.com/,+65 8234 5543,google_maps_vendor_export,2026-08,crawler_exact
ChIJayxA_-0a2jER8qiMOk6X4tY,CN->SG,Food,Rong Liang Restaurant Pte Ltd 榮亮閣,Cantonese restaurant,"Block 725 Clementi West Street 2 #01-190/192, (S)120725",Singapore,,SG,1.303813,103.7636313,undefined,+65 9821 0906,google_maps_vendor_export,2026-08,crawler_exact
ChIJb0fNgooa2jERRt4iEA6zg-4,CN->SG,Food,The Restaurant @ SPGG,Restaurant,1010 Dover Rd,Singapore,,SG,1.310065,103.7744328,https://www.spgg.org.sg/the-restaurant,+65 9022 2345,google_maps_vendor_export,2026-08,crawler_exact
ChIJb4Q5VaAP2jERoPmeu9wPMb4,CN->SG,Food,Food Court 2,Food court,35 Students Walk,Singapore,,SG,1.3483645,103.685482,undefined,+65 6334 3033,google_maps_vendor_export,2026-08,crawler_exact
ChIJb74dxZMX2jERRawUlFtLIsQ,CN->SG,Food,Singai Chettinad Restaurant Pte Ltd,Indian restaurant,133 Upper Paya Lebar Rd,Singapore,,SG,1.3387277,103.8862781,https://www.instagram.com/sgchettinad/,+65 9089 9935,google_maps_vendor_export,2026-08,crawler_exact
ChIJb78bvik92jERzI0aJUQXHFg,CN->SG,Food,Bliss Garden - 福满楼,Chinese restaurant,"1 Expo Dr, #02-03",Singapore,,SG,1.3334948,103.9586333,undefined,+65 6789 1313,google_maps_vendor_export,2026-08,crawler_exact
ChIJbVBWhGk92jERN4-tigtHkjg,CN->SG,Food,CIA Top Table Restaurant,Western restaurant,"21 Tampines Avenue 1 Temasek Culinary Academy, Block 31",Singapore,,SG,1.3467773,103.9287993,https://www.facebook.com/ciasg.dining/,+65 6780 4250,google_maps_vendor_export,2026-08,crawler_exact
ChIJbXfs1r4b2jERe6bLvwyx4Jo,CN->SG,Food,Bombay Dining,North Indian restaurant,89 Pasir Panjang Rd,Singapore,,SG,1.2749208,103.7952641,http://bombaydiningsg.com/,,google_maps_vendor_export,2026-08,crawler_exact
ChIJbZenkHYU2jERhSvELnsoFhI,CN->SG,Food,Al Heera Restaurant,Halal restaurant,343 Sembawang Rd,Singapore,,SG,1.4257482,103.8256612,undefined,+65 6756 0323,google_maps_vendor_export,2026-08,crawler_exact
ChIJbfDuOGwZ2jER0mtQ4rwdx7Q,CN->SG,Food,Mariners' Corner Restaurant,Restaurant,"106 Clementi Street 12, #01-40",Singapore,,SG,1.322078,103.7695238,https://www.facebook.com/pages/category/Family-Style-Restaurant/Mariners-Corner-Restaurant-164932550195771/,+65 6224 9928,google_maps_vendor_export,2026-08,crawler_exact
ChIJbwht1dk82jERGOoy1353_1E,CN->SG,Food,HeritageOne Restaurant,Indian restaurant,35 Norris Rd,Singapore,,SG,1.3080522,103.8540284,http://www.heritageone.com.sg/,+65 9199 2144,google_maps_vendor_export,2026-08,crawler_exact
ChIJc1vpYBEY2jERTT_DlyCDrbg,CN->SG,Food,British Hainan Heritage Restaurant (Previously Joo Chiat),Singaporean restaurant,"158 Kallang Wy, #01-06A",Singapore,,SG,1.3225968,103.8765689,http://www.linktr.ee/british.hainan,+65 9633 8122,google_maps_vendor_export,2026-08,crawler_exact
ChIJc6s2rage2jERzvX_e5IB_6k,CN->SG,Food,Tanjong Beach Club,Restaurant,120 Tanjong Beach Walk,Singapore,,SG,1.243299,103.828128,http://www.tanjongbeachclub.com/,+65 9750 5323,google_maps_vendor_export,2026-08,crawler_exact
ChIJc7Z7FtMb2jERueHO91Na1oI,CN->SG,Food,Zi Yean Restaurant,Cantonese restaurant,"56 Lengkok Bahru, #01-443",Singapore,,SG,1.2879413,103.8143642,https://ziyean.oddle.me/,+65 6474 0911,google_maps_vendor_export,2026-08,crawler_exact
ChIJcwkC8Co92jERxiPJ0rflF9c,CN->SG,Food,Rasa Istimewa @ Pasir Ris,Restaurant,201 Pasir Ris Rd,Singapore,,SG,1.3821322,103.9478907,https://www.rasaistimewa.sg/,+65 6386 9339,google_maps_vendor_export,2026-08,crawler_exact
ChIJcwwkpSg92jEReBZfkbuYcSQ,CN->SG,Food,Tonkotsu Kazan VOLCANO Ramen @ Century Square 豚骨火山ラーメン @ センチュリースクエア店,Ramen restaurant,"2 Tampines Central 5, #B1-10",Singapore,,SG,1.3523349,103.9437508,http://tonkotsukazan.com/,+65 6782 7389,google_maps_vendor_export,2026-08,crawler_exact
ChIJcyu5cP4j2jERbTd6frhD34Y,CN->SG,Food,ANATTA Restaurant,Restaurant,"914 E Coast Rd, #01-02 The Domain",Singapore,,SG,1.3120273,103.9244088,https://anatta.sg/our-brands/?fbclid=PARlRTSAMnb0FleHRuA2FlbQIxMQABp_ZX8jhc3_Skw1rkdgY761gj80-tU1c3kBQ_n9g0Alb4ju3hyyxzk4jBaGZx_aem_fUBHhrLWPmUrs2TJ8G0w5w,+65 9366 3934,google_maps_vendor_export,2026-08,crawler_exact
ChIJczgzmjQZ2jERMtYxw3Z7OrQ,CN->SG,Food,Suju Masayuki Takashimaya,Japanese restaurant,"391 Orchard Rd, #02-13 Ngee Ann City",Singapore,,SG,1.3020104,103.834647,https://suju-masayuki.com/sg/index02.php,+65 8796 4650,google_maps_vendor_export,2026-08,crawler_exact
ChIJd0jKulUF2jERzRvrkyRc5ao,CN->SG,Food,Hakata Japanese Restaurant - NEWest,Restaurant,"1 W Coast Dr, #01-93/70 NEWest",Singapore,,SG,1.3165221,103.7576526,http://www.hakatarestaurant.com/catering/,+65 6265 3680,google_maps_vendor_export,2026-08,crawler_exact
ChIJd8vAz3A92jERlZeAeNiNjLk,CN->SG,Food,Gochi-So Shokudo Japanese Restaurant ごち惣食堂 @ Jewel Changi Airport,Tonkatsu restaurant,"78 Airport Blvd., B1 - 289",Singapore,,SG,1.3603912,103.989642,http://facebook.com/gochiso.shokudo,+65 6214 9581,google_maps_vendor_export,2026-08,crawler_exact
ChIJddKNzn4W2jERVGrDRcd5OxY,CN->SG,Food,Thohirah Restaurant,Indian Muslim restaurant,258 Jln Kayu,Singapore,,SG,1.3982126,103.8732428,https://m.facebook.com/pages/Thohirah-Restaurant/166973133327717,+65 6481 2009,google_maps_vendor_export,2026-08,crawler_exact
ChIJdzt92QsY2jERbh4sdYZ4Foo,CN->SG,Food,The Garden Slug Family Restaurant (Pet-Friendly Seating Available),Restaurant,"55 Lor L Telok Kurau, #01-57/59",Singapore,,SG,1.3118917,103.9105583,http://thegardenslug.com/,+65 8413 5897,google_maps_vendor_export,2026-08,crawler_exact
ChIJe4R8RAoZ2jERGK0W6aIiKU4,CN->SG,Food,White Restaurant (VivoCity),Chinese restaurant,"1 HarbourFront Walk, #02-121/122 VivoCity",Singapore,,SG,1.2635017,103.8227849,https://whiterestaurant.com.sg/,+65 8068 4438,google_maps_vendor_export,2026-08,crawler_exact
ChIJe_Oom44X2jERXUOvGj0BpP4,CN->SG,Food,Crab at Bay Seafood Restaurant,Seafood restaurant,540 MacPherson Rd,Singapore,,SG,1.3324127,103.8846859,http://www.crabatbay.com/,+65 6743 8366 ext. 97541900,google_maps_vendor_export,2026-08,crawler_exact
ChIJebuu92kT2jERtBQ6OGhKwH8,CN->SG,Food,Penguin Cove Restaurant,Restaurant,"20 Mandai Lake Rd, Bird Paradise at the Mandai Wildlife Reserve",Singapore,,SG,1.4065452,103.7826085,https://www.mandai.com/en/dine-and-shop/dining-outlets.html,,google_maps_vendor_export,2026-08,crawler_exact
ChIJeeZvMiQZ2jERIigdrN9mSAA,CN->SG,Food,Qi Lai Feng 齐来丰鱼庄 Chinese Restaurant,Chinese restaurant,"198 Geylang Rd, #02-04",Singapore,,SG,1.3116991,103.8760812,https://www.facebook.com/qilaifeng.sg/,+65 9823 6795,google_maps_vendor_export,2026-08,crawler_exact
ChIJf1ojlwMZ2jERv8LCqVDIPGs,CN->SG,Food,Al Bidayah Restaurant,Indian restaurant,364 Geylang Rd,Singapore,,SG,1.312759,103.8811706,undefined,+65 6746 6786,google_maps_vendor_export,2026-08,crawler_exact
ChIJf3_kfrAX2jERPyxegJC3-Cw,CN->SG,Food,莆仙 Pu Xian Restaurant,Restaurant,"Blk 377 Hougang St. 32, #02-04 Hougang Rivercourt",Singapore,,SG,1.3629707,103.895343,undefined,+65 9860 7327,google_maps_vendor_export,2026-08,crawler_exact
ChIJf7JfE68b2jERfkjctooUmCA,CN->SG,Food,Native Kitchen - Asian Cuisine/Local Favourites @ Sentosa,Restaurant,"10 Artillery Avenue Sentosa Island, Lobby Level Village Hotel at Sentosa",Singapore,,SG,1.2528069,103.8203696,https://www.nativekitchen.com.sg/,+65 6722 0818,google_maps_vendor_export,2026-08,crawler_exact
ChIJfRsaqLYe2jERoKBUK2tvw8Q,CN->SG,Food,WOK°15 Kitchen,Restaurant,"#01-01 11 Cove Drive, Sentosa Cove",Singapore,,SG,1.2458306,103.8398907,https://www.wok15.com/,+65 6305 6998,google_maps_vendor_export,2026-08,crawler_exact
ChIJfXL2ZqQ92jERMW-BJZM1HH4,CN->SG,Food,The Coach Restaurant (Jewel Changi),Restaurant,"78 Airport Blvd., #01-207 Jewel Singapore Changi Airport",Singapore,,SG,1.3606335,103.9896991,https://singapore.coach.com/coach-restaurant,,google_maps_vendor_export,2026-08,crawler_exact
ChIJfadGmY4X2jERn7fOuwqPpdE,CN->SG,Food,Yi Jia South Village Seafood Restaurant (Macpherson),Seafood restaurant,544 MacPherson Rd,Singapore,,SG,1.3324733,103.8848471,http://yijiasouthvillage.com.sg/,+65 6747 8263,google_maps_vendor_export,2026-08,crawler_exact
ChIJg8dwrRIZ2jERmQfJ-q43cgA,CN->SG,Food,Hwang Sil Korean Chinese Restaurant,Korean restaurant,"38 Maxwell Rd, #01-05",Singapore,,SG,1.27929,103.8449588,undefined,+65 6224 4371,google_maps_vendor_export,2026-08,crawler_exact
ChIJgUPIH4MR2jERde8yxvdgSks,CN->SG,Food,Barrio Spanish Restaurant,Spanish restaurant,73 Hillcrest Rd,Singapore,,SG,1.3315214,103.8075058,https://barrio.sg/,+65 8328 7467,google_maps_vendor_export,2026-08,crawler_exact
ChIJgUxbod4T2jER7OICXNgcMKU,CN->SG,Food,Crimson Restaurant,Restaurant,"20 Mandai Lake Rd, Bird Paradise at the Mandai Wildlife Reserve",Singapore,,SG,1.4044484,103.780802,https://www.mandai.com/en/dine-and-shop/dining-outlets/bird-paradise/crimson-restaurant.html,,google_maps_vendor_export,2026-08,crawler_exact
ChIJgbsEHOsP2jERI7yaT9xZU_Y,CN->SG,Food,KNS Restaurant,Indian Muslim restaurant,"990 Jurong West Street 93, #01-01",Singapore,,SG,1.3352421,103.695759,https://knsrestaurant.com/,+65 6816 1633,google_maps_vendor_export,2026-08,crawler_exact
ChIJgfFl2wsZ2jERpA7kKbAsJkM,CN->SG,Food,Pasta Fresca Da Salvatore (Boat Quay),Italian restaurant,30 Boat Quay,Singapore,,SG,1.2860763,103.849884,https://www.pastafresca.com/outlet/pasta-fresca-boat-quay/,+65 6532 6283,google_maps_vendor_export,2026-08,crawler_exact
ChIJgwJlSXMZ2jERGrsN1WJyQjs,CN->SG,Food,Chinatown Seafood Restaurant,Seafood restaurant,2 Trengganu St,Singapore,,SG,1.2833668,103.8443466,https://chinatown.sg/dine/chinatown-seafood-restaurant/,,google_maps_vendor_export,2026-08,crawler_exact
ChIJgxdqAJAQ2jER-F11NQ5gnFg,CN->SG,Food,Ivins Peranakan Restaurant @ Binjai Park,Nyonya restaurant,21 Binjai Park,Singapore,,SG,1.3363179,103.7869465,undefined,+65 6468 3060,google_maps_vendor_export,2026-08,crawler_exact
ChIJgzcWh1Y92jERSn3vPT2EZ9A,CN->SG,Food,小浦田餐馆 | Xiao Pu Tien Restaurant,Chinese restaurant,"138 Tampines St. 11, #01-124",Singapore,,SG,1.3454615,103.9456244,undefined,+65 9370 0092,google_maps_vendor_export,2026-08,crawler_exact
ChIJh-6lUgMZ2jERViChF4Ja8-4,CN->SG,Food,Mum Daughter Kitchen - Taste of Home,Hawker center,"29 Tuas W Ave, Stall 007",Singapore,,SG,1.3318612,103.6382152,https://www.mumdaughterkitchen.com/,+65 8157 6616,google_maps_vendor_export,2026-08,crawler_exact
ChIJhYVqYZYi2jER9ddB0NENqJs,CN->SG,Food,JUMBO Seafood - East Coast,Seafood restaurant,"1206 ECP, #01-07/08 East Coast Seafood Centre",Singapore,,SG,1.3051669,103.930673,http://www.jumboseafood.com.sg/,+65 6442 3435,google_maps_vendor_export,2026-08,crawler_exact
ChIJhYwcCp4Z2jERjvc_bd6Iy9g,CN->SG,Food,Dabbawalla : Modern Indian Restaurant @ Robertson Quay,Indian restaurant,"60 Robertson Quay, #01-10/11",Singapore,,SG,1.2900331,103.8391614,http://www.dabbawalla.com.sg/,+65 8989 1078,google_maps_vendor_export,2026-08,crawler_exact
ChIJhf74pKQi2jERCm22IG2N0JE,CN->SG,Food,Jin Wee Restaurant 仁園餐室,Chinese restaurant,928 E Coast Rd,Singapore,,SG,1.3124373,103.9250066,undefined,+65 9852 7066,google_maps_vendor_export,2026-08,crawler_exact
ChIJi6Pne0QZ2jERgENRFplyufU,CN->SG,Food,Marmaris Restaurant,Middle Eastern restaurant,111 Dunlop St,Singapore,,SG,1.3055305,103.8528931,http://www.marmaris.sg/,+65 6291 3001,google_maps_vendor_export,2026-08,crawler_exact
ChIJi7sbeG0V2jERNW3Fv7w85uk,CN->SG,Food,Tandoor Lounge | Indian Restaurant Punggol,Restaurant,"500 New Punggol Rd, #02-11 The Punggol Settlement",Singapore,,SG,1.4208268,103.9123599,https://tandoorlounge.com/,+65 6909 9353,google_maps_vendor_export,2026-08,crawler_exact
ChIJiU7m7DE92jERLm2Tsy1syyg,CN->SG,Food,Enak Enak Restaurant (Best Halal Restaurant Bedok),Halal restaurant,340 Bedok Rd,Singapore,,SG,1.3313924,103.9478584,http://www.enakenakrestaurant.com/,+65 6246 1211,google_maps_vendor_export,2026-08,crawler_exact
ChIJiVb94HcZ2jER3ozfH2-Ctro,CN->SG,Food,Atrium Restaurant,Halal restaurant,317 Outram Rd,Singapore,,SG,1.2888829,103.834153,https://singaporeatrium.holidayinn.com/atrium-restaurant-buffet-details,+65 3138 2530,google_maps_vendor_export,2026-08,crawler_exact
ChIJiW9iJnIY2jERso6iA1vZ360,CN->SG,Food,JIA WEI CHINESE RESTAURANT,Chinese restaurant,"50 East Coast Road, Marine Parade Rd, Roxy Square",Singapore,,SG,1.3032454,103.9046936,https://www.jiaweirestaurant.com/?utm_source=google+Maps&utm_medium=seo+maps&utm_campaign=seo+maps,+65 6340 5678,google_maps_vendor_export,2026-08,crawler_exact
ChIJiWh8W6UX2jERDmzImQkKQT4,CN->SG,Food,Nature Vegetarian Delights (NVD) Restaurant,Vegetarian restaurant,"171 Sengkang E Dr, #01-12 Rivervale Shores",Singapore,,SG,1.3865191,103.9095551,http://www.naturevegedelights.com.sg/,+65 6286 8028,google_maps_vendor_export,2026-08,crawler_exact
ChIJiWyNTIAX2jER2X2fvcjyjmM,CN->SG,Food,Ser Seng Herbs (Turtle) Restaurant,Singaporean restaurant,39 Tai Thong Cres,Singapore,,SG,1.3285916,103.8699059,https://sersengturtlesoup.com/,+65 6287 6341,google_maps_vendor_export,2026-08,crawler_exact
ChIJicZ_8YAU2jERiWI15ePZYqc,CN->SG,Food,D' Rubinah Restaurant,Restaurant,"592-593 Sembawang Rd, #592 Spring Estate, 593",Singapore,,SG,1.4406129,103.8249753,https://drubinah-sembawang.oddle.me/en_SG/,+65 6752 9947,google_maps_vendor_export,2026-08,crawler_exact
ChIJizsi_DIa2jERs55gooVkYoo,CN->SG,Food,Ristorante Takada : Japanese Italian restaurant : Pasta Pizza Wine (Alexandra),Italian restaurant,"Alexandra Rd, 354号, Alexis Condominium, #01-07",Singapore,,SG,1.2912179,103.807355,https://www.ristorantetakada.com.sg/,+65 9067 0141,google_maps_vendor_export,2026-08,crawler_exact
ChIJj0hJbewZ2jERHUJfjir_hI4,CN->SG,Food,DJDH Ramen Restaurant (Da Jia Dou Hao) 大家都好,Restaurant,"382 E Coast Rd, level 1",Singapore,,SG,1.3086842,103.9113904,https://facebook.com/DJDHramen,+65 9363 2509,google_maps_vendor_export,2026-08,crawler_exact
ChIJj2KdERs92jERpJ5pIYuFDqE,CN->SG,Food,Saffrons @ 201D,Halal restaurant,"201D Tampines St. 21, #01-1163",Singapore,,SG,1.3521705,103.9536667,http://www.saffrons.com.sg/,+65 9272 6361,google_maps_vendor_export,2026-08,crawler_exact
ChIJj99Fo3IZ2jERFIUg_m-VhO8,CN->SG,Food,Restaurant Labyrinth,Singaporean restaurant,"8 Raffles Ave., #02 - 23",Singapore,,SG,1.2897489,103.8562976,https://www.restaurantlabyrinth.com/,,google_maps_vendor_export,2026-08,crawler_exact
ChIJjSLAppIZ2jERE7RyKgLD2yI,CN->SG,Food,Nanbantei Japanese Restaurant (Far East Plaza),Yakitori restaurant,"Far East Plaza, 14 Scotts Rd, #05-132",Singapore,,SG,1.3067879,103.8335671,https://nanbantei.com.sg/,+65 6733 5666,google_maps_vendor_export,2026-08,crawler_exact
ChIJjVF5DtMX2jERD4JTapKFcWE,CN->SG,Food,Em Oi - Em Oiiiiiiii Vietnamese Restaurant,Vietnamese restaurant,"2 Jln Lokam, #01-11 Kensington Square",Singapore,,SG,1.3458983,103.8829899,https://instagram.com/em_oi_vn_restaurant?igshid=YmMyMTA2M2Y=,+65 8894 5925,google_maps_vendor_export,2026-08,crawler_exact
ChIJjWk9QGg92jERiH2RTxmnpw0,CN->SG,Food,Banjara's Indian Restaurant,Indian restaurant,"6 Changi Business Park Ave 1 North Tower. Food ALLEY, #01-32 ESR, UE BizHub East",Singapore,,SG,1.3354079,103.9636261,http://www.banjara.com.sg/,+65 6214 0402,google_maps_vendor_export,2026-08,crawler_exact
ChIJjeS1cqUZ2jERG8Hwz6rwZ3w,CN->SG,Food,Garibaldi Italian Restaurant & Bar,Italian restaurant,"36 Purvis St, #01-02",Singapore,,SG,1.2964499,103.8549138,http://www.garibaldi.com.sg/,+65 9438 6314,google_maps_vendor_export,2026-08,crawler_exact
ChIJjwbpKRcb2jERcuohX9j8Wog,CN->SG,Food,Da Paolo Dempsey Restaurant & Bar,Italian restaurant,#01-13 Dempsey Rd,Singapore,,SG,1.3040928,103.809578,https://www.dapaolo.com.sg/dempsey,+65 6261 3128,google_maps_vendor_export,2026-08,crawler_exact
ChIJjzcVSgoZ2jER6kPcJSDDXS0,CN->SG,Food,Al Sheika Banana leaf Restaurant Pte Ltd.,Indian Muslim restaurant,"25 Benoi Rd, #01-01 - #01-07 Pioneer Lot",Singapore,,SG,1.3132029,103.679241,undefined,+65 8690 3203,google_maps_vendor_export,2026-08,crawler_exact
ChIJk2hjGKAP2jERtZYCT0TDDOc,CN->SG,Food,McDonald's,Fast food restaurant,"Block N 2, 1,#01 76 Nanyang Dr, #08 Nanyang Technological University",Singapore,,SG,1.3470369,103.68034,https://www.mcdonalds.com.sg/,+65 6777 3777,google_maps_vendor_export,2026-08,crawler_exact
ChIJk3xSmQo92jERtw5qWNPitCY,CN->SG,Food,The Dim Sum Place @ Changi City Point,Restaurant,"5 Changi Business Park Central 1, B1 - 31A Changi City Point",Singapore,,SG,1.3339167,103.9624368,https://www.thedimsumplace.sg/,+65 6592 8815,google_maps_vendor_export,2026-08,crawler_exact
ChIJk4Tb_E8X2jERI63VAV5fJUw,CN->SG,Food,Namsan Gol Korean Restaurant,Korean restaurant,"7 Ang Mo Kio Street 66, #01-13",Singapore,,SG,1.3917673,103.8505798,undefined,,google_maps_vendor_export,2026-08,crawler_exact
ChIJkSFt868V2jERvdiIQsspXoM,CN->SG,Food,辣不辣 Labula Mala Sichuan Restaurant @ Oasis Terrace,Chinese restaurant,"681 Punggol Dr., #01-07",Singapore,,SG,1.4029099,103.9129075,https://www.labula.sg/labula-store-location/,+65 8870 6606,google_maps_vendor_export,2026-08,crawler_exact
ChIJkTDN2YYb2jERnRmbvhRlo0w,CN->SG,Food,Tayyiba Biryani @ Nexus One North - The Best Biryani Singapore Restaurant,Indian restaurant,"1 Fusionopolis Link, #01-03 Nexus @one-north",Singapore,,SG,1.2989605,103.7897541,https://www.tayyibabiryanihouse.com/,+65 8511 7844,google_maps_vendor_export,2026-08,crawler_exact
ChIJkZFsaaQZ2jERNwIpeScG3vM,CN->SG,Food,Whitegrass Restaurant,Modern French restaurant,"30 Victoria St, #01-26/27 CHIJMES",Singapore,,SG,1.2953948,103.8521742,https://www.whitegrass.com.sg/,+65 6837 0402,google_maps_vendor_export,2026-08,crawler_exact
ChIJkZqJeBgY2jERx_AR7wwXndk,CN->SG,Food,Iskina Cebu Restaurant,Filipino restaurant,"73A Ayer Rajah Cres., #01-27",Singapore,,SG,1.2975045,103.7872378,undefined,+65 9230 8181,google_maps_vendor_export,2026-08,crawler_exact
ChIJk_OaEA4F2jERK4K76TfkSGc,CN->SG,Food,Xi Yan Seafood Restaurant 禧宴海鲜酒家,Seafood restaurant,241 Jln. Ahmad Ibrahim,Singapore,,SG,1.321007,103.7089233,undefined,+65 8938 1118,google_maps_vendor_export,2026-08,crawler_exact
ChIJkaQdeLEZ2jERO0CLf0C7-uU,CN->SG,Food,"Yamagawa Japanese Restaurant, Beach Road",Japanese restaurant,"7500A Beach Rd, #01-305 The Plaza",Singapore,,SG,1.2996827,103.8607017,http://yamagawa.com.sg/,+65 6299 1175,google_maps_vendor_export,2026-08,crawler_exact
ChIJkep20zw92jERPUgGWoI5IDg,CN->SG,Food,Buddy Hoagies Steak & Grill Restaurant (Eastpoint Mall),Steak house,"3 Simei Street 6, #02-06 East Point",Singapore,,SG,1.3424411,103.9531845,https://www.buddyhoagies.com.sg/,+65 6957 4810,google_maps_vendor_export,2026-08,crawler_exact
ChIJl0gztCwU2jEREJMD-bby0iI,CN->SG,Food,YOUNGS Restaurant & Bar (Oval - Seletar),Restaurant,"3 Hyde Park Gate, Seletar Aerospace Park",Singapore,,SG,1.4070942,103.8675995,https://www.youngs.com.sg/,+65 8976 1289,google_maps_vendor_export,2026-08,crawler_exact
ChIJl3AtxBAY2jERX2eT1Y8ZrZE,CN->SG,Food,Hjh Maimunah Restaurant & Catering Pte Ltd,Malaysian restaurant,20 Joo Chiat Rd,Singapore,,SG,1.3154196,103.8980367,http://www.hjmaimunah.com/,+65 6348 5457,google_maps_vendor_export,2026-08,crawler_exact
ChIJl8ByoBEY2jERliTRqHYPZrA,CN->SG,Food,Chilli Padi Nonya Restaurant,Restaurant,"11 Joo Chiat Pl, #01-03",Singapore,,SG,1.3134118,103.9000851,http://chillipadi.com.sg/Eateries/ALaCarte.aspx,+65 6275 1002,google_maps_vendor_export,2026-08,crawler_exact
ChIJl8MsE7EZ2jERlvkq31CnkIk,CN->SG,Food,Seow Choon Hua Restaurant,Chinese restaurant,327 Beach Rd,Singapore,,SG,1.3012613,103.8611825,undefined,+65 6298 2720,google_maps_vendor_export,2026-08,crawler_exact
ChIJlQSK8XYX2jERQt2--tWx2Vk,CN->SG,Food,Buddy Hoagies Steak & Grill Restaurant,Steak house,"205 Hougang St 21, #01-27 Heartland Mall",Singapore,,SG,1.3594186,103.8847815,https://www.buddyhoagies.com.sg/,+65 6970 1283,google_maps_vendor_export,2026-08,crawler_exact
ChIJlW0um74R2jERJB9IfmT4Qmo,CN->SG,Food,Rasa Rasa @ Teck Whye,Halal restaurant,160A Jln Teck Whye,Singapore,,SG,1.3803814,103.7572992,https://www.rasarasa.sg/,+65 6763 2685,google_maps_vendor_export,2026-08,crawler_exact
ChIJlXUJlHAY2jER5kvDz4TuTUk,CN->SG,Food,Patro's Sports Bar & Restaurant(Powered by KINARA),Indian restaurant,920 ECP,Singapore,,SG,1.2989919,103.90662,http://www.kinara.com.sg/,+65 9451 6650,google_maps_vendor_export,2026-08,crawler_exact
ChIJl_4mcKYP2jERaQTKAt7D5YU,CN->SG,Food,Ananda's TAJ Restaurant,Indian restaurant,"60 Nanyang Cres, Block 19A #01-02",Singapore,,SG,1.3542972,103.6876925,undefined,+65 8436 1111,google_maps_vendor_export,2026-08,crawler_exact
ChIJl_sOMpIZ2jERfEyxCP8JIlU,CN->SG,Food,Soup Restaurant @ Paragon,Cantonese restaurant,"290 Orchard Rd, #B1 - 07 Paragon",Singapore,,SG,1.3037934,103.835331,http://www.souprestaurant.com.sg/,+65 6333 6228,google_maps_vendor_export,2026-08,crawler_exact
ChIJlbaBdqAP2jERlLl3ZDlREHY,CN->SG,Food,Paik's Bibim,Korean restaurant,"50 Nanyang Dr, #01-15 Nanyang Technological University, North Spine",Singapore,,SG,1.3471893,103.6807181,undefined,+65 6262 0567,google_maps_vendor_export,2026-08,crawler_exact
ChIJlfOGefcj2jER8Ce0uih53Zo,CN->SG,Food,Blu Kouzina Siglap - Greek Restaurant,Greek restaurant,"907 E Coast Rd, #01-01",Singapore,,SG,1.3127669,103.924493,https://www.blukouzina.co/,+65 9101 0682,google_maps_vendor_export,2026-08,crawler_exact
ChIJm2lW36oe2jERYvH_3tPnR5Q,CN->SG,Food,Cassia,Cantonese restaurant,"1 The Knolls, Sentosa Island",Singapore,,SG,1.2494479,103.82444,https://capellahotels.com/en/capella-singapore/dining/cassia,+65 6591 5045,google_maps_vendor_export,2026-08,crawler_exact
ChIJm91ZmwUQ2jERtVI5JAUHHiQ,CN->SG,Food,Beng Hiang Restaurant,Chinese restaurant,"Garden Terrace, Orange Grove Rd",Singapore,,SG,1.3112751,103.8265168,https://www.benghiang.com/,+65 6221 6695,google_maps_vendor_export,2026-08,crawler_exact
ChIJmYd8yzAY2jERbDNfE2D1SkI,CN->SG,Food,Golden Jade Restaurant 金翠餐厅,Chinese restaurant,271 Geylang Rd,Singapore,,SG,1.3124936,103.8778779,undefined,+65 6744 3022,google_maps_vendor_export,2026-08,crawler_exact
ChIJmfR_XA0Y2jERCJdRzpmVhus,CN->SG,Food,Al Falah Barakah Restaurant,Restaurant,363 Joo Chiat Rd,Singapore,,SG,1.3083557,103.9033374,undefined,,google_maps_vendor_export,2026-08,crawler_exact
ChIJnRywEBI92jERWqCDxYWJXzc,CN->SG,Food,Sankranti Restaurant,South Indian restaurant,"5 Tampines Central 6, #01-22 Telepark",Singapore,,SG,1.3535741,103.9425224,http://www.sankrantihotels.com/,+65 8716 2434,google_maps_vendor_export,2026-08,crawler_exact
ChIJnWKFQc092jERVhlCuu0VlwQ,CN->SG,Food,YOUNGS Restaurant & Bar (Cosford),Restaurant,30 Cosford Rd,Singapore,,SG,1.3652607,103.9812329,https://youngs.com.sg/cosford,+65 8058 5335,google_maps_vendor_export,2026-08,crawler_exact
ChIJnXZ5BUMa2jERNg_FrwFyWAU,CN->SG,Food,CALI Rochester Park – Pet-Friendly Restaurant & Bar,Restaurant,"31 Rochester Dr, #01-01/02",Singapore,,SG,1.3049669,103.7888696,https://cali.sg/restaurants/Cali-Park-Avenue-rochester,+65 9327 3666,google_maps_vendor_export,2026-08,crawler_exact
ChIJnzfVXaQZ2jER6Z8ZLoosM4o,CN->SG,Food,Wah Lok Cantonese Restaurant,Cantonese restaurant,76 Bras Basah Rd,Singapore,,SG,1.2959685,103.852255,https://www.carltonhotel.sg/wah-lok.html,+65 6311 8188,google_maps_vendor_export,2026-08,crawler_exact
ChIJo3EXjvAZ2jERRdFfHa-rqT8,CN->SG,Food,Cappadocia Turkish & Mediterranean Restaurant,Turkish restaurant,67 Bussorah St,Singapore,,SG,1.3009105,103.8599077,https://www.cappasg.net/?utm_source=google_profile&utm_campaign=localo&utm_medium=mainlink,+65 8357 3861,google_maps_vendor_export,2026-08,crawler_exact
ChIJo8Nh_Q4Z2jERONS2OMrJ5tA,CN->SG,Food,Kinki Restaurant + Bar - Japanese Fusion @ Customs House,Japanese restaurant,"70, #02-02 Collyer Quay, Customs House",Singapore,,SG,1.2824913,103.8534753,https://www.kinki.com.sg/,+65 8363 6697,google_maps_vendor_export,2026-08,crawler_exact
ChIJoT6zTIAU2jERGZnpJGsdAOg,CN->SG,Food,White Restaurant (Jalan Tampang),Chinese restaurant,22 Jln Tampang,Singapore,,SG,1.4415259,103.8235541,https://whiterestaurant.com.sg/,+65 8827 5578,google_maps_vendor_export,2026-08,crawler_exact
ChIJoTHq2Q0Q2jERB9l7yL-EfVI,CN->SG,Food,White Restaurant (IMM),Singaporean restaurant,"2 Jurong East Street 21, #02-24 IMM Building",Singapore,,SG,1.3354005,103.7464978,https://whiterestaurant.com.sg/,+65 8803 9358,google_maps_vendor_export,2026-08,crawler_exact
ChIJoY24zrIZ2jERCX5pMjlIyuw,CN->SG,Food,Pepper Lunch Restaurant - Parkway Parade,Restaurant,"80 Marine Parade Rd, #01-35A Parkway Parade",Singapore,,SG,1.3014702,103.9051552,http://www.pepperlunch.com.sg/,,google_maps_vendor_export,2026-08,crawler_exact
ChIJo_DFwAQY2jEReoIbPM2zBJs,CN->SG,Food,Anak Bapak Halal Muslim Restaurant,Halal restaurant,"4A Eunos Cres, #01-02",Singapore,,SG,1.3202759,103.9041581,https://www.misstamchiak.com/anak-bapak/,,google_maps_vendor_export,2026-08,crawler_exact
ChIJocGLsaIX2jER3pa988O9QP8,CN->SG,Food,Indian Banana Leaf Restaurant,Indian restaurant,"7 Ang Mo Kio Street 66, #01-15",Singapore,,SG,1.3918418,103.8506644,undefined,+65 8504 4383,google_maps_vendor_export,2026-08,crawler_exact
ChIJodByDQoZ2jERvBYW3yz9fiI,CN->SG,Food,Tian Tian Fisherman's Pier Seafood Restaurant 天天渔港,Seafood restaurant,42-44 Boat Quay,Singapore,,SG,1.2868048,103.8495162,http://tiantianseafood.com/,+65 6534 1771,google_maps_vendor_export,2026-08,crawler_exact
ChIJodUzryIb2jER6ACm5zMG8Uo,CN->SG,Food,IKEA Alexandra Restaurant,Swedish restaurant,"317 Alexandra Rd, Level 1",Singapore,,SG,1.2883325,103.8058663,https://www.ikea.com/sg/en/store/alexandra/,+65 6786 6868,google_maps_vendor_export,2026-08,crawler_exact
ChIJoy1dmV492jERJQQy8TLYWws,CN->SG,Food,Supa Deck (Supper Deck),Restaurant,298 Bedok Rd,Singapore,,SG,1.3315739,103.9486808,undefined,+65 8952 6454,google_maps_vendor_export,2026-08,crawler_exact
ChIJp2UFL20Z2jERJC_y2icO1kg,CN->SG,Food,Fleur De Sel Le Restaurant,French restaurant,64 Tras St,Singapore,,SG,1.2777778,103.8441667,http://www.fleurdesel.com.sg/,+65 6222 6861,google_maps_vendor_export,2026-08,crawler_exact
ChIJp4zYJ6QZ2jER9SRcNdNCCIo,CN->SG,Food,Shahi Maharani,Indian restaurant,"252 N Bridge Rd, #03–21B",Singapore,,SG,1.2942553,103.853902,http://www.shahimaharani.com/,+65 6235 8840,google_maps_vendor_export,2026-08,crawler_exact
ChIJp4zYJ6QZ2jERqGdrsL7QL2Q,CN->SG,Food,Brotzeit @ Raffles City,German restaurant,"252 N Bridge Rd, #01-17 Raffles City Shopping Centre",Singapore,,SG,1.2946453,103.8531695,http://www.brotzeit.co/?utm_source=google&utm_medium=organic&utm_campaign=gmb,+65 6883 1534,google_maps_vendor_export,2026-08,crawler_exact
ChIJp85ZgUka2jERsvwRR9FvUwA,CN->SG,Food,Pietrasanta The Italian Restaurant,Italian restaurant,"1 Fusionopolis Wy, #01-08 Connexis",Singapore,,SG,1.2986242,103.7879068,http://www.ristorante-pietrasanta.com/,+65 9863 9253,google_maps_vendor_export,2026-08,crawler_exact
ChIJpUt2BGsa2jERBoxkX6iiAhs,CN->SG,Food,Soup Restaurant @ Holland Village,Cantonese restaurant,"118 Holland Ave, #01-02 Raffles Medical",Singapore,,SG,1.3107064,103.79608,http://www.souprestaurant.com.sg/,+65 6352 6606,google_maps_vendor_export,2026-08,crawler_exact
ChIJpZjQAAQX2jERpBAPeovphN4,CN->SG,Food,"Daya Japanese Restaurant, Jalan Kayu",Halal restaurant,254 Jln Kayu,Singapore,,SG,1.3980449,103.8732893,undefined,+65 8462 2147,google_maps_vendor_export,2026-08,crawler_exact
ChIJpaXv6kIb2jERaR2t1KW20sk,CN->SG,Food,Lazy Lizard - NEWest,Restaurant,"1 West Coast Drive #01-85 & #01-86, NEWest",Singapore,,SG,1.3164178,103.7577178,https://lazylizard.com.sg/,+65 6254 7326,google_maps_vendor_export,2026-08,crawler_exact
ChIJpbpdPPwa2jER3qzoPX12xE8,CN->SG,Food,Al Amaan Restaurant,Indian Muslim restaurant,12 Clementi Rd,Singapore,,SG,1.2927526,103.7684987,http://www.alamaanrestaurant.com/,+65 6777 0555,google_maps_vendor_export,2026-08,crawler_exact
ChIJpf6Wl2sa2jER6PON2f0Agl8,CN->SG,Food,Cha Cha Cha Mexican Restaurant & Bar,Mexican restaurant,32 Lor Mambong,Singapore,,SG,1.3117599,103.7946859,https://www.facebook.com/chachachasg/,+65 6462 1650,google_maps_vendor_export,2026-08,crawler_exact
ChIJq0q0MvQZ2jERodJdZBEeH3A,CN->SG,Food,A Hot Hideout @ Jurong West (NTU),Chinese restaurant,"60 Nanyang Cres, Blk 20A #03-02",Singapore,,SG,1.3542467,103.6880256,http://www.ahothideout.com/,,google_maps_vendor_export,2026-08,crawler_exact
ChIJq3cjkwsZ2jERaZ-Hkji-1mE,CN->SG,Food,Beng Thin Hoon Kee Restaurant,Chinese restaurant,"65 Chulia St, #05-02 OCBC Centre",Singapore,,SG,1.285069,103.8491749,https://bengthin.com/,+65 6533 7708,google_maps_vendor_export,2026-08,crawler_exact
ChIJq9GMiesZ2jER4yuwp540AV4,CN->SG,Food,d.o.c Italian Restaurant,Italian restaurant,"5 Straits View #01-22/23, Marina One, The Heart, East Tower",Singapore,,SG,1.277876,103.8528397,https://www.docsingapore.com/,+65 9431 0999,google_maps_vendor_export,2026-08,crawler_exact
ChIJqQoB8LIZ2jER0IIxCHZXkuY,CN->SG,Food,Shahi Maharaja: (शाही महाराजा) @ Authentic North Indian Restaurant & Bar,Indian restaurant,47 Boat Quay,Singapore,,SG,1.2868741,103.8494219,https://www.shahimaharaja.sg/,+65 8363 6861,google_maps_vendor_export,2026-08,crawler_exact
ChIJqUBqNTYQ2jERBBDpYC6v9DY,CN->SG,Food,Alif Restaurant,Indian Muslim restaurant,"374 Bukit Batok Street 31, #01-204",Singapore,,SG,1.3575717,103.7506922,undefined,,google_maps_vendor_export,2026-08,crawler_exact
ChIJqYD-_g4Y2jERlBdApP-zGi4,CN->SG,Food,Eng Seng Restaurant,Seafood restaurant,9007 Tampines Street 93,Singapore,,SG,1.3385775,103.9409815,https://www.facebook.com/Eng-Seng-First-Grade-Seafood-2165493430341151/?hc_ref=ARS3lCmxpfNNbLxQ_4GF2pIiIFXWDvpIM8d_PdsjmTbcUzrteg4LrVHmW3t5NIW3gno,+65 8611 2247,google_maps_vendor_export,2026-08,crawler_exact
ChIJqYXtH3AP2jERkVSR2wkqdew,CN->SG,Food,Mother Earth Vegetarian Restaurant 大地之素,Vegetarian restaurant,"511 Upper Jurong Rd, #01-04 E inside main lobby of d'Arena",Singapore,,SG,1.329549,103.6826171,https://motherearthjurong.getz.co/,+65 8644 3168,google_maps_vendor_export,2026-08,crawler_exact
ChIJqZQBhRAY2jERklBwkZhguHo,CN->SG,Food,Marhaba Murtabak Restaurant,Halal restaurant,52 Changi Rd,Singapore,,SG,1.3163958,103.8992916,http://marhabamurtabakshop.com/,+65 6344 5518,google_maps_vendor_export,2026-08,crawler_exact
ChIJqb2jphoF2jERDiStSMJ99FU,CN->SG,Food,AA Restaurant,Indian restaurant,01-12 14 Tuas Ave 1,Singapore,,SG,1.3215273,103.6611946,undefined,+65 9477 6642,google_maps_vendor_export,2026-08,crawler_exact
ChIJr2vXDu4W2jERC8RbWLTvCYM,CN->SG,Food,First Culinary Restaurant,Chinese restaurant,"2 Ang Mo Kio Drive ITE, College Central, #01-09",Singapore,,SG,1.3765878,103.8563501,https://www.firstculinary.com/,+65 6481 5500,google_maps_vendor_export,2026-08,crawler_exact
ChIJr7gLwH092jERmisqL5i-QDs,CN->SG,Food,Crown Prince Restaurant (Aranda Country Club),Chinese restaurant,"60 Pasir Ris Dr 3, #01-01",Singapore,,SG,1.3762402,103.9534748,https://crownprince.com.sg/,+65 8801 8111,google_maps_vendor_export,2026-08,crawler_exact
ChIJrR-yV54Z2jERWC-z85UFpls,CN->SG,Food,Unagiya Ichinoji ( Unagi Restaurant),Unagi restaurant,"30 Robertson Quay, #01-05",Singapore,,SG,1.2912881,103.8413851,http://unagiyaichinoji.com/,+65 6732 1970,google_maps_vendor_export,2026-08,crawler_exact
ChIJrYMeu5sQ2jERfpA5zK1UM9U,CN->SG,Food,Blu Kouzina Dempsey - Greek Restaurant,Greek restaurant,"10 Dempsey Rd, #01-20",Singapore,,SG,1.3034696,103.81043,https://www.blukouzina.co/restaurants/dempsey,+65 9710 8303,google_maps_vendor_export,2026-08,crawler_exact
ChIJrbKTuQ4Z2jERoROa0AZS-k0,CN->SG,Food,Una Una Vivo City (Japanese Unagi Restaurant),Japanese restaurant,"1 HarbourFront Walk, #02 - 94",Singapore,,SG,1.2637151,103.8220786,http://unauna.sg/,+65 6252 5918,google_maps_vendor_export,2026-08,crawler_exact
ChIJrccu6fUa2jERtI5L2Txe-_g,CN->SG,Food,Sapore Italian Restaurant,Italian restaurant,"2 College Ave W, #01-09 Singapore UTown",Singapore,,SG,1.3046518,103.7728757,https://www.sapore.com.sg/,+65 6298 5227,google_maps_vendor_export,2026-08,crawler_exact
ChIJrcigH-E92jERRz8uQOzhH90,CN->SG,Food,Craze Kitchen,Restaurant,"201D Tampines St. 21, #01-1171",Singapore,,SG,1.352239,103.9534508,http://www.crazekitchen.com/,+65 6970 0287,google_maps_vendor_export,2026-08,crawler_exact
ChIJryFkhMoX2jER24OPF5ajj58,CN->SG,Food,A1 Family Ayam Goreng & Western Food A1 Family Restaurant,Western restaurant,"325 Ubi Ave 1, #01-705",Singapore,,SG,1.3277014,103.9038524,undefined,+65 6747 9147,google_maps_vendor_export,2026-08,crawler_exact
ChIJryJnfhIZ2jERUCR3eLh90fM,CN->SG,Food,Numb Restaurant 川麻记 @ Marina One,Sichuan restaurant,"5 Straits View, West Tower, #01-12 Marina One",Singapore,,SG,1.277033,103.8523999,https://www.numbrestaurant.com/?utm_source=google&utm_medium=wix_google_business_profile&utm_campaign=16277146813624859339,+65 9460 1960,google_maps_vendor_export,2026-08,crawler_exact
ChIJs26k7TE92jER3ujFW9aQHOw,CN->SG,Food,Spize,Halal restaurant,"338 Bedok Rd, Bedok Shopping Complex",Singapore,,SG,1.3313374,103.9479106,https://www.spize.sg/,+65 6337 7493,google_maps_vendor_export,2026-08,crawler_exact
ChIJswRqCegZ2jERkzvdDnu8ero,CN->SG,Food,Soup Restaurant,Cantonese restaurant,"101 Thomson Rd, #B1 - 10 United Square Shopping Mall",Singapore,,SG,1.3171483,103.8438852,undefined,+65 6254 0400,google_maps_vendor_export,2026-08,crawler_exact
ChIJsyKAD4k92jERH0WSmzVbaOk,CN->SG,Food,Porta Porta Italian Restaurant,Italian restaurant,No. 32 Jln Pari Burong,Singapore,,SG,1.3337758,103.9489059,https://portaportaitalianrestaurant.com.sg/,+65 6545 3108,google_maps_vendor_export,2026-08,crawler_exact
ChIJt1JYLbcZ2jERKWJKL4mMLaM,CN->SG,Food,Hjh Maimunah Restaurant and Catering,Halal restaurant,11 Jln Pisang,Singapore,,SG,1.303149,103.8585258,https://www.hjmaimunah.com/en_SG,+65 6297 4294,google_maps_vendor_export,2026-08,crawler_exact
ChIJtaVM0QgZ2jERkD9z0aHNw6A,CN->SG,Food,Monti At 1-Pavilion Italian Restaurant,Italian restaurant,82 Collyer Quay,Singapore,,SG,1.2846419,103.8540406,http://www.monti.sg/,+65 9111 5529,google_maps_vendor_export,2026-08,crawler_exact
ChIJtcvgd4oQ2jERYftwlvgqa68,CN->SG,Food,Time For Thai Restaurant @ Bukit Timah,Thai restaurant,15 Cheong Chin Nam Rd,Singapore,,SG,1.3431686,103.7751553,http://www.timeforthai.com.sg/,+65 6909 3903,google_maps_vendor_export,2026-08,crawler_exact
ChIJu1_G5ggZ2jER_LJ4SRQX9JQ,CN->SG,Food,Shoukouwa Restaurant,Authentic Japanese restaurant,"1 Fullerton Rd, #02-02A One Fullerton",Singapore,,SG,1.2861235,103.8541527,https://www.shoukouwa.com.sg/,+65 6423 9939,google_maps_vendor_export,2026-08,crawler_exact
ChIJu2JDl44X2jER5aLuetJfw8I,CN->SG,Food,Julaiha Muslim Restaurant,Indian Muslim restaurant,538 MacPherson Rd,Singapore,,SG,1.3323758,103.8846207,https://www.burpple.com/julaiha-muslim-restaurant,+65 6743 2773,google_maps_vendor_export,2026-08,crawler_exact
ChIJu2Xyl0AR2jERqiJV3y1HsKU,CN->SG,Food,Ying Chinese Restaurant @ SICC Bukit,Chinese restaurant,240 Sime Rd,Singapore,,SG,1.341446,103.8099989,undefined,+65 6215 9426,google_maps_vendor_export,2026-08,crawler_exact
ChIJu5zaGrEZ2jERXBOkYyPAchI,CN->SG,Food,Mavi Turkish Restaurant & Grill,Turkish restaurant,17 Baghdad St,Singapore,,SG,1.3011827,103.859622,https://www.mavirestaurantsg.com/,+65 9337 8138,google_maps_vendor_export,2026-08,crawler_exact
ChIJuScwyhQZ2jERirvNvi2XHAg,CN->SG,Food,The Buffet Restaurant,Halal restaurant,"81 Anson Rd, Level 2",Singapore,,SG,1.273767,103.8450399,https://www.millenniumhotels.com/en/singapore/m-hotel-singapore/the-buffet-restaurant/?cid=gplaces-the-buffet-restaurant,+65 6500 6116,google_maps_vendor_export,2026-08,crawler_exact
ChIJuZfHmdQZ2jEROUKKNzDb0ew,CN->SG,Food,Lai Wah Restaurant,Cantonese restaurant,"44 Bendemeer Rd, #01-1436",Singapore,,SG,1.3218041,103.8664067,http://www.laiwahrestaurant.com/,+65 6294 9922,google_maps_vendor_export,2026-08,crawler_exact
ChIJucjD4T8Q2jERvRGHo178L_c,CN->SG,Food,White Restaurant (Jewel),Chinese restaurant,"78 Airport Blvd., #B1-245/246",Singapore,,SG,1.3603279,103.9895173,https://whiterestaurant.com.sg/,+65 8911 0678,google_maps_vendor_export,2026-08,crawler_exact
ChIJue3QPzsY2jERNukowLKc7HU,CN->SG,Food,Yes Natural Restaurant,Vegetarian restaurant,57 Lor 27 Geylang,Singapore,,SG,1.3158269,103.8837301,https://www.yesnatural.sg/restaurant,+65 6741 1580,google_maps_vendor_export,2026-08,crawler_exact
ChIJufaZrz0Q2jERjiCKiNsRsh4,CN->SG,Food,Siam Square Mookata - Best Mookata Restaurant in Singapore,Thai restaurant,155 Bukit Batok Street 11,Singapore,,SG,1.348023,103.743534,https://siamsquaremookata.com.sg/,+65 8119 6664,google_maps_vendor_export,2026-08,crawler_exact
ChIJuwj3ZAAP2jERv5RH9QjS_YQ,CN->SG,Food,JING RAN RESTAURANT 第二家园餐馆,Restaurant,"511 Upper Jurong Rd, B-01-01 Arena Country Club",Singapore,,SG,1.329666,103.6813728,https://revu.website/136933/,+65 6513 8187,google_maps_vendor_export,2026-08,crawler_exact
ChIJv32r6hsj2jERp8IkdVo7cts,CN->SG,Food,Sakhi,Gujarati restaurant,"7 Siglap Rd, #13-71",Singapore,,SG,1.3079033,103.9256787,https://sakhisg.com/,+65 9739 1793,google_maps_vendor_export,2026-08,crawler_exact
ChIJv8VwWlQR2jER7Tq7qdxh8bs,CN->SG,Food,Meeras Curry Banana Leaf Restaurant,Indian restaurant,910B Upper Thomson Rd,Singapore,,SG,1.3983977,103.8183064,undefined,+65 6455 8267,google_maps_vendor_export,2026-08,crawler_exact
ChIJvU7-YQ0Y2jERwWWTcxRlhsg,CN->SG,Food,BRASEIRO SINGAPORE (JOO CHIAT),French steakhouse restaurant,333 Joo Chiat Rd,Singapore,,SG,1.309038,103.902772,https://www.instagram.com/braseiro_sg,+65 9116 3304,google_maps_vendor_export,2026-08,crawler_exact
ChIJvWnM-E4Q2jERrcEc1xul0NA,CN->SG,Food,Cacio e Pepe Italian Restaurant,Italian restaurant,3 Chu Lin Rd,Singapore,,SG,1.3576834,103.7605786,http://www.cacioepepe.com.sg/CacioePepe/Benvenuti.html,+65 6760 3534,google_maps_vendor_export,2026-08,crawler_exact
ChIJvXLm6kIa2jER7fCO5fPmUAo,CN->SG,Food,YAYOI Japanese Restaurant | The Star Vista | Teishoku | Tonkatsu | Chicken Namban,Syokudo and Teishoku restaurant,"1 Vista Exchange Grn, #02 - 01/02 Star Vista",Singapore,,SG,1.3069682,103.7879546,https://www.yayoi.sg/?utm_source=google&utm_medium=wix_google_business_profile&utm_campaign=11527514660036859126,+65 6570 2668,google_maps_vendor_export,2026-08,crawler_exact
ChIJw5R6WqAZ2jERDcFBzMX3sC0,CN->SG,Food,Le Clos | Wine House & Restaurant,French restaurant,"46 Kim Yam Road #01-18, Level 1 New Bahru",Singapore,,SG,1.292643,103.8385582,http://www.leclos.sg/,+65 9387 4969,google_maps_vendor_export,2026-08,crawler_exact
ChIJwRKXcHYZ2jERSTeVD5ugzaQ,CN->SG,Food,Mr. Uncle & Aunty Family Restaurant,Restaurant,"26 Race Course Rd, #02-01 UNCLE & AUNTY FAMILY RESTAURANT",Singapore,,SG,1.3080791,103.8509709,https://uncleauntysg.com/bar-in-singapore/,,google_maps_vendor_export,2026-08,crawler_exact
ChIJwRQ-uw0Z2jERtffbY4KMOw4,CN->SG,Food,No Menu Restaurant,Italian restaurant,23 Boon Tat St,Singapore,,SG,1.2812893,103.8485025,http://www.osvaldo.sg/,+65 6224 0091,google_maps_vendor_export,2026-08,crawler_exact
ChIJwSEc38oX2jERi8JrxEosqL0,CN->SG,Food,Goldhill Family Restaurant,Chinese restaurant,"6 Hougang Ave 3, #01-78",Singapore,,SG,1.3626409,103.8940102,undefined,+65 9025 2733,google_maps_vendor_export,2026-08,crawler_exact
ChIJwXjZTPMZ2jERQymyd8VIPhE,CN->SG,Food,The Peranakan Restaurant Singapore,Nyonya restaurant,"57 Lengkok Bahru, #01-477",Singapore,,SG,1.2882665,103.8141523,https://theperanakan.com/,+65 8023 4345,google_maps_vendor_export,2026-08,crawler_exact
ChIJwdNgut4P2jERADBq9nQIGc8,CN->SG,Food,You Le Tian Seafood Restaurant,Seafood restaurant,"498 Jurong West Street 41, #01-462",Singapore,,SG,1.3484778,103.7244273,undefined,+65 6564 6589,google_maps_vendor_export,2026-08,crawler_exact
ChIJwyHucfQZ2jERC3mkl-kQWk0,CN->SG,Food,The Line Restaurant,Buffet restaurant,"22 Orange Grove Rd, Lower Lobby, Tower Wing",Singapore,,SG,1.3111934,103.8267875,https://www.shangri-la.com/singapore/shangrila/dining/restaurants/the-line/,+65 6213 4398,google_maps_vendor_export,2026-08,crawler_exact
ChIJxRngZDU92jER5wOzmY9J8Os,CN->SG,Food,Mukmin Restaurant Bedok,Restaurant,"129 Bedok North Street 2, #01-46",Singapore,,SG,1.3275778,103.93801,undefined,+65 6443 4724,google_maps_vendor_export,2026-08,crawler_exact
ChIJxVQqvIwZ2jER4WhnK5h7S0g,CN->SG,Food,Hua Ting Restaurant,Cantonese restaurant,"Orchard Hotel Singapore, Level 2, 442 Orchard Rd",Singapore,,SG,1.3073141,103.8289099,https://www.millenniumhotels.com/en/singapore/orchard-hotel-singapore/hua-ting-restaurant/,+65 6739 6666,google_maps_vendor_export,2026-08,crawler_exact
ChIJxZ2RNaUZ2jERbiQfyAWjkDU,CN->SG,Food,Man Fu Yuan Restaurant,Cantonese restaurant,"80 Middle Rd, Level 2 Frasers House",Singapore,,SG,1.298179,103.854676,https://www.manfuyuansg.com/,+65 6825 1008,google_maps_vendor_export,2026-08,crawler_exact
ChIJxescUYEa2jERQAF3aQjd56U,CN->SG,Food,Chin Huat Live Seafood,Seafood restaurant,"105 Clementi Street 12, Sunset Wy, #01-30",Singapore,,SG,1.3222771,103.7695981,https://www.chinhuatliveseafood.com/,+65 6775 7348,google_maps_vendor_export,2026-08,crawler_exact
ChIJxyAVvKYX2jER0H80pk90rIA,CN->SG,Food,Din Tai Fung,Taiwanese restaurant,"23 Serangoon Central, B1-10/11/12",Singapore,,SG,1.3511556,103.8723792,http://www.dintaifung.com.sg/,+65 6634 7787,google_maps_vendor_export,2026-08,crawler_exact
ChIJxyAVvKYX2jERoMQ4HzbxvKs,CN->SG,Food,Soup Restaurant 三盅两件 - NEX,Restaurant,"23 Serangoon Central, #02 - 15 / 16 NEX",Singapore,,SG,1.3508273,103.8726938,http://www.souprestaurant.com.sg/,+65 6634 2822,google_maps_vendor_export,2026-08,crawler_exact
ChIJxzbY1z4Q2jERHEKnSUZd9vM,CN->SG,Food,Swensen's @ West Mall,Restaurant,1 Bukit Batok Central Link 02-05 West Mall,Singapore,,SG,1.3500983,103.7493183,http://www.swensens.com.sg/,+65 6898 9281,google_maps_vendor_export,2026-08,crawler_exact
ChIJy6YytPIP2jERWrVkEebL3kc,CN->SG,Food,Pearl Garden Restaurant,Chinese restaurant,"333 Boon Lay Way, #3A-02 SAFRA Jurong",Singapore,,SG,1.334902,103.7062666,https://www.qianxi.com.sg/pearlgardenrestaurant,+65 6316 9595,google_maps_vendor_export,2026-08,crawler_exact
ChIJy6rv-54Z2jERnd34-vJP7mM,CN->SG,Food,Lucca's Trattoria Italian Restaurant (Est 2012),Italian restaurant,77 Tiong Bahru Rd,Singapore,,SG,1.2851118,103.8336154,https://luccastrattoria.com/,+65 6223 2301,google_maps_vendor_export,2026-08,crawler_exact
ChIJy7ZSX9Y92jERyWrpKKxpQwE,CN->SG,Food,Sanook Kitchen (Jewel Changi Airport),Thai restaurant,"78 Airport Blvd., #03 - 223 / 224 Singapore Changi Airport",Jewel,,SG,1.3598614,103.9894833,https://sanookkitchen.com.sg/,+65 6242 0722,google_maps_vendor_export,2026-08,crawler_exact
ChIJyULPPDsY2jER38AapqZYPGc,CN->SG,Food,Mufiz Restaurant Pte Ltd,Indian Muslim restaurant,80 Lor 25A Geylang,Singapore,,SG,1.3159921,103.8833033,undefined,,google_maps_vendor_export,2026-08,crawler_exact
ChIJyYWJU4IZ2jERwPqP707ye-Y,CN->SG,Food,CHILLI & PEPPER INDIAN-RESTAURANT & BAR - Indian non veg restaurants in singapore,Indian restaurant,85 Rowell Rd,Singapore,,SG,1.3082064,103.855798,http://chillipepper.com.sg/,+65 9710 3335,google_maps_vendor_export,2026-08,crawler_exact
ChIJyZRYnbgZ2jERqr6t6jIpjqE,CN->SG,Food,Suriya Restaurant (opposite to veeramakaliamman temple),Vegetarian restaurant,140 Serangoon Rd,Singapore,,SG,1.3076919,103.8527311,http://www.suriyarestaurant.com/,+65 6296 3070,google_maps_vendor_export,2026-08,crawler_exact
ChIJybldADQZ2jERZEtKFZaY_94,CN->SG,Food,My Kitchen - Kerala Restaurant Singapore,Indian restaurant,308 Tanjong Katong Rd,Singapore,,SG,1.3046292,103.8962284,http://mykitchensg.com/?utm_source=google&utm_medium=wix_google_business_profile&utm_campaign=403945709389160782,+65 8056 7013,google_maps_vendor_export,2026-08,crawler_exact
ChIJyd5nY4oQ2jERRdOues0DbgE,CN->SG,Food,Buddy Hoagies Steak & Grill Restaurant (Bukit Timah Shopping Centre),Steak house,"170 Upper Bukit Timah Rd, #B1-05",Singapore,,SG,1.3431192,103.7759016,http://www.buddyhoagies.com.sg/,+65 6466 1505,google_maps_vendor_export,2026-08,crawler_exact
ChIJyfiXtHE92jERVnTdeuYDCmY,CN->SG,Food,Abundance: Taiwanese Restaurant & Craft Beer Bar (Tampines),Restaurant,"2 Tampines Central 5, #01-35 Century Square",Singapore,,SG,1.3527219,103.9436721,undefined,+65 8051 9098,google_maps_vendor_export,2026-08,crawler_exact
ChIJz0r0SnoU2jERiGkHvp7o8qs,CN->SG,Food,Elahe Family Restaurant,Halal restaurant,"103 Yishun Ring Rd, #01-93",Singapore,,SG,1.4318801,103.8289483,undefined,,google_maps_vendor_export,2026-08,crawler_exact
ChIJz58UwTsY2jERfGVsl8xpUQM,CN->SG,Food,Tasvee Restaurant,Indian Muslim restaurant,454 Geylang Rd,Singapore,,SG,1.3133235,103.8837532,https://tasveerestaurant.shop/,+65 6747 4574,google_maps_vendor_export,2026-08,crawler_exact
ChIJz8Iz1qwi2jER4uI2iSaPVOc,CN->SG,Food,New Rezeki Restaurant,Restaurant,"21 Chai Chee Rd, Block 21",Singapore,,SG,1.3257348,103.9227964,http://www.facebook.com/rezkirestaurant,,google_maps_vendor_export,2026-08,crawler_exact
ChIJzS4a-JU92jERtXlh9tIkG64,CN->SG,Food,New Hawa restaurant,Restaurant,"462 Tampines Street 44, #01-64",Singapore,,SG,1.3589767,103.9551077,undefined,+65 8923 1328,google_maps_vendor_export,2026-08,crawler_exact
ChIJzX8R020Q2jER0zdPF20KjmM,CN->SG,Food,TungLok Seafood (d'Arena),Singaporean restaurant,"511 Upper Jurong Rd, Singapore 638366 Upper Jurong Rd",Singapore,,SG,1.3295008,103.683201,http://www.tunglokseafood.com/,+65 6262 6996,google_maps_vendor_export,2026-08,crawler_exact
ChIJ-ZXewTkY2jER7zyN2IJInWg,CN->SG,Hotel,RedDoorz @ Geylang,Hotel,61 Westerhout Rd,Singapore,,SG,1.3112202,103.8810409,https://www.reddoorz.com/en-sg/hotel/singapore/singapore/geylang/reddoorz-geylang?utm_campaign=webclick&utm_medium=mybusiness&utm_source=google,+65 6743 0770,google_maps_vendor_export,2026-08,crawler_exact
ChIJ04Bw1zAY2jERYwqFp3RVlg4,CN->SG,Hotel,Hotel 81 Joy,Hotel,11 Lor 11 Geylang,Singapore,,SG,1.3128079,103.8769622,https://www.wwhotels.com/hotel-81/joy/?utm_source=google&utm_medium=organic&utm_campaign=hotel81joy&utm_term=gbp,,google_maps_vendor_export,2026-08,crawler_exact
ChIJ1e3y99sZ2jERjIm62pEnUS4,CN->SG,Hotel,D'Nova Hotel@Kallang,Hotel,1 Lor 10 Geylang,Singapore,,SG,1.3119305,103.87775,https://hotels.cloudbeds.com/reservation/FHwZXV,+65 9758 9877,google_maps_vendor_export,2026-08,crawler_exact
ChIJ2RYvmDE92jERydbpoKoXNZ4,CN->SG,Hotel,Q Loft Hotels@Bedok,Hotel,359A Bedok Rd,Singapore,,SG,1.3315894,103.9471647,undefined,+65 8774 6318,google_maps_vendor_export,2026-08,crawler_exact
ChIJ2a-inzYY2jERLUhmFqKO46I,CN->SG,Hotel,JoyFor Hostel,Hotel,135 Geylang Rd,Singapore,,SG,1.311202,103.8740079,http://joyforbackpackershostel.blogspot.com/,,google_maps_vendor_export,2026-08,crawler_exact
ChIJ37tThhEY2jERRBycMYB-rUA,CN->SG,Hotel,Venue Hotel The Lily,Hotel,238 Joo Chiat Rd,Singapore,,SG,1.3115909,103.9007217,https://www.wwhotels.com/venue-hotel/the-lily/?utm_source=google&utm_medium=organic&utm_campaign=venuehotelthelily&utm_term=gbp,+65 6344 3131,google_maps_vendor_export,2026-08,crawler_exact
ChIJ3QOMkwkZ2jER48gyfhfXUA8,CN->SG,Hotel,K HOTEL 1515,Hotel,15 Lor 15 Geylang,Singapore,,SG,1.3131939,103.8781191,http://www.khotel.co/,+65 6047 0094,google_maps_vendor_export,2026-08,crawler_exact
ChIJ3XwHWncZ2jERxgr5QCa0gDw,CN->SG,Hotel,Nostalgia Hotel,Hotel,77 Tiong Bahru Rd,Singapore,,SG,1.2851578,103.8334609,http://www.hotelnostalgia.com.sg/,+65 6808 1818,google_maps_vendor_export,2026-08,crawler_exact
ChIJ3cFdbwA92jERqA3tMiwPfJs,CN->SG,Hotel,Ambassador Transit Hotel - Terminal 2,Hotel,"60 Airport Boulevard, #03-162, Changi Airport Terminal 2 Transit Lounge South Singapore",Singapore,,SG,1.3538562,103.9889065,https://www.harilelahospitality.com/terminal-2-new,+65 6288 8911,google_maps_vendor_export,2026-08,crawler_exact
ChIJ3yzWnq0Z2jERsPnwbQa5kq4,CN->SG,Hotel,Hotel 81 Premier Princess,Hotel,21 Lor 12 Geylang,Singapore,,SG,1.3110148,103.8786211,https://www.wwhotels.com/hotel-81/premier-princess/?utm_source=google&utm_medium=organic&utm_campaign=hotel81premierprincess&utm_term=gbp,+65 6842 8181,google_maps_vendor_export,2026-08,crawler_exact
ChIJ48dSqHQZ2jERezyfMJmZfNA,CN->SG,Hotel,Bliss Hotel Singapore,Hotel,62 Upper Cross St,Singapore,,SG,1.2845216,103.8443767,https://www.blisshotel.com.sg/,+65 8939 1088,google_maps_vendor_export,2026-08,crawler_exact
ChIJ5UYXQhgZ2jERQCI74fJWWK0,CN->SG,Hotel,JH Hotel,Hotel,8 Lor 10 Geylang,Singapore,,SG,1.3116221,103.8774994,undefined,+65 6513 7922,google_maps_vendor_export,2026-08,crawler_exact
ChIJ6-LwGCgZ2jERLkfMIA8oTwg,CN->SG,Hotel,L Hotel @ Bugis Ville,Hotel,23 Middle Rd,Singapore,,SG,1.2969031,103.8557985,undefined,,google_maps_vendor_export,2026-08,crawler_exact
ChIJ78jOqDkY2jER6Dug5gnIsaI,CN->SG,Hotel,Lemon Grass Hotel,Hotel,34 Lor 22 Geylang,Singapore,,SG,1.311195,103.8818608,undefined,+65 6743 3232,google_maps_vendor_export,2026-08,crawler_exact
ChIJ7f6S5goY2jERtgx0w1iCz84,CN->SG,Hotel,RedDoorz near Marine Parade Central,Hotel,400 E Coast Rd,Singapore,,SG,1.3088164,103.9119891,https://m.reddoorz.com/en-sg,+65 6665 5511,google_maps_vendor_export,2026-08,crawler_exact
ChIJ7x88fqUX2jER7NhWcEMV6lg,CN->SG,Hotel,Fragrance Hotel - Kovan,Hotel,"SG, Upper Serangoon Rd, #760",Singapore,,SG,1.3541265,103.8787259,http://www.fragrancehotel.com/,+65 6858 9888,google_maps_vendor_export,2026-08,crawler_exact
ChIJ8zqkjjkY2jERJzYktAZL5tg,CN->SG,Hotel,Hotel 81 Lucky,Hotel,23 Lor 20 Geylang,Singapore,,SG,1.3118582,103.881492,https://www.wwhotels.com/hotel-81/lucky/?utm_source=google&utm_medium=organic&utm_campaign=hotel81lucky&utm_term=gbp,+65 6476 8181,google_maps_vendor_export,2026-08,crawler_exact
ChIJ9TacjjkY2jERRGG-r3VJq5c,CN->SG,Hotel,Hotel 81 - Gold,Hotel,20 Lor 20 Geylang,Singapore,,SG,1.3119605,103.8811106,https://www.wwhotels.com/hotel-81/gold/?utm_source=google&utm_medium=organic&utm_campaign=hotel81gold&utm_term=gbp,+65 6295 8181,google_maps_vendor_export,2026-08,crawler_exact
ChIJCfKnhhIY2jER7fL0siPQ4ac,CN->SG,Hotel,Venue Hotel,Hotel,305 Joo Chiat Rd,Singapore,,SG,1.3095793,103.9023878,https://www.wwhotels.com/venue-hotel/venuehotel/?utm_source=google&utm_medium=organic&utm_campaign=venuehotelsg&utm_term=gbp,+65 6346 3131,google_maps_vendor_export,2026-08,crawler_exact
ChIJD2ws16gZ2jERc-UCGfcV-eo,CN->SG,Hotel,Conrad Singapore Marina Bay,Hotel,2 Temasek Blvd,Singapore,,SG,1.293589,103.8589017,https://www.hilton.com/en/hotels/sincici-conrad-singapore-marina-bay/?SEO_id=GMB-APAC-CI-SINCICI,+65 6334 8888,google_maps_vendor_export,2026-08,crawler_exact
ChIJDcdcfX4b2jER4_VtEzPC9wY,CN->SG,Hotel,Citadines Connect Rochester Singapore,Serviced accommodation,1 Rochester Park,Singapore,,SG,1.3045242,103.7878834,https://www.discoverasr.com/en/citadines-connect/singapore/citadines-connect-rochester-singapore?utm_source=google&utm_medium=maps&utm_campaign=hq-google-maps-alwayson--all-en-sg-sg-citadinesconnectrochestersingapore--gbp&--&cid=map::gg::hq:ind:::all:en:sg:sg:citadinesconnectrochestersingapore:0:gbp:0:::,+65 6434 7988,google_maps_vendor_export,2026-08,crawler_exact
ChIJDyOtkBc82jERkMqi4Nb1gpo,CN->SG,Hotel,Village Hotel Changi,Hotel,1 Netheravon Rd,Singapore,,SG,1.3904644,103.9860557,undefined,+65 6379 7111,google_maps_vendor_export,2026-08,crawler_exact
ChIJE49v1JAZ2jERWDP05HHNONo,CN->SG,Hotel,JEN Singapore Orchardgateway by Shangri-La,Hotel,277 Orchard Rd,Singapore,,SG,1.3007935,103.8390901,https://www.hoteljen.com/singapore/orchardgateway/about/,+65 6708 8888,google_maps_vendor_export,2026-08,crawler_exact
ChIJESFr2k0Z2jERrLN54MLYQoM,CN->SG,Hotel,D'nova Hotel@Bugis,Hotel,14 Purvis St,Singapore,,SG,1.2965032,103.8552859,https://hotels.cloudbeds.com/reservation/ebQ9hD,+65 9758 9877,google_maps_vendor_export,2026-08,crawler_exact
ChIJF-8-srwZ2jERhn9mpTQylp4,CN->SG,Hotel,Strand Hotel Singapore,Hotel,25 Bencoolen St,Singapore,,SG,1.2986498,103.8496701,http://www.strandhotel.com.sg/,,google_maps_vendor_export,2026-08,crawler_exact
ChIJH2EgPRIY2jERKrUAQ90dG9U,CN->SG,Hotel,ibis budget Singapore Joo Chiat,Hotel,219 Joo Chiat Rd,Singapore,,SG,1.3113635,103.9010865,https://all.accor.com/lien_externe.svlt?goto=fiche_hotel&code_hotel=B6J5&merchantid=seo-maps-SG-B6J5&sourceid=aw-cen&utm_medium=seo%20maps&utm_source=google%20Maps&utm_campaign=seo%20maps,+65 6344 9888,google_maps_vendor_export,2026-08,crawler_exact
ChIJHR8LfugZ2jERUzNAwBJc5sE,CN->SG,Hotel,Hotel Royal Singapore,Hotel,36 Newton Rd,Singapore,,SG,1.3168137,103.8416014,http://www.hotelroyal.com.sg/,+65 6426 0168,google_maps_vendor_export,2026-08,crawler_exact
ChIJHeeu2LU92jER_BzfOqfIE0w,CN->SG,Hotel,D'Resort @ Downtown East,Resort hotel,1 Pasir Ris Cl,Singapore,,SG,1.3798904,103.9549644,https://www.dresort.com.sg/?utm_source=google&utm_medium=organic&utm_campaign=gbp,+65 6582 3322,google_maps_vendor_export,2026-08,crawler_exact
ChIJIWIoD5gZ2jER2_xl1rm6lwU,CN->SG,Hotel,Ji Hotel Orchard Singapore,Hotel,11 Penang Ln,Singapore,,SG,1.297724,103.84441,https://hrewards.com/en/ji-hotel-orchard-singapore,+65 6771 1121,google_maps_vendor_export,2026-08,crawler_exact
ChIJJ11qGTcY2jER3aUek1VzpTw,CN->SG,Hotel,Golden Star Hotel,Hotel,31 Lor 8 Geylang,Singapore,,SG,1.3107751,103.8773254,https://www.goldenstarhotel.top/en,+65 6741 0055,google_maps_vendor_export,2026-08,crawler_exact
ChIJJWyZdjcY2jERc1Im57AB7t8,CN->SG,Hotel,Jin Dong Hotel,Hotel,35 Lor 12 Geylang,Singapore,,SG,1.3101408,103.878629,http://jindonghotel.blogspot.com/,+65 6842 5828,google_maps_vendor_export,2026-08,crawler_exact
ChIJK0hRYHIZ2jERrxw0TDSz0vs,CN->SG,Hotel,Hotel 1929,Hotel,50 Keong Saik Rd.,Singapore,,SG,1.2808073,103.8418231,http://1929hotel.com/,+65 6226 8929,google_maps_vendor_export,2026-08,crawler_exact
ChIJKYPoKcEZ2jERBoqvT--ppEQ,CN->SG,Hotel,"The Serangoon House Little India, Singapore, a Tribute Portfolio Hotel",Hotel,301 Serangoon Rd,Singapore,,SG,1.3113979,103.8548037,https://www.marriott.com/en-us/hotels/sintg-the-serangoon-house-little-india-singapore-a-tribute-portfolio-hotel/overview/?scid=f2ae0541-1279-4f24-b197-a979c79310b0,+65 6978 5173,google_maps_vendor_export,2026-08,crawler_exact
ChIJL4fcgTkY2jERg7V-al0gtt4,CN->SG,Hotel,Min Wah Hotel,Hotel,19 Lor 22 Geylang,Singapore,,SG,1.3121878,103.8824365,http://minwahhotel.blogspot.com/,+65 6745 2219,google_maps_vendor_export,2026-08,crawler_exact
ChIJMz0o57YZ2jEREDiZ5R5MEk0,CN->SG,Hotel,"HI HOTEL BUGIS, Singapore",Hotel,11 Jln Klapa,Singapore,,SG,1.3042953,103.8597429,https://www.booksingaporehotels.com/en/hotel/hi-hotel-bugis.html,+65 6788 1001,google_maps_vendor_export,2026-08,crawler_exact
ChIJN5U7dJ4Z2jERhI5Md3L9RYM,CN->SG,Hotel,Studio M Hotel,Hotel,3 Nanson Rd,Singapore,,SG,1.2908153,103.8391747,https://www.millenniumhotels.com/en/singapore/studio-m-hotel/?cid=gplaces-studio-m-hotel&utm_source=gbp&utm_medium=organic,+65 6808 8888,google_maps_vendor_export,2026-08,crawler_exact
ChIJN9sOMrsZ2jERO_ldHOJI_8U,CN->SG,Hotel,"Harbour Ville Hotel, Hamilton",Hotel,40 Hamilton Rd,Singapore,,SG,1.311666,103.8614966,https://harbourvillehamilton.com/,+65 6291 9131,google_maps_vendor_export,2026-08,crawler_exact
ChIJNX-LGjcY2jERoD8kXMt-TSQ,CN->SG,Hotel,K Hotel 8,Hotel,37 Lor 8 Geylang,Singapore,,SG,1.3106267,103.8772773,https://www.khotel.co/,+65 6047 0060,google_maps_vendor_export,2026-08,crawler_exact
ChIJObxCsL4Z2jERF5ZUjJPyIcg,CN->SG,Hotel,ibis budget Singapore Selegie,Hotel,183 Selegie Rd,Singapore,,SG,1.3036924,103.8499932,https://all.accor.com/lien_externe.svlt?goto=fiche_hotel&code_hotel=B6J6&merchantid=seo-maps-SG-B6J6&sourceid=aw-cen&utm_medium=seo%20maps&utm_source=google%20Maps&utm_campaign=seo%20maps,+65 6337 7888,google_maps_vendor_export,2026-08,crawler_exact
ChIJObxVvTAY2jERmDEeKZxKjy8,CN->SG,Hotel,Bright Star Hotel,Hotel,20 Lorong 17 Geylang,Singapore,,SG,1.3134517,103.8788156,http://www.brightstarhotel-singapore.online/,+65 6742 7666,google_maps_vendor_export,2026-08,crawler_exact
ChIJQUiaH9IZ2jERI30MhK2ro10,CN->SG,Hotel,K HOTEL 14,Hotel,14 Lor 10 Geylang,Singapore,,SG,1.3112028,103.8775634,https://www.khotel.co/,+65 6047 0093,google_maps_vendor_export,2026-08,crawler_exact
ChIJRY0iDMAZ2jERv4i-yL80Of4,CN->SG,Hotel,JXIN HOTEL,Hotel,9 Lor 10 Geylang,Singapore,,SG,1.3116085,103.8778331,undefined,+65 6015 0266,google_maps_vendor_export,2026-08,crawler_exact
ChIJRxETRTMZ2jERMjyc5epBSzI,CN->SG,Hotel,Hotel 81 Palace,Hotel,25 Lor. 16 Geylang,Singapore,,SG,1.3118867,103.8801907,https://www.wwhotels.com/hotel-81/palace/?utm_source=google&utm_medium=organic&utm_campaign=hotel81palace&utm_term=gbp,+65 6440 8181,google_maps_vendor_export,2026-08,crawler_exact
ChIJS2xZIjcY2jER-d7Gd8C9k2I,CN->SG,Hotel,Hotel 81 Orchid,Hotel,21 Lor 8 Geylang,Singapore,,SG,1.3112057,103.8772766,https://www.wwhotels.com/hotel-81/orchid/?utm_source=google&utm_medium=organic&utm_campaign=hotel81orchid&utm_term=gbp,+65 6846 8181,google_maps_vendor_export,2026-08,crawler_exact
ChIJSXENi68Z2jERvaPlcGJg1PY,CN->SG,Hotel,Park View Hotel,Hotel,81 Beach Rd,Singapore,,SG,1.2972136,103.8564618,http://www.parkview.com.sg/,,google_maps_vendor_export,2026-08,crawler_exact
ChIJT2GP0LEZ2jER4VmH4dpvFE8,CN->SG,Hotel,lyf Funan Singapore,Serviced accommodation,"67 Hill St, Level 4 Funan",Singapore,,SG,1.2917357,103.8494682,https://www.discoverasr.com/en/lyf/singapore/lyf-funan-singapore?utm_source=google&utm_medium=maps&utm_campaign=hq-google-gbp-alwayson-20240531-all-en-sg-sg-lyffunansingapore-eme-gbp,+65 6970 2288,google_maps_vendor_export,2026-08,crawler_exact
ChIJU5hYEDs82jERwKQU9YNLjmc,CN->SG,Hotel,Changi Cove,Hotel,351 Cranwell Rd,Singapore,,SG,1.3885329,103.9765627,http://www.changicove.com/,+65 6922 6122,google_maps_vendor_export,2026-08,crawler_exact
ChIJVVWlLu0Z2jERANZMbF0JwJY,CN->SG,Hotel,Vibe Hotel Singapore Orchard,Hotel,"24 Mount Elizabeth, #01-05",Singapore,,SG,1.3081872,103.8357101,https://www.vibesingapore.com/?utm_source=googleplaces_vhso&utm_medium=organic,+65 6738 1188,google_maps_vendor_export,2026-08,crawler_exact
ChIJW75AJsoZ2jERuRo3qs5Otpk,CN->SG,Hotel,ibis budget Singapore Imperial,Hotel,28 Penhas Rd,Singapore,,SG,1.3094972,103.8623811,https://all.accor.com/lien_externe.svlt?goto=fiche_hotel&code_hotel=B6J7&merchantid=seo-maps-SG-B6J7&sourceid=aw-cen&utm_medium=seo%20maps&utm_source=google%20Maps&utm_campaign=seo%20maps,+65 6297 9888,google_maps_vendor_export,2026-08,crawler_exact
ChIJWdLw7TAY2jERXBXiRLDjIgQ,CN->SG,Hotel,Amrise Hotel,Hotel,112 Sims Ave,Singapore,,SG,1.3139908,103.8778684,http://amrisehotel.com/,+65 6745 6656,google_maps_vendor_export,2026-08,crawler_exact
ChIJXYIF8zkY2jERIMVQABHx2F0,CN->SG,Hotel,Diamond Hotel,Hotel,25 Lor 18 Geylang,Singapore,,SG,1.311901,103.8808932,undefined,+65 6842 3777,google_maps_vendor_export,2026-08,crawler_exact
ChIJY5BNN8kZ2jERb4NfPF21dH4,CN->SG,Hotel,Hotel YAN,Hotel,162 Tyrwhitt Rd,Singapore,,SG,1.3117957,103.8604987,http://www.hotel-yan.com/,+65 6805 1955,google_maps_vendor_export,2026-08,crawler_exact
ChIJZYm6guYN2jERdmoxoxm98Kc,CN->SG,Hotel,Kranji Sanctuary Resort,Resort hotel,10 Neo Tiew Lane 2,Singapore,,SG,1.4198053,103.7195597,https://kranjisanctuaryresort.com/,,google_maps_vendor_export,2026-08,crawler_exact
ChIJ_8C8mKcf2jERc7enpi1mU2Q,CN->SG,Hotel,Tiny Away Escape at Lazarus Island,Hotel,11A Pulau Seringat,Singapore,,SG,1.2283389,103.8514755,http://escapeatlazarus.com/,+65 8061 7636,google_maps_vendor_export,2026-08,crawler_exact
ChIJ_ao2NzoY2jERSIS8EdcpG9E,CN->SG,Hotel,New Cathay Hotel,Hotel,443 Geylang Rd,Singapore,,SG,1.3133191,103.8817594,https://newcathayhotel.blogspot.sg/,+65 6745 0588,google_maps_vendor_export,2026-08,crawler_exact
ChIJ_zN7PjcY2jER8S9wD3oL9QE,CN->SG,Hotel,La Mode Hotel,Hotel,17 Lor 10 Geylang,Singapore,,SG,1.3112557,103.8778325,https://trip.tpx.lv/aVgu9HTd,+65 6741 1423,google_maps_vendor_export,2026-08,crawler_exact
ChIJa7DWQDcY2jERMFNLTD7UWYQ,CN->SG,Hotel,YAJU HOTEL,Hotel,12 Lor 12 Geylang,Singapore,,SG,1.3114895,103.8780663,undefined,+65 6744 0100,google_maps_vendor_export,2026-08,crawler_exact
ChIJaYVwpDkY2jERbLBVdk2RiOc,CN->SG,Hotel,Hotel Compass,Hotel,36 Lor 22 Geylang,Singapore,,SG,1.3110148,103.8818968,http://hotelcompass.blogspot.com/,+65 6744 7655,google_maps_vendor_export,2026-08,crawler_exact
ChIJb8vmsAwZ2jERi38fKF0P_rE,CN->SG,Hotel,Galaxy Pods Capsule Hotel (Chinatown),Capsule hotel,27 Mosque St,Singapore,,SG,1.2834693,103.8455568,http://www.galaxypods.com.sg/,+65 6221 1239,google_maps_vendor_export,2026-08,crawler_exact
ChIJbehm8Jwj2jERleuVMdTkNu8,CN->SG,Hotel,Dusit Thani Laguna Singapore,Resort hotel,11 Laguna Golf Green,Singapore,,SG,1.3231319,103.9624751,https://www.dusit.com/dusitthani-laguna-singapore/,+65 6841 8888,google_maps_vendor_export,2026-08,crawler_exact
ChIJbxecDwkZ2jER0HC_ulAswUE,CN->SG,Hotel,The Fullerton Hotel Singapore,Hotel,1 Fullerton Sq,Singapore,,SG,1.2863532,103.8530671,https://www.fullertonhotels.com/fullerton-hotel-singapore,+65 6733 8388,google_maps_vendor_export,2026-08,crawler_exact
ChIJby1qk0sZ2jERl1EX_MTwMrA,CN->SG,Hotel,Hotel Luma 41,Hotel,41 Hongkong St,Singapore,,SG,1.2873637,103.8475361,https://www.hotelnuveelements.com/,+65 6797 8727,google_maps_vendor_export,2026-08,crawler_exact
ChIJc_CtvrAZ2jERZhmZq1rHkXQ,CN->SG,Hotel,ibis budget Singapore Gold,Hotel,123 Sims Ave,Singapore,,SG,1.314451,103.877801,https://all.accor.com/lien_externe.svlt?goto=fiche_hotel&code_hotel=B9T2&merchantid=seo-maps-SG-B9T2&sourceid=aw-cen&utm_medium=seo%20maps&utm_source=google%20Maps&utm_campaign=seo%20maps,+65 6970 8488,google_maps_vendor_export,2026-08,crawler_exact
ChIJcysh2TYY2jEROOPaqjhaKV4,CN->SG,Hotel,five/6 Hotel Splendour,Hotel,5 Lor 6 Geylang,Singapore,,SG,1.310963,103.8766498,http://www.hotelsplendour.sg/,+65 6206 5688,google_maps_vendor_export,2026-08,crawler_exact
ChIJczBPm3gZ2jER16Rus-8px3M,CN->SG,Hotel,"STORIES Joo Chiat, a Hotel by Cove - Paya Lebar, Singapore",Hotel,51 Joo Chiat Rd,Singapore,,SG,1.3150011,103.8985851,https://cove.sg/stories-joo-chiat,+65 8448 0536,google_maps_vendor_export,2026-08,crawler_exact
ChIJdVMCSTcY2jERpqgFGkQ7VYI,CN->SG,Hotel,Hotel 81 - Cherry,Hotel,3 Lor 12 Geylang,Singapore,,SG,1.311987,103.8784172,http://www.hotel81.com.sg/,+65 6293 8181,google_maps_vendor_export,2026-08,crawler_exact
ChIJdchlr7wZ2jERLaqo-KWYuaY,CN->SG,Hotel,Hotel Mi Bencoolen,Hotel,41 Bencoolen St,Singapore,,SG,1.2988541,103.8501467,https://www.wwhotels.com/hotel-mi/hotel-mi-bencoolen/?utm_source=google&utm_medium=organic&utm_campaign=hotelmibencoolen&utm_term=gbp,+65 6251 8822,google_maps_vendor_export,2026-08,crawler_exact
ChIJdeB0FI0Z2jERfMMx7jtAfsg,CN->SG,Hotel,YOTEL Singapore Orchard Road,Hotel,366 Orchard Rd,Singapore,,SG,1.3062156,103.8311493,https://www.yotel.com/en/hotels/yotel-singapore?utm_source=Google&utm_medium=Yext_YOSOR,+65 6866 8000,google_maps_vendor_export,2026-08,crawler_exact
ChIJdzYEE3MZ2jERGuVTH_L6nTw,CN->SG,Hotel,CUBE - Boutique Capsule Hotel @ Chinatown,Hotel,"76A/B, 78A/B Smith Street Level 2, #3",Singapore,,SG,1.2831547,103.8429817,http://cubehotels.com.sg/,+65 6221 7769,google_maps_vendor_export,2026-08,crawler_exact
ChIJg-tFGTcY2jERYfQGM3B9q9Q,CN->SG,Hotel,Darlene Hotel,Hotel,32 Lor 8 Geylang,Singapore,,SG,1.3109337,103.8769685,undefined,+65 6846 7922,google_maps_vendor_export,2026-08,crawler_exact
ChIJhXc73hAY2jER0F4zrjxDfvI,CN->SG,Hotel,A Hotel Joo Chiat,Hotel,"60 Joo Chiat Rd, #01-06",Singapore,,SG,1.3147698,103.8983936,http://www.amrisehotel.com/,+65 6342 0988,google_maps_vendor_export,2026-08,crawler_exact
ChIJhYW77TkY2jER2Uyw5zJgJHM,CN->SG,Hotel,Hotel 81 (Premier) Star,Hotel,31 Lor 18 Geylang,Singapore,,SG,1.3115084,103.8809148,https://www.wwhotels.com/hotel-81/premier-star/?utm_source=google&utm_medium=organic&utm_campaign=hotel81premierstar&utm_term=gbp,+65 6748 8181,google_maps_vendor_export,2026-08,crawler_exact
ChIJha8gn6UZ2jERGvxowvZkPXs,CN->SG,Hotel,Naumi Hotel Singapore,Hotel,41 Seah St,Singapore,,SG,1.29592,103.855164,https://www.naumihotels.com/naumi-hotel-singapore,+65 6403 6000,google_maps_vendor_export,2026-08,crawler_exact
ChIJheQjQQoZ2jERykwfyfBI1QA,CN->SG,Hotel,Galaxy Pods Capsule Hotel (Boat Quay),Capsule hotel,12 Circular Rd,Singapore,,SG,1.2876562,103.8489561,http://www.galaxypods.com.sg/,+65 8878 8756,google_maps_vendor_export,2026-08,crawler_exact
ChIJi06pUZYZ2jERW8krXJbsl5Q,CN->SG,Hotel,Hotel Supreme,Hotel,15 Kramat Rd,Singapore,,SG,1.301345,103.8424238,http://www.supremeh.com.sg/,+65 6737 8333,google_maps_vendor_export,2026-08,crawler_exact
ChIJiYGgrJ8Z2jERgiIOxtAZAOg,CN->SG,Hotel,Robertson Quay Hotel,Hotel,15 Merbau Rd,Singapore,,SG,1.2912564,103.8420506,http://robertsonquayhotel.com.sg/,+65 6735 3333,google_maps_vendor_export,2026-08,crawler_exact
ChIJifzF-ZYZ2jERJuKqhZ4PRi8,CN->SG,Hotel,Hotel Grand Central,Hotel,22 Cavenagh Rd,Singapore,,SG,1.3013335,103.8416861,https://www.grandcentral.com.sg/,+65 6737 9944,google_maps_vendor_export,2026-08,crawler_exact
ChIJjXems6cZ2jERep-fc4y_1qA,CN->SG,Hotel,ISA Hotel & Apartment Hotel,Hotel,40 Amber Rd,Singapore,,SG,1.300762,103.901126,https://www.isapartments.com/isa-hotel,+65 6253 8884,google_maps_vendor_export,2026-08,crawler_exact
ChIJjadGkvsZ2jERWeClIDAZ0NA,CN->SG,Hotel,Arena eSports Hotel @ Orchard,Hotel,29A Cuppage Rd,Singapore,,SG,1.3021018,103.8403409,http://www.aesports.sg/,,google_maps_vendor_export,2026-08,crawler_exact
ChIJk3SwyxQZ2jER3MLPLbxbsOw,CN->SG,Hotel,M Hotel Singapore City Centre,Hotel,81 Anson Rd,Singapore,,SG,1.2736658,103.8450622,https://www.millenniumhotels.com/en/singapore/m-hotel-singapore/?cid=gplaces-m-hotel-singapore,+65 6224 1133,google_maps_vendor_export,2026-08,crawler_exact
ChIJk4yRWh8Y2jER9qcLFos5l1A,CN->SG,Hotel,Aqueen Hotel Paya Lebar,Hotel,33 Jln Afifi,Singapore,,SG,1.3220908,103.8916189,http://www.aqueenhotels.com/en/hotels/singapore/paya-lebar/,+65 6713 9999,google_maps_vendor_export,2026-08,crawler_exact
ChIJkcR9eDkY2jERn0fkzmgGYZo,CN->SG,Hotel,Kim Tian Hotel,Hotel,21 Lor 22 Geylang,Singapore,,SG,1.3120814,103.882434,http://www.kimtianhotel.com/,+65 6842 2288,google_maps_vendor_export,2026-08,crawler_exact
ChIJkyvW2pIZ2jERWyYW3DpUgEg,CN->SG,Hotel,York Hotel Singapore,Hotel,21 Mount Elizabeth,Singapore,,SG,1.30718,103.8355304,http://www.yorkhotel.com.sg/,+65 6737 0511,google_maps_vendor_export,2026-08,crawler_exact
ChIJl0h4qfUb2jERSxPt8ytMI28,CN->SG,Hotel,Citadines Science Park Singapore,Serviced accommodation,7 Science Park Dr,Singapore,,SG,1.2916299,103.7870686,https://www.discoverasr.com/en/citadines/singapore/citadines-science-park-singapore?utm_source=google&utm_medium=maps&utm_campaign=hq-google-maps-alwayson--all-en-sg-sg-citadinesscienceparksingapore--gbp&--&cid=map::gg::hq:ind:::all:en:sg:sg:citadinesscienceparksingapore:0:gbp:0:::,+65 6370 2988,google_maps_vendor_export,2026-08,crawler_exact
ChIJl5S5fT0Y2jERwJsMUEULTa0,CN->SG,Hotel,Four Chain View Hotel,Hotel,757 Geylang Rd,Singapore,,SG,1.3149712,103.8909796,http://www.fourchain.com.sg/,+65 6749 7117,google_maps_vendor_export,2026-08,crawler_exact
ChIJl6XhVzcY2jER8wHTnTNvCIg,CN->SG,Hotel,Hotel 81 Geylang,Hotel,20 Lor. 16 Geylang,Singapore,,SG,1.3117788,103.8797191,https://www.wwhotels.com/hotel-81/geylang/?utm_source=google&utm_medium=organic&utm_campaign=hotel81geylang&utm_term=gbp,+65 6841 8181,google_maps_vendor_export,2026-08,crawler_exact
ChIJmbSiPDEY2jERwY-f9Lgy128,CN->SG,Hotel,Amrise Hotel Geylang,Hotel,56 Sims Ave,Singapore,,SG,1.3132274,103.8758914,http://www.amrisehotel.com/,+65 6258 3319,google_maps_vendor_export,2026-08,crawler_exact
ChIJmdToVIoT2jERFcg421N7d68,CN->SG,Hotel,Mandai Rainforest Resort by Banyan Tree,Resort hotel,60 Mandai Lake Rd,Singapore,,SG,1.4071032,103.7907476,https://www.banyantree.com/singapore/mandai-rainforest-resort-by-banyan-tree,+65 6038 3939,google_maps_vendor_export,2026-08,crawler_exact
ChIJmfrJMXUZ2jERQxc2VBBowUg,CN->SG,Hotel,Dao by Dorsett AMTD Singapore,Hotel,"6 Shenton Wy, #07-01 OUE Downtown 1",Singapore,,SG,1.2772128,103.8487045,https://www.daobydorsett.com/dao-by-dorsett-amtd-singapore/hotel-overview.html,,google_maps_vendor_export,2026-08,crawler_exact
ChIJmwrAvCQZ2jERxzMkadSbf_U,CN->SG,Hotel,"Hotel Traveltine Downtown Singapore, Trademark Collection by Wyndham",Hotel,"700 Beach Rd, Hotel Traveltine",Singapore,,SG,1.3025087,103.8642451,http://www.hoteltraveltine.com/,+65 6679 2000,google_maps_vendor_export,2026-08,crawler_exact
ChIJn1-b2CU92jER7pvyLYfEfWQ,CN->SG,Hotel,Cameron,Hotel,393F Upper Changi Rd,Singapore,,SG,1.3368116,103.9549938,http://www.cameronhotel.com.sg/,+65 6545 1816,google_maps_vendor_export,2026-08,crawler_exact
ChIJnb-ocDkY2jERqMhvbUmQH8s,CN->SG,Hotel,OYO 103 Hotel Fuji,Hotel,22 Jln Molek,Singapore,,SG,1.3115822,103.882711,https://www.oyorooms.com/201697/,+65 6841 4466,google_maps_vendor_export,2026-08,crawler_exact
ChIJndAszrAZ2jERdXYoJaKBQfw,CN->SG,Hotel,"Hotel NuVe, Bugis",Hotel,9 Jln Pinang,Singapore,,SG,1.3028832,103.8582876,https://www.hotelnuve.com/,+65 6299 5975,google_maps_vendor_export,2026-08,crawler_exact
ChIJo8cvPgsZ2jERzUp0v52SdI0,CN->SG,Hotel,PARKROYAL COLLECTION Pickering,Hotel,3 Upper Pickering St,Singapore,,SG,1.2857588,103.8460409,https://www.panpacific.com/en/hotels-and-resorts/pr-collection-pickering.html?utm_source=google&utm_medium=business_listing&utm_campaign=googlemybusiness,+65 6809 8888,google_maps_vendor_export,2026-08,crawler_exact
ChIJoSIklaQZ2jERgKc2lL92rAA,CN->SG,Hotel,Hotel Royal Queens,Hotel,12 Queen St,Singapore,,SG,1.2975451,103.8520722,http://www.royalqueens.com.sg/,+65 6725 9988,google_maps_vendor_export,2026-08,crawler_exact
ChIJoeV2WKQZ2jERvqFd1_XG4jg,CN->SG,Hotel,Carlton Hotel Singapore,Hotel,76 Bras Basah Rd,Singapore,,SG,1.2955565,103.8530862,http://www.carltonhotel.sg/,+65 6338 8333,google_maps_vendor_export,2026-08,crawler_exact
ChIJp3kFgDkY2jER7ijI2SjP9G8,CN->SG,Hotel,Seng Wah Hotel,Hotel,15 Lor 22 Geylang,Singapore,,SG,1.3123248,103.8824019,https://3wfkki.short.gy/seng-wah-sg,+65 6749 2769,google_maps_vendor_export,2026-08,crawler_exact
ChIJp6Le2zYY2jERIyzHaNF7g8E,CN->SG,Hotel,Kim Tian Hotel (Han),Hotel,"Lor 4 Geylang, #399166 29",Singapore,,SG,1.3102181,103.8762086,https://www.kimtianhotel.com/contact.html,+65 6842 2640,google_maps_vendor_export,2026-08,crawler_exact
ChIJpbvU9zkY2jERmz3Firlf-lo,CN->SG,Hotel,OYO 102 Budgetone Hotel,Hotel,10 Lor 18 Geylang,Singapore,,SG,1.3122433,103.8804338,https://www.oyorooms.com/201697/,+65 6743 9282,google_maps_vendor_export,2026-08,crawler_exact
ChIJpc_euAwZ2jER-6AtSZ4spRQ,CN->SG,Hotel,The Southbridge Hotel Restaurant and Whiskey Bar,Hotel,210 S Bridge Rd,Singapore,,SG,1.2833703,103.8458178,http://www.thesouthbridgehotel.com/,+65 6222 2288,google_maps_vendor_export,2026-08,crawler_exact
ChIJq6NC6HYZ2jER6RVRp3cIqZg,CN->SG,Hotel,Hotel Classic by Venue,Hotel,12 Joo Chiat Rd,Singapore,,SG,1.3156947,103.8977558,https://www.wwhotels.com/venue-hotel/hotel-classic/?utm_source=google&utm_medium=organic&utm_campaign=hotelclassicbyvenue&utm_term=gbp,+65 6881 3131,google_maps_vendor_export,2026-08,crawler_exact
ChIJqa5XGDcY2jERIzwinkLz1us,CN->SG,Hotel,Hotel 81 (Premier) Hollywood,Hotel,61 Lor 8 Geylang,Singapore,,SG,1.3100543,103.8774434,https://www.wwhotels.com/hotel-81/premier-hollywood/?utm_source=google&utm_medium=organic&utm_campaign=hotel81premierhollywood&utm_term=gbp,+65 6383 8181,google_maps_vendor_export,2026-08,crawler_exact
ChIJqygdacQZ2jERdAWn-LllLbs,CN->SG,Hotel,The Snooze Hotel @ Marine Parade,Hotel,400 E Coast Rd,Singapore,,SG,1.3087218,103.9119842,http://www.snooze-inn.com/,+65 6665 5511,google_maps_vendor_export,2026-08,crawler_exact
ChIJqytKobwZ2jER1RlaYLYwXec,CN->SG,Hotel,Hotel Bencoolen,Hotel,"47 Bencoolen St, #01-02",Singapore,,SG,1.2991045,103.8501894,https://www.hotelbencoolen.com/,+65 6336 0822,google_maps_vendor_export,2026-08,crawler_exact
ChIJqz8O_lEZ2jEREOTMicavqYU,CN->SG,Hotel,Hotel JJH,Hotel,747 N Bridge Rd,Singapore,,SG,1.3031709,103.8591124,http://www.hoteljjh.com.sg/,+65 8882 2120,google_maps_vendor_export,2026-08,crawler_exact
ChIJrQAuWKUX2jERshr3uRB1oe0,CN->SG,Hotel,Hotel 81 Kovan,Hotel,768 Upper Serangoon Rd,Singapore,,SG,1.3542504,103.8789223,https://www.wwhotels.com/hotel-81/kovan/?utm_source=google&utm_medium=organic&utm_campaign=hotel81kovan&utm_term=gbp,+65 6286 8181,google_maps_vendor_export,2026-08,crawler_exact
ChIJrT_wz7YZ2jER-lLS7atyJsk,CN->SG,Hotel,HOTEL JJH ALIWAL,Hotel,79 Aliwal St,Singapore,,SG,1.3034746,103.860275,https://www.aliwalparkhotel.com.sg/,+65 6293 9022,google_maps_vendor_export,2026-08,crawler_exact
ChIJrXZUXmsZ2jERdZPWv7o3QHA,CN->SG,Hotel,Amara Singapore,Hotel,165 Tg Pagar Rd,Singapore,,SG,1.2752457,103.8434106,https://singapore.amarahotels.com/,+65 6879 2555,google_maps_vendor_export,2026-08,crawler_exact
ChIJraA5MPwa2jERbXtj4LEfXiM,CN->SG,Hotel,"Santa Grand Hotel East Coast, a NuVe Group Collection",Hotel,"171 E Coast Rd, #01-04/05/06",Singapore,,SG,1.3067602,103.9058362,https://santagrandhotel.com.sg/,+65 6344 6866,google_maps_vendor_export,2026-08,crawler_exact
ChIJrz0R-NQZ2jERXz6RyhbELLg,CN->SG,Hotel,The Clan Hotel Singapore,Hotel,10 Cross St,Singapore,,SG,1.2826642,103.8482839,https://www.theclanhotel.com.sg/?utm_source=googleplaces_tch&utm_medium=organic,+65 6228 6388,google_maps_vendor_export,2026-08,crawler_exact
ChIJsSmdkRM92jERrmjHq_mOda4,CN->SG,Hotel,Dorsett Changi City Singapore,Hotel,3 Changi Business Park Central 1,Singapore,,SG,1.3338557,103.9636626,http://www.dorsetthotels.com/dorsett-changi-city-singapore,+65 6933 9833,google_maps_vendor_export,2026-08,crawler_exact
ChIJscyhaKUZ2jERMoA0Gv3a4iI,CN->SG,Hotel,ibis budget Singapore Bugis,Hotel,33 Middle Rd,Singapore,,SG,1.297009,103.855585,https://all.accor.com/lien_externe.svlt?goto=fiche_hotel&code_hotel=B6H8&merchantid=seo-maps-SG-B6H8&sourceid=aw-cen&utm_medium=seo%20maps&utm_source=google%20Maps&utm_campaign=seo%20maps,+65 6336 9888,google_maps_vendor_export,2026-08,crawler_exact
ChIJt6LDlDAY2jER0FBeXHldcBE,CN->SG,Hotel,Hotel 81 Spring,Hotel,22 Lor 15 Geylang,Singapore,,SG,1.313693,103.878285,http://www.hotel81.com.sg/,+65 6844 8181,google_maps_vendor_export,2026-08,crawler_exact
ChIJv3oMC7EZ2jER2kSvNGCPTiQ,CN->SG,Hotel,The Pod Boutique Capsule Hotel,Capsule hotel,"289 Beach Rd, Level 3",Singapore,,SG,1.3010259,103.8605305,https://www.thepodcapsulehotel.com/?partner=7069utm_source=google&utm_medium=organic&utm_campaign=MyBusiness&utm,+65 6298 8505,google_maps_vendor_export,2026-08,crawler_exact
ChIJvwKrbdk72jER-Cew02jZNKA,CN->SG,Hotel,East 2000 Dormitory,Hostel,Aviation Park Rd,Singapore,,SG,1.3668974,104.0130688,undefined,+65 6348 0105,google_maps_vendor_export,2026-08,crawler_exact
ChIJvySRapM82jERRQTFHA8XoHQ,CN->SG,Hotel,Crowne Plaza Changi Airport by IHG,Hotel,"75 Airport Blvd., #01-01",Singapore,,SG,1.3585609,103.9879672,https://www.ihg.com/crowneplaza/hotels/us/en/singapore/sincp/hoteldetail?cm_mmc=GoogleMaps-_-CP-_-SG-_-SINCP,+65 6823 5300,google_maps_vendor_export,2026-08,crawler_exact
ChIJw6HFVGkZ2jER8zoBT70YpAw,CN->SG,Hotel,Hotel 1900,Hotel,"Mosque St, #48",Singapore,,SG,1.2842291,103.8442512,http://hotel1900.com.sg/,+65 6645 3131,google_maps_vendor_export,2026-08,crawler_exact
ChIJw7KGjXEY2jER0am68tliua4,CN->SG,Hotel,Village Hotel Katong,Hotel,25 Marine Parade Rd,Singapore,,SG,1.3037177,103.9029408,https://www.villagehotels.asia/en/hotels/village-hotel-katong?utm_source=googleplaces_vhk&utm_medium=organic,+65 6344 2200,google_maps_vendor_export,2026-08,crawler_exact
ChIJwUTKu6UZ2jERwt5ctkU4f2Q,CN->SG,Hotel,Raffles Singapore,Hotel,1 Beach Rd,Singapore,,SG,1.294889,103.854483,https://www.raffles.com/singapore/?goto=fiche_hotel&code_hotel=A5E1&merchantid=seo-maps-SG-A5E1&sourceid=aw-cen&utm_medium=seo%20maps&utm_source=google%20Maps&utm_campaign=seo%20maps,+65 6337 1886,google_maps_vendor_export,2026-08,crawler_exact
ChIJwas0SnUZ2jERZ5k9uwMQX1I,CN->SG,Hotel,Park Regis by Prince Singapore,Hotel,23 Merchant Rd,Singapore,,SG,1.287965,103.8446657,https://www.parkregisbyprincesingapore.com/,+65 6818 8888,google_maps_vendor_export,2026-08,crawler_exact
ChIJy0ZILzcY2jERM6xKJmTOaUE,CN->SG,Hotel,Lex Hotel,Hotel,1 Lor 8 Geylang,Singapore,,SG,1.3118091,103.8771744,http://lexhotelsingapore.blogspot.com/,+65 6745 2234,google_maps_vendor_export,2026-08,crawler_exact
ChIJy0tmZskZ2jER8OTBC1Aiuxw,CN->SG,Hotel,Hotel Snow Lavender,Hotel,26 Cavan Rd,Singapore,,SG,1.3109757,103.8617721,undefined,+65 6293 6005,google_maps_vendor_export,2026-08,crawler_exact
ChIJzQ8_2Is82jERDedahbH33Nw,CN->SG,Hotel,YOTELAIR Singapore Changi,Hotel,"Jewel Changi, 78 Airport Blvd., #04-280 Singapore Changi Airport",Singapore,,SG,1.3603912,103.989642,https://www.yotel.com/en/hotels/yotelair-singapore-changi-airport?utm_source=Google&utm_medium=Yext_YOSCH,+65 6407 7888,google_maps_vendor_export,2026-08,crawler_exact
ChIJzYOzRgwZ2jERM3h3MIvqrts,CN->SG,Hotel,Amoy Hotel,Hotel,76 Telok Ayer St,Singapore,,SG,1.2829731,103.8487244,https://www.fareasthospitality.com/en/hotels/amoy?utm_source=googleplaces_amoy&utm_medium=organic,+65 6580 2888,google_maps_vendor_export,2026-08,crawler_exact
ChIJzYo2cqUZ2jERNK5di9Ug7GU,CN->SG,Hotel,"Hotel NuVe Heritage, City Hall",Hotel,13 Purvis St,Singapore,,SG,1.2964732,103.8553007,http://www.hotelnuveheritage.com/,+65 6250 4024,google_maps_vendor_export,2026-08,crawler_exact
ChIJ-1eu0KMX2jER13MfvvTYCzI,CN->SG,Retail,Giant Express,Supermarket,"Blk 266 Serangoon Central Dr, #01-255",Singapore,,SG,1.3532655,103.8715001,https://giant.sg/,+65 6283 9776,google_maps_vendor_export,2026-08,crawler_exact
ChIJ-QEBJw492jERA4T6m9TNxUo,CN->SG,Retail,Cold Storage,Supermarket,"10 Tampines Central 1, B1-01/02",Singapore,,SG,1.354212,103.9450352,https://coldstorage.com.sg/?utm_source=googlemybusiness&utm_campaign=tampines1,+65 6891 8100,google_maps_vendor_export,2026-08,crawler_exact
ChIJ-a1KOwAZ2jERbfRMkBGT2Fc,CN->SG,Retail,Sheng Siong Supermarket,Supermarket,"11 Tanjong Katong Rd, B1-36",Singapore,,SG,1.3144249,103.8944741,http://shengsiong.com.sg/,+65 6420 2920,google_maps_vendor_export,2026-08,crawler_exact
ChIJ07kCGPwZ2jERGl-Ek5HhQVY,CN->SG,Retail,Scarlett Supermarket Flagship Store,Grocery store,"1 Park Rd, #02-70 People's Park Complex",Singapore,,SG,1.2841159,103.8424418,https://www.scarlettsupermarket.com.sg/,,google_maps_vendor_export,2026-08,crawler_exact
ChIJ09xRq0IX2jER80us2CFZbLY,CN->SG,Retail,Sheng Siong Supermarket,Supermarket,"377 Hougang St. 32, B1-01 Hougang RiverCourt",Singapore,,SG,1.3630059,103.8952559,https://corporate.shengsiong.com.sg/stores/hg-rivercourt/,+65 6239 5204,google_maps_vendor_export,2026-08,crawler_exact
ChIJ14BXzDsT2jERaRYCDuj0c94,CN->SG,Retail,Sheng Siong Supermarket,Supermarket,"785E Woodlands Rise, #01-01",Singapore,,SG,1.4468632,103.8055899,https://corporate.shengsiong.com.sg/stores/woodlands-rise-blk-785e/,+65 6259 0316,google_maps_vendor_export,2026-08,crawler_exact
ChIJ14X4KGwX2jERE6qkZNS2JlY,CN->SG,Retail,FairPrice Finest The Woodleigh Mall,Supermarket,"11 Bidadari Park Drive, Mall, B1-32/33 The Woodleigh",Singapore,,SG,1.3384655,103.8716089,https://www.fairprice.com.sg/,+65 6228 4140,google_maps_vendor_export,2026-08,crawler_exact
ChIJ1VWOUQ492jERT6ShQTPTOZc,CN->SG,Retail,Sheng Siong Supermarket,Supermarket,"506 Tampines Central 1, #01/02-361",Singapore,,SG,1.356115,103.945942,https://corporate.shengsiong.com.sg/stores/tampines-central-blk-506/,+65 6636 1713,google_maps_vendor_export,2026-08,crawler_exact
ChIJ1ZD3MgAP2jERQvGVLFKfqVQ,CN->SG,Retail,Octobox,Convenience store,"50 Nanyang Ave, Nanyang Technological University, 50 Nanyang Ave, Block N3.1 North Spine",Singapore,,SG,1.347641,103.6806205,undefined,,google_maps_vendor_export,2026-08,crawler_exact
ChIJ2QcVw3UZ2jEREjm88AVOKQ4,CN->SG,Retail,Sheng Siong Supermarket,Supermarket,"52 Chin Swee Rd, #01-25",Singapore,,SG,1.286971,103.8417616,http://www.shengsiong.com.sg/,+65 6535 0401,google_maps_vendor_export,2026-08,crawler_exact
ChIJ2TQikGwZ2jERHGPeD2UcWHE,CN->SG,Retail,FairPrice Tanjong Pagar Plaza,Supermarket,"1 Tanjong Pagar Plz, #01-01",Singapore,,SG,1.2758753,103.8430795,https://www.fairprice.com.sg/,+65 6224 5703,google_maps_vendor_export,2026-08,crawler_exact
ChIJ2Ulmp4sX2jERNAywLFoljmI,CN->SG,Retail,Sheng Siong Supermarket,Supermarket,"18B Circuit Rd, #01-260",Singapore,,SG,1.3291829,103.8882572,http://www.shengsiong.com.sg/,+65 6747 2610,google_maps_vendor_export,2026-08,crawler_exact
ChIJ2W1-PnwV2jEReBwbgDPcUpg,CN->SG,Retail,Prime Supermarket,Supermarket,"322 Sumang Walk, #01-07",BayView,,SG,1.4109454,103.8973937,https://www.primesupermarket.com/outlets/,+65 6246 7018,google_maps_vendor_export,2026-08,crawler_exact
ChIJ2Zxh8XIY2jERm5xQHVxhv60,CN->SG,Retail,CS Fresh i12 Katong,Supermarket,112 East Coast Road B1-01 to 05,Singapore,,SG,1.3048955,103.9052146,https://coldstorage.com.sg/?utm_source=googlemybusiness&utm_campaign=i12katongcsfresh,,google_maps_vendor_export,2026-08,crawler_exact
ChIJ2wWIz58i2jERxCC-2zM6RDc,CN->SG,Retail,Giant Express,Supermarket,"56 Marine Ter, #01-259/261",Singapore,,SG,1.3054466,103.9153644,https://giant.sg/store/marine-terrace-56,+65 6891 8100,google_maps_vendor_export,2026-08,crawler_exact
ChIJ3RvU2Ms92jERn8m4VpW10oY,CN->SG,Retail,Sheng Siong Supermarket,Supermarket,"872C Tampines Street 86, #02-01",Singapore,,SG,1.35534,103.9316454,https://corporate.shengsiong.com.sg/,+65 6514 9138,google_maps_vendor_export,2026-08,crawler_exact
ChIJ3_zCA-E92jERMg-ZGMoqa14,CN->SG,Retail,Ang Mo Supermarket,Grocery store,"622A Tampines Ave 12, #01-10",GreenVerge,,SG,1.3610328,103.9402046,undefined,,google_maps_vendor_export,2026-08,crawler_exact
ChIJ3aWJqDsR2jERqLVEI3MuG9I,CN->SG,Retail,Sheng Siong Supermarket,Supermarket,"467 Bukit Batok West Ave 9, #01-01",Singapore,,SG,1.3574047,103.7433269,https://corporate.shengsiong.com.sg/stores/bukit-batok-west-ave-9-blk-467/,+65 6513 0193,google_maps_vendor_export,2026-08,crawler_exact
ChIJ3d-qTdoW2jERjR5RsN5MalY,CN->SG,Retail,Ang Mo Supermarket,Supermarket,260 Ang Mo Kio Street 21,,,SG,1.369042,103.8347188,undefined,+65 6266 4336,google_maps_vendor_export,2026-08,crawler_exact
ChIJ4UUIyR05nycRcMOPUohvvrk,CN->SG,Retail,2B Supermarket,Supermarket,10 Siglap Link,Singapore,,SG,1.3079689,103.928646,https://www.twobimpex.com.sg/,+65 9008 5469,google_maps_vendor_export,2026-08,crawler_exact
ChIJ5-yYEcsi2jERkzNohBuXwi8,CN->SG,Retail,FairPrice New Upper Changi Rd,Supermarket,"57 New Upper Changi Rd, #01-1334/1336/1338 Bedok Ixora",Singapore,,SG,1.3246666,103.9414375,https://www.fairprice.com.sg/,+65 6241 8927,google_maps_vendor_export,2026-08,crawler_exact
ChIJ502VRHwZ2jERn80qua87iWE,CN->SG,Retail,Giant Express - Jalan Membina,Supermarket,"26 Jln Membina, #01-07/08/09 Membina Court",Singapore,,SG,1.2827291,103.8257931,https://giant.sg/store/jalan-membina-26,+65 6891 8100,google_maps_vendor_export,2026-08,crawler_exact
ChIJ5WxqOhs92jERtMqy7oPoDdQ,CN->SG,Retail,One Supermarket,Supermarket,201B Tampines St. 21,Singapore,,SG,1.353375,103.9530772,undefined,,google_maps_vendor_export,2026-08,crawler_exact
ChIJ7eycVVEX2jERh6RO7RYJc58,CN->SG,Retail,ACE Marketplace,Grocery store,"151 Serangoon North Ave. 2, #01-27 Serangoon North Village",Singapore,,SG,1.3689687,103.8740602,undefined,+65 6270 2188,google_maps_vendor_export,2026-08,crawler_exact
ChIJ84Jc86w92jER_qsWlRQZx6g,CN->SG,Retail,Giant,Supermarket,"440 Pasir Ris Drive 4, #01-01",Singapore,,SG,1.3687428,103.9586745,https://giant.sg/store/pasir-ris-440,+65 6891 8100,google_maps_vendor_export,2026-08,crawler_exact
ChIJ84XXKE892jER1sFk5YAawBg,CN->SG,Retail,Giant Express,Supermarket,"509 Bedok North Street 3, #01-121",Singapore,,SG,1.3338691,103.9308501,https://giant.sg/store/bedok-north-509,+65 6449 8762,google_maps_vendor_export,2026-08,crawler_exact
ChIJ8aSMC60i2jERLtNlU4lxnO8,CN->SG,Retail,NTUC FairPrice,Supermarket,"29B Chai Chee Ave, #01-62 Ansar Garden",Singapore,,SG,1.3243079,103.9237795,https://www.fairprice.com.sg/,+65 6443 2578,google_maps_vendor_export,2026-08,crawler_exact
ChIJ9_7w3iQZ2jER7mtoL9cUKdU,CN->SG,Retail,FairPrice Xtra VivoCity,Supermarket,"1 HarbourFront Walk, #01-23 & #B2-23, 1 HarbourFront Walk, #B2-23 VivoCity",Singapore,,SG,1.2642274,103.8229442,https://www.fairprice.com.sg/,+65 6261 0803,google_maps_vendor_export,2026-08,crawler_exact
ChIJA-ZBOAwW2jERTLUMv9haG-E,CN->SG,Retail,Prime Supermarket,Supermarket,"263 Compassvale St, #01-01",Singapore,,SG,1.3952669,103.8959572,http://www.primesupermarket.com/,+65 6881 6142,google_maps_vendor_export,2026-08,crawler_exact
ChIJAclFRFQ82jERhO7Vj2spfr0,CN->SG,Retail,Sheng Siong Supermarket,Supermarket,"258 Pasir Ris Street 21, #02-10",Singapore,,SG,1.367217,103.9651818,https://corporate.shengsiong.com.sg/,+65 6386 3258,google_maps_vendor_export,2026-08,crawler_exact
ChIJAxy-azYQ2jERaHfp-09JBoY,CN->SG,Retail,Prime Supermarket,Supermarket,"373 Bukit Batok Street 31, #01-248",Singapore,,SG,1.359016,103.7504996,http://www.primesupermarket.com/,+65 6567 3521,google_maps_vendor_export,2026-08,crawler_exact
ChIJAz309bET2jERjtPg35MXQxA,CN->SG,Retail,FairPrice Finest The Woodgrove,Supermarket,"30 Woodlands Ave 1, #01-11 The Woodgrove",Singapore,,SG,1.42895,103.781124,https://www.fairprice.com.sg/,+65 6893 1203,google_maps_vendor_export,2026-08,crawler_exact
ChIJBQL7wAoP2jERx3d8MFX0-os,CN->SG,Retail,Prime Supermarket - NTU North Spine,Supermarket,"50 Nanyang Ave, #01-26/27/28 North Spine",Singapore,,SG,1.346709,103.6806331,http://www.primesupermarket.com/,+65 6694 2021,google_maps_vendor_export,2026-08,crawler_exact
ChIJCVWJpaQi2jERw9mrwsyICjg,CN->SG,Retail,FairPrice Siglap New Market,Supermarket,"934 E Coast Rd, New Market",Singapore,,SG,1.3124099,103.9252111,https://www.fairprice.com.sg/,+65 6448 4285,google_maps_vendor_export,2026-08,crawler_exact
ChIJDbm1IFMS2jERU6smv4NKIkY,CN->SG,Retail,FairPrice Marsiling MRT Station,Supermarket,"71 Woodlands Ave 3, #01-01 Marsiling MRT Station",Singapore,,SG,1.4325257,103.7743636,https://www.fairprice.com.sg/,+65 6363 1861,google_maps_vendor_export,2026-08,crawler_exact
ChIJEZPa3ckZ2jERfK1TlSGo_Ts,CN->SG,Retail,Prime Supermarket,Supermarket,"803 King George's Ave, #01-154",Singapore,,SG,1.3080621,103.8606415,https://www.primesupermarket.com/outlets/,+65 6299 6714,google_maps_vendor_export,2026-08,crawler_exact
ChIJF-ddtVIS2jERcC3gBIn-uA8,CN->SG,Retail,Sheng Siong Supermarket,Supermarket,"301 Woodlands Street 31, #01-217",Singapore,,SG,1.4314699,103.7737778,https://corporate.shengsiong.com.sg/stores/woodlands-st-31-blk-301/,+65 6362 3061,google_maps_vendor_export,2026-08,crawler_exact
ChIJF9WwooMa2jERojSmCo5p7XQ,CN->SG,Retail,Cold Storage,Supermarket,"41 Sunset Wy, #01-01A Clementi Arcade",Singapore,,SG,1.3236329,103.7674751,https://coldstorage.com.sg/,+65 6891 8100,google_maps_vendor_export,2026-08,crawler_exact
ChIJFS_GYhIY2jERaLhL-4yv_vg,CN->SG,Retail,FairPrice Joo Chiat Complex,Supermarket,"2 Joo Chiat Road, #01-1139 & #02-1139, Joo Chiat Complex",Singapore,,SG,1.3154898,103.8985107,https://www.fairprice.com.sg/,+65 6745 6977,google_maps_vendor_export,2026-08,crawler_exact
ChIJGXPO2GYT2jERq0m5nuLy8UM,CN->SG,Retail,Fortune Supermarket,Supermarket,"463 Sembawang Dr, #01-02 Sembawang RiverLodge",Singapore,,SG,1.4556143,103.8146789,undefined,+65 6362 1772,google_maps_vendor_export,2026-08,crawler_exact
ChIJG_JDXXwR2jERpkD5Gvs69tU,CN->SG,Retail,Sheng Siong,Supermarket,"440 Bukit Batok West Ave. 8, #01-10",Singapore,,SG,1.3556661,103.7392906,http://www.shengsiong.com.sg/,+65 6251 3324,google_maps_vendor_export,2026-08,crawler_exact
ChIJHR6ed3892jERM9X9jZyW5EA,CN->SG,Retail,Scarlett Supermarket @ Century Square 思家客淡滨尼店,Chinese supermarket,"Tampines Central 5, 2号#03-10",Singapore,,SG,1.3523888,103.9438567,https://www.scarlettsupermarket.com.sg/,,google_maps_vendor_export,2026-08,crawler_exact
ChIJHygElBE92jERj7OeMeUomuA,CN->SG,Retail,FairPrice Tampines Mall,Supermarket,"4 Tampines Central 5, #B1 - 12",Singapore,,SG,1.3523484,103.944448,https://www.fairprice.com.sg/,+65 6786 1953,google_maps_vendor_export,2026-08,crawler_exact
ChIJI7lMoVkW2jERW5QHvDCXZQw,CN->SG,Retail,Sheng Siong Supermarket,Supermarket,19 Serangoon North Ave 5,Singapore,,SG,1.375548,103.871883,https://corporate.shengsiong.com.sg/stores/serangoon-north-blk-19/,+65 6481 1218,google_maps_vendor_export,2026-08,crawler_exact
ChIJIbGU73sU2jERDA_nKBo4-oc,CN->SG,Retail,Sheng Siong Supermarket,Supermarket,"845 Yishun Street 81, #01-186",Singapore,,SG,1.4160596,103.834869,http://www.shengsiong.com.sg/,+65 6755 7383,google_maps_vendor_export,2026-08,crawler_exact
ChIJJ-zNpysV2jERaYnXPue7600,CN->SG,Retail,U Stars Supermarket,Supermarket,"507A Yishun Ave 4, #4",Singapore,,SG,1.4152236,103.839624,https://www.ustarssupermarket.sg/,+65 6291 4002,google_maps_vendor_export,2026-08,crawler_exact
ChIJJ61VBzMY2jERbkfeEDW0nRc,CN->SG,Retail,Sheng Siong Supermarket,Supermarket,"Upper Boon Keng Road Upper 01, 11 Upper Boon Keng Rd, #901 Block 11",Supermarket,,SG,1.3141218,103.8704848,https://corporate.shengsiong.com.sg/stores/boon-keng-road-blk-11-upper-boon-keng-road/,+65 6747 2780,google_maps_vendor_export,2026-08,crawler_exact
ChIJJTKmXAAZ2jERH_XyGM1KmqM,CN->SG,Retail,Scarlett Supermarket,Chinese supermarket,"60 Paya Lebar Rd, B1-01/02/03/04/05 Paya Lebar Square",Singapore,,SG,1.3187036,103.8930873,https://www.scarlettsupermarket.com.sg/,,google_maps_vendor_export,2026-08,crawler_exact
ChIJJcttf4UZ2jERGfoE5xQeY8k,CN->SG,Retail,U STARS SUPERMARKET,Grocery store,43 Lor 25 Geylang,Singapore,,SG,1.3148469,103.8823364,undefined,,google_maps_vendor_export,2026-08,crawler_exact
ChIJJdG2aIUX2jERXdYO5DvHju8,CN->SG,Retail,Prime Supermarket,Supermarket,"1 Upper Aljunied Ln, #01-01 Joo Seng Green",Singapore,,SG,1.3343555,103.878653,https://www.primesupermarket.com/,+65 6284 7681,google_maps_vendor_export,2026-08,crawler_exact
ChIJJejSdc0H2jERcYUkcT2h68E,CN->SG,Retail,Akka kadai,Grocery store,Tuas View Square,,,SG,1.2987666,103.6282369,undefined,,google_maps_vendor_export,2026-08,crawler_exact
ChIJJw-iqTgY2jERDj6WjoYM2AQ,CN->SG,Retail,FairPrice Jalan Tiga,Supermarket,"41 Jln Tiga, #01-05 Pine Green",Singapore,,SG,1.3076012,103.8848196,https://www.fairprice.com.sg/,+65 6242 5707,google_maps_vendor_export,2026-08,crawler_exact
ChIJK3ZOu1IQ2jERXBDsZ-sShE4,CN->SG,Retail,CS Fresh HillV2,Supermarket,"4 Hillview Rise, #02 - 07",Singapore,,SG,1.3637528,103.7645293,https://coldstorage.com.sg/?utm_source=googlemybusiness&utm_campaign=hillviewmarketplace,+65 6710 7161,google_maps_vendor_export,2026-08,crawler_exact
ChIJK7fG1KQX2jERfuzRLIXnlTM,CN->SG,Retail,Prime Supermarket,Supermarket,"159A Hougang St 11, #01-01",Singapore,,SG,1.351901,103.879536,https://www.primesupermarket.com/outlets/,+65 6289 3523,google_maps_vendor_export,2026-08,crawler_exact
ChIJKT_1j6UH2jERkLci31GhzzY,CN->SG,Retail,Star Supermart Pte Ltd,Supermarket,"15 Tech Park Cres, #01-02",Singapore,,SG,1.310815,103.632409,undefined,+65 9036 0921,google_maps_vendor_export,2026-08,crawler_exact
ChIJLfRqV6AG2jERjP1FABo-jd0,CN->SG,Retail,Popular Supermarket Pte Ltd,Supermarket,"12 Tuas South Street 13, #01-18/19",Singapore,,SG,1.2699707,103.635003,undefined,+65 9036 0921,google_maps_vendor_export,2026-08,crawler_exact
ChIJM2PUltsX2jERK0R6qABWtgo,CN->SG,Retail,Prime Supermarket,Supermarket,"106 Bidadari Park Dr, #01-06",Singapore,,SG,1.3339382,103.8707593,https://www.primesupermarket.com/outlets/,+65 6970 4288,google_maps_vendor_export,2026-08,crawler_exact
ChIJMTHI4rcZ2jERvOHSVXCjjJY,CN->SG,Retail,Sheng Siong Supermarket @ Jalan Berseh,Supermarket,"1 Jalan Berseh, B1-02 to B1-22 New World Centre",Singapore,,SG,1.3077714,103.8570934,https://corporate.shengsiong.com.sg/stores/jalan-berseh-new-world-centre/,+65 6295 5508,google_maps_vendor_export,2026-08,crawler_exact
ChIJMYZm8oEZ2jERFzqcK7DK5rw,CN->SG,Retail,FairPrice Bukit Ho Swee,Supermarket,"50 Havelock Rd, #01-755 The Beo Crescent",Singapore,,SG,1.2898284,103.8267171,https://www.fairprice.com.sg/,+65 6278 5506,google_maps_vendor_export,2026-08,crawler_exact
ChIJMZS0f_kZ2jER_bAUMhCVOyc,CN->SG,Retail,Cold Storage Alocassia,Supermarket,"383 Bukit Timah Rd, #01-09A Alocassia Apt",Singapore,,SG,1.3195742,103.8271568,https://coldstorage.com.sg/?utm_source=googlemybusiness&utm_campaign=alocassia,+65 6891 8100,google_maps_vendor_export,2026-08,crawler_exact
ChIJNUTrswwW2jERaPHsLwq2RVw,CN->SG,Retail,U Stars Supermarket @ 330,Supermarket,"330 Anchorvale St, #01-01",Singapore,,SG,1.3964981,103.8890625,http://www.ustarssupermarket.sg/,+65 6291 4002,google_maps_vendor_export,2026-08,crawler_exact
ChIJO9s3Udgb2jERJBygjJQgDsA,CN->SG,Retail,Giant Express Telok Blangah,Supermarket,"01-171 Telok Blangah Cres, Block 8",Singapore,,SG,1.2778159,103.8191551,https://giant.sg/store/telok-blangah-8,+65 6276 3022,google_maps_vendor_export,2026-08,crawler_exact
ChIJP2I30Pkb2jERYT5EAFJ1QtQ,CN->SG,Retail,"Little Farms Market, Holland Village (Grocery store)",Gourmet grocery store,2 Lor Mambong,Singapore,,SG,1.3110039,103.7952549,http://www.littlefarms.com/,+65 3165 6189,google_maps_vendor_export,2026-08,crawler_exact
ChIJPaoohUEQ2jERHN__b997Zak,CN->SG,Retail,FairPrice Bukit Batok East,Supermarket,"280 Bukit Batok East Ave 3, #01-315 Gombak Place",Singapore,,SG,1.3477778,103.7572222,https://www.fairprice.com.sg/,+65 6561 0042,google_maps_vendor_export,2026-08,crawler_exact
ChIJPevMtzMP2jERtAMYoTk2QM4,CN->SG,Retail,DON DON DONKI @ Jurong Point,Japanese grocery store,"1 Jurong West Central 2, #B1-09",Singapore,,SG,1.3395649,103.7070278,https://www.dondondonki.com/sg/,+65 6258 6311,google_maps_vendor_export,2026-08,crawler_exact
ChIJQ-phSKMT2jERS9sYVgPP-gk,CN->SG,Retail,Giant Supermarket - Vista Point,Supermarket,"548 Woodlands Drive 44, #01-37",Singapore,,SG,1.4310724,103.7942279,https://giant.sg/store/vista-point,+65 6891 8100,google_maps_vendor_export,2026-08,crawler_exact
ChIJQVzt58QP2jERTfjYXffX_iQ,CN->SG,Retail,Sheng Siong Supermarket,Supermarket,"Blk 544 Jurong West Street 42, #01-97/99",Singapore,,SG,1.3523331,103.7158932,http://www.shengsiong.com.sg/,+65 6562 2820,google_maps_vendor_export,2026-08,crawler_exact
ChIJQfIUTlo92jER7J4LNZtEFWA,CN->SG,Retail,FairPrice Bedok Reservoir,Supermarket,"745 Bedok Reservoir Rd, #01-3015 Reservoir Village",Singapore,,SG,1.3372954,103.9217041,https://www.fairprice.com.sg/,+65 6445 1072,google_maps_vendor_export,2026-08,crawler_exact
ChIJRSXbuswb2jERniZFPvq_zFg,CN->SG,Retail,Cold Storage Anchorpoint,Supermarket,"370 Alexandra Road B1-03 to 10, 370 Alexandra Rd, #B1-03 to 07",Singapore,,SG,1.2885299,103.8049479,https://coldstorage.com.sg/?utm_source=googlemybusiness&utm_campaign=anchorpoint,+65 6761 0497,google_maps_vendor_export,2026-08,crawler_exact
ChIJSc8egUIR2jERodwQZbKrOew,CN->SG,Retail,Sheng Siong Supermarket,Supermarket,"451 Bukit Batok West Ave 6, #01-10",Singapore,,SG,1.3530678,103.7440451,https://corporate.shengsiong.com.sg/stores/bukit-batok-west-ave-6-blk-451/,+65 6254 2505,google_maps_vendor_export,2026-08,crawler_exact
ChIJSfoJ4W8W2jERfT3Zh6PA9Mg,CN->SG,Retail,Sheng Siong Supermarket,Supermarket,"417 Fernvale Link, #01-11 Fernvale Riverwalk",Singapore,,SG,1.3917026,103.8801715,https://corporate.shengsiong.com.sg/stores/fernvale-link-blk-417/,+65 6312 9093,google_maps_vendor_export,2026-08,crawler_exact
ChIJT7Abab8R2jERgZYAd7wZGRw,CN->SG,Retail,FairPrice Jalan Teck Whye,Supermarket,"140 Teck Whye Ln, #01-351",Singapore,,SG,1.3800633,103.7531633,https://www.fairprice.com.sg/,+65 6765 7211,google_maps_vendor_export,2026-08,crawler_exact
ChIJT8tGlrMZ2jERayt-D2HOn_g,CN->SG,Retail,Thai Supermarket @ Aperia Mall,Supermarket,"12 Kallang Ave, #01-20 Aperia Mall",Singapore,,SG,1.3096539,103.8642831,https://shopee.sg/thaisupermarketsg,+65 8138 3715,google_maps_vendor_export,2026-08,crawler_exact
ChIJT9dKN_IZ2jER_JvlIhM97rk,CN->SG,Retail,MEIDI-YA Supermarket Great World,Supermarket,"#B2-111 to #B2-121, 1 Kim Seng Rd",Singapore,,SG,1.2931964,103.8322629,http://www.meidi-ya.com.sg/en/default.asp,+65 6771 1111,google_maps_vendor_export,2026-08,crawler_exact
ChIJTX8Iit4P2jERD6kbBNea58g,CN->SG,Retail,FairPrice Supermarket,Supermarket,"498 Jurong West Street 41, #01-434/436/438",Singapore,,SG,1.3486892,103.7241675,https://www.fairprice.com.sg/,+65 6380 5858,google_maps_vendor_export,2026-08,crawler_exact
ChIJTXT5XbwR2jERL48e-UWy7rQ,CN->SG,Retail,Sheng Siong Supermarket,Supermarket,"1 Woodlands Rd, #01-07 Junction 10",Singapore,,SG,1.3807529,103.7597555,https://corporate.shengsiong.com.sg/,+65 6219 3106,google_maps_vendor_export,2026-08,crawler_exact
ChIJTyzXyCoZ2jERayrg1xKChyA,CN->SG,Retail,Scarlett Supermarket @ Geylang 思家客芽笼店,Chinese supermarket,317 Geylang Rd,Singapore,,SG,1.3126833,103.8791656,https://www.scarlettsupermarket.com.sg/,,google_maps_vendor_export,2026-08,crawler_exact
ChIJUXhrN6MR2jER7xtwryUocpY,CN->SG,Retail,FairPrice Finest,Supermarket,"1 Jelebu Rd, #01-15 & #02-20 Bukit Panjang Plaza",Singapore,,SG,1.3800079,103.7642894,https://www.fairprice.com.sg/,+65 6762 8876,google_maps_vendor_export,2026-08,crawler_exact
ChIJUZqPvv892jERQK0k92dHeo0,CN->SG,Retail,Ang Mo Supermarket,Supermarket,"639 Punggol Dr., #01-01 The Meadows",Singapore,,SG,1.3994704,103.9160791,undefined,+65 6886 1836,google_maps_vendor_export,2026-08,crawler_exact
ChIJUfjIWGga2jERRf0pCDHHK3E,CN->SG,Retail,Giant Express Ghim Moh Rd,Supermarket,"21 Ghim Moh Rd, #01-177",Centre,,SG,1.3101845,103.7880986,https://giant.sg/store/ghim-moh-21,+65 6891 8100,google_maps_vendor_export,2026-08,crawler_exact
ChIJVYEAaEca2jERpxajHtlWFRE,CN->SG,Retail,Sheng Siong Supermarket,Supermarket,"88 Tanglin Halt Rd, #01-10 Commonwealth View",Singapore,,SG,1.3014357,103.7983856,http://www.shengsiong.com.sg/pages/Store-Locator.html,+65 6534 8009,google_maps_vendor_export,2026-08,crawler_exact
ChIJVYq7b7Mi2jER384kemjPuyI,CN->SG,Retail,Sheng Siong Supermarket,Supermarket,"209 New Upper Changi Road 01 #631, #02-631",Singapore,,SG,1.3246791,103.931066,https://corporate.shengsiong.com.sg/stores/bedok-central-blk-209-new-upper-changi-road/,+65 6242 2824,google_maps_vendor_export,2026-08,crawler_exact
ChIJVaxrUIoZ2jER2XUwyAC7Svw,CN->SG,Retail,CS Fresh Gold,Supermarket,"163 Tanglin Rd, #B1-101",Singapore,,SG,1.3050717,103.8239546,https://coldstorage.com.sg/,+65 6891 8100,google_maps_vendor_export,2026-08,crawler_exact
ChIJVzLtujYR2jERg0JHAlvIqXw,CN->SG,Retail,Sheng Siong Supermarket,Supermarket,"292 Bukit Batok East Ave 6, #01-02",Singapore,,SG,1.344408,103.7549935,http://www.shengsiong.com.sg/,+65 6252 3924,google_maps_vendor_export,2026-08,crawler_exact
ChIJY8m93RIW2jERzp_MpU1xStM,CN->SG,Retail,U Supermarket,Supermarket,"215C Compassvale Dr, #01 01",Singapore,,SG,1.3899182,103.8929263,http://www.ustarssupermarket.sg/,+65 6291 4002,google_maps_vendor_export,2026-08,crawler_exact
ChIJYWfo21E92jER0gDo5eXYpA0,CN->SG,Retail,Sheng Siong Supermarket,Supermarket,"539A Bedok North Street 3, #01-477",Singapore,,SG,1.3322877,103.9255866,http://www.shengsiong.com.sg/,+65 6242 1442,google_maps_vendor_export,2026-08,crawler_exact
ChIJYXyfrD0Y2jERvyjh2qymC7E,CN->SG,Retail,FairPrice Geylang Lorong 38,Supermarket,"612/620, 612/620 Geylang Rd",Singapore,,SG,1.3142421,103.8886885,https://www.fairprice.com.sg/,+65 6841 6016,google_maps_vendor_export,2026-08,crawler_exact
ChIJZ-o8J58Q2jERTcCpQQpptu8,CN->SG,Retail,CS Fresh,Supermarket,"1 Fifth Ave., #01-05 Guthrie House",Singapore,,SG,1.3307531,103.7956124,https://coldstorage.com.sg/,+65 6463 3411,google_maps_vendor_export,2026-08,crawler_exact
ChIJZ4UHIGoa2jER3WcV7kOWmKY,CN->SG,Retail,FairPrice Buona Vista CC,Supermarket,"36 Holland Drive, #01-03/04/05, Buona Vista Community Club",Singapore,,SG,1.3090882,103.7927932,https://www.fairprice.com.sg/,+65 6773 6387,google_maps_vendor_export,2026-08,crawler_exact
ChIJZxhtw-0R2jERG0NQyn6zY_E,CN->SG,Retail,Giant Supermarket,Supermarket,"127 Plantation Cres, B1-06 Plantation Plaza",Singapore,,SG,1.3576377,103.734142,https://giant.sg/store/tengah-plantation-plaza,+65 6891 8100,google_maps_vendor_export,2026-08,crawler_exact
ChIJ__-vgnUT2jERfGu1arvQHuU,CN->SG,Retail,Prime Supermarket,Supermarket,"25A Chai Chee Rd, #01-459",Singapore,,SG,1.3232446,103.9240448,http://www.primesupermarket.com/,+65 6443 1827,google_maps_vendor_export,2026-08,crawler_exact
ChIJa50oABgZ2jERveJHp_gMOnQ,CN->SG,Retail,Sheng Siong Supermarket,Supermarket,"91 Jln. Satu, #01-10",Singapore,,SG,1.3093863,103.8885135,https://corporate.shengsiong.com.sg/stores/jalan-satu-blk-91/,+65 6513 4737,google_maps_vendor_export,2026-08,crawler_exact
ChIJa95cA5MP2jERwZ8IsdDiiA0,CN->SG,Retail,Scarlett Supermarket Jurong Point,Chinese supermarket,"1 Jurong West Central 2, B1-47/48",Singapore,,SG,1.3389402,103.7051311,https://www.scarlettsupermarket.com.sg/,,google_maps_vendor_export,2026-08,crawler_exact
ChIJaX2Gfm0T2jER5y-jLNFVXGw,CN->SG,Retail,Fortune Supermarket,Supermarket,780 Woodlands Cres,Singapore,,SG,1.4484251,103.8008521,https://m.facebook.com/fortunesupermarket,,google_maps_vendor_export,2026-08,crawler_exact
ChIJaXaqRyQH2jERsidCj1nXpT4,CN->SG,Retail,BS Supermarket,Indian grocery store,32 Tuas View Square,Singapore,,SG,1.2987879,103.6280837,undefined,+65 9239 3995,google_maps_vendor_export,2026-08,crawler_exact
ChIJc1tfUJYR2jERsNqQ4sFo5dU,CN->SG,Retail,FairPrice Senja Grand,Supermarket,"628 Senja Rd, #01-01 Senja Grand",Singapore,,SG,1.3850533,103.7603815,https://www.fairprice.com.sg/,+65 6763 1076,google_maps_vendor_export,2026-08,crawler_exact
ChIJc777GbIX2jERP7cqMBsaxi0,CN->SG,Retail,Scarlett Supermarket,Grocery store,"601 MacPherson Rd, #02-02 Grantral Mall @MacPherson",Singapore,,SG,1.3335819,103.888085,https://www.scarlettsupermarket.com.sg/,,google_maps_vendor_export,2026-08,crawler_exact
ChIJc7IqA_sP2jERCSZRunFNMoY,CN->SG,Retail,FairPrice Taman Jurong Shopping Centre,Supermarket,"399 Yung Sheng Rd, #01-35",Singapore,,SG,1.3346617,103.7200783,https://www.fairprice.com.sg/,+65 6266 4822,google_maps_vendor_export,2026-08,crawler_exact
ChIJcc0cRVQ82jERFJjCylFGe_E,CN->SG,Retail,Giant - Loyang Pt,Supermarket,259 Pasir Ris Street 21 #01-27 Loyang Point,Singapore,,SG,1.3663879,103.9644743,https://giant.sg/store/loyang-point,+65 6891 8100,google_maps_vendor_export,2026-08,crawler_exact
ChIJcxUE46c92jERhaFTIj2CI78,CN->SG,Retail,FairPrice Finest Changi Airport T3,Supermarket,"65 Airport Blvd., Terminal 3 Singapore Changi Airport, Terminal 3",Singapore,,SG,1.3556316,103.9869288,https://www.fairprice.com.sg/,+65 6242 6653,google_maps_vendor_export,2026-08,crawler_exact
ChIJd1RZyQQ92jERMSG7-R8QqPw,CN->SG,Retail,Prime Supermarket,Supermarket,"610 Tampines North Drive 1, #01-11, Tampines GreenWeave",Singapore,,SG,1.3647774,103.9371959,https://www.primesupermarket.com/outlets/,+65 6592 2820,google_maps_vendor_export,2026-08,crawler_exact
ChIJdY3lt4wZ2jERUJdXzjIUMwc,CN->SG,Retail,Cold Storage,Supermarket,"442, Orchard Road, B1 - 01 to 11 Orchard Hotel",Singapore,,SG,1.3074242,103.8288303,https://coldstorage.com.sg/,+65 6268 8561,google_maps_vendor_export,2026-08,crawler_exact
ChIJdcEXXnI92jER8C4T4FJU2qs,CN->SG,Retail,FairPrice Tampines Central CC,Supermarket,"Blk 866A Tampines Street 83, Tampines Central 1, #01-01 Community Complex",Singapore,,SG,1.3552288,103.9346613,https://www.fairprice.com.sg/,+65 6785 2162,google_maps_vendor_export,2026-08,crawler_exact
ChIJdxS7gPEa2jERd53GKJ48Dr4,CN->SG,Retail,Cold Storage,Supermarket,"154 W Coast Rd, #B1-19",Singapore,,SG,1.3038808,103.7662488,https://coldstorage.com.sg/,+65 6891 8100,google_maps_vendor_export,2026-08,crawler_exact
ChIJe-ZwN_wF2jER0KBwGkVwwHk,CN->SG,Retail,Cdpl Tuas South Minimart,Grocery store,"6, #01-102 Tuas South Street 15",Singapore,,SG,1.2726549,103.6369395,undefined,+65 6264 5065,google_maps_vendor_export,2026-08,crawler_exact
ChIJeUc5O7EX2jERFrzkwlzbkCE,CN->SG,Retail,FairPrice Finest Blk 202 Hougang St 21,Grocery store,"202 Hougang St 21, #01-00",Singapore,,SG,1.3577279,103.8840853,https://www.fairprice.com.sg/,+65 6287 0702,google_maps_vendor_export,2026-08,crawler_exact
ChIJedK5PUYT2jERAnGwSFWfmpM,CN->SG,Retail,Prime Supermarket,Supermarket,"365 Sembawang Crescent, #01-01, Sun Breeze",Singapore,,SG,1.4446627,103.815949,http://www.primesupermarket.com/,+65 6261 5484,google_maps_vendor_export,2026-08,crawler_exact
ChIJf0MqSi0T2jER_Hd-6cE8tV8,CN->SG,Retail,Ang Mo Supermarket (Woodlands Ave 6),Supermarket,693 Woodlands Ave 6,,,SG,1.4382999,103.8035285,undefined,+65 6760 0773,google_maps_vendor_export,2026-08,crawler_exact
ChIJf_ZwEGs92jER2UzN0TgMhHY,CN->SG,Retail,Prime Supermarket,Supermarket,"823 Tampines Street 81, #01-160",Singapore,,SG,1.3489326,103.9340708,http://www.primesupermarket.com/,+65 6785 4790,google_maps_vendor_export,2026-08,crawler_exact
ChIJfaJxlqU92jER_iDuf9fDzkA,CN->SG,Retail,Sheng Siong Supermarket,Supermarket,"527D Pasir Ris Street 51, #01-01 Costa Ris",Singapore,,SG,1.3695847,103.9479356,http://www.shengsiong.com.sg/,+65 6585 4797,google_maps_vendor_export,2026-08,crawler_exact
ChIJfybIpT0Q2jER6RorLl-26FU,CN->SG,Retail,Sheng Siong Supermarket,Supermarket,"154A Bukit Batok West Ave. 8, #01-01 Stall #1",Singapore,,SG,1.3474063,103.7436727,http://www.shengsiong.com.sg/,+65 6899 0013,google_maps_vendor_export,2026-08,crawler_exact
ChIJg27o3Q492jERFc2innzfKu0,CN->SG,Retail,FairPrice Finest (Jewel Changi Airport),Supermarket,"78 Airport Blvd., Jewel #B2-205, 206 Singapore Changi Airport",Singapore,,SG,1.3603912,103.989642,https://www.fairprice.com.sg/store-locator?latitude=1.3603912&longitude=103.989642,+65 6380 5858,google_maps_vendor_export,2026-08,crawler_exact
ChIJg7--XWsZ2jERFMp9MlsDiOY,CN->SG,Retail,FairPrice Finest,Supermarket,"100 Tras St, #B1-01",Singapore,,SG,1.2746159,103.8434073,https://www.fairprice.com.sg/,+65 6604 7457,google_maps_vendor_export,2026-08,crawler_exact
ChIJg9nMZhI92jERS58JBkif8g8,CN->SG,Retail,FairPrice Our Tampines Hub,Supermarket,"1 Tampines Walk, #B1-01 Our Tampines Hub",Singapore,,SG,1.3536721,103.940946,https://www.fairprice.com.sg/,+65 6386 6751,google_maps_vendor_export,2026-08,crawler_exact
ChIJgRt__K892jERLK-wMiITUc4,CN->SG,Retail,FairPrice White Sands,Supermarket,"1 Pasir Ris Central St 3, #B1 - 10 White Sands",Singapore,,SG,1.3725642,103.9494771,https://www.fairprice.com.sg/,+65 6585 0536,google_maps_vendor_export,2026-08,crawler_exact
ChIJgWQB27M92jERb7jMXRnaWdE,CN->SG,Retail,FairPrice Downtown East,Supermarket,"1 Pasir Ris Cl, #02-127",Singapore,,SG,1.3759318,103.9554591,https://www.fairprice.com.sg/,+65 6581 5176,google_maps_vendor_export,2026-08,crawler_exact
ChIJgX-VV-EV2jERqNsQc1Dp8H4,CN->SG,Retail,U Stars Supermarket,Supermarket,"261 Punggol Way, #01-02 Punggol Topaz",Singapore,,SG,1.4054107,103.8969094,http://www.ustarssupermarket.sg/,+65 6291 4002,google_maps_vendor_export,2026-08,crawler_exact
ChIJgZaMD7gX2jERLYP4mN8b0lY,CN->SG,Retail,Prime Supermarket,Supermarket,"106 Hougang Ave 1, #01-01",Singapore,,SG,1.3539646,103.8908968,http://primesupermarket.com/,+65 6281 0183,google_maps_vendor_export,2026-08,crawler_exact
ChIJgyzxhIwa2jER7b7r_1rt5s0,CN->SG,Retail,Sheng Siong Supermarket,Supermarket,"420A Clementi Ave 1, #01-01",Singapore,,SG,1.3099817,103.7686266,https://corporate.shengsiong.com.sg/stores/clementi-ave-1-blk-420a/,+65 6268 9512,google_maps_vendor_export,2026-08,crawler_exact
ChIJhYB_Y5kP2jER2c0QSdbUyvA,CN->SG,Retail,Prime Supermarket,Supermarket,"962 Jurong West Street 91, #01-300",Singapore,,SG,1.3417038,103.6912316,http://www.primesupermarket.com/,+65 6791 8921,google_maps_vendor_export,2026-08,crawler_exact
ChIJhZRC3Y082jERG0KFHXoTMe8,CN->SG,Retail,FairPrice Finest Terminal 3,Supermarket,"65 Airport Blvd., B16-029, Basement Changi Airport, Changi Airport Terminal 2 Level",Singapore,,SG,1.3566264,103.9863923,https://www.fairprice.com.sg/,+65 6242 6653,google_maps_vendor_export,2026-08,crawler_exact
ChIJhetLvt892jERcApqrWqLIdg,CN->SG,Retail,ACE Signature@LIV-Changi,Grocery store,"933 Upper Changi Rd N, #01-01 to #01-08",Singapore,,SG,1.3586073,103.9695464,http://acesignature.sg/,,google_maps_vendor_export,2026-08,crawler_exact
ChIJiYYOhEEU2jERYpnzIwZXcWU,CN->SG,Retail,Giant Supermarket,Supermarket,"418 Yishun Ave 11, #01 433",Singapore,,SG,1.4252164,103.8474053,https://giant.sg/store/yishun-418,+65 6758 9037,google_maps_vendor_export,2026-08,crawler_exact
ChIJiZI9ky0a2jERkfpCgUqARNE,CN->SG,Retail,NTUC FairPrice,Supermarket,"57 Dawson Rd, #01-07 Dawson Place",Singapore,,SG,1.2927082,103.8110301,https://www.fairprice.com.sg/,+65 6476 4471,google_maps_vendor_export,2026-08,crawler_exact
ChIJiZK1LHMT2jER_eGWISBtLZk,CN->SG,Retail,Prime Supermarket,Supermarket,"768 Woodlands Ave 6, #01-02 Woodlands Mart",Singapore,,SG,1.4458405,103.7978924,https://www.primesupermarket.com/,+65 6884 0029,google_maps_vendor_export,2026-08,crawler_exact
ChIJi_Q0SAAR2jERfnOsyaxVed0,CN->SG,Retail,Sheng Siong Supermarket,Supermarket,"240 Tengah Garden Walk, #01-02",Singapore,,SG,1.3603774,103.7324359,https://corporate.shengsiong.com.sg/stores/tengah-garden-walk-garden-vinestengah-blk-240/,+65 6420 2658,google_maps_vendor_export,2026-08,crawler_exact
ChIJj9NVTyI92jERWBB5iR4rnmg,CN->SG,Retail,Sri Murugan Supermarket,Indian grocery store,"3 Simei Street 6, #04-04 Eastpoint Mall",Singapore,,SG,1.3427303,103.9530181,https://www.srimurugantrading.com/,+65 8425 8491,google_maps_vendor_export,2026-08,crawler_exact
ChIJjWEM0X4Z2jER_GFbcVs_brU,CN->SG,Retail,FairPrice Finest Tiong Bahru Plaza,Supermarket,"302 Tiong Bahru Rd, #B1-122",Singapore,,SG,1.2866477,103.8266321,https://www.fairprice.com.sg/,+65 6270 0913,google_maps_vendor_export,2026-08,crawler_exact
ChIJjc3w5NYb2jERb8RCUEfkBuo,CN->SG,Retail,FairPrice Bukit Merah Central,Supermarket,"166 Bukit Merah Central, #01-3531",Singapore,,SG,1.282769,103.8176777,https://www.fairprice.com.sg/,+65 6273 4325,google_maps_vendor_export,2026-08,crawler_exact
ChIJjfDfXwAb2jERsMqlTSv7sD0,CN->SG,Retail,Sheng Siong Supermarket,Supermarket,"Blk 209A Clementi Ave 6, #01-01",Singapore,,SG,1.3223055,103.7635624,https://corporate.shengsiong.com.sg/stores/clementi-ave-6-blk-209a/,+65 6320 3665,google_maps_vendor_export,2026-08,crawler_exact
ChIJkV9LSGoj2jERDHJ2ByTr-UM,CN->SG,Retail,Scarlett Supermarket @ Bedok Central 思家客勿洛店,Chinese supermarket,"210 New Upper Changi Rd, #01-703",Singapore,,SG,1.3245543,103.9319703,https://www.scarlettsupermarket.com.sg/,,google_maps_vendor_export,2026-08,crawler_exact
ChIJk_LGIe0V2jER5yxLQws41Vg,CN->SG,Retail,FairPrice Punggol Oasis,Supermarket,"681 Punggol Dr., #B1-01 Oasis Terraces",Singapore,,SG,1.4026301,103.9129247,https://www.fairprice.com.sg/,+65 6244 4081,google_maps_vendor_export,2026-08,crawler_exact
ChIJl4mMAFs92jERKIHPBGU34EE,CN->SG,Retail,Sheng Siong Supermarket,Supermarket,"739A Bedok Reservoir Rd, #01-01",Singapore,,SG,1.338086,103.9232933,http://www.shengsiong.com.sg/,+65 6447 8669,google_maps_vendor_export,2026-08,crawler_exact
ChIJlVRELyEZ2jERY8xomS8JkuY,CN->SG,Retail,Sheng Siong Supermarket,Supermarket,"118 Aljunied Ave 2, #01-100",Singapore,,SG,1.3199579,103.887166,https://corporate.shengsiong.com.sg/,+65 6741 0373,google_maps_vendor_export,2026-08,crawler_exact
ChIJlYayXjYQ2jERJ7RjBDWVkug,CN->SG,Retail,Giant Supermarket,Supermarket,"376 Bukit Batok Street 31, #01-116",Singapore,,SG,1.3586553,103.7492748,https://giant.sg/store/bukit-batok-376,+65 6891 8100,google_maps_vendor_export,2026-08,crawler_exact
ChIJm03XszAY2jERgzoldDmXeqw,CN->SG,Retail,Sheng Siong Supermarket,Supermarket,"301 Geylang Road, Lor 15 Geylang, #01-02",Singapore,,SG,1.3127734,103.878652,https://corporate.shengsiong.com.sg/,+65 6846 1766,google_maps_vendor_export,2026-08,crawler_exact
ChIJmb2-YY0Z2jERUxx5nU1r6F4,CN->SG,Retail,FairPrice Finest Scotts Square,Supermarket,"6 Scotts Road, #B1-03/04/05/06/07/10, Scotts Square, 6 Scotts Rd, B1 - 03 to 07 & B1 - 10 to 12",Singapore,,SG,1.3060532,103.8330494,https://www.fairprice.com.sg/,+65 6636 0290,google_maps_vendor_export,2026-08,crawler_exact
ChIJn66lIy4a2jERq5Jv2SVXkEE,CN->SG,Retail,Sheng Siong Supermarket,Supermarket,"85 Dawson Rd, #01-01",SkyVille@Dawson,,SG,1.2954625,103.8100288,http://www.shengsiong.com.sg/,+65 6475 0386,google_maps_vendor_export,2026-08,crawler_exact
ChIJn8YtMl0W2jERdScFrkWE5U0,CN->SG,Retail,Giant Supermarket - Buangkok Crescent,Supermarket,"982 Buangkok Cres, #01-01",Singapore,,SG,1.3807848,103.8792652,https://giant.sg/store/buangkok-crescent,+65 6881 4165,google_maps_vendor_export,2026-08,crawler_exact
ChIJnV4ZVGoa2jERtOxCkkl9xvA,CN->SG,Retail,CS Fresh @ Holland Shopping Centre,Supermarket,"211 Holland Ave, #01-02,04,05 Holland Shopping Ctr",Singapore,,SG,1.3101604,103.7954036,https://coldstorage.com.sg/?utm_source=googlemybusiness&utm_campaign=hollandvillage,+65 6891 8100,google_maps_vendor_export,2026-08,crawler_exact
ChIJnY-o2OwP2jERas6kAZFslVE,CN->SG,Retail,Kuriya Japanese Market,Japanese grocery store,"1 Jurong West Central 2, #B1-77 Shopping Centre, Jurong Point",Singapore,,SG,1.3399257,103.7062886,http://www.kuriyajapanesemarket.com.sg/,+65 6791 7553,google_maps_vendor_export,2026-08,crawler_exact
ChIJnyDM7jE92jERSgrwGVlLGWE,CN->SG,Retail,Giant Supermarket - Bedok Market Place,Supermarket,"348 Bedok Rd, #01-01",Singapore,,SG,1.3312966,103.9484324,https://giant.sg/store/bedok-market-place,+65 6891 8100,google_maps_vendor_export,2026-08,crawler_exact
ChIJo8wN5qUa2jERTAxWc0A6fak,CN->SG,Retail,Sheng Siong Supermarket,Supermarket,61 Teban Gardens Rd,Singapore,,SG,1.3222501,103.7383727,http://www.shengsiong.com.sg/,+65 6896 6401,google_maps_vendor_export,2026-08,crawler_exact
ChIJo9sY6-IV2jER16JxVW7stl8,CN->SG,Retail,Li Li Cheng Supermarket,Grocery store,"273C Punggol Pl, #01-884",Singapore,,SG,1.4023496,103.9012804,undefined,+65 6543 6201,google_maps_vendor_export,2026-08,crawler_exact
ChIJoX5M5W492jERqRtgcDDGnCk,CN->SG,Retail,U Stars Supermarket,Grocery store,"878C Tampines Ave 8, #01-65",Singapore,,SG,1.3510671,103.9294202,undefined,,google_maps_vendor_export,2026-08,crawler_exact
ChIJp0JVlEIa2jER9lM6m1VP3S0,CN->SG,Retail,CS Fresh The Star Vista,Supermarket,"1 Vista Exchange Green #B1-02&35/36, The Star Vista",Singapore,,SG,1.3068384,103.7879216,https://coldstorage.com.sg/?utm_source=googlemybusiness&utm_campaign=starvista,+65 6891 8100,google_maps_vendor_export,2026-08,crawler_exact
ChIJp9ZrEIka2jERn5mVRHSOsMo,CN->SG,Retail,FairPrice Clementi Ave,Supermarket,"352 141, 143 Clementi Ave 2, #01 Shopping Centre",Singapore,,SG,1.3144477,103.7711383,https://www.fairprice.com.sg/,+65 6774 3657,google_maps_vendor_export,2026-08,crawler_exact
ChIJq0tW03Q92jER9dhmMp6wcWw,CN->SG,Retail,Sheng Siong Supermarket,Supermarket,"602A Tampines Ave 9, #01-01",Singapore,,SG,1.3612331,103.9375882,https://corporate.shengsiong.com.sg/,+65 6513 8365,google_maps_vendor_export,2026-08,crawler_exact
ChIJq1ymIRMT2jERzTwMeVukiWA,CN->SG,Retail,Sheng Siong Supermarket,Supermarket,"200 Woodlands Industrial Pk E7, #01-30",Singapore,,SG,1.4508933,103.7968967,http://www.shengsiong.com.sg/,+65 6365 6162,google_maps_vendor_export,2026-08,crawler_exact
ChIJq378adsR2jERViTMRBdSnlo,CN->SG,Retail,Giant Supermarket,Supermarket,"475 Choa Chu Kang Avenue 3 01-01/10, Sunshine Place",Singapore,,SG,1.3779481,103.7386749,https://giant.sg/store/choa-chu-kang,+65 6765 3001,google_maps_vendor_export,2026-08,crawler_exact
ChIJq87uVLMi2jERG__vNYu1YhQ,CN->SG,Retail,FairPrice Bedok North A,Supermarket,"Blk 212 Bedok North Street 1, #01-147",Singapore,,SG,1.3259118,103.9315981,https://www.fairprice.com.sg/,+65 6443 8038,google_maps_vendor_export,2026-08,crawler_exact
ChIJqVqJA6YT2jERRFXc02C2gAw,CN->SG,Retail,FairPrice Woodlands Civic Centre,Supermarket,"900 S Woodlands Dr, #B1-01 Woodlands Civic Centre",Singapore,,SG,1.4349053,103.78678,https://www.fairprice.com.sg/,+65 6219 2812,google_maps_vendor_export,2026-08,crawler_exact
ChIJqZHhhGgX2jERYDhYPfIWG4s,CN->SG,Retail,Ang Mo Supermarket,Grocery store,85B Lor 4 Toa Payoh,Singapore,,SG,1.336312,103.8480562,undefined,+65 6255 5655,google_maps_vendor_export,2026-08,crawler_exact
ChIJq_yPw5MZ2jERU4_IsIN0aKk,CN->SG,Retail,Fairprice Xtra,Supermarket,1 HarbourFront Walk,Singapore,,SG,1.2645756,103.8228979,undefined,,google_maps_vendor_export,2026-08,crawler_exact
ChIJrWmr6hkV2jERPhqHEs7MqVw,CN->SG,Retail,Giant Supermarket - Northshore Plaza I,Supermarket,"407 Northshore Drive, #01-01, #1 Northshore Plaza",Singapore,,SG,1.4164711,103.9020912,https://giant.sg/,+65 6702 8019,google_maps_vendor_export,2026-08,crawler_exact
ChIJrzj-Gz8Q2jER-z5m4a4uGBM,CN->SG,Retail,NTUC FairPrice,Supermarket,"10 Bukit Batok Central, #01-08 MRT Station",Singapore,,SG,1.3487356,103.7493448,https://www.fairprice.com.sg/,+65 6569 6260,google_maps_vendor_export,2026-08,crawler_exact
ChIJsRuXFlMF2jERafIFHLChthA,CN->SG,Retail,Archana Supermarket Pte Ltd,Supermarket,"1 Jalan Papan, #01-29/30",Singapore,,SG,1.3220042,103.7269198,undefined,+65 8248 1121,google_maps_vendor_export,2026-08,crawler_exact
ChIJsYxQUPwV2jERyrhmjB7DGRc,CN->SG,Retail,Sheng Siong Supermarket,Supermarket,"Blk 301 Punggol Central, #01-01",Singapore,,SG,1.4037663,103.9062885,https://corporate.shengsiong.com.sg/stores/punggol-central-blk-301/,+65 6484 6582,google_maps_vendor_export,2026-08,crawler_exact
ChIJt3FaVB092jERxX-RI0O4Abg,CN->SG,Retail,Giant Supermarket,Supermarket,"9 Tampines Street 32, #01-30 Tampines Mart",Singapore,,SG,1.3544194,103.96002,https://giant.sg/store/tampines-mart,+65 6891 8100,google_maps_vendor_export,2026-08,crawler_exact
ChIJtV4cjx8Q2jERMTt5rW87q9Y,CN->SG,Retail,FairPrice,Supermarket,"345 Jurong East Street 31, #01-29 Yuhua Place",Singapore,,SG,1.3455564,103.7309456,https://www.fairprice.com.sg/,+65 6565 1513,google_maps_vendor_export,2026-08,crawler_exact
ChIJta18CyQj2jERKFkUvOiLDJQ,CN->SG,Retail,Sheng Siong Supermarket,Supermarket,"151 Bedok S Rd, #01-13 Siglap Community Club",Singapore,,SG,1.3172492,103.9465713,https://shengsiong.com.sg/,+65 6970 6284,google_maps_vendor_export,2026-08,crawler_exact
ChIJtyVFlKMX2jERzI-QksGIDzk,CN->SG,Retail,Sheng Siong Supermarket,Supermarket,"351 Anchorvale Rd, #01-05",Singapore,,SG,1.3931662,103.8871038,http://www.shengsiong.com.sg/pages/Store-Locator.html,+65 6214 3191,google_maps_vendor_export,2026-08,crawler_exact
ChIJu3mTX4MZ2jERLCptOU3zEXQ,CN->SG,Retail,CS Fresh Great World,Supermarket,"1 Kim Seng Promenade, #B1 - 139",Singapore,,SG,1.2942052,103.8319203,https://coldstorage.com.sg/,+65 6735 4730,google_maps_vendor_export,2026-08,crawler_exact
ChIJuSSIDBEZ2jER7Rj7S1OIj1A,CN->SG,Retail,Cold Storage - Marina One,Supermarket,"5 Straits View, #B2-15/16 The Heart, West Tower, 5 Straits View, #B2-15/16 Marina One, Marina One Show Gallery",Singapore,,SG,1.2773408,103.8524995,https://coldstorage.com.sg/?utm_source=google&utm_medium=googlemybusiness&utm_campaign=marina_one,+65 6891 8100,google_maps_vendor_export,2026-08,crawler_exact
ChIJuSYLsDIb2jERdhHc_yYhFwc,CN->SG,Retail,Sheng Siong Supermarket,Supermarket,31A Margaret Dr,Singapore,,SG,1.2985644,103.8038797,https://corporate.shengsiong.com.sg/stores/mg-31a-margaret-drive/,+65 6908 0677,google_maps_vendor_export,2026-08,crawler_exact
ChIJuc9ztnwW2jER_WrP4ME7jfw,CN->SG,Retail,FairPrice Jalan Kayu,Supermarket,"447A Jln Kayu, #01-01/02 Fernvale Lodge",Singapore,,SG,1.3921044,103.8724145,https://www.fairprice.com.sg/,+65 6444 3216,google_maps_vendor_export,2026-08,crawler_exact
ChIJv4lMoQ8X2jERzyrm9dPMbK0,CN->SG,Retail,Prime Supermarket,Supermarket,"991 Buangkok Link, #01-28 Buangkok Square Mall",Singapore,,SG,1.3847718,103.8820372,http://www.primesupermarket.com/,+65 6570 3575,google_maps_vendor_export,2026-08,crawler_exact
ChIJvVsiOBIU2jERTrBUwq7V8dE,CN->SG,Retail,FairPrice Khatib,Supermarket,"849 Yishun Ring Rd, #01-3701/3703 Khatib Central",Singapore,,SG,1.4170914,103.8353494,https://www.fairprice.com.sg/,+65 6755 0955,google_maps_vendor_export,2026-08,crawler_exact
ChIJvasR2lE92jER7qFZqOavL4E,CN->SG,Retail,Sheng Siong Supermarket,Supermarket,01-319 Bedok North Rd,Singapore,,SG,1.3313175,103.936479,http://www.shengsiong.com.sg/pages/Store-Locator.html,+65 6449 9073,google_maps_vendor_export,2026-08,crawler_exact
ChIJwz3yHMEb2jERolztbVQZjiI,CN->SG,Retail,FairPrice PSA Branch,Supermarket,"460 Alexandra Rd, #01 - 09 and #01 - 16",Singapore,,SG,1.2737189,103.8013831,https://www.fairprice.com.sg/,+65 6276 9903,google_maps_vendor_export,2026-08,crawler_exact
ChIJxRq1VgEW2jERxwnLfpI_vvU,CN->SG,Retail,Prime Supermarket,Supermarket,"108 Punggol Fld, #01-02",Singapore,,SG,1.3966546,103.9086654,https://www.primesupermarket.com/outlets/,+65 6315 9074,google_maps_vendor_export,2026-08,crawler_exact
ChIJxUOYG7Mi2jERXAvFIJ8W2pM,CN->SG,Retail,FairPrice Finest Bedok Mall,Supermarket,"311 New Upper Changi Road B2, #60",Singapore,,SG,1.3244384,103.9286889,https://www.fairprice.com.sg/,+65 6844 9846,google_maps_vendor_export,2026-08,crawler_exact
ChIJy64vxOwP2jERGHAwoXFbzZA,CN->SG,Retail,Yue Hwa Chinese Products,Chinese supermarket,"63 Jurong West Central 3, #03 - 05 / 06 / 07",Singapore,,SG,1.339454,103.7057032,https://www.yuehwa.com.sg/,,google_maps_vendor_export,2026-08,crawler_exact
ChIJyV81n4AF2jERnrHVt04CmMU,CN->SG,Retail,FairPrice Joo Koon,Supermarket,1 Joo Koon Cir,Singapore,,SG,1.3272037,103.6786391,https://www.fairprice.com.sg/store-locator?latitude=1.3489837&longitude=103.8497956,+65 6380 5858,google_maps_vendor_export,2026-08,crawler_exact
ChIJy_2CZvcX2jERw0LdDu1lGZk,CN->SG,Retail,Giant Supermarket - Ubi,Supermarket,"306 Ubi Ave 1, #01-185",Singapore,,SG,1.3298685,103.9019344,https://giant.sg/store/kampong-ubi-306,+65 6891 8100,google_maps_vendor_export,2026-08,crawler_exact
ChIJ1R35K4FT5TQRcyLApip8m0E,SG->JP,Beverage,まーさーの店,Izakaya restaurant,70 Aharen,Tokashiki,"Shimajiri District, Okinawa",JP,26.1724137,127.3455877,undefined,+81 80-4618-3196,google_maps_vendor_export,2026-08,crawler_exact
ChIJ9x9VF4it-jQRSZWsZaekQ-w,SG->JP,Beverage,食堂じろべえ(Shokudou Jirobe),Izakaya restaurant,18 Ama,Zamami,"Shimajiri District, Okinawa",JP,26.2274288,127.2951277,http://www.instagram.com/syokudou_jirobe,+81 90-9587-8300,google_maps_vendor_export,2026-08,crawler_exact
ChIJAWBN5IZT5TQRljvAC0P_bBU,SG->JP,Beverage,Sea Friend Seafood Restaurant,Izakaya restaurant,155 Aharen,Tokashiki,"Shimajiri District, Okinawa",JP,26.1706135,127.3470935,http://www.seafriend.jp/,+81 98-987-2836,google_maps_vendor_export,2026-08,crawler_exact
ChIJJ5KlfiSNGGARU-3HkPiyWM4,SG->JP,Beverage,Ufuku,Izakaya restaurant,2 Chome-29-29 Kitaotsuka,Toshima City,Tokyo,JP,35.733392,139.729663,https://tabelog.com/tokyo/A1323/A132302/13226561/,+81 3-3915-5550,google_maps_vendor_export,2026-08,crawler_exact
ChIJK08WusxT5TQRf10CJUmTqJ0,SG->JP,Beverage,Karaoke Izakaya Marine Box,Izakaya restaurant,1779-2 Tokashiki,Tokashiki,"Shimajiri District, Okinawa",JP,26.2012907,127.3677949,undefined,+81 98-987-2570,google_maps_vendor_export,2026-08,crawler_exact
ChIJZ3NBuFeLGGARyHA2c70MusY,SG->JP,Beverage,Irish Pub & Restaurant Fáilte,Irish pub,"Dogenzaka, 1 Chome−5−2 SEDEビル 5F",Shibuya,Tokyo,JP,35.6580491,139.6995089,https://www.eurobeer.net/#failte,+81 3-3476-7776,google_maps_vendor_export,2026-08,crawler_exact
ChIJbQyg6umt-jQRAfe6ChZIePc,SG->JP,Beverage,Aka Island Cafe and Food guu guu,Cafe,53 Aka,Zamami,"Shimajiri District, Okinawa",JP,26.1904611,127.2827217,https://www.instagram.com/yuuki_guuguu2021/,,google_maps_vendor_export,2026-08,crawler_exact
ChIJ04uWMIFT5TQRzL22cLcdqiI,SG->JP,Food,Half 1/2 Time,Restaurant,122 Aharen,Tokashiki,"Shimajiri District, Okinawa",JP,26.1716807,127.3449071,http://www.azhoop.com/,+81 98-987-2021,google_maps_vendor_export,2026-08,crawler_exact
ChIJ0dq0AitT5TQRTZ1X-6lcddU,SG->JP,Food,Sunny Coral,Restaurant,343 Tokashiki,Tokashiki,"Shimajiri District, Okinawa",JP,26.1984127,127.365955,https://www.instagram.com/natureguidesunnycoral?igsh=Nnh0eDMxeDdxb3pi,+81 90-3632-9329,google_maps_vendor_export,2026-08,crawler_exact
ChIJ1eTVWABT5TQRHpecD-naa20,SG->JP,Food,食堂 さち,Japanese restaurant,145-2 Aharen,Tokashiki,"Shimajiri District, Okinawa",JP,26.1715946,127.3453289,https://www.instagram.com/seafriend.shokudo.sachi?igsh=MXBtZmZubjVwbmhtaA==,,google_maps_vendor_export,2026-08,crawler_exact
ChIJ29nxtLmt-jQRblerA0V822Y,SG->JP,Food,軽食 パーラー ひびき,Japanese restaurant,26 Aka,Zamami,"Shimajiri District, Okinawa",JP,26.1917313,127.2827465,https://www.instagram.com/parahibiki/,+81 90-7926-5071,google_maps_vendor_export,2026-08,crawler_exact
ChIJ3XxPrrGLGGARYxqRMDZRI0o,SG->JP,Food,Indian Restaurant Mumbai Mita,Indian restaurant,"Mita, 3 Chome−4−15 芝MCビル 2F",Minato City,Tokyo,JP,35.6469997,139.7442252,https://mumbaijapan.com/mita,+81 3-5440-5565,google_maps_vendor_export,2026-08,crawler_exact
ChIJ42-HtKmLGGAR5Va23PeTTtk,SG->JP,Food,Japanese Restaurant WA,Restaurant,"Ginza, 3 Chome−3−5 6F",Chuo City,Tokyo,JP,35.673214,139.7653677,https://www.muji.com/jp/ginza/l/wa/,+81 3-3538-6102,google_maps_vendor_export,2026-08,crawler_exact
ChIJ50qQPtxT5TQR03W_MWh4Jx0,SG->JP,Food,ザマミーダイナー Acai Bowl Zamami,Restaurant,435 Zamami,Zamami,"Shimajiri District, Okinawa",JP,26.2297124,127.3024459,https://www.instagram.com/zamamidinner?igsh=MWM4bjQxZGpzYzQ2OA==,+81 80-4310-8802,google_maps_vendor_export,2026-08,crawler_exact
ChIJ56RKQILY4zQRYiohotJp6LI,SG->JP,Food,海幸,Japanese restaurant,493-3 Wadomari,Wadomari,"Oshima District, Kagoshima",JP,27.3929838,128.6517635,undefined,+81 997-92-3826,google_maps_vendor_export,2026-08,crawler_exact
ChIJ6a1VZIzJHzURCMS5Iredbgc,SG->JP,Food,たこ福,Japanese restaurant,322 Sumiyocho Oaza Kamiya,Amami,Kagoshima,JP,28.2683336,129.4095878,https://www.instagram.com/takofuku_amami?igsh=aXh4YzZmbWJ6dnFs&utm_source=qr,+81 997-69-2341,google_maps_vendor_export,2026-08,crawler_exact
ChIJ6d8QElVPH2ARxiaxHgic8_I,SG->JP,Food,SUZUKI PUNJAB restaurant & cafe,Indian restaurant,"Higashijonan, 1 Chome−１−7",Oyama,Tochigi,JP,36.2992265,139.8105111,https://suzuki-punjab.com/,+81 285-38-9210,google_maps_vendor_export,2026-08,crawler_exact
ChIJ6eoOW7mSGGARoZPieUTuwqI,SG->JP,Food,Restaurant Padma,Italian restaurant,16-5 Oyamahigashicho,Itabashi City,Tokyo,JP,35.748499,139.704586,https://r.gnavi.co.jp/rthad6ev0000/,+81 3-5248-0211,google_maps_vendor_export,2026-08,crawler_exact
ChIJ750o-T9TFTURV3BG7OIrVg0,SG->JP,Food,三八ラーメン 銅座店,Ramen restaurant,14-11 Dozamachi,Nagasaki,Nagasaki,JP,32.7428228,129.8784046,https://sanpachi38.com/,+81 95-821-3838,google_maps_vendor_export,2026-08,crawler_exact
ChIJAQAAAH9i4TQRPRezfoLdDzY,SG->JP,Food,きよい,Japanese restaurant,537 Wadomari,Wadomari,"Oshima District, Kagoshima",JP,27.3956142,128.6573281,http://www.okinoerabujima.info/food/kiyoisushi/,+81 997-92-2327,google_maps_vendor_export,2026-08,crawler_exact
ChIJATLPb68L3DQRSK-ddxCIhKk,SG->JP,Food,Daito Soba Ichigo Ichie,Noodle shop,134 Zaisho,Minamidaito,"Shimajiri District, Okinawa",JP,25.8329289,131.2313612,https://www.daitousoba-ichigoichie.com/,+81 9802-2-2230,google_maps_vendor_export,2026-08,crawler_exact
ChIJB-LJuxssHjUR9ZfkIgQexxw,SG->JP,Food,Tazuki,Restaurant,"Seso, 県道614−号線",Setouchi,"Oshima District, Kagoshima",JP,28.1236121,129.2442789,undefined,+81 90-7984-0929,google_maps_vendor_export,2026-08,crawler_exact
ChIJB0_uAA2t-jQRx1c7kFMt7fE,SG->JP,Food,Zamami Village Fisheries Cooperative.Aka branch store.,Seafood donburi restaurant,60-4 Aka,Zamami,"Shimajiri District, Okinawa",JP,26.1898242,127.2834027,undefined,+81 98-987-2109,google_maps_vendor_export,2026-08,crawler_exact
ChIJB6xToPyKGGARd7v-KYqy2dM,SG->JP,Food,Maya Restaurant,Indian restaurant,"Higashigotanda, 5 Chome−28−12 Ｂ１Ｆ",Shinagawa City,Tokyo,JP,35.6274554,139.7229567,http://www.maya-nepali.net/,+81 3-5798-2583,google_maps_vendor_export,2026-08,crawler_exact
ChIJDZE8Dj6LImARszboH7WRnuQ,SG->JP,Food,Coco's Restaurant,Family restaurant,28-1 Teradai,Narita,Chiba,JP,35.784534,140.3284727,https://maps.cocos-jpn.co.jp/jp/detail/2658.html,+81 476-20-1172,google_maps_vendor_export,2026-08,crawler_exact
ChIJEWyhkrgTImARVc2b5Rp0ILg,SG->JP,Food,Restaurant Bonjour,Japanized western restaurant,781-1 Shimoinayoshi,Kasumigaura,Ibaraki,JP,36.1482258,140.2380539,undefined,+81 299-59-4264,google_maps_vendor_export,2026-08,crawler_exact
ChIJG169W4nJHzURLuEBMzr_iuA,SG->JP,Food,Hanahana Chaya,Japanese regional restaurant,271 Sumiyocho Oaza Nishinakama,Amami,Kagoshima,JP,28.2665113,129.4080265,undefined,+81 997-69-2625,google_maps_vendor_export,2026-08,crawler_exact
ChIJIzWDoY_JHzURM5vXUzWzxUM,SG->JP,Food,Mangrove Restaurant.,Syokudo and Teishoku restaurant,478 Sumiyocho Oaza Ishihara,Amami,Kagoshima,JP,28.259651,129.4089075,https://www.mangrovepark.com/restaurant,+81 997-69-2777,google_maps_vendor_export,2026-08,crawler_exact
ChIJJQ8x9UWLGGARIumMh_ntBjg,SG->JP,Food,Restaurant PACHON,French restaurant,"Sarugakucho, 29−18 Hillside Terrace B",Shibuya,Tokyo,JP,35.6475822,139.7012382,http://www.pachon.co.jp/,+81 3-3476-5025,google_maps_vendor_export,2026-08,crawler_exact
ChIJKbm3dodi4TQRNgM8EDT2c9I,SG->JP,Food,Yamahata,Syokudo and Teishoku restaurant,512-142 Tedechina,Wadomari,"Oshima District, Kagoshima",JP,27.3951809,128.6587843,undefined,+81 997-92-3422,google_maps_vendor_export,2026-08,crawler_exact
ChIJLSWTTwCPGGAR5UnkDMXvn88,SG->JP,Food,Lion’s Pub Sri Lankan Restaurant & Bar,Sri Lankan restaurant,"Higashiueno, 2 Chome−23−23 廣田ビル 1F",Taito City,Tokyo,JP,35.7095002,139.7801328,http://lionspub.jp/,+81 3-6822-0661,google_maps_vendor_export,2026-08,crawler_exact
ChIJLXA2vt6PGGARbZVYfTF2YkA,SG->JP,Food,インドレストランさくら,Indian restaurant,"誠綾コーポ １０３, 2 Chome-20-15 Ayase",Adachi City,Tokyo,JP,35.7605471,139.8289363,undefined,+81 3-6760-8358,google_maps_vendor_export,2026-08,crawler_exact
ChIJLf4vsobJHzURJQeDkxg_no0,SG->JP,Food,マングローブ茶屋,Syokudo and Teishoku restaurant,7 Sumiyocho Oaza Yakugachi,Amami,Kagoshima,JP,28.2573229,129.4080554,https://mangroveamami.com/,+81 997-69-2189,google_maps_vendor_export,2026-08,crawler_exact
ChIJO5nouNF_ImARp3MybeuOK6Y,SG->JP,Food,CR Curry Pot and Asian Supermarket,Japanese curry restaurant,101 15-1 Toyoichi,Shiroi,Chiba,JP,35.8087218,140.0924534,https://shiroi-match.jp/shop/00000375044/,+81 90-1809-1012,google_maps_vendor_export,2026-08,crawler_exact
ChIJOSoWVm-PGGARUbLJBMPl55E,SG->JP,Food,炭火和牛焼き肉にくまるホルモン館,Yakiniku restaurant,3 Chome-6-5 Horikiri,Katsushika City,Tokyo,JP,35.7473637,139.8276953,http://yakiniku-nikumaru.com/,+81 3-5938-6957,google_maps_vendor_export,2026-08,crawler_exact
ChIJOwd4LIFT5TQRrMlKXR7C0Kw,SG->JP,Food,Octopus Garden,Breakfast restaurant,176 Aharen,Tokashiki,"Shimajiri District, Okinawa",JP,26.1711802,127.3450252,https://www.facebook.com/octopusgarden.aharen,,google_maps_vendor_export,2026-08,crawler_exact
ChIJPzGlh8SIGGARdv51MeB1cTw,SG->JP,Food,Matsuya Restaurant,Gyudon restaurant,"Kameido, 6 Chome−59−10 サンシャレード亀戸 1F",Koto City,Tokyo,JP,35.6968135,139.8264564,https://pkg.navitime.co.jp/matsuyafoods/spot/detail?code=0000000517,+81 80-5928-0686,google_maps_vendor_export,2026-08,crawler_exact
ChIJRxjdeKYL3DQRBKJEEChwHCM,SG->JP,Food,Hikari,Restaurant,349-3 Ikenosawa,Minamidaito,"Shimajiri District, Okinawa",JP,25.8319842,131.2285128,undefined,+81 9802-2-2180,google_maps_vendor_export,2026-08,crawler_exact
ChIJS5xE8tmMGGARqy1MPhrsvI4,SG->JP,Food,Pamukkale Restaurant,Turkish restaurant,"Shinjuku, 3 Chome−21−7 東新ビル5F",Shinjuku City,Tokyo,JP,35.693043,139.702419,undefined,+81 3-5366-9560,google_maps_vendor_export,2026-08,crawler_exact
ChIJTWB9KCuLGGAR_bvE0ilkH2A,SG->JP,Food,BOLLYWOOD LOUNGE indian restaurant,Indian restaurant,"Higashishinbashi, 1 Chome−6−1 Nittele Tower, 1F",Minato City,Tokyo,JP,35.6643287,139.7598275,https://r.gnavi.co.jp/5eptvkjw0000/,+81 3-6228-5809,google_maps_vendor_export,2026-08,crawler_exact
ChIJTddN4yCNGGAR_ErtcrSpxl8,SG->JP,Food,Indian Restaurant Magic Kitchen（インドマジックキッチン）,Indian restaurant,"Okubo, 2 Chome−1−9 日興ユニパリス大久保 B1F",Shinjuku City,Tokyo,JP,35.7016894,139.708348,undefined,+81 3-5291-0225,google_maps_vendor_export,2026-08,crawler_exact
ChIJU_fMik-JGGARrHJBzYB37Ss,SG->JP,Food,Asian restaurant MONICA {HALAL FOOD}حلالIndian restaurant,Indian restaurant,2 Chome-1-3 Nihonbashiningyocho,Chuo City,Tokyo,JP,35.6842202,139.7843478,https://cdn.fbsbx.com/v/t59.2708-21/313791154_864400428134757_1985961084205135198_n.pdf/Dinner_Menumonica-20221220.pdf?_nc_cat=109&ccb=1-7&_nc_sid=0cab14&_nc_ohc=87wHoe552pIAX_V2HeU&_nc_ht=cdn.fbsbx.com&oh=03_AdRV03V1V7R2L4497s0Pqefd8A_j8IGpBAD_JmCp8XtmZA&oe=63C97019&dl=1,+81 3-4363-6269,google_maps_vendor_export,2026-08,crawler_exact
ChIJUaJR8NaOGGARbaGu0XYUkl4,SG->JP,Food,Musashi Sky Restaurant,Restaurant,"Oshiage, 1 Chome−1−2 東京スカイツリー天望デッキフロア345",Sumida City,Tokyo,JP,35.710256,139.8107946,https://www.tobuhotel.co.jp/skyrestaurant634/,+81 3-3623-0634,google_maps_vendor_export,2026-08,crawler_exact
ChIJUyJylxh3QDUR1L1-bVenKuw,SG->JP,Food,ときん茶屋,Japanese restaurant,2880-8 Oyanomachi Noboritate,Kamiamakusa,Kumamoto,JP,32.6030267,130.4378225,undefined,+81 964-56-3542,google_maps_vendor_export,2026-08,crawler_exact
ChIJUzr2OHFT5TQRUragBceGuno,SG->JP,Food,大衆酒場中村水産,Restaurant,zamami99,Zamami,"Shimajiri District, Okinawa",JP,26.2278325,127.3026426,https://www.instagram.com/zamami.nakamurasuisan/,+81 98-987-2147,google_maps_vendor_export,2026-08,crawler_exact
ChIJVfqYW9PLHzURw92DCIdNd9c,SG->JP,Food,Amami Yakuzen Tsumugi-An,Soba noodle shop,555-13 Sumiyocho Oaza Surigachi,Amami,Kagoshima,JP,28.2517898,129.3808248,https://www.facebook.com/amamirp/,+81 997-69-5077,google_maps_vendor_export,2026-08,crawler_exact
ChIJXVW6D9FS5TQR_2iOxRxA508,SG->JP,Food,Little Kitchen,Restaurant,29 Zamami,Zamami,"Shimajiri District, Okinawa",JP,26.2279884,127.304105,https://www.instagram.com/little_kitchen.zamami/,+81 98-987-3070,google_maps_vendor_export,2026-08,crawler_exact
ChIJb_o7HiiMGGARn7CfylxH0V0,SG->JP,Food,Restaurant Muse,Japanized western restaurant,"Uenokoen, 8−36 美術館中央 棟2F",Taito City,Tokyo,JP,35.7173923,139.7734015,https://www.seiyoken.co.jp/restaurant/tobikan/muse.html,+81 3-5832-5551,google_maps_vendor_export,2026-08,crawler_exact
ChIJc990b3vzImARqggIJ2NCSsY,SG->JP,Food,Leyon Sri Lankan Supermarket & Restaurant and Chinese Restaurant レストラン,Sri Lankan restaurant,243-7 Honjo,Narita,Chiba,JP,35.7364387,140.3677901,https://leyonsuper.com/,+81 90-3091-3188,google_maps_vendor_export,2026-08,crawler_exact
ChIJd1fxRQCNGGARLhZIVwH8DM0,SG->JP,Food,Cocha Korean Restaurant,Korean restaurant,1 Chome-8-10 Hyakunincho,Shinjuku City,Tokyo,JP,35.6990914,139.700585,https://www.instagram.com/cocha0129/,+81 3-6278-9201,google_maps_vendor_export,2026-08,crawler_exact
ChIJd7g-b7H0ImARbwaUJ562vJo,SG->JP,Food,TERRACE Restaurant,Restaurant,"Kosuge, 456 Hilton Narita, 1階",Narita,Chiba,JP,35.7844938,140.3542665,https://www.hiltonnarita.jp/restaurants/terrace_restaurant,+81 476-33-0333,google_maps_vendor_export,2026-08,crawler_exact
ChIJeQ4IKDiNGGARcLA1OEXQXfw,SG->JP,Food,Tawan Thai Restaurant,Thai restaurant,"Takadanobaba, 3 Chome−12−1 タイリクビル 2F",Shinjuku City,Tokyo,JP,35.7133601,139.7013904,undefined,+81 3-3362-3678,google_maps_vendor_export,2026-08,crawler_exact
ChIJe_jE8J1T5TQR_EqsP1v4-pI,SG->JP,Food,BEACH GARDEN My Pace,Fast food restaurant,176 Aharen,Tokashiki,"Shimajiri District, Okinawa",JP,26.1712918,127.344958,https://www.instagram.com/my_pace_tokashiki,+81 80-2619-1980,google_maps_vendor_export,2026-08,crawler_exact
ChIJkShVOKeLGGARcYDRvE0Xl3U,SG->JP,Food,Modern Mexican MAYAluz,Mexican restaurant,"Shibuya, 2 Chome−21−1 渋谷ヒカリエ 7F",Shibuya,Tokyo,JP,35.6590551,139.7035292,https://tabelog.com/tokyo/A1303/A130301/13229597/,+81 3-6803-8977,google_maps_vendor_export,2026-08,crawler_exact
ChIJkctAQVdT5TQRcsezX7zSMZg,SG->JP,Food,HARVEL KITCHEN & GUEST HOUSE GRAND BLUE,Asian restaurant,182-5 Aharen,Tokashiki,"Shimajiri District, Okinawa",JP,26.1712021,127.3446195,https://grandblue-tokashiki.harvelgroup.jp/,+81 98-996-7133,google_maps_vendor_export,2026-08,crawler_exact
ChIJlwdcmojJHzURlpzM6HiSvIw,SG->JP,Food,よってみ亭,Syokudo and Teishoku restaurant,50 Sumiyocho Oaza Nishinakama,Amami,Kagoshima,JP,28.262806,129.406966,undefined,+81 997-69-2378,google_maps_vendor_export,2026-08,crawler_exact
ChIJn1OEhQKTGGAR0jREHfO2ILc,SG->JP,Food,Restaurant Great Kolkata Akabane,Indian restaurant,2 Chome-12-3 Akabane,Kita City,Tokyo,JP,35.779698,139.72388,https://great-kolkata.com/,+81 3-3901-7574,google_maps_vendor_export,2026-08,crawler_exact
ChIJnYBuE-6NGGAROr_Ei9Y8Ju0,SG->JP,Food,Sabiha Halal Restaurant,Bangladeshi restaurant,2 Chome-20-23 Hyakunincho,Shinjuku City,Tokyo,JP,35.7021972,139.6979736,undefined,+81 70-1573-6899,google_maps_vendor_export,2026-08,crawler_exact
ChIJp-ACQ225GGARWTGrYAVHGLw,SG->JP,Food,Fulbari Indian Nepalese Restaurant,Indian restaurant,"Central, 1 Chome−7−21 野口ビル 101",Kasukabe,Saitama,JP,35.9781265,139.7509036,https://www.ubereats.com/store-browse-uuid/0670d60f-1eff-5d53-b4b8-ca60202ac79b?diningMode=DELIVERY,+81 48-878-8233,google_maps_vendor_export,2026-08,crawler_exact
ChIJr41LK4FT5TQRk7UIXjCSuIA,SG->JP,Food,Hauoli,Restaurant,170-6 Aharen,Tokashiki,"Shimajiri District, Okinawa",JP,26.1710298,127.3452511,https://www.aharen.com/beach-house-hauoli/,+81 98-987-2335,google_maps_vendor_export,2026-08,crawler_exact
ChIJs5GOvE-NGGARjVMEAz7wDHM,SG->JP,Food,Royal Garden Lounge & Bar,Nepalese restaurant,2 Chome-17-11 Hyakunincho,Shinjuku City,Tokyo,JP,35.7027778,139.6981746,undefined,+81 3-5358-9938,google_maps_vendor_export,2026-08,crawler_exact
ChIJszAzlW_Y4zQR8fHh1HTyz_s,SG->JP,Food,Saigo Shokudo,Syokudo and Teishoku restaurant,1169-2 Inobe,Wadomari,"Oshima District, Kagoshima",JP,27.4143412,128.6423751,https://okinoerabujima.info/restaurant-shop/1067,+81 997-92-1103,google_maps_vendor_export,2026-08,crawler_exact
ChIJtei3y2JzFWARLjc-PIAi7s8,SG->JP,Food,CiaoBella八丈太鼓カフェ,Italian restaurant,1475ｰ1 Okago,八丈島八丈町,Tokyo,JP,33.1056091,139.7903733,undefined,+81 50-3574-1610,google_maps_vendor_export,2026-08,crawler_exact
ChIJuSfGdA-BGGARHK2v9-Su_b4,SG->JP,Food,Gurash Indian Restaurant,Indian restaurant,"Kaijin, 6 Chome−18−32 竹内",Funabashi,Chiba,JP,35.7054644,139.9687039,https://japoncompany.business/funabashi/547340-gurash-indian-restaurant,+81 47-404-6949,google_maps_vendor_export,2026-08,crawler_exact
ChIJvSxK3YZT5TQRjcWnlyIJnH4,SG->JP,Food,Cafe Shimamun+,Italian restaurant,152 Aharen,Tokashiki,"Shimajiri District, Okinawa",JP,26.1709833,127.3465639,undefined,+81 80-6497-1392,google_maps_vendor_export,2026-08,crawler_exact
ChIJw441x4ZT5TQRjZf1AI0AfMg,SG->JP,Food,Izakya Maruni,Restaurant,86 Aharen,Tokashiki,"Shimajiri District, Okinawa",JP,26.1716587,127.3463097,undefined,+81 90-6771-7958,google_maps_vendor_export,2026-08,crawler_exact
ChIJ0YMotIdi4TQRi0btX64w3PE,SG->JP,Hotel,Hotel Seaworld,Japanese-style business hotel,512-128 Tedechina,Wadomari,"Oshima District, Kagoshima",JP,27.398039,128.661969,http://www.hotel-seaworld.com/,+81 997-92-1234,google_maps_vendor_export,2026-08,crawler_exact
ChIJ0dAP3r-AGGARSjERItlFuLY,SG->JP,Hotel,Leo Yu Capsule Hotel,Capsule hotel,"Katsushikacho, 2 Chome−412 西船橋レジデンス 1階",Funabashi,Chiba,JP,35.7059057,139.9569379,https://leo-capsule.jp/,+81 47-404-2500,google_maps_vendor_export,2026-08,crawler_exact
ChIJ23Ty8lA-TjURHd89nkstaTQ,SG->JP,Hotel,Sanyo-so Hot Springs and Hotel,Japanese inn,504-1 Usachoryu,Tosa,Kochi,JP,33.4325301,133.4517193,https://sanyo-so.co.jp/,+81 120-154-592,google_maps_vendor_export,2026-08,crawler_exact
ChIJ2bHiYZn3UjUR17rpMG4aVso,SG->JP,Hotel,Sabi Katayama,Hotel,牟岐町灘下浜辺６−１,海部郡,"Kaifu District, Tokushima",JP,33.6642317,134.4310572,http://sabi.jp.net/,+81 884-72-1727,google_maps_vendor_export,2026-08,crawler_exact
ChIJ2fON6nbe4zQRnRlOvatgIgs,SG->JP,Hotel,Okierabu Floral Hotel,Hotel,520 China,China,"Oshima District, Kagoshima",JP,27.3318969,128.572876,https://www.floral-hotel.com/,+81 997-93-2111,google_maps_vendor_export,2026-08,crawler_exact
ChIJ40uOR4FT5TQRKUdFaS45m5Q,SG->JP,Hotel,Marine House Aharen,Inn,106 Aharen,Tokashiki,"Shimajiri District, Okinawa",JP,26.17231,127.34454,https://www.aharen.com/,+81 98-987-2335,google_maps_vendor_export,2026-08,crawler_exact
ChIJ5wAyHX9i4TQRmd_7XZ7CoYo,SG->JP,Hotel,Kochinda Hotel,Hotel,568 Wadomari,Wadomari,"Oshima District, Kagoshima",JP,27.3945789,128.6551232,http://azumahotels.com/,+81 997-92-1283,google_maps_vendor_export,2026-08,crawler_exact
ChIJ8RbiHzSNGGARPJ9RXa_ITnE,SG->JP,Hotel,APA Hotel Akihabara Suehirocho Ekimae,Hotel,3 Chome-15-7 Sotokanda,Chiyoda City,Tokyo,JP,35.7016348,139.7713281,https://www.apahotel.com/hotel/syutoken/tokyo/akihabara-suehirocho-ekimae/,+81 570-013-011,google_maps_vendor_export,2026-08,crawler_exact
ChIJ8UEqOIFT5TQROWxUHSQqdCc,SG->JP,Hotel,ケラマテラス,Hotel,103 Aharen,Tokashiki,"Shimajiri District, Okinawa",JP,26.1720021,127.3447641,http://www.keramaterrace.jp/,+81 98-987-3477,google_maps_vendor_export,2026-08,crawler_exact
ChIJ8b-IBu3FGGAROsH3lBLT9Tw,SG->JP,Hotel,Hotel Mates Ageo,Japanese-style business hotel,1 Chome-2-16 Nakacho,Ageo,Saitama,JP,35.9710346,139.5914974,https://hotelmeitu-ageo.com/,+81 48-777-2244,google_maps_vendor_export,2026-08,crawler_exact
ChIJ8xJryGclBmARXC9G8KfjTxw,SG->JP,Hotel,Fairfield by Marriott Wakayama Kushimoto,Hotel,1579-1 Kujinokawa,Kushimoto,"Higashimuro District, Wakayama",JP,33.4887264,135.7942228,https://www.marriott.com/en-us/hotels/osafk-fairfield-wakayama-kushimoto/overview/?scid=f2ae0541-1279-4f24-b197-a979c79310b0,+81 735-67-7365,google_maps_vendor_export,2026-08,crawler_exact
ChIJ9QbHvwShB2ARm_c7tzpaVnw,SG->JP,Hotel,Nanki-Shirahama Marriott Hotel,Hotel,西牟婁郡白浜町２４２８,Shirahama,"Nishimuro District, Wakayama",JP,33.678592,135.3453863,https://www.marriott.com/en-us/hotels/osana-nanki-shirahama-marriott-hotel/overview/?scid=f2ae0541-1279-4f24-b197-a979c79310b0,+81 739-43-2600,google_maps_vendor_export,2026-08,crawler_exact
ChIJ9ZETy4ZT5TQRmbK6DpMndL0,SG->JP,Hotel,ペンション ニライカナイ,Hotel,124 Aharen,Tokashiki,"Shimajiri District, Okinawa",JP,26.1717236,127.3454083,https://nilai-kanai.com/,+81 98-987-3422,google_maps_vendor_export,2026-08,crawler_exact
ChIJAQDANiOhB2ARozB7DE6bPIY,SG->JP,Hotel,Oedo Onsen Monogatari Premium Shirahama Saichoraku,Hotel,JP 649-2211,Shirahama,"Nishimuro District, Wakayama",JP,33.6812844,135.3591161,https://www.ooedoonsen.jp/shirahama-saichoraku/?utm_source=Google_My_Business&utm_medium=Google_My_Business&utm_campaign=GMB_shirahama-saichoraku,+81 50-3615-3456,google_maps_vendor_export,2026-08,crawler_exact
ChIJB0Knh_ugB2ARt2oS3Iz6wH8,SG->JP,Hotel,INFINITO HOTEL & SPA 南紀白浜,Resort hotel,JP 649-2211,Shirahama,"Nishimuro District, Wakayama",JP,33.6721405,135.3422046,https://hotel-infinito.co.jp/,+81 739-42-2733,google_maps_vendor_export,2026-08,crawler_exact
ChIJB4XG7fyzSDURAPllKKeARk0,SG->JP,Hotel,Hotel Bellreaf Otsuki,Hotel,404 Suogata,Otsuki,"Hata District, Kochi",JP,32.7985821,132.7130546,https://bellreef.jp/,+81 880-79-5025,google_maps_vendor_export,2026-08,crawler_exact
ChIJBf0-UJTSHzURIp-0VjAfCeo,SG->JP,Hotel,お宿ねぷす(ﾈﾌﾟｽﾀﾞｲﾌﾞﾘｿﾞｰﾄ),Budget Japanese inn,大島郡大島郡瀬戸内町嘉鉄３５２,Setouchi,"Oshima District, Kagoshima",JP,28.139005,129.344544,http://nepusu.com/,+81 997-72-2393,google_maps_vendor_export,2026-08,crawler_exact
ChIJC4xhdTMxTzURXF_y7u6DGZc,SG->JP,Hotel,Kaiyu,Guest house,2777-12 Oki,Tosashimizu,Kochi,JP,32.8266936,132.9546706,http://www.kaiyu-in.com/,+81 880-82-8500,google_maps_vendor_export,2026-08,crawler_exact
ChIJCbIvD4YNUjURUhJwARvmrGs,SG->JP,Hotel,Umaji Onsen,Japanese inn,3564-1 Umaji,Umaji,"Aki District, Kochi",JP,33.5566774,134.0491971,http://umaji.gr.jp/,+81 887-44-2026,google_maps_vendor_export,2026-08,crawler_exact
ChIJDcLFwkoZTjURvxrrOlvXGh4,SG->JP,Hotel,Kochi Hotel,Japanese-style business hotel,4-10 Ekimaecho,Kochi,Kochi,JP,33.5658819,133.5432319,http://www.kochihotel.co.jp/,+81 88-822-8008,google_maps_vendor_export,2026-08,crawler_exact
ChIJDyIL3C6PTTURgvZjo-yjrso,SG->JP,Hotel,Sakurahome&El Flamenquito,Guest house,3841 Murotomisakicho,Muroto,Kochi,JP,33.257756,134.181024,undefined,+81 50-6866-0423,google_maps_vendor_export,2026-08,crawler_exact
ChIJEeC9UjvTHzURHHZDC2CVRrI,SG->JP,Hotel,Coconuts House,Indoor lodging,225 Doren,Setouchi,"Oshima District, Kagoshima",JP,28.1097078,129.3356003,http://mytown.s500.jp/kokonatu/,+81 997-76-0077,google_maps_vendor_export,2026-08,crawler_exact
ChIJEwGRrykdTjUR1Q-xKWgtSWo,SG->JP,Hotel,Southern City Hotel,Japanese-style business hotel,933 Myoken,Nankoku,Kochi,JP,33.5665518,133.6305409,https://southerncity-hotel.com/,+81 88-863-2000,google_maps_vendor_export,2026-08,crawler_exact
ChIJEx0kWj0XBmARBWC6ATWnxgA,SG->JP,Hotel,Sanjō-kan (Hotel Urashima),Hotel,1165-2 Katsuura,Nachikatsuura,"Higashimuro District, Wakayama",JP,33.6239031,135.952386,undefined,+81 735-52-1011,google_maps_vendor_export,2026-08,crawler_exact
ChIJGVSBpjcZTjURer2CV3JBARE,SG->JP,Hotel,Dormy Inn Kochi,Hotel,1 Chome-9-12 Obiyamachi,Kochi,Kochi,JP,33.5609983,133.5394272,https://dormy-hotels.com/dormyinn/hotels/kochi/?utm_source=google&utm_medium=gbp&utm_campaign=gbpurl,+81 88-872-5489,google_maps_vendor_export,2026-08,crawler_exact
ChIJGcnc96Cs-jQRfSZca6zCjs4,SG->JP,Hotel,Marine House Seasir Akajima,Hotel,162 Aka,Zamami,"Shimajiri District, Okinawa",JP,26.1901819,127.2786612,https://www.seasir.com/aka/,+81 120-102-737,google_maps_vendor_export,2026-08,crawler_exact
ChIJH-Wn-f2gB2ARS4TWH95okbI,SG->JP,Hotel,Hotel Sanrakuso,Hotel,3078,Shirahama,"Nishimuro District, Wakayama",JP,33.6793687,135.3448522,https://sanrakuso.co.jp/?utm_source=google&utm_medium=map,+81 739-43-1111,google_maps_vendor_export,2026-08,crawler_exact
ChIJHQKd0cRxFWARH8nkmYlQobU,SG->JP,Hotel,Resort Seapiros,Hotel,1304-3 Mitsune,Hachijo Town,八丈島 Tokyo,JP,33.1232846,139.815178,http://www.seapiross.co.jp/,+81 4996-2-5757,google_maps_vendor_export,2026-08,crawler_exact
ChIJIUfD8euNGGARieH9N6pncOw,SG->JP,Hotel,WPÜ HOTEL,Hotel,7 Chome-10-5 Nishishinjuku,Shinjuku City,Tokyo,JP,35.6938702,139.6982771,https://hotel.wpu.co/shinjuku/,+81 3-5338-2001,google_maps_vendor_export,2026-08,crawler_exact
ChIJJYCXErI8TjUR0HY8WxRWNH8,SG->JP,Hotel,KAMENOI HOTEL KOCHI,Hotel,1569 Hakawa,Ino,"Agawa District, Kochi",JP,33.5449043,133.41826,https://kamenoi-hotels.com/kochi/?utm_source=google&utm_medium=GBP&utm_campaign=KHKochi,+81 88-892-1580,google_maps_vendor_export,2026-08,crawler_exact
ChIJJwl4ftFS5TQRfip8TSCS92M,SG->JP,Hotel,Zamamia International Guesthouse,Guest house,126 Zamami,Zamami,"Shimajiri District, Okinawa",JP,26.228774,127.302727,http://zamamia-guesthouse.com/,+81 98-987-3626,google_maps_vendor_export,2026-08,crawler_exact
ChIJJzUrZ8hhTzUR9XCZuIhsrBk,SG->JP,Hotel,Uwajima Terminal Hotel,Japanese-style business hotel,3-22 Tenjinmachi,Uwajima,Ehime,JP,33.225529,132.568412,https://uwajima-terminal.com/,+81 895-22-2280,google_maps_vendor_export,2026-08,crawler_exact
ChIJLZ1p1vv1TTURO49Os2rjVE8,SG->JP,Hotel,Hotel Nahari,Japanese-style business hotel,593-1 Otsu,Nahari,"Aki District, Kochi",JP,33.4215447,134.0267729,http://www.hotel-nahari.com/,+81 887-38-5111,google_maps_vendor_export,2026-08,crawler_exact
ChIJMXdC9yolTjUR4lPuBr2Z34Y,SG->JP,Hotel,QRAUD Tosawashi Kougeimura Hotel,Hotel,1226 Kashiki,Ino,"Agawa District, Kochi",JP,33.5735244,133.3665069,http://www.qraud-kochi.jp/,+81 88-892-1001,google_maps_vendor_export,2026-08,crawler_exact
ChIJN2Lu08lT5TQRuQqXf49TPsE,SG->JP,Hotel,Kerama Backpackers,Guest house,40番地 Tokashiki,Tokashiki,"Shimajiri District, Okinawa",JP,26.1964569,127.3618266,http://kerama-backpackers.com/,+81 70-5277-4522,google_maps_vendor_export,2026-08,crawler_exact
ChIJOQFtKlLTHzURHUhTz83QHiw,SG->JP,Hotel,Denpaku Lily-no-ie,Hotel,"Shodon, 金久原 394",Setouchi,"Oshima District, Kagoshima",JP,28.0912196,129.3257629,https://den-paku.com/kominka/kominka_shodon,+81 997-63-1910,google_maps_vendor_export,2026-08,crawler_exact
ChIJOSVyOA8ATjURv39i2iiANvw,SG->JP,Hotel,Mercure Kochi Tosa Resort & Spa,Hotel,"Nishibun, Geiseimura Akigun, 2995 Ko",Geisei,"Aki District, Kochi",JP,33.5224876,133.785507,https://all.accor.com/lien_externe.svlt?goto=fiche_hotel&code_hotel=C1N8&merchantid=seo-maps-Japan-C1N8&sourceid=aw-cen&utm_medium=seo%20maps&utm_source=google%20Maps&utm_campaign=seo%20maps,+81 3-5539-2616,google_maps_vendor_export,2026-08,crawler_exact
ChIJOZ2EOvu5amARQKqfzRIZ4fs,SG->JP,Hotel,Aogashimaya,Budget Japanese inn,無番地,Aogashima,Tokyo,JP,32.4646556,139.7603276,https://www.x.com/aogashimaya/,+81 4996-9-0185,google_maps_vendor_export,2026-08,crawler_exact
ChIJP8MpT8r1TTURJbKzHjB2ZPc,SG->JP,Hotel,Guest House Super Pilgrimage Inn,Hotel,１４８番地１ Ko,Nahari,"Aki District, Kochi",JP,33.388716,134.0370978,https://joypark-pv.com/2025/12/12/superhenroinn/,+81 90-5270-1485,google_maps_vendor_export,2026-08,crawler_exact
ChIJPy2EI3li4TQRAkMWjZCI4p4,SG->JP,Hotel,Business Hotel Ugurahama,Hotel,6-1 Wadomari,Wadomari,"Oshima District, Kagoshima",JP,27.391784,128.6561013,undefined,+81 997-92-2268,google_maps_vendor_export,2026-08,crawler_exact
ChIJQUiWh1SfGWARIusTE1UGB50,SG->JP,Hotel,Gora Hanaougi,Hotel,1300-681 Gora,Hakone,"Ashigarashimo District, Kanagawa",JP,35.2460468,139.0367835,https://gorahanaougi.com/hanaougi/?utm_source=Googlegbp&utm_medium=Google&utm_campaign=gbp&utm_id=gbp,+81 460-87-7715,google_maps_vendor_export,2026-08,crawler_exact
ChIJRUDR6mOb-jQR9rb_Hva5SFA,SG->JP,Hotel,Eef Beach Hotel,Hotel,548 Janado,Kumejima,"Shimajiri District, Okinawa",JP,26.3328475,126.8101483,https://resort.en-hotel.com/kumejima/ja/?utm_source=google&utm_medium=map&utm_campaign=120386,+81 98-985-7111,google_maps_vendor_export,2026-08,crawler_exact
ChIJRzWGCABT5TQR-HEl39ElQq8,SG->JP,Hotel,ホテルかなろあ,Hotel,308 Tokashiki,Tokashiki,"Shimajiri District, Okinawa",JP,26.1980333,127.3659176,https://hotel-kanaloa.com/,+81 98-987-0797,google_maps_vendor_export,2026-08,crawler_exact
ChIJS-8OKV-hTzURYHn-Ae8dpCg,SG->JP,Hotel,Kumo no Ueno Hotel Annex,Japanese-style business hotel,1196-1 Yusuhara,Yusuhara,"Takaoka District, Kochi",JP,33.3937694,132.9268704,http://kumonouegroup.com/marcheyusuhara,+81 889-65-1288,google_maps_vendor_export,2026-08,crawler_exact
ChIJU3zvvIZT5TQRuJ08DJ4fN_8,SG->JP,Hotel,Kamekame House,Bed & breakfast,76 Aharen,Tokashiki,"Shimajiri District, Okinawa",JP,26.1721345,127.3464485,undefined,+81 98-987-2644,google_maps_vendor_export,2026-08,crawler_exact
ChIJVVURHdymB2ARahi09ZcVCys,SG->JP,Hotel,Shirahama Onsen Kisyu Hanto,Japanese inn,2998-03-01 00:00:00,Shirahama,"Nishimuro District, Wakayama",JP,33.6750853,135.3385667,https://shirahama-onsen.com/,+81 739-34-3036,google_maps_vendor_export,2026-08,crawler_exact
ChIJVXkeu0oUBmARBEriNZSPvcw,SG->JP,Hotel,Katsuura Seaside Hotel,Hotel,862-20 Hamanomiya,Nachikatsuura,"Higashimuro District, Wakayama",JP,33.6482208,135.9427834,undefined,+81 735-52-6363,google_maps_vendor_export,2026-08,crawler_exact
ChIJX1VrVi9T5TQRGYXJFA3ZGPE,SG->JP,Hotel,Kanusuba Zamami,Hotel,851-2 Zamami,Zamami,"Shimajiri District, Okinawa",JP,26.2297444,127.3029946,https://kanusuba.jp/,+81 70-5488-4378,google_maps_vendor_export,2026-08,crawler_exact
ChIJYap7ZaktHjURbM_9Gtripok,SG->JP,Hotel,堺ゲストハウス奄美,Budget Japanese inn,Matsue-1-5 Koniya,Setouchi,"Oshima District, Kagoshima",JP,28.1464101,129.311549,https://sakaigh-amami.com/,+81 90-1917-3968,google_maps_vendor_export,2026-08,crawler_exact
ChIJYyJ2-vXSHzUR-w461bsiy_w,SG->JP,Hotel,The Scene,Hotel,970 Sokaru,Setouchi,"Oshima District, Kagoshima",JP,28.1260541,129.3617229,https://hotelthescene.com/?utm_source=google&utm_medium=maps&utm_campaign=hotel,+81 997-72-0111,google_maps_vendor_export,2026-08,crawler_exact
ChIJZ-5Yq0wZTjURuRxXKNlraY8,SG->JP,Hotel,Kochi Ryoma Hotel,Hotel,2 Chome-3-4 Kitahonmachi,Kochi,Kochi,JP,33.5653754,133.5465382,http://www.ryomahotel.club/,+81 88-882-5557,google_maps_vendor_export,2026-08,crawler_exact
ChIJZ6-xRBiNGGAR9dp_Aq2HeJI,SG->JP,Hotel,Section L Yushima-Ueno,Extended stay hotel,3 Chome-25-2 Yushima,Bunkyo City,Tokyo,JP,35.7066831,139.7695409,https://www.section-l.co/yushima,+81 90-8284-1298,google_maps_vendor_export,2026-08,crawler_exact
ChIJ_8Nv80wZTjURkqn_-tJbRKM,SG->JP,Hotel,En Hostel & Bar,Hotel,1 Chome-12-2 Sakuraicho,Kochi,Kochi,JP,33.563028,133.5475822,http://enhostel.com/,+81 88-855-9888,google_maps_vendor_export,2026-08,crawler_exact
ChIJ_Ulh3zctHjURVwTSQAD_a68,SG->JP,Hotel,Sun Flower City Hotel,Hotel,"Fusa, Matsue-5-9 Koniya",Setouchi,"Oshima District, Kagoshima",JP,28.1473777,129.3117163,http://sunflower-cityhotel.com/,+81 997-72-0350,google_maps_vendor_export,2026-08,crawler_exact
ChIJ___jhUwZTjURCWpR3u1AXTo,SG->JP,Hotel,Hotel Areaone Kochi,Japanese-style business hotel,3 Chome-18-10 Harimayacho,Kochi,Kochi,JP,33.5633713,133.546819,https://www.hotel-areaone.com/kochi/,+81 88-880-1919,google_maps_vendor_export,2026-08,crawler_exact
ChIJ_yFI-xqhB2AR2OpJrJCqDC8,SG->JP,Hotel,Hamachidori-no-yu Kaishu,Hotel,1698-1,Shirahama,"Nishimuro District, Wakayama",JP,33.673034,135.334343,https://dormy-hotels.com/resort/hotels/shirahama_kaisyu/?utm_source=google&utm_medium=gbp&utm_campaign=gbpurl,+81 739-82-2220,google_maps_vendor_export,2026-08,crawler_exact
ChIJaeIO2TFyFWARVUi1aPczROw,SG->JP,Hotel,Park Hotel,Hotel,7600-1 Okago,八丈島,Tokyo,JP,33.1090078,139.7623901,http://www.hatipaku.com/,+81 4996-2-0850,google_maps_vendor_export,2026-08,crawler_exact
ChIJaxCiaK8L3DQROZBWoq742nM,SG->JP,Hotel,Hotel Yoshizato,Hotel,249 Zaisho,Minamidaito,"Shimajiri District, Okinawa",JP,25.8326742,131.2313445,https://www.hotelyoshizato.com/,+81 9802-2-2511,google_maps_vendor_export,2026-08,crawler_exact
ChIJbZKrq7JxFWARpLyVOzp8xgQ,SG->JP,Hotel,Ocean Lodge,Lodge,1291-18 Mitsune,八丈島,Tokyo,JP,33.1255565,139.8133198,https://lodgeocean.net/,+81 4996-2-0164,google_maps_vendor_export,2026-08,crawler_exact
ChIJcQBF3xEZTjURNq9-z-T3xRs,SG->JP,Hotel,JR Clement Inn Kochi,Japanese-style business hotel,1 Chome-10-59 Kitahonmachi,Kochi,Kochi,JP,33.5670066,133.5421117,https://www.jrclement.co.jp/inn/kochi/,+81 88-855-3111,google_maps_vendor_export,2026-08,crawler_exact
ChIJcaSNEKBT5TQRnxFmzhn4mUI,SG->JP,Hotel,St.maire zamami サンメール座間味,Hotel,161 Zamami,Zamami,"Shimajiri District, Okinawa",JP,26.228039,127.3012871,http://st-mairezamami.com/,+81 98-996-4298,google_maps_vendor_export,2026-08,crawler_exact
ChIJcaXA6Kas-jQRXaVc9XAumGg,SG->JP,Hotel,Hanamuro Inn Aka Island,Bed & breakfast,52 Aka,Zamami,"Shimajiri District, Okinawa",JP,26.1903747,127.2827674,https://www.hanamuro.com/,+81 90-6857-5430,google_maps_vendor_export,2026-08,crawler_exact
ChIJcxxI387SHzURm-r3H7qi3-s,SG->JP,Hotel,Zero Gravity Clear Water (Seisui) Diving & Villa,Hotel,122番地 Seisui,Setouchi,"Oshima District, Kagoshima",JP,28.1358298,129.3282036,https://zerogravity.jp/?utm_source=GBP&utm_medium=GBP&utm_term=GBP&utm_content=GBP&utm_campaign=GBP,+81 997-76-3901,google_maps_vendor_export,2026-08,crawler_exact
ChIJdYKgAVm5amARjwlDWcY3yV0,SG->JP,Hotel,Kaiyuu Maru Guesthouse,Indoor lodging,無番地,Aogashima,Tokyo,JP,32.4650171,139.7613242,https://kaiyumaru.info/index.html,+81 4996-9-0093,google_maps_vendor_export,2026-08,crawler_exact
ChIJdceyxTUZTjURSwOtP6VFKFY,SG->JP,Hotel,Tourist Inn Kochi,Japanese-style business hotel,1 Chome-5-5 Okawasuji,Kochi,Kochi,JP,33.5646391,133.5398003,http://www.touristinn-kochi.jp/,+81 88-820-5151,google_maps_vendor_export,2026-08,crawler_exact
ChIJeYZiLeNVTzURTN1yZ0UAuGo,SG->JP,Hotel,Aoikuni Hotel,Japanese-style business hotel,3929-3 Mishohirajo,Ainan,"Minamiuwa District, Ehime",JP,32.9595726,132.5608304,http://www.aoikunihotel.co.jp/,+81 895-72-2131,google_maps_vendor_export,2026-08,crawler_exact
ChIJew6ckqqlB2ARDPJQY3YW5RU,SG->JP,Hotel,XYZ speciale,Hotel,1063-21 Tsubaki,Shirahama,"Nishimuro District, Wakayama",JP,33.6000284,135.3883289,https://xyz-speciale.xyz/,+81 739-33-2223,google_maps_vendor_export,2026-08,crawler_exact
ChIJfzJvxoqD-jQRV6DUtrRQOkM,SG->JP,Hotel,Cypress Resort,Hotel,"Ohara, 803-1 サイプレスリゾート久米島 サイプレスリゾート",Kumejima,"Shimajiri District, Okinawa",JP,26.3545206,126.7178047,https://www.cypresshotels.jp/kumejima/,+81 98-985-3700,google_maps_vendor_export,2026-08,crawler_exact
ChIJg6GQnwKhB2ARtfMvOw6GAUY,SG->JP,Hotel,Hotel Ginsui,Hotel,1356-3,Shirahama,"Nishimuro District, Wakayama",JP,33.6837354,135.3451172,https://ginsui.hotel5h.com/,+81 739-42-3316,google_maps_vendor_export,2026-08,crawler_exact
ChIJh_JccECt-jQRCwxCcLC9VD8,SG->JP,Hotel,38 Miyahira - Dining & Stay,Hotel,154-1,Zamami,"Shimajiri District, Okinawa",JP,26.2269976,127.2938085,https://38miyahira.com/,+81 98-851-8638,google_maps_vendor_export,2026-08,crawler_exact
ChIJhb56_XuOTTUR5QSMLIkzQxM,SG->JP,Hotel,Minshuku Muroto-So,Budget Japanese inn,6939-1 Murotomisakicho,Muroto,Kochi,JP,33.2459451,134.1769447,undefined,+81 887-22-0409,google_maps_vendor_export,2026-08,crawler_exact
ChIJhx919j5nUjUR7diMCoXtUmQ,SG->JP,Hotel,Hotel RIVIERA SHISHIKUI,Hotel,Matsubara-226-1 Shishikuiura,Kaiyō,"Kaifu District, Tokushima",JP,33.5685346,134.3071287,http://www.hotel-riviera.co.jp/,+81 884-76-3300,google_maps_vendor_export,2026-08,crawler_exact
ChIJi00Z6TYZTjUR_B-qiDgtMcU,SG->JP,Hotel,Hotel Town Nishikigawa,Japanese-style business hotel,"Nijudaimachi, 15−24 ビジネスホテル タウン",Kochi,Kochi,JP,33.5631649,133.5380653,http://www.towngroup.co.jp/nishikigawa/,+81 88-825-1811,google_maps_vendor_export,2026-08,crawler_exact
ChIJi7F2RkheUjURVa4qrzcNyHA,SG->JP,Hotel,Fureai No Yado Yu Yu NASA,Hotel,Shikagatani-58-3 Okuura,Kaiyō,"Kaifu District, Tokushima",JP,33.5880333,134.3539037,http://www.uu-nasa.co.jp/,+81 884-73-0300,google_maps_vendor_export,2026-08,crawler_exact
ChIJi7vr4PT9UTURh8LMZ0nlk1w,SG->JP,Hotel,Guest House Suisen,Budget Japanese inn,242-21 Noichicho Nishino,Konan,Kochi,JP,33.5747553,133.696344,https://kounan-navi.com/sightseeing/category3/gesthousesuisen/,+81 80-1622-4917,google_maps_vendor_export,2026-08,crawler_exact
ChIJi_NZTU4ZTjUREfsRUDkcfJs,SG->JP,Hotel,OMO7 Kochi by Hoshino Resorts,Hotel,9-15 Kutanda,Kochi,Kochi,JP,33.5574461,133.5493215,https://hoshinoresorts.com/ja/hotels/omo7kochi/?utm_source=hr_google&utm_medium=mybusiness,+81 50-3134-8095,google_maps_vendor_export,2026-08,crawler_exact
ChIJifw-i1L_5DQRDb-V7Bu6pEo,SG->JP,Hotel,Watermark Hotel Okinawa Kume Island,Resort hotel,411 Magari,Kumejima,"Shimajiri District, Okinawa",JP,26.3286504,126.8053637,https://watermark-hotels.com/kumeisland/,+81 98-985-8001,google_maps_vendor_export,2026-08,crawler_exact
ChIJk-PNMzgZTjURg6gBLSY3kgI,SG->JP,Hotel,Hotel Town Honmachi,Japanese-style business hotel,1 Chome-5-26 Honmachi,Kochi,Kochi,JP,33.5588359,133.5393213,http://www.towngroup.co.jp/,+81 88-825-0055,google_maps_vendor_export,2026-08,crawler_exact
ChIJk70n5GlxFWAR_45svBOlU5s,SG->JP,Hotel,Lido Park Resort Hachijo-jima,Hotel,5392 Mitsune,八丈島,Tokyo,JP,33.1433034,139.7876361,https://lidohotels.jp/park/,+81 4996-2-7701,google_maps_vendor_export,2026-08,crawler_exact
ChIJkZnuI0gtHjURO0cteApWMao,SG->JP,Hotel,Libest Inn Amami,Hotel,Matsue-10-21 Koniya,Setouchi,"Oshima District, Kagoshima",JP,28.1477097,129.3117445,http://libest-amami.com/,+81 997-72-0815,google_maps_vendor_export,2026-08,crawler_exact
ChIJlw-uOgehB2ARBdq0OgakDRo,SG->JP,Hotel,ザ グラン リゾート エレガンテ白浜,Hotel,1813-8,Shirahama,"Nishimuro District, Wakayama",JP,33.675873,135.338693,https://okura-club-hotels.com/shirahama/,+81 739-43-2351,google_maps_vendor_export,2026-08,crawler_exact
ChIJm42uSbMeTjURuZdjMDVfGGA,SG->JP,Hotel,Kochi Sakura Hotel,Japanese-style business hotel,2 Chome-3-11 Kitahonmachi,Kochi,Kochi,JP,33.5655115,133.547352,http://www.sakurahotel.club/,+81 88-882-5021,google_maps_vendor_export,2026-08,crawler_exact
ChIJp_uTpMOLGGARuV0qHAQguMU,SG->JP,Hotel,Hotel Villa Fontaine Grand Shiodome,Hotel,"Higashishinbashi, 1 Chome−9−2 内",Minato City,Tokyo,JP,35.6619681,139.7598879,http://www.hvf.jp/shiodome/?utm_source=google&utm_medium=google_map&utm_campaign=tech_07&gbp_shio&argument=tTLvHkHu&dmai=gbp_shio,+81 3-3569-2220,google_maps_vendor_export,2026-08,crawler_exact
ChIJpxh8rgChB2AR9_Mu_CGFFiw,SG->JP,Hotel,SHIRAHAMA KEY TERRACE HOTEL SEAMORE,Resort hotel,1821,Shirahama,"Nishimuro District, Wakayama",JP,33.6764691,135.3373919,https://www.keyterrace.co.jp/,+81 739-43-1000,google_maps_vendor_export,2026-08,crawler_exact
ChIJq6qqqhahB2ARkWhiWtlTpxE,SG->JP,Hotel,白浜館,Hotel,白良浜1379,Shirahama,"Nishimuro District, Wakayama",JP,33.6827547,135.3454295,http://shirahamakan.com/,+81 739-43-5151,google_maps_vendor_export,2026-08,crawler_exact
ChIJqYmrdtRhTzUR8YmcNBWIdxo,SG->JP,Hotel,Hotel Coral Uwajima,Japanese-style business hotel,2 Chome-7-10 Sumiyoshicho,Uwajima,Ehime,JP,33.2258608,132.5555947,https://coral-uwajima.com/,+81 895-23-8855,google_maps_vendor_export,2026-08,crawler_exact
ChIJqzan7vpxFWARY6slAYJTgyI,SG->JP,Hotel,Mantenbo,Hotel,八丈島八丈町大賀郷930−2,Hachijo Town,Tokyo,JP,33.0930001,139.7815036,https://www.mantenbo.net/,+81 4996-2-7250,google_maps_vendor_export,2026-08,crawler_exact
ChIJr5djliS3B2ARAdi16m_hOJA,SG->JP,Hotel,Nanki Susami Onsen Hotel Bellvedere,Resort hotel,4857-3 Susami,Susami,"Nishimuro District, Wakayama",JP,33.5532493,135.4795227,http://www.ikoi-w.com/,+81 739-55-3630,google_maps_vendor_export,2026-08,crawler_exact
ChIJs67tvDUZTjUR5dEIVvRKRkU,SG->JP,Hotel,Super Hotel Kouchi natural Hot Springs,Hotel,1 Chome-3-20 Kitahonmachi,Kochi,Kochi,JP,33.5653553,133.5399543,https://www.superhotel.co.jp/s_hotels/kouchi/,+81 88-802-9000,google_maps_vendor_export,2026-08,crawler_exact
ChIJsbjsjijKTzURkTXaxVfKfm0,SG->JP,Hotel,しもなの郷 山村自然楽校の宿 Niyodo Riverside Retreat,Hotel,619 Shimonanokawa,Niyodogawa,"Agawa District, Kochi",JP,33.5689746,133.0997459,https://shimona23.com/,+81 889-36-0005,google_maps_vendor_export,2026-08,crawler_exact
ChIJu9l_ois8TzURpfW7pjFlDDM,SG->JP,Hotel,Hotel Kokomo,Hotel,366 Uyama,Shimanto,Kochi,JP,32.981576,132.945364,https://d-reserve.jp/GSEA001F01300/GSEA001A01?hotelCode=0000001684,+81 880-34-9331,google_maps_vendor_export,2026-08,crawler_exact
ChIJue1QZphT5TQRXIN9P36M-Iw,SG->JP,Hotel,Tokashiku Marin Village,Hotel,1919-1 Tokashiki,Tokashiki,"Shimajiri District, Okinawa",JP,26.1863834,127.3485591,https://www.tokashiku.com/,+81 98-987-2426,google_maps_vendor_export,2026-08,crawler_exact
ChIJuywYZSxT5TQRjs7tEWz70QA,SG->JP,Hotel,Oceana Port Village Zama,Hotel,32 Zamami,Zamami,"Shimajiri District, Okinawa",JP,26.2279256,127.304691,http://oceana-zamami.com/,+81 98-962-1999,google_maps_vendor_export,2026-08,crawler_exact
ChIJw3UUciMZTjUR8dHk5MVO-8w,SG->JP,Hotel,Community Square,Japanese-style business hotel,5 Chome-3-20 Honmachi,Kochi,Kochi,JP,33.558185,133.5300089,http://www.kochi-cs.jp/,+81 88-823-3211,google_maps_vendor_export,2026-08,crawler_exact
ChIJwYhPh30WBmARzpqb-mqeEgM,SG->JP,Hotel,Taoya Nachikatsuura,Hotel,1108 Yukawa,Nachikatsuura,"Higashimuro District, Wakayama",JP,33.622709,135.941968,https://www.ooedoonsen.jp/taoya-nachikatsuura/?utm_source=Google_My_Business&utm_medium=Google_My_Business&utm_campaign=GMB_taoya-nachikatsuura,+81 50-3615-3456,google_maps_vendor_export,2026-08,crawler_exact
ChIJwYy4TiMZTjUR9Of5Pw_Q7tE,SG->JP,Hotel,高知会館,Japanese-style business hotel,"Honmachi, 5 Chome−6−42 高知会館内 1F",Kochi,Kochi,JP,33.5576814,133.5315094,https://www.kourituyasuragi.jp/kochi/,+81 88-823-7123,google_maps_vendor_export,2026-08,crawler_exact
ChIJwyKcGwCLGGARTZtkTe3qBMI,SG->JP,Hotel,HOTEL GRAPHY SHIBUYA,Hotel,1 Chome-29-3 Higashi,Shibuya,Tokyo,JP,35.65325,139.7071111,https://www.livelyhotels.com/graphyshibuya/,+81 50-1720-2301,google_maps_vendor_export,2026-08,crawler_exact
ChIJxWzBi4k0BmARI-8tFk-BWAs,SG->JP,Hotel,Resort Hotel & Spa Blue Mermaid,Hotel,20-2 Wabuka,Kushimoto,"Higashimuro District, Wakayama",JP,33.5055581,135.6370205,https://villa-bluemermaid.com/,+81 735-67-8008,google_maps_vendor_export,2026-08,crawler_exact
ChIJy1na-6X-UTURLUuDuI2DXf4,SG->JP,Hotel,Yume no Onsen,Japanese inn,364 Tosayamadacho Miyanokuchi,Kami,Kochi,JP,33.6252812,133.7194447,https://yumeno.jp/,+81 887-52-2334,google_maps_vendor_export,2026-08,crawler_exact
ChIJyZM2LoFT5TQRVO_Yn_LkotU,SG->JP,Hotel,リーフイン国吉,Indoor lodging,178 Aharen,Tokashiki,"Shimajiri District, Okinawa",JP,26.1715128,127.3448149,http://www.kerama-tokashiki.jp/,+81 98-987-2206,google_maps_vendor_export,2026-08,crawler_exact
ChIJye76eFF_RTURpOVixKp8hjU,SG->JP,Hotel,NIPPONIA HOTEL Ozu Castle Town,Hotel,"Ozu, 378 378番地",Ozu,Ehime,JP,33.5067021,132.5484417,https://www.ozucastle.com/?utm_source=google&utm_medium=organic&utm_campaign=gbp,+81 120-210-289,google_maps_vendor_export,2026-08,crawler_exact
ChIJz-uVoxoCTjURvVzrdujZDtQ,SG->JP,Hotel,Kochi Kuroshio Hotel,Japanese-style business hotel,1630 Noichicho Higashino,Konan,Kochi,JP,33.558477,133.705055,https://ryusei-family.com/,+81 887-56-5800,google_maps_vendor_export,2026-08,crawler_exact
ChIJzQOO3UsZTjURy_YZI0iLfTc,SG->JP,Hotel,Seven Days Hotel Plus,Japanese-style business hotel,2 Chome-13-6 Harimayacho,Kochi,Kochi,JP,33.561942,133.54505,http://www.7dayshotel.com/,+81 88-884-7111,google_maps_vendor_export,2026-08,crawler_exact
ChIJzXocmetxFWARDZgZO-agxsM,SG->JP,Hotel,Hachijo View Hotel,Hotel,八丈町大賀郷4422-1,八丈島,Tokyo,JP,33.1153374,139.7684974,http://www.hachijo-v.co.jp/,+81 4996-2-3221,google_maps_vendor_export,2026-08,crawler_exact
ChIJ-YdSW2w8TjURXQqwi5_BYOw,SG->JP,Retail,Sun Plaza Hq,Supermarket,27-1 Takaokachootsu,Tosa,Kochi,JP,33.4963359,133.4196233,https://www.sunplaza-kochi.co.jp/,+81 88-852-3121,google_maps_vendor_export,2026-08,crawler_exact
ChIJ-YoHy9oCTjURxr9C5njIJ8k,SG->JP,Retail,Sunny Axis Nankoku,Grocery store,大そね乙1009-1,Nankoku,Kochi,JP,33.5665451,133.6487329,http://www.sunnymart.co.jp/,+81 120-631-861,google_maps_vendor_export,2026-08,crawler_exact
ChIJ-ciDSZKIGGARK3ruxPUTLyw,SG->JP,Retail,Rico's Supermarket,Supermarket,5 Chome-48-15 Ojima,Koto City,Tokyo,JP,35.6891831,139.8379796,https://sites.google.com/view/ricosstores,+81 3-3638-9918,google_maps_vendor_export,2026-08,crawler_exact
ChIJ06Qw3T8qIDUR4Ihq3EpkRSw,SG->JP,Retail,米盛ストア,Grocery store,8 Somachi,Kikai,"Oshima District, Kagoshima",JP,28.3383132,130.0022306,https://ptl.zchain.co.jp/store/7797?store_group_id=1,+81 997-66-0020,google_maps_vendor_export,2026-08,crawler_exact
ChIJ0xUUj2Y7BmARvUOhVoTdjqY,SG->JP,Retail,Okuwa Kozagawa,Supermarket,"Takaike, ６４",Kozagawa,"Higashimuro District, Wakayama",JP,33.5249255,135.8214741,https://www.okuwa.net/store/wakayama/108.html,+81 735-72-0067,google_maps_vendor_export,2026-08,crawler_exact
ChIJ2dQaqIYUBmARy3BIT-_hgns,SG->JP,Retail,A Coop Lantis,Supermarket,1076-1 Miwasaki,Shingu,Wakayama,JP,33.684388,135.974779,https://www.ja-wakayama.or.jp/archives/store_post/a%E3%82%B3%E3%83%BC%E3%83%97%E3%83%A9%E3%83%B3%E3%83%86%E3%82%A3%E3%82%B9%E5%BA%97,+81 735-31-6577,google_maps_vendor_export,2026-08,crawler_exact
ChIJ2zixJNi6HzURx0sOJNDVpDE,SG->JP,Retail,だいわ大熊店,Supermarket,13-3 Nazeasahicho,Amami,Kagoshima,JP,28.3973759,129.5261455,http://www.i-daiwa.com/shop/shop.html#kagoshima,+81 997-55-1615,google_maps_vendor_export,2026-08,crawler_exact
ChIJ306Qsh9gTzURYfi1LFCBlhM,SG->JP,Retail,Ace One Uwajima,Supermarket,甲２０６ Yorimatsu,Uwajima,Ehime,JP,33.2032248,132.5530496,http://www.ace1.co.jp/aceone-uwajima.html,+81 895-22-1777,google_maps_vendor_export,2026-08,crawler_exact
ChIJ3VFmD-ozTzUR1qHGXwFBp9M,SG->JP,Retail,Sunny Mart Shimizu,Grocery store,3-１８ Asahimachi,Tosashimizu,Kochi,JP,32.779412,132.960655,http://www.sunnymart.co.jp/,+81 120-953-639,google_maps_vendor_export,2026-08,crawler_exact
ChIJ4S9I8FgYTjUR1Y1j8ARObq8,SG->JP,Retail,SUNNY MART Koda Store,Grocery store,804 Koda,Kochi,Kochi,JP,33.5436524,133.5097852,http://www.sunnymart.co.jp/,+81 120-953-635,google_maps_vendor_export,2026-08,crawler_exact
ChIJ6-ZLYd0iTjURewRjar_4XiU,SG->JP,Retail,SunShine Ravina,Supermarket,1133 Edagawa,Ino,"Agawa District, Kochi",JP,33.551488,133.45342,http://sunshinechain.com/ravina,+81 120-853-481,google_maps_vendor_export,2026-08,crawler_exact
ChIJ6fCnsDUjTjUR_-tCLCX2MCA,SG->JP,Retail,SUNNY MART Ino Store,Grocery store,1188 Shinmachi,Ino,"Agawa District, Kochi",JP,33.5477726,133.4279814,http://www.sunnymart.co.jp/,+81 120-953-631,google_maps_vendor_export,2026-08,crawler_exact
ChIJ72cAtWKD-jQRyYS6Kh3IQfY,SG->JP,Retail,玉寄スーパー,Supermarket,1186 Nakadomari,Kumejima,"Shimajiri District, Okinawa",JP,26.3455,126.74979,undefined,+81 98-985-2104,google_maps_vendor_export,2026-08,crawler_exact
ChIJ7RY-YIe6HzUR9bqavQXSQXE,SG->JP,Retail,Green Store Irifune,Supermarket,18-21 Nazeirifunecho,Amami,Kagoshima,JP,28.3800075,129.4929753,https://xn--cck1a1a1d6i2b4c.com/store.html,+81 997-53-7087,google_maps_vendor_export,2026-08,crawler_exact
ChIJ7WQdysgbTjUR1EwVUIEGihs,SG->JP,Retail,Ace One Tozu,Supermarket,"Tozu, 1 Chome−3−53 エースワン十津店内",Kochi,Kochi,JP,33.5265709,133.5724496,http://www.ace1.co.jp/aceone-tozu.html,+81 88-847-0500,google_maps_vendor_export,2026-08,crawler_exact
ChIJ7cdaWf2gB2ARcnkVTXB6-k8,SG->JP,Retail,Gourmet City Shirahama shop,Grocery store,1349-1 １階,Shirahama,"Nishimuro District, Wakayama",JP,33.6843347,135.3457237,https://www.daiei.co.jp/stores/d0844/,+81 739-42-3144,google_maps_vendor_export,2026-08,crawler_exact
ChIJ8SYKih8cTjURd_mAMtiF7Ug,SG->JP,Retail,A Max Ikku,Supermarket,28-12 Azono Minamimachi,Kochi,Kochi,JP,33.5769231,133.5618951,https://www.ace1.co.jp/store/store-ikku/,+81 88-846-1888,google_maps_vendor_export,2026-08,crawler_exact
ChIJ8YbaUH4-TzURRY60AklFWwk,SG->JP,Retail,Fuji Nakamura,Supermarket,7 Chome-4-17 Nakamuraohashidori,Shimanto,Kochi,JP,32.9894999,132.9390534,https://www.the-fuji.com/fuji/store/shop/kochi/fuji_nakamura.php,+81 880-35-2141,google_maps_vendor_export,2026-08,crawler_exact
ChIJ9XeUhJRxFWARGhpqYX-Tk3Q,SG->JP,Retail,Asanuma Supermarket,Supermarket,2370-1 Okago,Hachijo Town,八丈島 Tokyo,JP,33.108544,139.7886026,https://www.hachijo.gr.jp/goods/supermarket-asanuma/,+81 4996-2-3113,google_maps_vendor_export,2026-08,crawler_exact
ChIJ9Z7JU_8YTjURFaYPKMLF908,SG->JP,Retail,Ace1 Koda,Supermarket,1395-5 Koda,Kochi,Kochi,JP,33.5421285,133.5176256,https://www.ace1.co.jp/store/store-koda/,+81 88-834-5188,google_maps_vendor_export,2026-08,crawler_exact
ChIJ9f-_lNPlGGARboPYg1dKWa4,SG->JP,Retail,Gyomu Super Kodaira,Discount supermarket,1 Chome-14-28 Kiheicho,Kodaira,Tokyo,JP,35.716298,139.4910627,https://www.gyomusuper.jp/shop/detail.php?sh_id=549,+81 42-329-9531,google_maps_vendor_export,2026-08,crawler_exact
ChIJ9zRx9RklBmARLB7L5mI5nOM,SG->JP,Retail,A-Coop Kinan Vaseo,Supermarket,1551-1 Kushimoto,Kushimoto,"Higashimuro District, Wakayama",JP,33.4627762,135.7815246,https://www.ja-wakayama.or.jp/archives/store_post/a%E3%82%B3%E3%83%BC%E3%83%97vaseo,+81 735-69-2222,google_maps_vendor_export,2026-08,crawler_exact
ChIJA6N-hJm6HzURlLE4zhIVQxQ,SG->JP,Retail,"Green Store Co., Ltd.Nagahama branch store.",Supermarket,"Nazenagahamacho, 18−1 中村ビル 1F",Amami,Kagoshima,JP,28.3945407,129.4946122,https://xn--cck1a1a1d6i2b4c.com/about.html,+81 997-52-4052,google_maps_vendor_export,2026-08,crawler_exact
ChIJAQA0oaSWGGARISLDh9Zmi9A,SG->JP,Retail,Supermarket ZENEI,Grocery store,2 Chome-42-14 Seimon,Sōka,Saitama,JP,35.850409,139.7799483,https://www.michikofoods.co.jp/company_profile/,+81 48-954-6545,google_maps_vendor_export,2026-08,crawler_exact
ChIJAQAUNeVFTzUR2VraKIbsGmg,SG->JP,Retail,Gyomu Super Sukumo,Discount supermarket,51-1 Oshinokawa,Sukumo,Kochi,JP,32.9545085,132.7775421,undefined,+81 880-66-1866,google_maps_vendor_export,2026-08,crawler_exact
ChIJAQNEYDnbGGARYmRkysa1CKQ,SG->JP,Retail,Gyomu Supermarket Kawagoe Branch,Supermarket,5-1 Shiroshitamachi,Kawagoe,Saitama,JP,35.9275036,139.491708,https://www.gyomusuper.jp/shop/detail.php?sh_id=1449,+81 49-228-5385,google_maps_vendor_export,2026-08,crawler_exact
ChIJAWzvAQccTjURjn3xQayT-o4,SG->JP,Retail,Fuji Grand Katsurashima,Shopping mall,3-30 Oguracho,Kochi,Kochi,JP,33.55855,133.5672504,https://www.the-fuji.com/fuji/store/shop/kochi/grand_kazurashima.php,+81 88-878-0511,google_maps_vendor_export,2026-08,crawler_exact
ChIJAY0sYWYcTjURwu-N5aQFesM,SG->JP,Retail,Nankoku Supermarket Takasu,Supermarket,3 Chome-27-35 Takasu,Kochi,Kochi,JP,33.5602885,133.5916179,http://www.nankokusuper.net/,+81 88-884-0200,google_maps_vendor_export,2026-08,crawler_exact
ChIJBWVwtLcCTjURxdn43SPnwaw,SG->JP,Retail,NANKOKU PASTE Supar Shop,Grocery store,"Ekimaecho, 1-chome−4−34 ２Ｆ",Nankoku,Kochi,JP,33.5784095,133.6451855,http://www.nankokusuper.net/,+81 88-863-1146,google_maps_vendor_export,2026-08,crawler_exact
ChIJCeHWq2W6HzURoOE98n4fIBU,SG->JP,Retail,（株）グリーンストア 古田店,Supermarket,"Nazefurutacho, 14−20 興ビル",Amami,Kagoshima,JP,28.3700108,129.4995949,undefined,+81 997-53-7357,google_maps_vendor_export,2026-08,crawler_exact
ChIJD367XcSATzURKngfmyLJwv8,SG->JP,Retail,Lamu Ozu,Discount supermarket,281-1 Tokunomori,Ozu,Ehime,JP,33.5318219,132.5775354,https://www.dkt-s.com/map.html?id=316,+81 893-59-4520,google_maps_vendor_export,2026-08,crawler_exact
ChIJD8FUeWBNTzURIG4ljh12NUg,SG->JP,Retail,SUNNY MART FC Commons Otsuki Store,Supermarket,2039-1 Hiromi,Otsuki,"Hata District, Kochi",JP,32.8448791,132.7097931,http://www.sukumo-kurihara.co.jp/doc/group.html,+81 880-73-0501,google_maps_vendor_export,2026-08,crawler_exact
ChIJDWVe5eUXTjURDIjeEdro8Bk,SG->JP,Retail,Aコープはるの,Supermarket,西分512−2,Kochi,Kochi,JP,33.5030761,133.4927819,undefined,+81 88-894-3033,google_maps_vendor_export,2026-08,crawler_exact
ChIJESUyve-JRTURP7aubyL11ZE,SG->JP,Retail,Fuji Yoshida,Supermarket,甲１７５−３ Yoshidacho Higashikoji,Uwajima,Ehime,JP,33.2770369,132.5397098,https://www.the-fuji.com/fuji/store/shop/ehime/fuji_yoshida.php,+81 895-52-2121,google_maps_vendor_export,2026-08,crawler_exact
ChIJEWPGC6LyGGARq8NKk17BIFo,SG->JP,Retail,Rico's Supermarket,Supermarket,"Arai, 5 Chome−26−1 天野ビル",Nakano City,Tokyo,JP,35.7156465,139.6709494,https://sites.google.com/view/ricosstores,+81 3-3387-5299,google_maps_vendor_export,2026-08,crawler_exact
ChIJEWoHAUyjHzURQCUM0jED-Cc,SG->JP,Retail,まーさん市場,Supermarket,6-1 Ogachi,Tatsugo,"Oshima District, Kagoshima",JP,28.392349,129.584499,https://amamigift.com/,+81 997-55-4855,google_maps_vendor_export,2026-08,crawler_exact
ChIJF-cgTgAfGWARIoirtlrQve0,SG->JP,Retail,Gyomu Supermarket Akiruno Higashi,Grocery store,"Ogawahigashi, 3 Chome−９−11",Akiruno,Tokyo,JP,35.7202717,139.3238396,https://www.gyomusuper.jp/shop/detail.php?sh_id=1957,+81 42-532-3077,google_maps_vendor_export,2026-08,crawler_exact
ChIJFddDpJQZTjURyW6MN_sW8RQ,SG->JP,Retail,Sunshine Vian,Supermarket,"Seto Higashimachi, 2 Chome−７−7",Kochi,Kochi,JP,33.5114796,133.5457914,http://sunshinechain.com/vian,+81 120-623-481,google_maps_vendor_export,2026-08,crawler_exact
ChIJGV_ZOoi6HzUReOTw-0gvGBc,SG->JP,Retail,Green Store Itsubu,Supermarket,6-20 Nazeitsubucho,Amami,Kagoshima,JP,28.3786892,129.4986475,https://xn--cck1a1a1d6i2b4c.com/index.html,+81 997-57-7880,google_maps_vendor_export,2026-08,crawler_exact
ChIJGZCQyVXyHmARjnDKwWsuKIo,SG->JP,Retail,JA Supermarket,Supermarket,1 Chome-38-21 Asahicho,Maebashi,Gunma,JP,36.388831,139.0837348,https://www.acoop-east-t.jp/store/list/store_16.html,+81 27-220-1313,google_maps_vendor_export,2026-08,crawler_exact
ChIJH-Eq6s5hTzURotHgKhIRr_w,SG->JP,Retail,Fuji Supermarket Uwajima,Supermarket,2 Chome-3-28 Ebisumachi,Uwajima,Ehime,JP,33.2250587,132.5640748,https://www.the-fuji.com/fuji/store/shop/ehime/fuji_uwajima.php,+81 895-22-6565,google_maps_vendor_export,2026-08,crawler_exact
ChIJI3M1GGRp5TQRXrTjqFoIWZU,SG->JP,Retail,Sakaemachi Ryubo,Supermarket,388-6 Asato,Naha,Okinawa,JP,26.2164345,127.6965713,https://ryubostore.jp/shop/sakaemachi.html,+81 98-835-5165,google_maps_vendor_export,2026-08,crawler_exact
ChIJIRFAdjr6GGARZ0ug1rN3PTQ,SG->JP,Retail,Sotetsu Rosen Supermarket,Supermarket,5 Chome-39-12 Kamiasao,Kawasaki,Kanagawa,JP,35.5901362,139.4975446,https://www.sotetsu.rosen.co.jp/shopdetail?scode=0070,+81 44-980-2115,google_maps_vendor_export,2026-08,crawler_exact
ChIJIacjNXAYTjURAVqJPAkOOws,SG->JP,Retail,Sunshine Asakura,Supermarket,7-16 Asakura Minamimachi,Kochi,Kochi,JP,33.5412896,133.4924222,https://sunshinechain.com/asakura,+81 88-840-1155,google_maps_vendor_export,2026-08,crawler_exact
ChIJIaxr1fQYTjURMiAMyZIRfFM,SG->JP,Retail,コープ かもべ,Supermarket,2 Chome-4-43 Kamobe,Kochi,Kochi,JP,33.5504554,133.5030493,https://www.kochicoop.or.jp/services/shop/,+81 120-040-908,google_maps_vendor_export,2026-08,crawler_exact
ChIJIycjiMYeTjUR_TJ-PX1LG08,SG->JP,Retail,ACE One Jinzenji,Supermarket,80-1 Nakajinzenji,Kochi,Kochi,JP,33.5802308,133.5367282,http://www.ace1.co.jp/aceone-jinzenji.html,+81 88-872-1117,google_maps_vendor_export,2026-08,crawler_exact
ChIJJYVRv3GwHzURXPp9basX59c,SG->JP,Retail,Taiyo Asani,Supermarket,"Nazeasanicho, 29−5 29番5号",Amami,Kagoshima,JP,28.3986239,129.4773575,http://www.taiyonet.com/_tenpo/dbdsp.cgi?No=58&mode=dsp_zoom,+81 997-52-5780,google_maps_vendor_export,2026-08,crawler_exact
ChIJJzmhDeYcTjURajliGbzj9BQ,SG->JP,Retail,Sunshine Furesshupawa Keraten,Supermarket,286 Kera,Kochi,Kochi,JP,33.5641073,133.6141275,http://sunshinechain.com/kera,+81 120-483-481,google_maps_vendor_export,2026-08,crawler_exact
ChIJM4JNnaBp5TQRWJoKcE3QxMY,SG->JP,Retail,Aeon The Big Express Tsubogawa,Supermarket,2 Chome-4-2 Tsubogawa,Naha,Okinawa,JP,26.204042,127.6811658,https://www.aeon-ryukyu.jp/,+81 98-996-1880,google_maps_vendor_export,2026-08,crawler_exact
ChIJMV9yuX4YTjURMjszFnNPVOw,SG->JP,Retail,Ace One Asakura,Supermarket,朝倉丙331,Kochi,Kochi,JP,33.5517049,133.4885811,https://www.ace1.co.jp/store/store-asakura/,+81 88-840-1228,google_maps_vendor_export,2026-08,crawler_exact
ChIJMyQRVfPrGGAR7x3nAqQS1vM,SG->JP,Retail,Rico's Supermarket,Supermarket,"Narimasu, 3 Chome−43−10 コーポ市川 １階",Itabashi City,Tokyo,JP,35.782676,139.6297386,https://g-7ricosstores.co.jp/shop/shop97/,+81 3-3930-5119,google_maps_vendor_export,2026-08,crawler_exact
ChIJN-UyNaciTjUR3mMhE2WId9s,SG->JP,Retail,Mainichiya Tosa-doro Store,Grocery store,Ki-１５２−１ Asakura,Kochi,Kochi,JP,33.53444,133.482426,http://www.orikomi.tv/shop.php?id=3119,+81 120-190-323,google_maps_vendor_export,2026-08,crawler_exact
ChIJN6As5IRp5TQRSaKIWYxdHfA,SG->JP,Retail,Aeon MaxValu Wakasa,Supermarket,1 Chome-19-1 Wakasa,Naha,Okinawa,JP,26.2210294,127.6736385,https://www.aeon-ryukyu.jp/,+81 98-869-1100,google_maps_vendor_export,2026-08,crawler_exact
ChIJN9BRXyCNGGARm7uxQ7eg0JY,SG->JP,Retail,CO-OP Toyama,Supermarket,2 Chome-33-2 Toyama,Shinjuku City,Tokyo,JP,35.7010886,139.7089833,http://shop-mirai.coopnet.or.jp/shop/tokyo/coop_toyama/,+81 3-3203-0021,google_maps_vendor_export,2026-08,crawler_exact
ChIJNSfmjx2hB2ARepOLRTgMRKw,SG->JP,Retail,Gyomu Super Shirahama,Discount supermarket,1111-21,Shirahama,"Nishimuro District, Wakayama",JP,33.6853479,135.3493095,https://www.gyomusuper.jp/shop/detail.php?sh_id=843,+81 739-43-3300,google_maps_vendor_export,2026-08,crawler_exact
ChIJO40InSUlBmARom-h3xB5v5A,SG->JP,Retail,Okuwa Kushimoto Store,Supermarket,40-22 Kushimoto,Kushimoto,"Higashimuro District, Wakayama",JP,33.4760048,135.7831304,https://www.okuwa.net/store/wakayama/109.html,+81 735-62-0312,google_maps_vendor_export,2026-08,crawler_exact
ChIJP8nsfDy7HzURIJUNp2-zGvA,SG->JP,Retail,Taiyō.Uragami branch store.,Supermarket,"Naze Oaza Uragami, 字緑１１３３－４",Amami,Kagoshima,JP,28.3875785,129.5412353,https://www.taiyonet.com/_tenpo/dbdsp.cgi?No=91&mode=dsp_zoom,+81 997-57-6655,google_maps_vendor_export,2026-08,crawler_exact
ChIJPR_i4_IBTjUR1qbPFkqACZA,SG->JP,Retail,Fresh Power Konan,Supermarket,1383-1 Akaokacho,Konan,Kochi,JP,33.544428,133.721684,http://sunshinechain.com/konan,+81 887-55-5111,google_maps_vendor_export,2026-08,crawler_exact
ChIJPRf50V9NTzURLheqNtnPl5w,SG->JP,Retail,ママショッピングセンター,Supermarket,1690 Hiromi,Otsuki,"Hata District, Kochi",JP,32.8444485,132.7089131,undefined,+81 880-73-0024,google_maps_vendor_export,2026-08,crawler_exact
ChIJQ04b4ZL3UjURXk0ZQ0QoE4o,SG->JP,Retail,Porto Mugi,Shopping mall,"Nakamura, Honson−106-10 ポルト牟岐モール",Mugi,"Kaifu District, Tokushima",JP,33.671948,134.419536,undefined,+81 884-72-1228,google_maps_vendor_export,2026-08,crawler_exact
ChIJQ1ZsCjWETzURB-b5fg1AIJo,SG->JP,Retail,FUJI Uchiko shop,Supermarket,1455 Uchiko,Uchiko,"Kita District, Ehime",JP,33.5478882,132.6515982,https://www.the-fuji.com/fuji/store/shop/ehime/fuji_uchiko.php,+81 893-43-1111,google_maps_vendor_export,2026-08,crawler_exact
ChIJQSWvksxo5TQRj8IXr_brL_A,SG->JP,Retail,Town Plaza Kanehide Kochinda Marketplace,Supermarket,246-2 Iha,Yaese,"Shimajiri District, Okinawa",JP,26.1607418,127.7220687,https://www.kanehideshj.com/store/%E3%82%BF%E3%82%A6%E3%83%B3%E3%83%97%E3%83%A9%E3%82%B6-%E6%9C%AC%E5%B3%B6%E5%8D%97%E9%83%A8%E5%9C%B0%E5%8C%BA%E3%80%90%E5%85%AB%E9%87%8D%E7%80%AC%E7%94%BA%E3%80%91%EF%BC%9A%E3%82%BF%E3%82%A6%E3%83%B3/,+81 98-835-7400,google_maps_vendor_export,2026-08,crawler_exact
ChIJQVa-88ceTjURIsvMKqjl-sE,SG->JP,Retail,Sunshine Bertis,Supermarket,324 Maezato,Kochi,Kochi,JP,33.5778686,133.5410722,https://sunshinechain.com/stores,+81 120-563-481,google_maps_vendor_export,2026-08,crawler_exact
ChIJR6-pVx0cTjURsbi3byDVIR0,SG->JP,Retail,SUNNY MART Tosanosato Goza Store,Grocery store,10-19 Kitagoza,Kochi,Kochi,JP,33.5688663,133.5616521,http://www.sunnymart.co.jp/,+81 120-953-253,google_maps_vendor_export,2026-08,crawler_exact
ChIJRRFsll4ATzUR7IDU9DPK4CA,SG->JP,Retail,SUNNY MART FC Miyata Eight Kubokawa Store,Supermarket,2-12 Furuichimachi,Shimanto,"Takaoka District, Kochi",JP,33.2095884,133.1400102,http://www.sunnymart.co.jp/,+81 880-22-2211,google_maps_vendor_export,2026-08,crawler_exact
ChIJS_dwpM1OTjURe-R64xTtOBo,SG->JP,Retail,Fuji Susaki,Supermarket,2-chome-7-15 Nishimachi,Susaki,Kochi,JP,33.3878323,133.2795674,https://www.the-fuji.com/fuji/store/shop/kochi/fuji_susaki.php,+81 889-43-2811,google_maps_vendor_export,2026-08,crawler_exact
ChIJSxnZHRMCTjURV7Wz3gznxNc,SG->JP,Retail,Fuji Grand Noichi,Shopping mall,2007-1 Noichicho Nishino,Konan,Kochi,JP,33.5611848,133.6962871,https://www.the-fuji.com/fuji/store/shop/kochi/grand_noichi.php,+81 887-57-8211,google_maps_vendor_export,2026-08,crawler_exact
ChIJU7vB_639UTUR-O0qar1bAEU,SG->JP,Retail,Value Akebono,Supermarket,344番5号 Tosayamadacho,Kami,Kochi,JP,33.6089673,133.6856744,http://value-tsc.jp/,+81 887-53-5055,google_maps_vendor_export,2026-08,crawler_exact
ChIJUW09i1mkB2ARI_4lFeRz4L4,SG->JP,Retail,Sunny Mart,Supermarket,541-1 Tonda,Shirahama,"Nishimuro District, Wakayama",JP,33.642111,135.401452,https://ptl.zchain.co.jp/store/5030,+81 739-45-3000,google_maps_vendor_export,2026-08,crawler_exact
ChIJV-UWEcWlGWARXQYpVkvGb4Q,SG->JP,Retail,Gyomu Supermarket Odawara Naruda Store,Supermarket,48-1 Naruda,Odawara,Kanagawa,JP,35.2894112,139.1743191,https://www.makiya-group.co.jp/gyomu/?utm_source=google&utm_medium=gmb&utm_campaign=mybusiness,+81 465-36-7700,google_maps_vendor_export,2026-08,crawler_exact
ChIJV-e6WwD9GGARcdeSovBIODQ,SG->JP,Retail,Gyomu Supermarket Kaidori-danchi,Discount supermarket,"Kaidori, 4 Chome−２−2",Tama,Tokyo,JP,35.6149148,139.4384282,https://www.gyomusuper.jp/shop/detail.php?sh_id=1965,+81 42-319-3270,google_maps_vendor_export,2026-08,crawler_exact
ChIJV7R9hsLCHmARoTVbeLEH0Go,SG->JP,Retail,Yamashiroya Discount Supermarket,Discount supermarket,1785-1 Kitabori,Honjo,Saitama,JP,36.2253652,139.1881943,https://yamashiroya.jp/,+81 495-22-6800,google_maps_vendor_export,2026-08,crawler_exact
ChIJVedckhqSGGAREwZac8equvw,SG->JP,Retail,Rico's Supermarket,Grocery store,"Kohoku, 2 Chome−29−5 早栄マンション西新井",Adachi City,Tokyo,JP,35.7692435,139.7637789,https://g-7ricosstores.co.jp/shop/#adachi,+81 3-3856-9109,google_maps_vendor_export,2026-08,crawler_exact
ChIJW5fQKXOMTTURBV_MZRrRJjI,SG->JP,Retail,Sun Shine Muroto store,Supermarket,37-1 Ukitsu,Muroto,Kochi,JP,33.2910178,134.1524498,http://www.muroto-shopping.co.jp/,+81 120-183-481,google_maps_vendor_export,2026-08,crawler_exact
ChIJWQedWBKFGGARU7WDyU8tSGQ,SG->JP,Retail,Gyomu Supermarket Kanamachi,Grocery store,5 Chome-25-11 Higashikanamachi,Katsushika City,Tokyo,JP,35.778139,139.877776,https://www.gyomusuper.jp/shop/detail.php?sh_id=1277,+81 3-5648-8051,google_maps_vendor_export,2026-08,crawler_exact
ChIJWx_MxSSTGGARA7K3iLGuMwY,SG->JP,Retail,Rico's Supermarket,Supermarket,3 Chome-19-4 Akabanekita,Kita City,Tokyo,JP,35.7799939,139.7047656,https://sites.google.com/view/ricosstores,+81 3-3900-9909,google_maps_vendor_export,2026-08,crawler_exact
ChIJXUt04-oZTjURxaduQHG97ts,SG->JP,Retail,Sunny Mart Seto,Grocery store,3 Chome-１３−１ Seto Nishimachi,Kochi,Kochi,JP,33.5106689,133.5436523,http://www.sunnymart.co.jp/,+81 120-953-638,google_maps_vendor_export,2026-08,crawler_exact
ChIJYwXEqqgeTjURKMUdeAFk71A,SG->JP,Retail,A-Price Kochi,Supermarket,10-8 Sugiiru,Kochi,Kochi,JP,33.5704371,133.5559146,https://www.to-ho.co.jp/toho_news/news000709.html,+81 88-878-1351,google_maps_vendor_export,2026-08,crawler_exact
ChIJZ8jdFCe7HzURW8eeBD0q6hc,SG->JP,Retail,Izumi Store,Supermarket,17-9 Nazeariyacho,Amami,Kagoshima,JP,28.393414,129.529192,http://www.izumi-store.com/,+81 997-53-1668,google_maps_vendor_export,2026-08,crawler_exact
ChIJ_RY5U1mGGGARFfh86D94mcs,SG->JP,Retail,Gyomu Supermarket Kawachiya Shishibone Store,Discount supermarket,4 Chome-26-16 Shishibone,Edogawa City,Tokyo,JP,35.7129389,139.8909711,https://www.gyomusuper.jp/shop/detail.php?sh_id=538,+81 3-5664-1353,google_maps_vendor_export,2026-08,crawler_exact
ChIJ__-vONXzGGARWYuj1KEJpb8,SG->JP,Retail,Gyomu Supermarket @Kasuya,Discount supermarket,1 Chome-8-23 Kasuya,Setagaya City,Tokyo,JP,35.6592514,139.6108505,https://www.gyomusuper.jp/shop/detail.php?sh_id=1236,+81 3-5942-1411,google_maps_vendor_export,2026-08,crawler_exact
ChIJ__9PVN5YGGAR53mTFlnQLDo,SG->JP,Retail,Supermarket Angel,Supermarket,445 Kozukuecho,Yokohama,Kanagawa,JP,35.5081169,139.591405,http://s-kawaguchi.jp/,+81 45-565-9288,google_maps_vendor_export,2026-08,crawler_exact
ChIJa8vLc_4DGWARsUPWovzlXsU,SG->JP,Retail,KOHSEIYA - Shimokuzawa Store (Supermarket),Supermarket,2121-1 Shimokuzawa,Sagamihara,Kanagawa,JP,35.5814171,139.3366928,http://kohseiya.co.jp/,+81 42-703-0321,google_maps_vendor_export,2026-08,crawler_exact
ChIJb70E4ZL3UjURzGm_nO2ELU8,SG->JP,Retail,フレッシュフーズオオキタポルト牟岐店,Supermarket,Honson-106-10 Nakamura,Mugi,"Kaifu District, Tokushima",JP,33.671948,134.419536,http://ff-ookita.jp/,+81 884-72-3458,google_maps_vendor_export,2026-08,crawler_exact
ChIJbRuWbPs2TjURNDqcC0sVZqA,SG->JP,Retail,Sunshine Sakawa,Supermarket,1786 Ko,Sakawa,"Takaoka District, Kochi",JP,33.505144,133.2845972,https://sunshinechain.com/sakawa,+81 120-803-481,google_maps_vendor_export,2026-08,crawler_exact
ChIJbSGffjUZTjUR7mMXkOkiuG4,SG->JP,Retail,Ace1 Kochiekimaeten,Supermarket,1 Chome-8-1 Kitahonmachi,Kochi,Kochi,JP,33.5657851,133.5412384,https://www.ace1.co.jp/store-kochiekimae.html,+81 88-871-1228,google_maps_vendor_export,2026-08,crawler_exact
ChIJc6VJNdJeGGARxk2psHxPies,SG->JP,Retail,Rico's Supermarket,Supermarket,2 Chome-7-17 Shinyokohama,Yokohama,Kanagawa,JP,35.5074421,139.6134601,https://sites.google.com/view/ricosstores,+81 45-471-9916,google_maps_vendor_export,2026-08,crawler_exact
ChIJc6WDP7G8HzUR9c2-OxHW9C8,SG->JP,Retail,Big II Amami,Supermarket,580 Nakagachi,Tatsugo,"Oshima District, Kagoshima",JP,28.3810437,129.5838057,http://www.big2.co.jp/,+81 997-55-4100,google_maps_vendor_export,2026-08,crawler_exact
ChIJcZaxb326HzURceczpIooGo0,SG->JP,Retail,Green Store Suehiro,Grocery store,1-15 Nazesuehirocho,Amami,Kagoshima,JP,28.3786841,129.4947214,https://xn--cck1a1a1d6i2b4c.com/index.html,+81 997-57-1011,google_maps_vendor_export,2026-08,crawler_exact
ChIJcx28VwNlTzURJ_cF9311bsE,SG->JP,Retail,Fuji Hiromi,Supermarket,390 Chikanaga,Kihoku,"Kitauwa District, Ehime",JP,33.255399,132.67329,https://www.the-fuji.com/fuji/store/shop/ehime/fuji_hiromi.php,+81 895-20-6211,google_maps_vendor_export,2026-08,crawler_exact
ChIJd102giTHGGARyPPNfqt0xbA,SG->JP,Retail,Gyomu Supermarket (Higashi Omiya),Discount supermarket,"Haruoka, 3 Chome−３４−6",Saitama,Saitama,JP,35.9492666,139.6583651,http://www.kobebussan.co.jp/shop/detail.php?sh_id=632,+81 48-688-8718,google_maps_vendor_export,2026-08,crawler_exact
ChIJdUEt_OwzTzURFAZmNmhDvAc,SG->JP,Retail,フレッシュマートいなん,Supermarket,1-11 Tenjincho,Tosashimizu,Kochi,JP,32.7801437,132.9538769,http://www.plaza-pal.co.jp/,+81 880-82-4601,google_maps_vendor_export,2026-08,crawler_exact
ChIJdd1aUF8R5TQRUNX1sPsRVmI,SG->JP,Retail,MaxValu Zakimi,Supermarket,205ｰ1 Uechi,Yomitan,"Nakagami District, Okinawa",JP,26.4037172,127.7364456,https://www.aeon-ryukyu.jp/,+81 98-923-3027,google_maps_vendor_export,2026-08,crawler_exact
ChIJe2Vsq3c1TzURHuJaw2_BsdI,SG->JP,Retail,スーパーストアーみやむら,Supermarket,4 Chome-1-5 Misakiura,Tosashimizu,Kochi,JP,32.790909,132.875881,http://miyamurastore.com/index.html,+81 880-85-0705,google_maps_vendor_export,2026-08,crawler_exact
ChIJe2xV6s1hTzUReXpR1um_rrA,SG->JP,Retail,Happy Supermarket,Supermarket,3 Chome-6-15 Sakaemachiminato,Uwajima,Ehime,JP,33.22366,132.561802,https://ptl.zchain.co.jp/store/8645,+81 895-24-5153,google_maps_vendor_export,2026-08,crawler_exact
ChIJe3880LWmB2ARkE1O1UVQ0jU,SG->JP,Retail,Okuwa Shirahama Katata,Supermarket,"Katata, 塩谷2056-1",Shirahama,"Nishimuro District, Wakayama",JP,33.6794883,135.3787225,https://www.okuwa.net/store/wakayama/317.html,+81 739-42-2111,google_maps_vendor_export,2026-08,crawler_exact
ChIJeT6Z21E8TjURxx44W4B2xkY,SG->JP,Retail,Sunny Mart Takaoka,Grocery store,333-4 Takaokachoko,Tosa,Kochi,JP,33.4949138,133.438793,http://www.sunnymart.co.jp/,+81 120-953-647,google_maps_vendor_export,2026-08,crawler_exact
ChIJeWBIKsb8GGAR8VecLdb1-2A,SG->JP,Retail,Supermarket Santoku Tama branch,Supermarket,"Tsurumaki, 5 Chome−１",Tama,Tokyo,JP,35.6119331,139.4235333,https://santoku.co.jp/shop#area-0,+81 42-372-3109,google_maps_vendor_export,2026-08,crawler_exact
ChIJfQCJZSk9TjURVZvB5ZJrTv8,SG->JP,Retail,Sanpurazashinsenkan Tennoten,Grocery store,"Tennominami, 4 Chome−１−2",Ino,"Agawa District, Kochi",JP,33.5307143,133.4482878,http://www.sunplaza-kochi.co.jp/01kaisya/tenpo/tenpo-02.html,+81 88-891-5800,google_maps_vendor_export,2026-08,crawler_exact
ChIJfRgJk82HRTURBN2QteMUlho,SG->JP,Retail,Fuji Uwa,Grocery store,4 Chome-654 Uwacho Unomachi,Seiyo,Ehime,JP,33.3600632,132.5152502,https://www.the-fuji.com/fuji/store/shop/ehime/fuji_uwa.php,+81 894-62-7211,google_maps_vendor_export,2026-08,crawler_exact
ChIJfbkFnB2kB2ARd9yoo2a4LHk,SG->JP,Retail,Value House Nishitonda,Supermarket,645-1 Katata,Shirahama,"Nishimuro District, Wakayama",JP,33.6660815,135.3865617,undefined,+81 739-45-2255,google_maps_vendor_export,2026-08,crawler_exact
ChIJfygdFc09TzURPtoHteohVkk,SG->JP,Retail,Sunny Mart Shimanto,Supermarket,"Kotsuka, 4 Chome−３０",Shimanto,Kochi,JP,32.9828704,132.9531551,http://www.sunnymart.co.jp/,+81 120-953-641,google_maps_vendor_export,2026-08,crawler_exact
ChIJheAl4uUZTjUR4PHEuYFwrZk,SG->JP,Retail,Nankoku Super Nagahama,Grocery store,626 Nagahama,Kochi,Kochi,JP,33.501075,133.546405,http://www.nankokusuper.net/,+81 88-842-3251,google_maps_vendor_export,2026-08,crawler_exact
ChIJi8wFIbMeTjURpxXXrEgxxIQ,SG->JP,Retail,Sunshine Crea,Supermarket,3 Chome-8-17 Kitahonmachi,Kochi,Kochi,JP,33.5657628,133.5487857,http://sunshinechain.com/crea,+81 120-593-481,google_maps_vendor_export,2026-08,crawler_exact
ChIJj9ZCQAwHUjURpny6kqOtTAY,SG->JP,Retail,Sunshine Land,Supermarket,3-3 Saiwaicho,Aki,Kochi,JP,33.5036528,133.899492,http://sunshinechain.com/land,+81 120-443-481,google_maps_vendor_export,2026-08,crawler_exact
ChIJjxSX5PMBTjURQfaMzShY-nE,SG->JP,Retail,A-MAX Akaoka,Supermarket,"Akaokacho, 旭町1930-1",Konan,Kochi,JP,33.548158,133.719754,http://www.ace1.co.jp/a-max-akaoka.html,+81 887-54-1777,google_maps_vendor_export,2026-08,crawler_exact
ChIJk9UYJvQATzURjk8GAXSsLvU,SG->JP,Retail,Sunshine Shimanto Hamaya shop,Supermarket,7-476-1 Kotohiramachi,Shimanto,"Takaoka District, Kochi",JP,33.2117544,133.1325103,http://sunshinechain.com/shimanto,+81 120-643-481,google_maps_vendor_export,2026-08,crawler_exact
ChIJmaLZZFnxGGAR7l_PNC1oGnk,SG->JP,Retail,Summit Supermarket Seijo,Grocery store,1 Chome-3-1 Seijo,Setagaya City,Tokyo,JP,35.6329917,139.604815,https://www.summitstore.co.jp/store/tokyo/post/?id=154,+81 3-5494-6550,google_maps_vendor_export,2026-08,crawler_exact
ChIJmcHdP0xnGGAR4PA_pkxyAag,SG->JP,Retail,Rico's Supermarket,Supermarket,5 Chome-7-10 Oda,Kawasaki,Kanagawa,JP,35.5110255,139.7051752,https://sites.google.com/view/ricosstores,+81 44-355-8409,google_maps_vendor_export,2026-08,crawler_exact
ChIJnZO1bGrhHmARdrhjW1ZwmVM,SG->JP,Retail,Supermarket Tanba,Supermarket,1697 Yabuzukacho,Ota,Gunma,JP,36.3602778,139.3052778,https://supertanba.com/,+81 277-78-2853,google_maps_vendor_export,2026-08,crawler_exact
ChIJnbVsoVfATzURBPd35TALWN4,SG->JP,Retail,（株）松山生協 久万店,Supermarket,1281-1 Kuma,Kumakogen,"Kamiukena District, Ehime",JP,33.6554302,132.9007662,http://www.matsuyamaseikyo.co.jp/,+81 892-21-2160,google_maps_vendor_export,2026-08,crawler_exact
ChIJo1wSuqLlGGARjSl_GxYHUsM,SG->JP,Retail,SEIJO ISHII,Supermarket,"Honcho, 6 Chome−14−45 nonowa武蔵小金井 SOUTH 1F",Koganei,Tokyo,JP,35.7003006,139.5066454,https://shop.seijoishii.co.jp/seijoishii/spot/detail?code=0082,+81 42-380-6131,google_maps_vendor_export,2026-08,crawler_exact
ChIJoTeOiaQiTjURisFKPxRQa7A,SG->JP,Retail,Sunshine Harigi,Supermarket,"Harigihonmachi, 3−35 サンシャイン針木",Kochi,Kochi,JP,33.5363261,133.4764232,http://sunshinechain.com/stores,+81 88-828-4400,google_maps_vendor_export,2026-08,crawler_exact
ChIJoeZ5XT5gGGAR7xPGHIzSYAo,SG->JP,Retail,Gyomu Supermarket Ikegami-dōri,Discount supermarket,6 Chome-28-5 Central,Ota City,Tokyo,JP,35.5765037,139.7136085,https://www.gyomusuper.jp/shop/detail.php?sh_id=1244,+81 3-5747-6321,google_maps_vendor_export,2026-08,crawler_exact
ChIJowu_pTIZTjURYsZr7zEtEWo,SG->JP,Retail,Direx Yoshida,Discount store,3-7 Yoshidacho,Kochi,Kochi,JP,33.5709998,133.5323507,https://www.ds-direx.co.jp/list/detail/7258&search=p,+81 88-855-7807,google_maps_vendor_export,2026-08,crawler_exact
ChIJp6Qr6Is-TjUReSLfM1htlNk,SG->JP,Retail,Usa Shopping Center,Supermarket,1689-5 Usacho Usa,Tosa,Kochi,JP,33.4513319,133.4414797,http://www.usa-sc.net/,+81 88-856-0154,google_maps_vendor_export,2026-08,crawler_exact
ChIJp7YVbui2B2ARXX3XzjgSTM0,SG->JP,Retail,Okuwa,Supermarket,3766 Susami,Susami,"Nishimuro District, Wakayama",JP,33.5541164,135.4972892,https://www.okuwa.net/store/wakayama/376.html,+81 739-85-2220,google_maps_vendor_export,2026-08,crawler_exact
ChIJq2U9WPxVTzURwmR2N0XcaQE,SG->JP,Retail,Direx Ainan,Discount store,3995-1 Mishohirajo,Ainan,"Minamiuwa District, Ehime",JP,32.960745,132.5585888,https://www.ds-direx.co.jp/list/detail/7186&search=p,+81 895-72-1781,google_maps_vendor_export,2026-08,crawler_exact
ChIJq98yBAEXBmARs-KlQaCSlE4,SG->JP,Retail,Taiji Fishermen Association Supermaket,Supermarket,3170 Taiji,Taiji,"Higashimuro District, Wakayama",JP,33.5917408,135.9448671,http://www3.cypress.ne.jp/jf-taiji-sp/,+81 735-59-3517,google_maps_vendor_export,2026-08,crawler_exact
ChIJqfU5CMkCTjURvrv2FloklIQ,SG->JP,Retail,Sunshine,Supermarket,144-2 Gomencho,Nankoku,Kochi,JP,33.5751784,133.644021,https://sunshinechain.com/cardea,+81 120-303-481,google_maps_vendor_export,2026-08,crawler_exact
ChIJqzSN0KkeTjURW_TUZoKDuU4,SG->JP,Retail,Ace One Goza,Supermarket,11-13 Minamigoza,Kochi,Kochi,JP,33.5658028,133.5601794,http://www.ace1.co.jp/aceone-goza.html,+81 88-882-2227,google_maps_vendor_export,2026-08,crawler_exact
ChIJrRaoDG8cTjUR7EytYQpWSeU,SG->JP,Retail,Gyomu Supermarket Takasu,Supermarket,2 Chome-6-60 Takasu,Kochi,Kochi,JP,33.5588475,133.5884342,https://www.gyomusuper.jp/shop/detail.php?sh_id=961,+81 88-878-0230,google_maps_vendor_export,2026-08,crawler_exact
ChIJrxGO2FBeUjUReqybdoLobsY,SG->JP,Retail,"Moana’s Market Fresh Food Island, Sunshine",Supermarket,Matsunomoto-28-1 Ozato,Kaiyō,"Kaifu District, Tokushima",JP,33.599224,134.354374,https://sunshinechain.com/moana,+81 884-73-0032,google_maps_vendor_export,2026-08,crawler_exact
ChIJs0T4LfHtGGARliHWfKaeYug,SG->JP,Retail,Rico's Supermarket,Supermarket,3 Chome-30-40 Amanuma,Suginami City,Tokyo,JP,35.7067054,139.6228908,https://sites.google.com/view/ricosstores,+81 3-3391-9916,google_maps_vendor_export,2026-08,crawler_exact
ChIJsSfBLDIaTjURZLm1JIX2mhg,SG->JP,Retail,Sunshine Misato,Supermarket,"Niida, 舟倉1618-1 サンシャイン三里 1618-1",Kochi,Kochi,JP,33.5135565,133.5727009,http://sunshinechain.com/misato,+81 88-847-2138,google_maps_vendor_export,2026-08,crawler_exact
ChIJsUEFzcGATzURB6iXXZYxsqM,SG->JP,Retail,Oz Marche,Supermarket,1596 Higashiozu,Ozu,Ehime,JP,33.5287504,132.5728742,http://www.ozmesse21.net/,+81 893-25-2511,google_maps_vendor_export,2026-08,crawler_exact
ChIJsxDt6sweTjURuMM3UVzvol4,SG->JP,Retail,Coop Yoshida,Supermarket,6-6 Yoshidacho,Kochi,Kochi,JP,33.5715759,133.5353851,http://www.kochicoop.or.jp/,+81 88-871-0222,google_maps_vendor_export,2026-08,crawler_exact
ChIJt7FDHlYcTjURVLARPslTdQM,SG->JP,Retail,Nankoku Super Otsu,Supermarket,Otsu-1040-1 Otsu,Kochi,Kochi,JP,33.5733054,133.599053,http://www.nankokusuper.net/,+81 88-866-0201,google_maps_vendor_export,2026-08,crawler_exact
ChIJtQ0tUuCGHzURui3ktKT0BXA,SG->JP,Retail,A Co-op Kikai Branch Store,Grocery store,60-2 Wan,Kikai,"Oshima District, Kagoshima",JP,28.3209156,129.9376941,undefined,+81 997-65-4311,google_maps_vendor_export,2026-08,crawler_exact
ChIJtS6uDv4bTjURmOhzO1WSDUg,SG->JP,Retail,Sunshine Qurage,Supermarket,90-1 Inaricho,Kochi,Kochi,JP,33.5543957,133.5611177,http://sunshinechain.com/qurage,+81 120-583-481,google_maps_vendor_export,2026-08,crawler_exact
ChIJtTzN1mkZTjURFU3V1_zwIOI,SG->JP,Retail,Mainichiya Sanbashi Store,Grocery store,3 Chome-26-3 Sanbashidori,Kochi,Kochi,JP,33.5462397,133.5482608,https://www.sunnymart.co.jp/?sp=7&tcode=023,+81 120-953-636,google_maps_vendor_export,2026-08,crawler_exact
ChIJtWmZcoJp5TQR2A111MP-vzg,SG->JP,Retail,MaxValu Matsuyama,Supermarket,2 Chome-22-1 Matsuyama,Naha,Okinawa,JP,26.2213788,127.6807971,https://www.aeon-ryukyu.jp/,+81 98-951-1414,google_maps_vendor_export,2026-08,crawler_exact
ChIJtZSUlLceTjURoA_4ryeyAgA,SG->JP,Retail,イオンスタイル高知,Supermarket,1 Chome-4-8 Hadaminamimachi,Kochi,Kochi,JP,33.5774773,133.5423217,https://www.aeon.com/store/%E3%82%A4%E3%82%AA%E3%83%B3/%E3%82%A4%E3%82%AA%E3%83%B3%E3%82%B9%E3%82%BF%E3%82%A4%E3%83%AB%E9%AB%98%E7%9F%A5/,+81 88-826-8100,google_maps_vendor_export,2026-08,crawler_exact
ChIJtajWmHTyGGAR6xYKsY1PeMw,SG->JP,Retail,Rico's Supermarket,Supermarket,"Cozy Court Asagaya, 5 Chome-20-10 Naritahigashi",Suginami City,Tokyo,JP,35.7009927,139.6313737,https://sites.google.com/view/ricosstores,+81 3-3220-9981,google_maps_vendor_export,2026-08,crawler_exact
ChIJtzSvQzgtHjURWM1-kqLXjoQ,SG->JP,Retail,A-Coop Supermarket Seto'uchi,Supermarket,15-9 Koniya,Setouchi,"Oshima District, Kagoshima",JP,28.1470678,129.3086623,https://acoop-ks.co.jp/shop/setouchi,+81 997-72-1143,google_maps_vendor_export,2026-08,crawler_exact
ChIJv14IenFWTzURu8nIlsyxYp8,SG->JP,Retail,Fuji Minamiuwa,Supermarket,544 Johenotsu,Ainan,"Minamiuwa District, Ehime",JP,32.9629656,132.5755194,https://www.the-fuji.com/fuji/store/shop/ehime/fuji_minamiuwa.php,+81 895-73-0111,google_maps_vendor_export,2026-08,crawler_exact
ChIJv1ESuGbsGGARYeEJM0OK1tM,SG->JP,Retail,Supermarket Mirabelle Akatsuka Store,Discount supermarket,2 Chome-52-2 Tagara,Nerima City,Tokyo,JP,35.7690023,139.6444744,http://www.super-mirabelle.jp/,+81 3-5998-4003,google_maps_vendor_export,2026-08,crawler_exact
ChIJvSNUrQq6B2AR3H349NlLqHM,SG->JP,Retail,Okuwa,Supermarket,45 Hiki,Shirahama,"Nishimuro District, Wakayama",JP,33.569672,135.44933,https://www.okuwa.net/store/wakayama/112.html,+81 739-52-3213,google_maps_vendor_export,2026-08,crawler_exact
ChIJw-YN6tYYTjURiVYXBTInQ38,SG->JP,Retail,Sunny Mart Nakamama,Grocery store,40-1 Nakamama,Kochi,Kochi,JP,33.5719848,133.5185311,https://www.sunnymart.co.jp/,+81 120-953-646,google_maps_vendor_export,2026-08,crawler_exact
ChIJw3dYAu6GHzURYm5VtY0Nzq8,SG->JP,Retail,ショッピングセンター ふくり,Supermarket,78 Nakazato,Kikai,"Oshima District, Kagoshima",JP,28.31813,129.925158,undefined,+81 997-65-1234,google_maps_vendor_export,2026-08,crawler_exact
ChIJwdAayV6hTzURWFw0TWLU7r4,SG->JP,Retail,SUNNY MART FC Super Marumi,Supermarket,1406-1 Yusuhara,Yusuhara,"Takaoka District, Kochi",JP,33.392783,132.9267188,https://www.orikomi.tv/shop.php?id=3720,+81 889-65-0224,google_maps_vendor_export,2026-08,crawler_exact
ChIJx8lJPDoZTjURJrASlhOSI2g,SG->JP,Retail,Mainichiya Ohashidori shop,Grocery store,2 Chome-4-7 Obiyamachi,Kochi,Kochi,JP,33.5599086,133.5358093,http://www.sunnymart.co.jp/?sp=7&tcode=024,+81 120-953-602,google_maps_vendor_export,2026-08,crawler_exact
ChIJxY4MbFsTBmARcaa14Mizlog,SG->JP,Retail,Gyomu Super & Fresh Market Yottete Shingu,Discount supermarket,785-1 Sano,Shingu,Wakayama,JP,33.6799856,135.9675192,https://www.yottette.jp/shingu/,+81 735-31-5541,google_maps_vendor_export,2026-08,crawler_exact
ChIJxY6ci7nsGGAREIgRSHIT4Ek,SG->JP,Retail,supermarket Mirabelle,Discount supermarket,2 Chome-16-8 Sakashita,Itabashi City,Tokyo,JP,35.7839848,139.6792975,http://www.super-mirabelle.jp/,+81 3-5915-0031,google_maps_vendor_export,2026-08,crawler_exact
ChIJzX1Gn26MTTURnXV2kmbEcgI,SG->JP,Retail,Pilgrim's Station: Meoto Zenzai,Supermarket,2605 Murotsu,Muroto,Kochi,JP,33.287421,134.14804,undefined,+81 887-22-0580,google_maps_vendor_export,2026-08,crawler_exact
