merchant_id,corridor,category,as_of_month,y_high_potential,momentum_score,base_reviews_at_t,score,rank_in_cell
ChIJ75ZsIMsX2jERnk3vHq-qutQ,CN->SG,Food,2026-04,1,0.8472978603872034,138,0.9354136239321712,0.0022988505747126436
ChIJkTDN2YYb2jERnRmbvhRlo0w,CN->SG,Food,2026-05,1,1.252762968495368,104,0.9302141754000482,0.0022988505747126436
ChIJFUNR1fgZ2jER8_PFL26c8Ao,CN->SG,Food,2026-04,1,1.2992829841302609,82,0.9226212878976291,0.004597701149425287
ChIJFUNR1fgZ2jER8_PFL26c8Ao,CN->SG,Food,2026-05,1,1.5404450409471488,82,0.9012945111001194,0.004597701149425287
ChIJPy2EI3li4TQRAkMWjZCI4p4,SG->JP,Hotel,2026-05,1,0.9808292530117264,79,0.900254723013719,0.009615384615384616
ChIJJcttf4UZ2jERGfoE5xQeY8k,CN->SG,Retail,2026-04,1,0.9555114450274366,84,0.8810945915624145,0.005714285714285714
ChIJ0dq0AitT5TQRTZ1X-6lcddU,SG->JP,Food,2026-04,1,0.8472978603872034,80,0.8808772807683976,0.01694915254237288
ChIJ0dq0AitT5TQRTZ1X-6lcddU,SG->JP,Food,2026-05,1,1.4663370687934272,80,0.8808772807683976,0.01694915254237288
ChIJc1tfUJYR2jERsNqQ4sFo5dU,CN->SG,Retail,2026-05,1,0.899483613557774,683,0.8747715437431224,0.005714285714285714
ChIJVXkeu0oUBmARBEriNZSPvcw,SG->JP,Hotel,2026-04,1,0.8472978603872034,66,0.8702035647959828,0.009615384615384616
ChIJXdHIvxEY2jERJNkYJvH_4J8,CN->SG,Food,2026-04,0,0.3566749439387326,595,0.8664317151041525,0.006896551724137931
ChIJv32r6hsj2jERp8IkdVo7cts,CN->SG,Food,2026-05,1,0.6931471805599455,125,0.8618878072221098,0.006896551724137931
ChIJu2Xyl0AR2jERqiJV3y1HsKU,CN->SG,Food,2026-04,1,0.6931471805599453,58,0.8592190084412211,0.009195402298850575
ChIJhZRC3Y082jERG0KFHXoTMe8,CN->SG,Retail,2026-04,1,1.0986122886681098,58,0.8558995286236494,0.011428571428571429
ChIJMX4yLYYX2jERsEEiF3cmpP4,CN->SG,Food,2026-05,1,1.0986122886681098,64,0.8526656641125923,0.009195402298850575
ChIJK08WusxT5TQRf10CJUmTqJ0,SG->JP,Beverage,2026-05,1,0.4054651081081644,65,0.8490413757544847,0.14285714285714285
ChIJlwdcmojJHzURlpzM6HiSvIw,SG->JP,Food,2026-04,1,0.7884573603642703,129,0.8479733473468081,0.03389830508474576
ChIJ-YdSW2w8TjURXQqwi5_BYOw,SG->JP,Retail,2026-05,1,1.0986122886681098,60,0.841098363117248,0.006896551724137931
ChIJKaWLnqIi2jER8MCzTNDC7qg,CN->SG,Food,2026-05,1,0.7308875085427924,420,0.8222270933839129,0.011494252873563218
ChIJYXyfrD0Y2jERvyjh2qymC7E,CN->SG,Retail,2026-04,1,1.001448540214462,563,0.8201575723951672,0.017142857142857144
ChIJ7VRKwAY92jERecn25Uf7_J8,CN->SG,Food,2026-04,1,1.003302108863785,387,0.8180289973987279,0.011494252873563218
ChIJtQ0tUuCGHzURui3ktKT0BXA,SG->JP,Retail,2026-04,1,0.6931471805599455,79,0.8102580776959267,0.006896551724137931
ChIJTX8Iit4P2jERD6kbBNea58g,CN->SG,Retail,2026-04,0,0.4177352006999784,761,0.8099533663430922,0.022857142857142857
ChIJ2W1-PnwV2jEReBwbgDPcUpg,CN->SG,Retail,2026-04,0,0.4054651081081645,115,0.8032550499828024,0.02857142857142857
ChIJ04oiK_kZ2jERX0ctMP0WwiY,CN->SG,Food,2026-05,1,0.8754687373539,125,0.8006624395712162,0.013793103448275862
ChIJlwdcmojJHzURlpzM6HiSvIw,SG->JP,Food,2026-05,1,0.8472978603872036,132,0.7978220917923041,0.03389830508474576
ChIJaX2Gfm0T2jER5y-jLNFVXGw,CN->SG,Retail,2026-05,1,1.0986122886681096,117,0.7951413518578014,0.011428571428571429
ChIJTX8Iit4P2jERD6kbBNea58g,CN->SG,Retail,2026-05,0,0.5260930958967789,769,0.7947672415115841,0.017142857142857144
ChIJdd1aUF8R5TQRUNX1sPsRVmI,SG->JP,Retail,2026-05,1,0.6418538861723946,268,0.7904686046792855,0.013793103448275862
ChIJJwl4ftFS5TQRfip8TSCS92M,SG->JP,Hotel,2026-05,0,0.1177830356563834,179,0.7878088846304404,0.019230769230769232
ChIJD-HIEdkT2jERTPBGsoeo-dg,CN->SG,Food,2026-05,1,1.2181574393178929,1243,0.787727776623879,0.016091954022988506
ChIJz8Iz1qwi2jER4uI2iSaPVOc,CN->SG,Food,2026-05,0,0.3364722366212128,110,0.7842948644124471,0.01839080459770115
ChIJUzr2OHFT5TQRUragBceGuno,SG->JP,Food,2026-04,0,0.0,82,0.7835312025140022,0.05084745762711865
ChIJVzLtujYR2jERg0JHAlvIqXw,CN->SG,Retail,2026-05,1,1.0379876668516748,501,0.7751902334491483,0.022857142857142857
ChIJocGLsaIX2jER3pa988O9QP8,CN->SG,Food,2026-04,1,0.5877866649021192,118,0.7718652266244758,0.013793103448275862
ChIJrccu6fUa2jERtI5L2Txe-_g,CN->SG,Food,2026-05,0,0.3513978868378888,494,0.7713092078805944,0.020689655172413793
ChIJ2W1-PnwV2jEReBwbgDPcUpg,CN->SG,Retail,2026-05,0,0.5108256237659908,116,0.7671248932150166,0.02857142857142857
ChIJ1ceJAYIZ2jERBDq8G-PB1Ck,CN->SG,Food,2026-04,1,0.8823891801984736,291,0.7662753674718229,0.016091954022988506
ChIJ04oiK_kZ2jERX0ctMP0WwiY,CN->SG,Food,2026-04,1,0.5108256237659908,125,0.7593459369346164,0.01839080459770115
ChIJcxxI387SHzURm-r3H7qi3-s,SG->JP,Hotel,2026-05,1,1.203972804325936,128,0.7583669656777196,0.028846153846153848
ChIJpbvU9zkY2jERmz3Firlf-lo,CN->SG,Hotel,2026-04,0,0.6931471805599453,147,0.7545345016256321,0.008
ChIJhZRC3Y082jERG0KFHXoTMe8,CN->SG,Retail,2026-05,1,1.0986122886681098,58,0.7512010028908388,0.03428571428571429
ChIJp0JVlEIa2jER9lM6m1VP3S0,CN->SG,Retail,2026-04,1,0.9162907318741552,415,0.7479209680190055,0.03428571428571429
ChIJJSw0vREY2jERpJYzQVeUcMo,CN->SG,Food,2026-05,1,0.9360933591703348,511,0.7474040618351592,0.022988505747126436
ChIJ6w20tYcP2jERTgGjpchB0Ng,CN->SG,Food,2026-04,1,0.735706794978741,587,0.7462491071326216,0.020689655172413793
ChIJ75ZsIMsX2jERnk3vHq-qutQ,CN->SG,Food,2026-05,0,0.1823215567939546,140,0.7405557754613511,0.02528735632183908
ChIJadtiSWsY2jERrQniipDfcQA,CN->SG,Food,2026-04,1,0.916290731874155,111,0.7365992313625449,0.022988505747126436
ChIJy64vxOwP2jERGHAwoXFbzZA,CN->SG,Retail,2026-04,1,1.0414538748281612,120,0.7353879026799779,0.04
ChIJEWoHAUyjHzURQCUM0jED-Cc,SG->JP,Retail,2026-05,1,0.492476485097794,266,0.7340667821275073,0.020689655172413793
ChIJO74wMH0T2jERLSsU6GCXz5M,CN->SG,Food,2026-05,1,1.0925699742121466,4713,0.7308851302673928,0.027586206896551724
ChIJG169W4nJHzURLuEBMzr_iuA,SG->JP,Food,2026-05,1,0.6931471805599454,58,0.7297161597420914,0.05084745762711865
ChIJM68ux0w92jER9yE2WrntyL4,CN->SG,Beverage,2026-04,1,0.4519851237430572,356,0.7148727676693328,0.16666666666666666
ChIJYXyfrD0Y2jERvyjh2qymC7E,CN->SG,Retail,2026-05,1,1.2367626271489272,569,0.7117443249123733,0.04
ChIJqVqJA6YT2jERRFXc02C2gAw,CN->SG,Retail,2026-05,0,0.6143663027068307,890,0.7097452915823071,0.045714285714285714
ChIJh-6lUgMZ2jERViChF4Ja8-4,CN->SG,Food,2026-04,1,0.7731898882334819,93,0.7089715594917051,0.02528735632183908
ChIJuSYLsDIb2jERdhHc_yYhFwc,CN->SG,Retail,2026-04,1,0.6190392084062237,138,0.7080478809293572,0.045714285714285714
ChIJz0r0SnoU2jERiGkHvp7o8qs,CN->SG,Food,2026-04,0,0.479573080261886,266,0.7080308437201567,0.027586206896551724
ChIJh-6lUgMZ2jERViChF4Ja8-4,CN->SG,Food,2026-05,1,0.9555114450274366,94,0.7064738902771884,0.029885057471264367
ChIJA-ZBOAwW2jERTLUMv9haG-E,CN->SG,Retail,2026-05,1,0.6931471805599452,453,0.7053597002310693,0.05142857142857143
ChIJnV4ZVGoa2jERtOxCkkl9xvA,CN->SG,Retail,2026-04,1,1.0185695809945732,762,0.7042685132881354,0.05142857142857143
ChIJG169W4nJHzURLuEBMzr_iuA,SG->JP,Food,2026-04,1,0.5596157879354227,58,0.704101685019298,0.06779661016949153
ChIJLXA2vt6PGGARbZVYfTF2YkA,SG->JP,Food,2026-05,0,0.4054651081081644,59,0.702371566924053,0.06779661016949153
ChIJLXA2vt6PGGARbZVYfTF2YkA,SG->JP,Food,2026-04,0,0.0,59,0.702371566924053,0.0847457627118644
ChIJ5WGfo3o92jERLPxTnQ3j2Os,CN->SG,Beverage,2026-05,1,0.6931471805599454,68,0.7014838629342312,0.16666666666666666
ChIJHR6ed3892jERM9X9jZyW5EA,CN->SG,Retail,2026-04,0,0.2231435513142097,59,0.7008225491568193,0.05714285714285714
ChIJd1RZyQQ92jERMSG7-R8QqPw,CN->SG,Retail,2026-05,1,0.8472978603872034,52,0.7007393880140781,0.05714285714285714
ChIJIxNKcs8b2jER_qRtK-FF8z8,CN->SG,Food,2026-05,1,0.936769263217696,1047,0.6993438322477447,0.03218390804597701
ChIJp3kFgDkY2jER7ijI2SjP9G8,CN->SG,Hotel,2026-05,0,0.1541506798272581,96,0.698488470498993,0.008
ChIJYTcgERU92jERsQYotcxqEyo,CN->SG,Food,2026-05,1,0.6359887667199966,427,0.6982389958055979,0.034482758620689655
ChIJX1VrVi9T5TQRGYXJFA3ZGPE,SG->JP,Hotel,2026-05,1,0.9162907318741552,71,0.6937850639973868,0.038461538461538464
ChIJWWpwVksH2jERIN9b4s7D0Ok,CN->SG,Food,2026-04,0,0.0,60,0.693549950448808,0.029885057471264367
ChIJUzr2OHFT5TQRUragBceGuno,SG->JP,Food,2026-05,0,0.0,82,0.6907704397002978,0.0847457627118644
ChIJ14BXzDsT2jERaRYCDuj0c94,CN->SG,Retail,2026-04,0,0.4161603972249121,758,0.690577378297657,0.06285714285714286
ChIJWx_MxSSTGGARA7K3iLGuMwY,SG->JP,Retail,2026-05,1,1.0986122886681098,70,0.6900984669763837,0.027586206896551724
ChIJIwIB3TYZ2jERc_YxKyz3ApI,CN->SG,Food,2026-04,1,0.523248143764548,317,0.6807719436879184,0.03218390804597701
ChIJ2fON6nbe4zQRnRlOvatgIgs,SG->JP,Hotel,2026-05,1,0.6007738604289303,382,0.6795470332608162,0.04807692307692308
ChIJG5k102MQ2jER0OMTkkFt5XI,CN->SG,Food,2026-05,0,0.5596157879354227,842,0.67887329332323,0.0367816091954023
ChIJt_9UaBs92jERInQc82L3oP4,CN->SG,Beverage,2026-04,0,0.2846286349648905,1969,0.6765585389261272,0.3333333333333333
ChIJ_____1YW2jERK63bsKwVVXo,CN->SG,Food,2026-05,0,0.5663954749208016,467,0.6736751814396805,0.03908045977011494
ChIJd1RZyQQ92jERMSG7-R8QqPw,CN->SG,Retail,2026-04,1,0.5108256237659906,52,0.673333796859981,0.06857142857142857
ChIJDcLFwkoZTjURvxrrOlvXGh4,SG->JP,Hotel,2026-05,0,0.4595323293784403,616,0.6719513408892743,0.057692307692307696
ChIJA3PsA1QX2jER0STfSUKNqbU,CN->SG,Food,2026-05,0,0.2513144282809063,187,0.6716131774880627,0.041379310344827586
ChIJgWQB27M92jERb7jMXRnaWdE,CN->SG,Retail,2026-04,1,0.5007752879124894,483,0.671500189144803,0.07428571428571429
ChIJrRaoDG8cTjUR7EytYQpWSeU,SG->JP,Retail,2026-05,0,0.3566749439387326,142,0.6707205007188509,0.034482758620689655
ChIJ-1eu0KMX2jER13MfvvTYCzI,CN->SG,Retail,2026-05,1,0.9694005571881033,370,0.6683580033046893,0.06285714285714286
ChIJ1R35K4FT5TQRcyLApip8m0E,SG->JP,Beverage,2026-04,0,0.2231435513142098,118,0.6672091085729176,0.14285714285714285
ChIJrRaoDG8cTjUR7EytYQpWSeU,SG->JP,Retail,2026-04,0,0.1177830356563834,142,0.6628195462879346,0.013793103448275862
ChIJSSqJZm0Z2jERuHaJHZH3bnE,CN->SG,Food,2026-04,1,0.7864791203521642,1467,0.662554885614831,0.034482758620689655
ChIJ_0xLmyAQ2jERFnv2OAux8mQ,CN->SG,Food,2026-05,1,1.0818051703517284,527,0.658886464667537,0.04367816091954023
ChIJR19GINoP2jERIVvcAXcatpg,CN->SG,Food,2026-04,1,0.7777045685880084,390,0.658886464667537,0.0367816091954023
ChIJxRq1VgEW2jERxwnLfpI_vvU,CN->SG,Retail,2026-04,1,0.6190392084062235,537,0.6568411483408791,0.08
ChIJN6As5IRp5TQRSaKIWYxdHfA,SG->JP,Retail,2026-04,1,0.8795587226054251,1414,0.6556646589084616,0.020689655172413793
ChIJv32r6hsj2jERp8IkdVo7cts,CN->SG,Food,2026-04,0,0.0,124,0.6527011709708743,0.03908045977011494
ChIJufaZrz0Q2jERjiCKiNsRsh4,CN->SG,Food,2026-04,1,1.2992829841302609,264,0.6519419274721193,0.041379310344827586
ChIJQ8OtUEwZ2jERiMkcBqLnjyQ,CN->SG,Food,2026-04,0,0.3944152719215794,2670,0.6517560660958835,0.04367816091954023
ChIJ4ctYDaEZ2jERmhYhjWkjIf4,CN->SG,Food,2026-04,1,0.5831462853456171,603,0.6513033382397605,0.04597701149425287
ChIJczBPm3gZ2jER16Rus-8px3M,CN->SG,Hotel,2026-05,1,0.9382696385929304,274,0.6509826205371249,0.016
ChIJXTBJS0w92jERexiwvZ_ZAEQ,CN->SG,Food,2026-04,1,0.6744550475477928,1394,0.6485551445339327,0.04827586206896552
ChIJV15mQ6Ub2jERvlB6iB9FrN8,CN->SG,Food,2026-04,1,0.7435780341868372,712,0.6477883940990936,0.05057471264367816
ChIJPy2EI3li4TQRAkMWjZCI4p4,SG->JP,Hotel,2026-04,1,0.3364722366212128,79,0.6476746190510041,0.019230769230769232
ChIJk70n5GlxFWAR_45svBOlU5s,SG->JP,Hotel,2026-05,0,0.2478361639045809,700,0.645625809648571,0.0673076923076923
ChIJ5UCkFuEH2jERbLSqUpAAb4c,CN->SG,Food,2026-05,1,0.962810747509048,412,0.6454164265419466,0.04597701149425287
ChIJ6ZICzEwP2jERlb1OvfWlxrk,CN->SG,Food,2026-05,0,0.5705448584676129,205,0.6435371417283179,0.04827586206896552
ChIJHWpH1g0Q2jERAwYNmAwf7_g,CN->SG,Food,2026-05,0,0.3321338350226148,803,0.6418555137819989,0.05057471264367816
ChIJV-B_5JAR2jERhshN1jt1f28,CN->SG,Food,2026-04,1,0.6931471805599454,168,0.6367439252028693,0.052873563218390804
ChIJvasR2lE92jER7qFZqOavL4E,CN->SG,Retail,2026-05,1,1.0116009116784803,595,0.635303054409652,0.06857142857142857
ChIJvasR2lE92jER7qFZqOavL4E,CN->SG,Retail,2026-04,1,0.796331416795176,585,0.635303054409652,0.08571428571428572
ChIJO_0iuLQI2jERkcDiNJD7aIA,CN->SG,Food,2026-05,0,0.097638469563916,889,0.6342059185741883,0.052873563218390804
ChIJb0fNgooa2jERRt4iEA6zg-4,CN->SG,Food,2026-05,1,0.7884573603642703,76,0.6342054733803039,0.05517241379310345
ChIJQe8Ik4wZ2jER9k1PRfGqLy0,CN->SG,Food,2026-05,1,0.8070914399091635,788,0.633566488675795,0.05747126436781609
ChIJ3RvU2Ms92jERn8m4VpW10oY,CN->SG,Retail,2026-04,0,0.4462871026284194,289,0.6335015058518738,0.09142857142857143
ChIJEeC9UjvTHzURHHZDC2CVRrI,SG->JP,Hotel,2026-05,0,0.3364722366212128,66,0.6332381794386639,0.07692307692307693
ChIJNSfmjx2hB2ARepOLRTgMRKw,SG->JP,Retail,2026-05,0,0.1625189294977749,308,0.6331491933532737,0.041379310344827586
ChIJ2fON6nbe4zQRnRlOvatgIgs,SG->JP,Hotel,2026-04,0,0.0,378,0.6311315404048028,0.028846153846153848
ChIJP8MpT8r1TTURJbKzHjB2ZPc,SG->JP,Hotel,2026-04,1,0.9555114450274366,116,0.624825064821606,0.038461538461538464
ChIJ_0xLmyAQ2jERFnv2OAux8mQ,CN->SG,Food,2026-04,1,0.796331416795176,520,0.6227636089871692,0.05517241379310345
ChIJ7RY-YIe6HzUR9bqavQXSQXE,SG->JP,Retail,2026-05,0,0.3022808718729337,367,0.6222685012322483,0.04827586206896552
ChIJ9TacjjkY2jERRGG-r3VJq5c,CN->SG,Hotel,2026-05,1,0.7707054149058195,945,0.6206083465772766,0.024
ChIJO40InSUlBmARom-h3xB5v5A,SG->JP,Retail,2026-05,1,0.6931471805599454,924,0.615241476335225,0.05517241379310345
ChIJLf4vsobJHzURJQeDkxg_no0,SG->JP,Food,2026-05,0,0.0,382,0.614678555259141,0.1016949152542373
ChIJPRf50V9NTzURLheqNtnPl5w,SG->JP,Retail,2026-05,0,-0.2231435513142097,63,0.6139086423248576,0.06206896551724138
ChIJHenLA_ET2jERbOlUI2JLLOc,CN->SG,Food,2026-05,0,0.4418327522790393,304,0.613475151093591,0.059770114942528735
ChIJXUt04-oZTjURxaduQHG97ts,SG->JP,Retail,2026-04,1,0.287682072451781,318,0.6121554018792174,0.027586206896551724
ChIJW34KHmIQ2jERkEZOiUOx5Ik,CN->SG,Food,2026-05,0,-0.3101549283038394,276,0.6102650765687365,0.06206896551724138
ChIJNW68tAwY2jERLZZoVN5w44M,CN->SG,Food,2026-05,0,0.5831462853456171,616,0.6097478626543084,0.06436781609195402
ChIJta18CyQj2jERKFkUvOiLDJQ,CN->SG,Retail,2026-04,0,0.1177830356563834,123,0.6093703991679367,0.09714285714285714
ChIJxUOYG7Mi2jERXAvFIJ8W2pM,CN->SG,Retail,2026-04,1,0.6044190649512604,1545,0.6090953158385747,0.10285714285714286
ChIJk70n5GlxFWAR_45svBOlU5s,SG->JP,Hotel,2026-04,0,0.0571584138399487,696,0.6082430978852272,0.04807692307692308
ChIJXTBJS0w92jERexiwvZ_ZAEQ,CN->SG,Food,2026-05,1,0.9891280558264212,1402,0.6048908841341217,0.06666666666666667
ChIJjxSX5PMBTjURQfaMzShY-nE,SG->JP,Retail,2026-05,0,0.2795848622191612,576,0.6020378228327855,0.06896551724137931
ChIJ9Z7JU_8YTjURFaYPKMLF908,SG->JP,Retail,2026-05,1,0.7691330875378672,386,0.6019733648570473,0.07586206896551724
ChIJKw9mi8YZ2jERk7DUCxp57LY,CN->SG,Food,2026-04,1,1.402823663071101,558,0.6015226048773122,0.05747126436781609
ChIJB6xToPyKGGARd7v-KYqy2dM,SG->JP,Food,2026-05,0,0.1743533871447777,346,0.5957472700702476,0.11864406779661017
ChIJBWVwtLcCTjURxdn43SPnwaw,SG->JP,Retail,2026-05,1,0.5877866649021193,360,0.5930039290275831,0.08275862068965517
ChIJW5fQKXOMTTURBV_MZRrRJjI,SG->JP,Retail,2026-05,1,0.6286086594223743,292,0.5929953733515009,0.0896551724137931
ChIJ1-cdD7EZ2jERRwu1YXcr6jk,CN->SG,Food,2026-04,1,0.7160614400828211,3476,0.5917929344033099,0.059770114942528735
ChIJqz8O_lEZ2jEREOTMicavqYU,CN->SG,Hotel,2026-05,0,0.1718502569266591,310,0.5913219382247857,0.032
ChIJSc8egUIR2jERodwQZbKrOew,CN->SG,Retail,2026-04,1,0.5389965007326869,287,0.5912589327312842,0.10857142857142857
ChIJR7kZRvUP2jER5WSA9lbb-oM,CN->SG,Food,2026-05,0,0.485507815781701,463,0.5902921375933976,0.06896551724137931
ChIJqYXtH3AP2jERkVSR2wkqdew,CN->SG,Food,2026-05,0,0.4274440148269398,328,0.5901536427971796,0.07126436781609195
ChIJwYy4TiMZTjUR9Of5Pw_Q7tE,SG->JP,Hotel,2026-05,0,0.4700036292457357,490,0.5886139896627804,0.08653846153846154
ChIJO4L-b8EF2jERfcF00jX9Ae8,CN->SG,Food,2026-04,1,0.9257694758286992,468,0.5886139896627804,0.06206896551724138
ChIJ3aWJqDsR2jERqLVEI3MuG9I,CN->SG,Retail,2026-04,0,0.1541506798272581,74,0.5870088165361763,0.11428571428571428
ChIJD2ws16gZ2jERc-UCGfcV-eo,CN->SG,Hotel,2026-04,0,0.2284768972895721,5150,0.5868887852037088,0.016
ChIJKVSNn4sR2jERjznHMmMyMAQ,CN->SG,Food,2026-05,0,0.3101549283038394,208,0.5852182603174426,0.0735632183908046
ChIJ2dQaqIYUBmARy3BIT-_hgns,SG->JP,Retail,2026-05,0,0.0,200,0.5848499500008566,0.09655172413793103
ChIJTddN4yCNGGAR_ErtcrSpxl8,SG->JP,Food,2026-05,0,0.4855078157817009,117,0.5848202896028275,0.13559322033898305
ChIJWWpwVksH2jERIN9b4s7D0Ok,CN->SG,Food,2026-05,0,-0.2231435513142097,61,0.5827633599784938,0.07586206896551724
ChIJ4w9Rwbwb2jERbaN2kBT1Eqw,CN->SG,Food,2026-04,1,0.802346472524937,318,0.5816355768837359,0.06436781609195402
ChIJvXLm6kIa2jER7fCO5fPmUAo,CN->SG,Food,2026-04,1,0.5108256237659909,1010,0.5803455600864993,0.06666666666666667
ChIJ6-LwGCgZ2jERLkfMIA8oTwg,CN->SG,Hotel,2026-05,0,0.0487901641694319,532,0.5783880809079517,0.04
ChIJ7VRKwAY92jERecn25Uf7_J8,CN->SG,Food,2026-05,1,1.3862943611198906,389,0.5768942125706488,0.07816091954022988
ChIJV-4CoowZ2jERqZOWhKmnN4g,CN->SG,Food,2026-04,0,0.3136575588550419,378,0.5766526248555848,0.06896551724137931
ChIJV-4CoowZ2jERqZOWhKmnN4g,CN->SG,Food,2026-05,1,0.7985076962177717,382,0.5766526248555848,0.08045977011494253
ChIJjeS1cqUZ2jERG8Hwz6rwZ3w,CN->SG,Food,2026-05,0,-0.1313360020610874,1334,0.576133401835668,0.08275862068965517
ChIJMz0o57YZ2jEREDiZ5R5MEk0,CN->SG,Hotel,2026-04,0,-0.2076393647782444,340,0.5757390012272388,0.024
ChIJDxsfxWYZ2jER66T76Wy5Stw,CN->SG,Food,2026-05,1,0.655406852577098,628,0.5704785567501237,0.08505747126436781
ChIJDZE8Dj6LImARszboH7WRnuQ,SG->JP,Food,2026-05,0,0.2803019651541585,652,0.5695516848803165,0.15254237288135594
ChIJNUTrswwW2jERaPHsLwq2RVw,CN->SG,Retail,2026-04,1,0.8754687373538996,263,0.565735687721634,0.12
ChIJ7RY-YIe6HzUR9bqavQXSQXE,SG->JP,Retail,2026-04,0,-0.5108256237659907,362,0.5645347244389142,0.034482758620689655
ChIJJzUrZ8hhTzUR9XCZuIhsrBk,SG->JP,Hotel,2026-05,1,0.949080554697146,298,0.557537710247931,0.09615384615384616
ChIJKVSNn4sR2jERjznHMmMyMAQ,CN->SG,Food,2026-04,0,0.2682639865946792,204,0.5564157212478974,0.07126436781609195
ChIJifw-i1L_5DQRDb-V7Bu6pEo,SG->JP,Hotel,2026-05,0,0.4554755286828258,1060,0.5545406098021733,0.10576923076923077
ChIJAdJ_1hQ92jERP1rHP9LQY2Q,CN->SG,Food,2026-04,0,0.0,562,0.5531053494263142,0.0735632183908046
ChIJ3d-qTdoW2jERjR5RsN5MalY,CN->SG,Retail,2026-04,1,0.6592456288842639,276,0.552773793304401,0.12571428571428572
ChIJ80ZPPvUR2jERsK-jEZy1Owc,CN->SG,Food,2026-04,1,0.9985288301111273,301,0.552773793304401,0.07701149425287357
ChIJXf9cwQUY2jER1VRPF86GDfw,CN->SG,Food,2026-04,0,0.4307829160924541,298,0.552773793304401,0.07701149425287357
ChIJrQAuWKUX2jERshr3uRB1oe0,CN->SG,Hotel,2026-04,1,0.5245244681241528,723,0.5523397866891724,0.032
ChIJ2Ulmp4sX2jERNAywLFoljmI,CN->SG,Retail,2026-05,0,0.6061358035703153,721,0.5483843017944865,0.07428571428571429
ChIJl4mMAFs92jERKIHPBGU34EE,CN->SG,Retail,2026-05,1,0.7528664152615674,1663,0.5483426434931987,0.08
ChIJkep20zw92jERPUgGWoI5IDg,CN->SG,Food,2026-05,1,1.1378330018213911,704,0.5482871965548585,0.08735632183908046
ChIJdd1aUF8R5TQRUNX1sPsRVmI,SG->JP,Retail,2026-04,1,0.287682072451781,265,0.5455133141639743,0.041379310344827586
ChIJo8wN5qUa2jERTAxWc0A6fak,CN->SG,Retail,2026-04,1,0.655875785762714,1006,0.5434731459438767,0.13142857142857142
ChIJSfoJ4W8W2jERfT3Zh6PA9Mg,CN->SG,Retail,2026-05,0,0.3227733922630511,815,0.5433481865514019,0.08571428571428572
ChIJQe8Ik4wZ2jER9k1PRfGqLy0,CN->SG,Food,2026-04,0,0.4578330936254802,772,0.5422553301485535,0.08045977011494253
ChIJdeB0FI0Z2jERfMMx7jtAfsg,CN->SG,Hotel,2026-04,1,0.5695332245927682,4756,0.5408456369605693,0.04
ChIJJzmhDeYcTjURajliGbzj9BQ,SG->JP,Retail,2026-05,1,0.8472978603872036,94,0.5403327662848769,0.10344827586206896
ChIJBcgWhBEY2jERvkEpJH2j-iQ,CN->SG,Food,2026-04,0,0.0845573880280632,552,0.5400824717210113,0.08275862068965517
ChIJkZqJeBgY2jERx_AR7wwXndk,CN->SG,Food,2026-04,1,1.4663370687934272,162,0.5384235555649551,0.08505747126436781
ChIJBcgWhBEY2jERvkEpJH2j-iQ,CN->SG,Food,2026-05,0,0.4613455665026214,561,0.5378782785949943,0.0896551724137931
ChIJkTDN2YYb2jERnRmbvhRlo0w,CN->SG,Food,2026-04,0,0.0,104,0.5375094953234401,0.08735632183908046
ChIJkZnuI0gtHjURO0cteApWMao,SG->JP,Hotel,2026-05,0,0.1177830356563834,149,0.5374203789907562,0.11538461538461539
ChIJ7WQdysgbTjUR1EwVUIEGihs,SG->JP,Retail,2026-04,0,0.0953101798043247,184,0.536315407327091,0.04827586206896552
ChIJVVURHdymB2ARahi09ZcVCys,SG->JP,Hotel,2026-04,1,0.8622235106038794,390,0.5362505015457419,0.057692307692307696
ChIJuSYLsDIb2jERdhHc_yYhFwc,CN->SG,Retail,2026-05,1,0.7537718023763801,141,0.5356255982687657,0.09142857142857143
ChIJcxxI387SHzURm-r3H7qi3-s,SG->JP,Hotel,2026-04,0,0.6931471805599453,128,0.5343249274974509,0.0673076923076923
ChIJCVWJpaQi2jERw9mrwsyICjg,CN->SG,Retail,2026-04,1,0.5007752879124894,513,0.5331508569278336,0.13714285714285715
ChIJAclFRFQ82jERhO7Vj2spfr0,CN->SG,Retail,2026-05,0,0.5363047090669757,736,0.5330345582196837,0.09714285714285714
ChIJcysh2TYY2jEROOPaqjhaKV4,CN->SG,Hotel,2026-05,1,0.581029882439239,696,0.5330345582196837,0.048
ChIJ40aBt_8W2jERuo-1JPazw4o,CN->SG,Food,2026-05,0,0.4660897299245992,646,0.5322785261133566,0.09195402298850575
ChIJnYBuE-6NGGAROr_Ei9Y8Ju0,SG->JP,Food,2026-05,0,0.441832752279039,139,0.5322617111199187,0.1694915254237288
ChIJMXdC9yolTjUR4lPuBr2Z34Y,SG->JP,Hotel,2026-05,0,0.2828627860158321,1152,0.5313802394926762,0.125
ChIJqVqJA6YT2jERRFXc02C2gAw,CN->SG,Retail,2026-04,0,0.2282586519809801,878,0.5312724332092085,0.14285714285714285
ChIJj99Fo3IZ2jERFIUg_m-VhO8,CN->SG,Food,2026-04,1,0.962810747509048,572,0.5298593308526959,0.0896551724137931
ChIJqYD-_g4Y2jERlBdApP-zGi4,CN->SG,Food,2026-04,0,0.4818380868927385,847,0.5281987774325682,0.09195402298850575
ChIJObxCsL4Z2jERF5ZUjJPyIcg,CN->SG,Hotel,2026-04,1,0.7602864833975738,1161,0.5272421891346695,0.048
ChIJi_NZTU4ZTjUREfsRUDkcfJs,SG->JP,Hotel,2026-05,0,0.3667505959274737,1901,0.5256785983311637,0.1346153846153846
ChIJV-B_5JAR2jERhshN1jt1f28,CN->SG,Food,2026-05,1,1.0498221244986778,169,0.5251642101685958,0.09425287356321839
ChIJby1qk0sZ2jERl1EX_MTwMrA,CN->SG,Hotel,2026-05,1,0.9382696385929304,230,0.5250965593077733,0.056
ChIJWX6hZwAT2jERCJjVk3CHRmU,CN->SG,Food,2026-05,0,0.4110989258264204,1388,0.5240820055973318,0.09655172413793103
ChIJD-HIEdkT2jERTPBGsoeo-dg,CN->SG,Food,2026-04,1,0.6931471805599454,1231,0.5228905102872548,0.09425287356321839
ChIJRzWGCABT5TQR-HEl39ElQq8,SG->JP,Hotel,2026-05,1,0.5389965007326871,111,0.5211714343354006,0.14423076923076922
ChIJkep20zw92jERPUgGWoI5IDg,CN->SG,Food,2026-04,1,0.6061358035703153,699,0.5190314835410641,0.09655172413793103
ChIJXf9cwQUY2jER1VRPF86GDfw,CN->SG,Food,2026-05,1,0.8979415932059587,299,0.5182153339406965,0.09885057471264368
ChIJt_9UaBs92jERInQc82L3oP4,CN->SG,Beverage,2026-05,0,0.2962658161431721,2000,0.5172267085486584,0.3333333333333333
ChIJJejSdc0H2jERcYUkcT2h68E,CN->SG,Retail,2026-05,0,-0.1335313926245228,96,0.5171373542729466,0.10285714285714286
ChIJ14BXzDsT2jERaRYCDuj0c94,CN->SG,Retail,2026-05,0,0.4307829160924541,774,0.5168048843824362,0.10857142857142857
ChIJg27o3Q492jERFc2innzfKu0,CN->SG,Retail,2026-05,1,1.0531499145913523,302,0.5135800281883424,0.11428571428571428
ChIJue3QPzsY2jERNukowLKc7HU,CN->SG,Food,2026-04,1,0.7375989431307794,502,0.5121835305881552,0.09885057471264368
ChIJM68ux0w92jER9yE2WrntyL4,CN->SG,Beverage,2026-05,1,0.6931471805599452,360,0.5121717772122889,0.5
ChIJxescUYEa2jERQAF3aQjd56U,CN->SG,Food,2026-05,1,0.6931471805599454,1574,0.5121449228458065,0.10114942528735632
ChIJE8vfxYoV2jERyXYCN80Q6lk,CN->SG,Food,2026-05,1,0.8912609838083192,4558,0.5119698497143857,0.10344827586206896
ChIJPRf50V9NTzURLheqNtnPl5w,SG->JP,Retail,2026-04,0,-0.1823215567939546,62,0.5119463900536466,0.05517241379310345
ChIJiWh8W6UX2jERDmzImQkKQT4,CN->SG,Food,2026-05,1,0.6190392084062233,1028,0.5089217128773529,0.10574712643678161
ChIJQ7ONulgZ2jER7Z-aF-EJ5K0,CN->SG,Food,2026-04,0,0.2744368457017603,426,0.508475653926766,0.10114942528735632
ChIJg7--XWsZ2jERFMp9MlsDiOY,CN->SG,Retail,2026-05,0,0.4769240720903092,397,0.508475653926766,0.12
ChIJq6qqqhahB2ARkWhiWtlTpxE,SG->JP,Hotel,2026-05,0,0.2348395910774012,602,0.5080289498829731,0.15384615384615385
ChIJVXkeu0oUBmARBEriNZSPvcw,SG->JP,Hotel,2026-05,0,0.3364722366212128,68,0.5072734791814436,0.16346153846153846
ChIJl8ByoBEY2jERliTRqHYPZrA,CN->SG,Food,2026-05,0,0.5108256237659909,813,0.5070696665395971,0.10804597701149425
ChIJl8ByoBEY2jERliTRqHYPZrA,CN->SG,Food,2026-04,0,0.3732042458899429,803,0.5070696665395971,0.10344827586206896
ChIJaX2Gfm0T2jER5y-jLNFVXGw,CN->SG,Retail,2026-04,1,0.6190392084062237,116,0.505517273095329,0.14857142857142858
ChIJJ4D-iA0W2jERUnMrYe7fnkk,CN->SG,Food,2026-04,0,0.390020785680691,4289,0.5054335457591889,0.10574712643678161
ChIJ8RbiHzSNGGARPJ9RXa_ITnE,SG->JP,Hotel,2026-05,0,0.1397619423751588,338,0.5050929324097755,0.17307692307692307
ChIJ8SYKih8cTjURd_mAMtiF7Ug,SG->JP,Retail,2026-05,1,0.4978384282391794,576,0.5042943429797928,0.1103448275862069
ChIJZdFGZxgY2jERUcLn_QF2BV4,CN->SG,Food,2026-04,1,0.6931471805599454,321,0.5027927170723523,0.10919540229885058
ChIJ-acM4LcZ2jERI5kCVYDvokk,CN->SG,Food,2026-04,1,0.6007738604289303,306,0.5027927170723523,0.10919540229885058
ChIJLfRqV6AG2jERjP1FABo-jd0,CN->SG,Retail,2026-04,1,1.01160091167848,165,0.5026946809399291,0.15428571428571428
ChIJc7Z7FtMb2jERueHO91Na1oI,CN->SG,Food,2026-05,0,0.5166907432183887,916,0.5019942155910815,0.1103448275862069
ChIJ3bz7o1gF2jERqm8AJ08dOnI,CN->SG,Food,2026-05,1,0.8266785731844681,131,0.5016729563957014,0.11264367816091954
ChIJqQoB8LIZ2jER0IIxCHZXkuY,CN->SG,Food,2026-04,0,0.3772942311414682,648,0.501262973766322,0.11264367816091954
ChIJ04uWMIFT5TQRzL22cLcdqiI,SG->JP,Food,2026-04,0,-0.3364722366212128,100,0.49972938171477144,0.1016949152542373
ChIJJdZUkWsa2jERge1hfzMuvAY,CN->SG,Food,2026-04,0,0.3101549283038398,423,0.49838781848671193,0.11494252873563218
ChIJzYo2cqUZ2jERNK5di9Ug7GU,CN->SG,Hotel,2026-05,1,0.624154309072994,355,0.4968946184996514,0.064
ChIJ5SCE0q4e2jERLiATjgKeV90,CN->SG,Food,2026-04,0,0.4054651081081641,1001,0.49680935822390543,0.11724137931034483
ChIJD2ws16gZ2jERc-UCGfcV-eo,CN->SG,Hotel,2026-05,1,0.6523251860396897,5209,0.49415577475994765,0.072
ChIJpaXv6kIb2jERaR2t1KW20sk,CN->SG,Food,2026-04,0,0.4915942618381033,1448,0.49373971729920874,0.11954022988505747
ChIJuwj3ZAAP2jERv5RH9QjS_YQ,CN->SG,Food,2026-05,0,0.5108256237659908,73,0.4922845679188995,0.11494252873563218
ChIJlXUJlHAY2jER5kvDz4TuTUk,CN->SG,Food,2026-04,0,-0.1213608570042672,686,0.49023752486526506,0.12183908045977011
ChIJOwd4LIFT5TQRrMlKXR7C0Kw,SG->JP,Food,2026-05,0,0.4519851237430574,90,0.4900287541746864,0.1864406779661017
ChIJ2wWIz58i2jERxCC-2zM6RDc,CN->SG,Retail,2026-05,1,0.7259370033829364,252,0.48952238300575956,0.12571428571428572
ChIJk3SwyxQZ2jER3MLPLbxbsOw,CN->SG,Hotel,2026-05,0,0.4794017740516167,6139,0.4894270970208072,0.08
ChIJc6WDP7G8HzUR9c2-OxHW9C8,SG->JP,Retail,2026-05,1,0.5045560107523954,1259,0.4886321087319548,0.11724137931034483
ChIJnWKFQc092jERVhlCuu0VlwQ,CN->SG,Food,2026-05,0,0.5930637220029629,403,0.48853118717072874,0.11724137931034483
ChIJ3d-qTdoW2jERjR5RsN5MalY,CN->SG,Retail,2026-05,1,0.7259370033829364,280,0.48584835399068016,0.13142857142857142
ChIJp0JVlEIa2jER9lM6m1VP3S0,CN->SG,Retail,2026-05,1,1.01160091167848,420,0.48557875497455005,0.13714285714285715
ChIJGXPO2GYT2jERq0m5nuLy8UM,CN->SG,Retail,2026-05,1,1.157452788691043,230,0.4855311591845439,0.14285714285714285
ChIJocGLsaIX2jER3pa988O9QP8,CN->SG,Food,2026-05,1,0.6190392084062237,120,0.4852866034109219,0.11954022988505747
ChIJc6WDP7G8HzUR9c2-OxHW9C8,SG->JP,Retail,2026-04,0,0.154150679827258,1248,0.48503192425448743,0.06206896551724138
ChIJc7Z7FtMb2jERueHO91Na1oI,CN->SG,Food,2026-04,0,0.2937611185281632,905,0.484544354492577,0.12413793103448276
ChIJATLPb68L3DQRSK-ddxCIhKk,SG->JP,Food,2026-05,1,0.6931471805599452,205,0.48419486173878185,0.2033898305084746
ChIJKcHQTXcT2jER5apKhqFZd8M,CN->SG,Food,2026-05,0,0.0,73,0.4840240021679364,0.12183908045977011
ChIJ2Ulmp4sX2jERNAywLFoljmI,CN->SG,Retail,2026-04,1,0.7949298748698879,707,0.482759103232296,0.16
ChIJJdG2aIUX2jERXdYO5DvHju8,CN->SG,Retail,2026-05,1,0.7114963192281416,722,0.4826611991561258,0.14857142857142858
ChIJk4Tb_E8X2jERI63VAV5fJUw,CN->SG,Food,2026-05,0,0.041672696400568,1082,0.48228401115780395,0.12413793103448276
ChIJm91ZmwUQ2jERtVI5JAUHHiQ,CN->SG,Food,2026-04,0,0.0885533973414451,1204,0.4822636117079598,0.12643678160919541
ChIJm91ZmwUQ2jERtVI5JAUHHiQ,CN->SG,Food,2026-05,1,0.6613984822453651,1218,0.4822636117079598,0.12643678160919541
ChIJ29nxtLmt-jQRblerA0V822Y,SG->JP,Food,2026-05,1,0.6931471805599453,65,0.4805039591138141,0.22033898305084745
ChIJV7R9hsLCHmARoTVbeLEH0Go,SG->JP,Retail,2026-05,0,0.0,702,0.47905337325950376,0.12413793103448276
ChIJaXaqRyQH2jERsidCj1nXpT4,CN->SG,Retail,2026-04,1,0.5596157879354225,96,0.4777923436505014,0.1657142857142857
ChIJ-YoHy9oCTjURxr9C5njIJ8k,SG->JP,Retail,2026-05,0,0.4054651081081641,758,0.47683695716712204,0.1310344827586207
ChIJ8zqkjjkY2jERJzYktAZL5tg,CN->SG,Hotel,2026-05,0,0.0,563,0.47129322606416507,0.088
ChIJN9BRXyCNGGARm7uxQ7eg0JY,SG->JP,Retail,2026-05,0,-0.3448404862917293,388,0.4703934564580896,0.13793103448275862
ChIJSc8egUIR2jERodwQZbKrOew,CN->SG,Retail,2026-05,1,0.6931471805599454,290,0.46945334915761777,0.15428571428571428
ChIJ3ZiRQ0wR2jER9oCv4f9T9oY,CN->SG,Food,2026-05,0,-0.1541506798272581,127,0.4692123981862598,0.12873563218390804
ChIJ3ZiRQ0wR2jER9oCv4f9T9oY,CN->SG,Food,2026-04,0,0.1335313926245228,125,0.4692123981862598,0.12873563218390804
ChIJDY2nRIQZ2jERIIYwqhVhqSY,CN->SG,Food,2026-04,1,0.7514160886839214,670,0.46917341760394743,0.1310344827586207
ChIJpUt2BGsa2jERBoxkX6iiAhs,CN->SG,Food,2026-05,0,0.3536400402435782,822,0.46734538062535186,0.1310344827586207
ChIJodByDQoZ2jERvBYW3yz9fiI,CN->SG,Food,2026-04,0,0.3981923487790846,2434,0.4655733563569877,0.13333333333333333
ChIJ5yUNSEUa2jERwFbLzYcct0g,CN->SG,Food,2026-04,1,0.6007738604289303,418,0.46456019948971367,0.135632183908046
ChIJWXkyfhER2jERe2ctFxHPaNs,CN->SG,Food,2026-04,0,0.3677247801253174,176,0.46439215148029833,0.13793103448275862
ChIJrxGO2FBeUjUReqybdoLobsY,SG->JP,Retail,2026-05,1,0.9382696385929304,244,0.4635631748725148,0.14482758620689656
ChIJJwl4ftFS5TQRfip8TSCS92M,SG->JP,Hotel,2026-04,0,-0.4054651081081643,179,0.46314935949761593,0.07692307692307693
ChIJX1VrVi9T5TQRGYXJFA3ZGPE,SG->JP,Hotel,2026-04,1,0.6931471805599455,71,0.4613907138504737,0.08653846153846154
ChIJJcttf4UZ2jERGfoE5xQeY8k,CN->SG,Retail,2026-05,1,0.7621400520468968,86,0.46107536957061834,0.16
ChIJye76eFF_RTURpOVixKp8hjU,SG->JP,Hotel,2026-05,1,0.9903987040278768,337,0.4594788825426589,0.18269230769230768
ChIJ__-vgnUT2jERfGu1arvQHuU,CN->SG,Retail,2026-05,1,0.7308875085427924,284,0.45874286276283266,0.1657142857142857
ChIJz8Iz1qwi2jER4uI2iSaPVOc,CN->SG,Food,2026-04,0,-0.3364722366212128,110,0.4571071485226356,0.14022988505747128
ChIJqytKobwZ2jER1RlaYLYwXec,CN->SG,Hotel,2026-04,0,0.0162605208717807,1468,0.45518035286691705,0.056
ChIJG5k102MQ2jER0OMTkkFt5XI,CN->SG,Food,2026-04,0,0.2006706954621511,831,0.45428560292786485,0.1425287356321839
ChIJe2xV6s1hTzUReXpR1um_rrA,SG->JP,Retail,2026-05,1,0.9444616088408516,121,0.4535811562941727,0.15172413793103448
ChIJe2xV6s1hTzUReXpR1um_rrA,SG->JP,Retail,2026-04,1,0.5389965007326871,120,0.4535811562941727,0.06896551724137931
ChIJJzUrZ8hhTzUR9XCZuIhsrBk,SG->JP,Hotel,2026-04,1,0.5877866649021193,294,0.4522452206872115,0.09615384615384616
ChIJc_CtvrAZ2jERZhmZq1rHkXQ,CN->SG,Hotel,2026-04,1,0.4353180712578455,212,0.45218046427373015,0.064
ChIJtzSvQzgtHjURWM1-kqLXjoQ,SG->JP,Retail,2026-04,1,0.287682072451781,282,0.4514706621194036,0.07586206896551724
ChIJ04uWMIFT5TQRzL22cLcdqiI,SG->JP,Food,2026-05,0,0.0,102,0.45039704709947614,0.23728813559322035
ChIJf7JfE68b2jERfkjctooUmCA,CN->SG,Food,2026-04,1,0.7777045685880086,832,0.4501261817135214,0.14482758620689656
ChIJgUxbod4T2jER7OICXNgcMKU,CN->SG,Food,2026-04,0,0.3980301296206461,1008,0.4491504240073045,0.1471264367816092
ChIJQ7ONulgZ2jER7Z-aF-EJ5K0,CN->SG,Food,2026-05,0,0.3566749439387326,434,0.4491373891491937,0.13333333333333333
ChIJz-uVoxoCTjURvVzrdujZDtQ,SG->JP,Hotel,2026-05,1,0.5753641449035616,676,0.44855899170089397,0.19230769230769232
ChIJdcEXXnI92jER8C4T4FJU2qs,CN->SG,Retail,2026-04,0,0.4161603972249121,622,0.4483121755817221,0.17142857142857143
ChIJYTcgERU92jERsQYotcxqEyo,CN->SG,Food,2026-04,0,0.2559333741372009,423,0.44824338178361833,0.14942528735632185
ChIJiWyNTIAX2jER2X2fvcjyjmM,CN->SG,Food,2026-05,1,0.6523251860396901,632,0.4482152037691233,0.135632183908046
ChIJ7WQdysgbTjUR1EwVUIEGihs,SG->JP,Retail,2026-05,0,0.0870113769896296,188,0.447870309571476,0.15862068965517243
ChIJ8VPbCQcY2jER_UWNKLjbjgQ,CN->SG,Food,2026-04,1,0.5280674302004966,531,0.44619841811655525,0.15172413793103448
ChIJ502VRHwZ2jERn80qua87iWE,CN->SG,Retail,2026-05,1,0.7514160886839214,567,0.4452479144623417,0.17142857142857143
ChIJcxUE46c92jERhaFTIj2CI78,CN->SG,Retail,2026-05,0,0.5877866649021192,72,0.443964749373815,0.17714285714285713
ChIJcxUE46c92jERhaFTIj2CI78,CN->SG,Retail,2026-04,0,0.3364722366212128,72,0.443964749373815,0.17714285714285713
ChIJV0YWiNEZ2jERJCb2BdUtFww,CN->SG,Food,2026-04,1,0.5947071077466926,266,0.44351922321399323,0.15402298850574714
ChIJUde_2ogZ2jER9qs3jw1xMgA,CN->SG,Food,2026-04,0,0.3224941406555395,5306,0.4423021371043026,0.15632183908045977
ChIJaxCiaK8L3DQROZBWoq742nM,SG->JP,Hotel,2026-05,0,0.1718502569266591,249,0.4420585973967197,0.20192307692307693
ChIJ9Z7JU_8YTjURFaYPKMLF908,SG->JP,Retail,2026-04,1,0.5108256237659907,375,0.4419898471070574,0.08275862068965517
ChIJId31rWkb2jERHn7iY6qgijA,CN->SG,Food,2026-05,0,0.2027826286652949,4937,0.4419605084523179,0.13793103448275862
ChIJqz8O_lEZ2jEREOTMicavqYU,CN->SG,Hotel,2026-04,0,-0.1625189294977749,306,0.43862310521013975,0.072
ChIJTbSyA8si2jERsZF1qd_ucZQ,CN->SG,Food,2026-05,1,0.9985288301111273,332,0.43853226102754667,0.14022988505747128
ChIJDVTpC_8S2jERSz_upFj7WYo,CN->SG,Food,2026-05,1,0.9217802241589266,2276,0.4383031084175153,0.1425287356321839
ChIJqfU5CMkCTjURvrv2FloklIQ,SG->JP,Retail,2026-04,0,-0.0833816089390508,426,0.4380784442970924,0.0896551724137931
ChIJkZFsaaQZ2jERNwIpeScG3vM,CN->SG,Food,2026-04,1,0.5549968420791278,698,0.43797256535750767,0.15862068965517243
ChIJz58UwTsY2jERfGVsl8xpUQM,CN->SG,Food,2026-04,0,0.0,930,0.4366085527558945,0.16091954022988506
ChIJkctAQVdT5TQRcsezX7zSMZg,SG->JP,Food,2026-05,0,0.2513144282809063,118,0.4345287498155362,0.2542372881355932
ChIJqzSN0KkeTjURW_TUZoKDuU4,SG->JP,Retail,2026-05,0,-0.1823215567939544,838,0.4345267276055106,0.16551724137931034
ChIJ__-vONXzGGARWYuj1KEJpb8,SG->JP,Retail,2026-05,1,0.5686930060865394,894,0.4344031376205314,0.1724137931034483
ChIJf0MqSi0T2jER_Hd-6cE8tV8,CN->SG,Retail,2026-04,0,0.2762533766281581,370,0.43374381858480093,0.18285714285714286
ChIJb4Q5VaAP2jERoPmeu9wPMb4,CN->SG,Food,2026-04,0,0.3101549283038394,1120,0.4327783219592723,0.1632183908045977
ChIJmfR_XA0Y2jERCJdRzpmVhus,CN->SG,Food,2026-04,1,1.33500106673234,261,0.4324399896276187,0.16551724137931034
ChIJw441x4ZT5TQRjZf1AI0AfMg,SG->JP,Food,2026-05,0,-0.2513144282809063,110,0.4323719079419369,0.2711864406779661
ChIJ5SCE0q4e2jERLiATjgKeV90,CN->SG,Food,2026-05,1,0.706219262127298,1009,0.43209553145032886,0.14482758620689656
ChIJ_yFI-xqhB2AR2OpJrJCqDC8,SG->JP,Hotel,2026-05,0,0.0,2055,0.43160210621408096,0.21153846153846154
ChIJFzRwWakQ2jER4xnnIvUAwG4,CN->SG,Food,2026-04,0,0.4519851237430574,94,0.4314959164140652,0.167816091954023
ChIJi7F2RkheUjURVa4qrzcNyHA,SG->JP,Hotel,2026-05,1,0.6931471805599454,295,0.43132513270360007,0.22115384615384615
ChIJw5R6WqAZ2jERDcFBzMX3sC0,CN->SG,Food,2026-04,1,0.5389965007326869,644,0.4313034219683489,0.17011494252873563
ChIJe3880LWmB2ARkE1O1UVQ0jU,SG->JP,Retail,2026-05,1,0.6632942174102643,274,0.43114186667965365,0.1793103448275862
ChIJ84Jc86w92jER_qsWlRQZx6g,CN->SG,Retail,2026-04,0,0.1690763300439339,741,0.4311240369596951,0.18857142857142858
ChIJ9TacjjkY2jERRGG-r3VJq5c,CN->SG,Hotel,2026-04,1,0.6343066805370121,935,0.42985106412096435,0.08
ChIJB-LJuxssHjUR9ZfkIgQexxw,SG->JP,Food,2026-05,0,0.4054651081081643,76,0.4288618684492368,0.288135593220339
ChIJkaQdeLEZ2jERO0CLf0C7-uU,CN->SG,Food,2026-04,1,0.6632942174102643,372,0.4285655535526578,0.1724137931034483
ChIJH-Wn-f2gB2ARS4TWH95okbI,SG->JP,Hotel,2026-05,0,0.4430030274272298,1006,0.4273271811757714,0.23076923076923078
ChIJc777GbIX2jERP7cqMBsaxi0,CN->SG,Retail,2026-05,0,0.0,125,0.4268574866889264,0.18285714285714286
ChIJyYWJU4IZ2jERwPqP707ye-Y,CN->SG,Food,2026-04,0,0.4732877044469252,727,0.42632354291352254,0.17471264367816092
ChIJG4HBP5M82jERqbo7uo6pc-g,CN->SG,Food,2026-04,1,0.7680484887330628,1173,0.4259183401976193,0.17701149425287357
ChIJMTHI4rcZ2jERvOHSVXCjjJY,CN->SG,Retail,2026-04,0,0.2984929885559966,1105,0.4259183401976193,0.19428571428571428
ChIJXwluwgoP2jERulXZRFj8fYY,CN->SG,Food,2026-05,0,0.5596157879354225,101,0.42501983767565604,0.1471264367816092
ChIJryFkhMoX2jER24OPF5ajj58,CN->SG,Food,2026-05,0,0.2411620568168879,217,0.42497185378754065,0.14942528735632185
ChIJDVTpC_8S2jERSz_upFj7WYo,CN->SG,Food,2026-04,1,0.7253338670558471,2236,0.4245802976354704,0.1793103448275862
ChIJ56RKQILY4zQRYiohotJp6LI,SG->JP,Food,2026-05,0,0.287682072451781,56,0.4238679786428592,0.3050847457627119
ChIJOeo7rRYP2jERfaGpD0hs2vE,CN->SG,Food,2026-04,1,0.5877866649021192,68,0.423445781121626,0.18160919540229886
ChIJOeo7rRYP2jERfaGpD0hs2vE,CN->SG,Food,2026-05,1,0.9555114450274366,68,0.423445781121626,0.15172413793103448
ChIJvXLm6kIa2jER7fCO5fPmUAo,CN->SG,Food,2026-05,1,0.6690496289808849,1024,0.4232886329038714,0.15402298850574714
ChIJk3SwyxQZ2jER3MLPLbxbsOw,CN->SG,Hotel,2026-04,0,0.0433504408736142,6056,0.4230361399133327,0.088
ChIJiW9iJnIY2jERso6iA1vZ360,CN->SG,Food,2026-04,0,-0.1823215567939544,788,0.4223964046054169,0.1839080459770115
ChIJDZE8Dj6LImARszboH7WRnuQ,SG->JP,Food,2026-04,0,-0.158224005214894,641,0.4219762454930319,0.11864406779661017
ChIJzYOzRgwZ2jERM3h3MIvqrts,CN->SG,Hotel,2026-04,1,0.693147180559945,734,0.4213527696402235,0.096
ChIJlVRELyEZ2jERY8xomS8JkuY,CN->SG,Retail,2026-04,0,0.2436220826577506,629,0.4212671407272751,0.2
ChIJSXENi68Z2jERvaPlcGJg1PY,CN->SG,Hotel,2026-05,1,0.5845133395571498,752,0.4206817760140378,0.096
ChIJ9ZETy4ZT5TQRmbK6DpMndL0,SG->JP,Hotel,2026-05,0,0.0,98,0.4181914975217413,0.2403846153846154
ChIJlYayXjYQ2jERJ7RjBDWVkug,CN->SG,Retail,2026-05,0,0.6603573577369541,531,0.41803620857717083,0.18857142857142858
ChIJAWBN5IZT5TQRljvAC0P_bBU,SG->JP,Beverage,2026-05,1,0.3254224004346278,171,0.4178594990271874,0.2857142857142857
ChIJJejSdc0H2jERcYUkcT2h68E,CN->SG,Retail,2026-04,0,0.2231435513142098,92,0.4163391149040188,0.2057142857142857
ChIJfadGmY4X2jERn7fOuwqPpdE,CN->SG,Food,2026-04,0,0.4877032063451363,882,0.4155040277016607,0.18620689655172415
ChIJgUxbod4T2jER7OICXNgcMKU,CN->SG,Food,2026-05,0,0.2425616371713115,1032,0.41528217583532895,0.15632183908045977
ChIJ-a1KOwAZ2jERbfRMkBGT2Fc,CN->SG,Retail,2026-05,0,0.3364722366212128,52,0.4148267484976706,0.19428571428571428
ChIJ306Qsh9gTzURYfi1LFCBlhM,SG->JP,Retail,2026-05,1,0.796331416795176,408,0.41438202110197314,0.18620689655172415
ChIJTbSyA8si2jERsZF1qd_ucZQ,CN->SG,Food,2026-04,0,0.485507815781701,330,0.4120306724657614,0.18850574712643678
ChIJczBPm3gZ2jER16Rus-8px3M,CN->SG,Hotel,2026-04,0,0.0,274,0.4120306724657614,0.104
ChIJ3RvU2Ms92jERn8m4VpW10oY,CN->SG,Retail,2026-05,0,0.6390799592896697,294,0.4120306724657614,0.20285714285714285
ChIJ09xRq0IX2jER80us2CFZbLY,CN->SG,Retail,2026-05,1,0.8303483020734304,358,0.4120306724657614,0.20285714285714285
ChIJrzj-Gz8Q2jER-z5m4a4uGBM,CN->SG,Retail,2026-04,0,0.2947995402206449,713,0.41123627769205645,0.21142857142857144
ChIJO_0iuLQI2jERkcDiNJD7aIA,CN->SG,Food,2026-04,0,-0.4613455665026214,884,0.4076697366517025,0.19080459770114944
ChIJPW1NqYYa2jER5HY0GwG7WsM,CN->SG,Food,2026-05,0,0.0281708769666964,684,0.4064909353234073,0.15862068965517243
ChIJIwIB3TYZ2jERc_YxKyz3ApI,CN->SG,Food,2026-05,1,0.6613984822453651,320,0.4060554406655588,0.16091954022988506
ChIJTy0ppOgZ2jERe6fBEYFCvVY,CN->SG,Food,2026-04,1,0.7496593908232874,930,0.4057245328011229,0.19310344827586207
ChIJg8dwrRIZ2jERmQfJ-q43cgA,CN->SG,Food,2026-05,0,0.5543107357057293,564,0.4055816261724317,0.1632183908045977
ChIJlYayXjYQ2jERJ7RjBDWVkug,CN->SG,Retail,2026-04,1,0.5179430915348546,518,0.4045707698401792,0.21714285714285714
ChIJyV81n4AF2jERnrHVt04CmMU,CN->SG,Retail,2026-05,0,0.361501984687048,1398,0.40393025225144286,0.21142857142857144
ChIJlfOGefcj2jER8Ce0uih53Zo,CN->SG,Food,2026-05,0,0.3566749439387324,1198,0.40393025225144286,0.16551724137931034
ChIJP8MpT8r1TTURJbKzHjB2ZPc,SG->JP,Hotel,2026-05,1,0.8873031950009029,118,0.4037954901918743,0.25
ChIJ5WGfo3o92jERLPxTnQ3j2Os,CN->SG,Beverage,2026-04,0,0.3364722366212128,68,0.4034985188734554,0.5
ChIJIxNKcs8b2jER_qRtK-FF8z8,CN->SG,Food,2026-04,1,0.6405034470745234,1037,0.40348577584521933,0.19540229885057472
ChIJ8UEqOIFT5TQROWxUHSQqdCc,SG->JP,Hotel,2026-05,0,0.0,80,0.4034236159145982,0.25961538461538464
ChIJ6-ZLYd0iTjURewRjar_4XiU,SG->JP,Retail,2026-05,0,-0.2513144282809063,148,0.40281972386684944,0.19310344827586207
ChIJg7--XWsZ2jERFMp9MlsDiOY,CN->SG,Retail,2026-04,0,0.2513144282809063,391,0.40259700788393005,0.22285714285714286
ChIJQ8OtUEwZ2jERiMkcBqLnjyQ,CN->SG,Food,2026-05,1,0.7652004982000027,2696,0.40214093585683014,0.167816091954023
ChIJtcvgd4oQ2jERYftwlvgqa68,CN->SG,Food,2026-05,0,0.6041996945434494,923,0.4020809851070992,0.17011494252873563
ChIJdcEXXnI92jER8C4T4FJU2qs,CN->SG,Retail,2026-05,0,0.6286086594223739,633,0.4017949339924456,0.21714285714285714
ChIJ1d0-d6oZ2jERbqzDiEHTuS8,CN->SG,Food,2026-04,0,0.4054651081081643,112,0.4010443903220222,0.19770114942528735
ChIJvwKrbdk72jER-Cew02jZNKA,CN->SG,Hotel,2026-04,0,0.4054651081081643,102,0.4010443903220222,0.112
ChIJAwFUL6QQ2jERRnZAgGX_g1k,CN->SG,Food,2026-04,0,0.2446918875204127,2730,0.4010121220367894,0.2
ChIJK08WusxT5TQRf10CJUmTqJ0,SG->JP,Beverage,2026-04,0,-0.4054651081081644,65,0.39944277404839185,0.2857142857142857
ChIJ_W2jIrEZ2jERpx5zNEeliOg,CN->SG,Food,2026-04,0,0.4924764850977938,606,0.39921584174134556,0.20229885057471264
ChIJC4xhdTMxTzURXF_y7u6DGZc,SG->JP,Hotel,2026-05,1,0.6061358035703155,247,0.39892940879270894,0.2692307692307692
ChIJtcvgd4oQ2jERYftwlvgqa68,CN->SG,Food,2026-04,0,0.2231435513142097,910,0.39889388040195145,0.2045977011494253
ChIJoy1dmV492jERJQQy8TLYWws,CN->SG,Food,2026-04,0,0.0984400728132528,451,0.39812992168395883,0.20689655172413793
ChIJkV9LSGoj2jERDHJ2ByTr-UM,CN->SG,Retail,2026-04,1,0.5877866649021192,58,0.39753889060633296,0.22857142857142856
ChIJE8vfxYoV2jERyXYCN80Q6lk,CN->SG,Food,2026-04,0,0.3454470983819115,4496,0.39585440264686844,0.20919540229885059
ChIJmwrAvCQZ2jERxzMkadSbf_U,CN->SG,Hotel,2026-04,0,0.4086346828694434,2481,0.39510896717629773,0.12
ChIJtZSUlLceTjURoA_4ryeyAgA,SG->JP,Retail,2026-04,1,0.5947071077466926,638,0.39484022021524423,0.09655172413793103
ChIJvwKrbdk72jER-Cew02jZNKA,CN->SG,Hotel,2026-05,0,0.4855078157817009,104,0.39450661565718526,0.104
ChIJd102giTHGGARyPPNfqt0xbA,SG->JP,Retail,2026-05,0,0.3986391430377645,888,0.3935989406582456,0.2
ChIJ__-vONXzGGARWYuj1KEJpb8,SG->JP,Retail,2026-04,1,0.2607262624632525,878,0.3935989406582456,0.10344827586206896
ChIJdYKgAVm5amARjwlDWcY3yV0,SG->JP,Hotel,2026-05,0,0.0,98,0.3924132882597391,0.27884615384615385
ChIJy6YytPIP2jERWrVkEebL3kc,CN->SG,Food,2026-04,0,-0.0645385211375713,227,0.3921732637076094,0.21149425287356322
ChIJAQAAAH9i4TQRPRezfoLdDzY,SG->JP,Food,2026-04,0,0.3566749439387326,77,0.39180564239224547,0.13559322033898305
ChIJAQAAAH9i4TQRPRezfoLdDzY,SG->JP,Food,2026-05,1,0.6931471805599454,78,0.39180564239224547,0.3220338983050847
ChIJ84Jc86w92jER_qsWlRQZx6g,CN->SG,Retail,2026-05,0,0.1508228897345835,757,0.3908852613473648,0.22285714285714286
ChIJ3bz7o1gF2jERqm8AJ08dOnI,CN->SG,Food,2026-04,1,0.8266785731844681,130,0.3899816759739472,0.21379310344827587
ChIJKT_1j6UH2jERkLci31GhzzY,CN->SG,Retail,2026-04,0,0.3677247801253174,134,0.38987647573582307,0.2342857142857143
ChIJFzRwWakQ2jER4xnnIvUAwG4,CN->SG,Food,2026-05,0,0.5389965007326871,97,0.3895437617624345,0.1724137931034483
ChIJvWnM-E4Q2jERrcEc1xul0NA,CN->SG,Food,2026-04,1,0.581029882439239,650,0.38885112183550613,0.2160919540229885
ChIJB0_uAA2t-jQRx1c7kFMt7fE,SG->JP,Food,2026-05,0,0.1541506798272581,72,0.387978231607419,0.3389830508474576
ChIJpUt2BGsa2jERBoxkX6iiAhs,CN->SG,Food,2026-04,0,-0.0454623740767572,814,0.387455767311946,0.21839080459770116
ChIJybldADQZ2jERZEtKFZaY_94,CN->SG,Food,2026-04,0,0.4964368863138912,597,0.387031966881667,0.2218390804597701
ChIJybldADQZ2jERZEtKFZaY_94,CN->SG,Food,2026-05,0,0.4372138064227444,609,0.387031966881667,0.17471264367816092
ChIJf1ojlwMZ2jERv8LCqVDIPGs,CN->SG,Food,2026-04,0,0.4700036292457352,621,0.387031966881667,0.2218390804597701
ChIJizsi_DIa2jERs55gooVkYoo,CN->SG,Food,2026-04,1,0.5108256237659907,328,0.3866699427326577,0.22528735632183908
ChIJ__-vgnUT2jERfGu1arvQHuU,CN->SG,Retail,2026-04,0,-0.2076393647782444,282,0.3859520439736249,0.24
ChIJe3880LWmB2ARkE1O1UVQ0jU,SG->JP,Retail,2026-04,0,0.1910552367627094,268,0.3851623977068917,0.1103448275862069
ChIJhb56_XuOTTUR5QSMLIkzQxM,SG->JP,Hotel,2026-04,1,0.5306282510621703,161,0.38382257544114373,0.10576923076923077
ChIJhb56_XuOTTUR5QSMLIkzQxM,SG->JP,Hotel,2026-05,1,0.6931471805599452,163,0.38382257544114373,0.28846153846153844
ChIJp6Qr6Is-TjUReSLfM1htlNk,SG->JP,Retail,2026-05,0,0.3677247801253174,149,0.38382257544114373,0.20689655172413793
ChIJp6Qr6Is-TjUReSLfM1htlNk,SG->JP,Retail,2026-04,0,0.1823215567939544,147,0.38382257544114373,0.11724137931034483
ChIJ82KCjowZ2jER37FvW5wmONU,CN->SG,Food,2026-05,0,0.5998152407677262,2313,0.3833114990137598,0.17701149425287357
ChIJu2Xyl0AR2jERqiJV3y1HsKU,CN->SG,Food,2026-05,0,-0.4054651081081644,61,0.3811384364327215,0.1793103448275862
ChIJ1d0-d6oZ2jERbqzDiEHTuS8,CN->SG,Food,2026-05,0,0.4855078157817009,113,0.37952293442301716,0.18160919540229886
ChIJiU7m7DE92jERLm2Tsy1syyg,CN->SG,Food,2026-04,0,-0.0909717782057271,853,0.3794714184325269,0.22758620689655173
ChIJnzfVXaQZ2jER6Z8ZLoosM4o,CN->SG,Food,2026-04,1,0.5686930060865394,1168,0.37908579801267434,0.22988505747126436
ChIJnzfVXaQZ2jER6Z8ZLoosM4o,CN->SG,Food,2026-05,1,0.8886392005436448,1184,0.37908579801267434,0.1839080459770115
ChIJXUt04-oZTjURxaduQHG97ts,SG->JP,Retail,2026-05,0,0.4626235219481132,324,0.37902570664429813,0.21724137931034482
ChIJx8lJPDoZTjURJrASlhOSI2g,SG->JP,Retail,2026-05,0,0.3877655310087635,299,0.37902570664429813,0.21724137931034482
ChIJbSGffjUZTjUR7mMXkOkiuG4,SG->JP,Retail,2026-05,0,0.4256678154256836,1049,0.3788798897725974,0.22758620689655173
ChIJrcigH-E92jERRz8uQOzhH90,CN->SG,Food,2026-05,1,0.8774508985578913,1099,0.3788259480285463,0.18620689655172415
ChIJO6-QXP0V2jERgS2qIeMexJI,CN->SG,Food,2026-04,1,0.6017974019717176,1494,0.3785517770653952,0.23218390804597702
ChIJ6a1VZIzJHzURCMS5Iredbgc,SG->JP,Food,2026-05,0,0.3364722366212128,56,0.3783370988959083,0.3559322033898305
ChIJbZenkHYU2jERhSvELnsoFhI,CN->SG,Food,2026-05,0,0.591677720395086,947,0.37747882367975244,0.18850574712643678
ChIJRSXbuswb2jERniZFPvq_zFg,CN->SG,Retail,2026-05,1,0.8109302162163287,208,0.3769005510395996,0.22857142857142856
ChIJRSXbuswb2jERniZFPvq_zFg,CN->SG,Retail,2026-04,1,0.7537718023763801,205,0.3769005510395996,0.24571428571428572
ChIJoX5M5W492jERqRtgcDDGnCk,CN->SG,Retail,2026-04,0,0.3254224004346278,193,0.37436720795682155,0.25142857142857145
ChIJqygdacQZ2jERdAWn-LllLbs,CN->SG,Hotel,2026-05,0,0.1053605156578263,954,0.3742316895246387,0.112
ChIJf_ZwEGs92jER2UzN0TgMhHY,CN->SG,Retail,2026-04,0,0.3471961999841881,1074,0.3742316895246387,0.2571428571428571
ChIJPaoohUEQ2jERHN__b997Zak,CN->SG,Retail,2026-05,0,0.5205344378929517,694,0.3724980013065165,0.2342857142857143
ChIJYwXEqqgeTjURKMUdeAFk71A,SG->JP,Retail,2026-04,1,0.3364722366212127,179,0.3723330297458459,0.12413793103448276
ChIJUXAAUEUa2jERTkJUfdD1DXM,CN->SG,Food,2026-05,0,0.1706255170307633,844,0.37222813621436895,0.19080459770114944
ChIJ74mSCrsi2jERJG7qojkJU-k,CN->SG,Food,2026-04,0,0.0270286723879191,1240,0.371856038404961,0.23448275862068965
ChIJMV9yuX4YTjURMjszFnNPVOw,SG->JP,Retail,2026-04,1,0.5596157879354227,514,0.3717855148159735,0.1310344827586207
ChIJIzWDoY_JHzURM5vXUzWzxUM,SG->JP,Food,2026-05,0,0.0,58,0.37150074448278797,0.3728813559322034
ChIJqa5XGDcY2jERIzwinkLz1us,CN->SG,Hotel,2026-04,0,0.1335313926245227,1127,0.3713865167006903,0.128
ChIJT8tGlrMZ2jERayt-D2HOn_g,CN->SG,Retail,2026-05,1,0.799527584118517,962,0.36981928481833615,0.24
ChIJR6-pVx0cTjURsbi3byDVIR0,SG->JP,Retail,2026-05,0,0.0526437334854219,679,0.36965221476310106,0.23448275862068965
ChIJR6-pVx0cTjURsbi3byDVIR0,SG->JP,Retail,2026-04,0,0.2542341383842408,663,0.36965221476310106,0.13793103448275862
ChIJfygdFc09TzURPtoHteohVkk,SG->JP,Retail,2026-04,1,0.4353180712578455,629,0.3690951851628212,0.14482758620689656
ChIJb4Q5VaAP2jERoPmeu9wPMb4,CN->SG,Food,2026-05,1,0.6448286032891373,1136,0.36896038960742483,0.19310344827586207
ChIJ3yzWnq0Z2jERsPnwbQa5kq4,CN->SG,Hotel,2026-04,1,0.4144337780909248,916,0.36838599121624904,0.136
ChIJnV4ZVGoa2jERtOxCkkl9xvA,CN->SG,Retail,2026-05,1,0.7318616927406358,783,0.3680940137161635,0.24571428571428572
ChIJrbKTuQ4Z2jERoROa0AZS-k0,CN->SG,Food,2026-04,0,0.2876820724517808,578,0.3671536138878939,0.2367816091954023
ChIJT0qQtv0b2jER-bVlf4iazQ4,CN->SG,Food,2026-05,0,0.3184537311185346,120,0.3670904977460897,0.19540229885057472
ChIJ6yveHwAR2jER1AW2Ffr0uZ4,CN->SG,Food,2026-05,1,0.6523251860396901,443,0.36596174102941814,0.19770114942528735
ChIJtaVM0QgZ2jERkD9z0aHNw6A,CN->SG,Food,2026-04,1,0.8942678197867178,2534,0.3656672167939413,0.23908045977011494
ChIJLQ-16_4Z2jERFj2nuT9QXas,CN->SG,Food,2026-05,0,0.3673133421437882,3755,0.3653783879275351,0.2
ChIJnWKFQc092jERVhlCuu0VlwQ,CN->SG,Food,2026-04,0,0.0,400,0.36515025557280156,0.2413793103448276
ChIJA3PsA1QX2jER0STfSUKNqbU,CN->SG,Food,2026-04,0,-0.1053605156578263,185,0.3647725758444325,0.24367816091954023
ChIJfzJvxoqD-jQRV6DUtrRQOkM,SG->JP,Hotel,2026-05,1,0.5965203448708736,755,0.3647009619926261,0.2980769230769231
ChIJ_a1Lj4gb2jERqZrB0KKNDwU,CN->SG,Food,2026-04,1,0.9219887529887928,1622,0.36363210493692366,0.24597701149425288
ChIJyYWJU4IZ2jERwPqP707ye-Y,CN->SG,Food,2026-05,0,0.4228568508200334,736,0.3635468365563509,0.20229885057471264
ChIJjc3w5NYb2jERb8RCUEfkBuo,CN->SG,Retail,2026-05,1,0.965715615201678,1845,0.36286671985385455,0.25142857142857145
ChIJmYd8yzAY2jERbDNfE2D1SkI,CN->SG,Food,2026-04,0,-0.5108256237659905,202,0.3627852430841799,0.2482758620689655
ChIJk4Tb_E8X2jERI63VAV5fJUw,CN->SG,Food,2026-04,0,0.1112256351102241,1058,0.36163902552717675,0.25057471264367814
ChIJDyIL3C6PTTURgvZjo-yjrso,SG->JP,Hotel,2026-05,0,0.4700036292457357,55,0.3610014269506598,0.3076923076923077
ChIJk3xSmQo92jERtw5qWNPitCY,CN->SG,Food,2026-04,0,0.2493459237082333,6638,0.3600019142259017,0.25287356321839083
ChIJVzLtujYR2jERg0JHAlvIqXw,CN->SG,Retail,2026-04,0,0.3794896217049035,499,0.3595001262849153,0.26285714285714284
ChIJqfU5CMkCTjURvrv2FloklIQ,SG->JP,Retail,2026-05,0,0.0769610411361285,434,0.3591843039002065,0.2413793103448276
ChIJV5HqbUw92jERnQ7X4hYoVQU,CN->SG,Food,2026-05,0,0.0615578929994331,1284,0.3590212567363272,0.2045977011494253
ChIJgxdqAJAQ2jER-F11NQ5gnFg,CN->SG,Food,2026-04,0,0.0615578929994331,1308,0.3590212567363272,0.25517241379310346
ChIJoT6zTIAU2jERGZnpJGsdAOg,CN->SG,Food,2026-05,1,0.6283826451825147,6478,0.3574945148906764,0.20689655172413793
ChIJ1R35K4FT5TQRcyLApip8m0E,SG->JP,Beverage,2026-05,0,0.2876820724517808,121,0.3571878115122286,0.42857142857142855
ChIJGXPO2GYT2jERq0m5nuLy8UM,CN->SG,Retail,2026-04,1,0.802346472524937,228,0.35574676936098765,0.26857142857142857
ChIJq3cjkwsZ2jERaZ-Hkji-1mE,CN->SG,Food,2026-04,1,0.5232481437645475,792,0.35515743801252975,0.2574712643678161
ChIJ5-yYEcsi2jERkzNohBuXwi8,CN->SG,Retail,2026-05,0,0.5221893824163057,644,0.3543481440343892,0.2571428571428571
ChIJheAl4uUZTjUR4PHEuYFwrZk,SG->JP,Retail,2026-05,0,-0.1335313926245228,120,0.354112354172235,0.2482758620689655
ChIJiVb94HcZ2jER3ozfH2-Ctro,CN->SG,Food,2026-05,0,0.4880973726884345,2244,0.3540701943331811,0.20919540229885059
ChIJrxGO2FBeUjUReqybdoLobsY,SG->JP,Retail,2026-04,1,0.4353180712578455,244,0.35319800188987643,0.15172413793103448
ChIJBcVP76MZ2jEROyOCv2NE8v4,CN->SG,Food,2026-05,0,-0.1335313926245228,82,0.3522307973153342,0.21149425287356322
ChIJJWyZdjcY2jERc1Im57AB7t8,CN->SG,Hotel,2026-05,0,0.1335313926245228,74,0.3520100424535997,0.12
ChIJAyjVlcs82jERAt-b0q8rhoM,CN->SG,Food,2026-04,0,0.0,74,0.3520100424535997,0.2597701149425287
ChIJFdruaMEb2jERMCmyEfu4Tws,CN->SG,Food,2026-04,0,0.3777625055588287,1408,0.35194350291811294,0.2620689655172414
ChIJ-1eu0KMX2jER13MfvvTYCzI,CN->SG,Retail,2026-04,0,0.3364722366212129,369,0.35164615036159913,0.2742857142857143
ChIJF-cgTgAfGWARIoirtlrQve0,SG->JP,Retail,2026-04,1,0.5877866649021192,62,0.3509221015699876,0.15862068965517243
ChIJ77snggwG2jER0wYRCz2-4yM,CN->SG,Food,2026-04,0,-0.0870113769896296,147,0.35070589591507967,0.26436781609195403
ChIJe_Oom44X2jERXUOvGj0BpP4,CN->SG,Food,2026-04,0,0.2708749541353996,894,0.3500342500006005,0.26666666666666666
ChIJSxnZHRMCTjURV7Wz3gznxNc,SG->JP,Retail,2026-05,0,0.4828517717235847,571,0.3479918001219574,0.25517241379310346
ChIJSxnZHRMCTjURV7Wz3gznxNc,SG->JP,Retail,2026-04,1,0.4054651081081641,561,0.3479918001219574,0.16551724137931034
ChIJxyAVvKYX2jER0H80pk90rIA,CN->SG,Food,2026-04,0,-0.0240975515790604,1395,0.34623654763095196,0.2689655172413793
ChIJIbGU73sU2jERDA_nKBo4-oc,CN->SG,Retail,2026-04,0,0.1133286853070032,1491,0.34623654763095196,0.28
ChIJxyAVvKYX2jER0H80pk90rIA,CN->SG,Food,2026-05,0,0.0629138254105692,1416,0.34623654763095196,0.21379310344827587
ChIJdUEt_OwzTzURFAZmNmhDvAc,SG->JP,Retail,2026-05,0,0.1823215567939546,55,0.3458061821476852,0.2620689655172414
ChIJoX5M5W492jERqRtgcDDGnCk,CN->SG,Retail,2026-05,0,0.4307829160924541,198,0.34562902207634955,0.26285714285714284
ChIJU_2KeToY2jER47l6QQxmtoM,CN->SG,Food,2026-04,0,0.0741079721537221,2291,0.34551757675223665,0.271264367816092
ChIJ9ZETy4ZT5TQRmbK6DpMndL0,SG->JP,Hotel,2026-04,0,0.2231435513142098,96,0.34543346639726097,0.11538461538461539
ChIJ-YcVucUV2jERo4NKS9Wl7WE,CN->SG,Food,2026-05,0,0.4480247225269602,362,0.34506239697056296,0.2160919540229885
ChIJOZ2EOvu5amARQKqfzRIZ4fs,SG->JP,Hotel,2026-04,0,0.1177830356563834,95,0.3448906641189991,0.125
ChIJBQL7wAoP2jERx3d8MFX0-os,CN->SG,Retail,2026-04,0,0.1941560144409575,234,0.3442296942584993,0.2857142857142857
ChIJy6YytPIP2jERWrVkEebL3kc,CN->SG,Food,2026-05,0,0.1823215567939546,228,0.3442296942584993,0.21839080459770116
ChIJc990b3vzImARqggIJ2NCSsY,SG->JP,Food,2026-05,0,0.2231435513142097,269,0.3439335525387197,0.3898305084745763
ChIJWx_MxSSTGGARA7K3iLGuMwY,SG->JP,Retail,2026-04,1,0.4054651081081645,70,0.34323132029443354,0.1724137931034483
ChIJwYy4TiMZTjUR9Of5Pw_Q7tE,SG->JP,Hotel,2026-04,0,0.1133286853070032,484,0.3411073421658,0.1346153846153846
ChIJT0qQtv0b2jER-bVlf4iazQ4,CN->SG,Food,2026-04,0,0.2231435513142098,118,0.3400708107727412,0.2735632183908046
ChIJbVBWhGk92jERN4-tigtHkjg,CN->SG,Food,2026-04,0,0.0,89,0.33996018964259095,0.27586206896551724
ChIJ_8C8mKcf2jERc7enpi1mU2Q,CN->SG,Hotel,2026-05,0,0.3566749439387326,89,0.3398517134425471,0.128
ChIJjVF5DtMX2jERD4JTapKFcWE,CN->SG,Food,2026-04,0,-0.0689928714869514,254,0.33967651486963585,0.27816091954022987
ChIJf3_kfrAX2jERPyxegJC3-Cw,CN->SG,Food,2026-04,1,0.6783320947748046,645,0.3396490550950092,0.28045977011494255
ChIJIzWDoY_JHzURM5vXUzWzxUM,SG->JP,Food,2026-04,0,0.0,58,0.33928655296147664,0.15254237288135594
ChIJ23Ty8lA-TjURHd89nkstaTQ,SG->JP,Hotel,2026-05,0,0.2719337154836418,796,0.3383802236431227,0.3173076923076923
ChIJDyOtkBc82jERkMqi4Nb1gpo,CN->SG,Hotel,2026-04,0,0.2595111954850848,3678,0.3368882277905913,0.144
ChIJVUFS5CIa2jERGicUsfSt_2w,CN->SG,Food,2026-04,0,0.457521470064218,2886,0.3367069590137324,0.2827586206896552
ChIJg27o3Q492jERFc2innzfKu0,CN->SG,Retail,2026-04,1,0.6664789334777841,298,0.336504899770332,0.2914285714285714
ChIJjwbpKRcb2jERcuohX9j8Wog,CN->SG,Food,2026-04,1,0.7567382833414764,2204,0.3357580348869122,0.2850574712643678
ChIJH-Eq6s5hTzURotHgKhIRr_w,SG->JP,Retail,2026-04,1,0.6211736809348558,686,0.335237920491317,0.1793103448275862
ChIJT8faQP4T2jERYXWhxMWmWzw,CN->SG,Food,2026-05,0,0.4177352006999788,1084,0.3351898404237952,0.2206896551724138
ChIJoT6zTIAU2jERGZnpJGsdAOg,CN->SG,Food,2026-04,0,0.2549747544759961,6366,0.3346834862124337,0.28735632183908044
ChIJv3oMC7EZ2jER2kSvNGCPTiQ,CN->SG,Hotel,2026-05,1,0.919674829858396,1380,0.33460804270751987,0.136
ChIJxVQqvIwZ2jER4WhnK5h7S0g,CN->SG,Food,2026-05,1,0.8732733467904641,1045,0.33410440824584353,0.22298850574712645
ChIJwyHucfQZ2jERC3mkl-kQWk0,CN->SG,Food,2026-04,0,0.3591410364339258,2006,0.33262750864209706,0.2896551724137931
ChIJj0hJbewZ2jERHUJfjir_hI4,CN->SG,Food,2026-05,0,0.2006706954621511,166,0.33223741738059887,0.22528735632183908
ChIJdUEt_OwzTzURFAZmNmhDvAc,SG->JP,Retail,2026-04,0,0.0,54,0.33204221007777857,0.18620689655172415
ChIJj99Fo3IZ2jERFIUg_m-VhO8,CN->SG,Food,2026-05,1,0.924258901523332,584,0.33162017111232045,0.22758620689655173
ChIJYap7ZaktHjURbM_9Gtripok,SG->JP,Hotel,2026-05,0,0.0,55,0.3314608481065594,0.3269230769230769
ChIJYap7ZaktHjURbM_9Gtripok,SG->JP,Hotel,2026-04,0,0.1541506798272581,54,0.3314608481065594,0.14423076923076922
ChIJBxcAf-IZ2jERpPV_h8SXdXk,CN->SG,Food,2026-04,0,0.2363887780642304,290,0.3301938638273121,0.29195402298850576
ChIJjc3w5NYb2jERb8RCUEfkBuo,CN->SG,Retail,2026-04,0,0.2097205309820689,1830,0.32996783605082136,0.29714285714285715
ChIJId31rWkb2jERHn7iY6qgijA,CN->SG,Food,2026-04,0,0.1670540846631665,4864,0.32953494880478607,0.2942528735632184
ChIJuwj3ZAAP2jERv5RH9QjS_YQ,CN->SG,Food,2026-04,0,0.2513144282809063,73,0.3284462482774284,0.296551724137931
ChIJwUTKu6UZ2jERwt5ctkU4f2Q,CN->SG,Hotel,2026-04,0,0.1677682853839179,7138,0.3283435273142918,0.152
ChIJ5yUNSEUa2jERwFbLzYcct0g,CN->SG,Food,2026-05,0,0.3894647667617235,428,0.32724577915111563,0.22988505747126436
ChIJ0zevoBEZ2jER9eYTLSlcX1Q,CN->SG,Food,2026-04,0,0.479573080261886,316,0.32676574664273383,0.2988505747126437
ChIJwXjZTPMZ2jERQymyd8VIPhE,CN->SG,Food,2026-04,0,0.2876820724517808,622,0.3241101657124981,0.30114942528735633
ChIJ8xJryGclBmARXC9G8KfjTxw,SG->JP,Hotel,2026-04,1,0.3483066942682158,224,0.32398340077617294,0.15384615384615385
ChIJN45D0_8W2jERw1-vlOEIacg,CN->SG,Food,2026-05,1,0.6248279365824678,934,0.32397570167835676,0.23218390804597702
ChIJA-ZBOAwW2jERTLUMv9haG-E,CN->SG,Retail,2026-04,0,-0.2047944126460135,451,0.322986708579719,0.3028571428571429
ChIJiYYOhEEU2jERYpnzIwZXcWU,CN->SG,Retail,2026-05,0,0.3254224004346278,441,0.322986708579719,0.26857142857142857
ChIJXVW6D9FS5TQR_2iOxRxA508,SG->JP,Food,2026-05,0,0.1177830356563838,344,0.32191888372761573,0.4067796610169492
ChIJ2e6Uu2kU2jERJNBBNMoMnN8,CN->SG,Beverage,2026-05,0,0.3612938897950268,2039,0.32146619916193353,0.6666666666666666
ChIJ77snggwG2jER0wYRCz2-4yM,CN->SG,Food,2026-05,0,0.0,148,0.3206114200883869,0.23448275862068965
ChIJMXrGuSo92jERowTcAJXvTlo,CN->SG,Food,2026-04,0,0.4611259552137183,2090,0.3205592179072019,0.30344827586206896
ChIJR8qLTngb2jERncHT3pQir5o,CN->SG,Food,2026-04,0,-0.0689928714869514,201,0.3200682113571196,0.3057471264367816
ChIJP2I30Pkb2jERYT5EAFJ1QtQ,CN->SG,Retail,2026-04,0,0.0588405000229332,532,0.3195051984660566,0.30857142857142855
ChIJsSfBLDIaTjURZLm1JIX2mhg,SG->JP,Retail,2026-05,0,-0.1000834585569825,257,0.319472220139967,0.2689655172413793
ChIJqytKobwZ2jER1RlaYLYwXec,CN->SG,Hotel,2026-05,0,0.338773733609492,1484,0.3193214490227134,0.144
ChIJN9sOMrsZ2jERO_ldHOJI_8U,CN->SG,Hotel,2026-04,1,0.9162907318741552,343,0.31793716253091503,0.16
ChIJswRqCegZ2jERkzvdDnu8ero,CN->SG,Food,2026-05,0,-0.0363676441708751,1033,0.31782143643886734,0.23793103448275862
ChIJ6wtcjx0Z2jERgop9RFB4BCU,CN->SG,Food,2026-05,0,0.2651077504132417,1017,0.31782143643886734,0.23793103448275862
ChIJxUOYG7Mi2jERXAvFIJ8W2pM,CN->SG,Retail,2026-05,1,0.9723185633438178,1575,0.3173817513967045,0.2742857142857143
ChIJO40InSUlBmARom-h3xB5v5A,SG->JP,Retail,2026-04,0,0.0918075492531227,912,0.31718902570387225,0.19310344827586207
ChIJoy1dmV492jERJQQy8TLYWws,CN->SG,Food,2026-05,0,0.4353180712578455,463,0.3159256474143299,0.2413793103448276
ChIJDcLFwkoZTjURvxrrOlvXGh4,SG->JP,Hotel,2026-04,0,0.0923733201310148,608,0.3157884043551784,0.16346153846153846
ChIJ6a1VZIzJHzURCMS5Iredbgc,SG->JP,Food,2026-04,0,0.3364722366212128,54,0.31476608880214,0.1694915254237288
ChIJkaQdeLEZ2jERO0CLf0C7-uU,CN->SG,Food,2026-05,0,0.4519851237430574,382,0.3137851444410957,0.24367816091954023
ChIJX9Q-djwY2jER3SjFTMOouOg,CN->SG,Food,2026-05,0,0.3566749439387324,267,0.31350672899669485,0.24597701149425288
ChIJ3aWJqDsR2jERqLVEI3MuG9I,CN->SG,Retail,2026-05,0,-0.4700036292457357,77,0.3134428763702464,0.28
ChIJEWyhkrgTImARVc2b5Rp0ILg,SG->JP,Food,2026-04,0,0.1865859555804121,675,0.3131074013847096,0.1864406779661017
ChIJb0fNgooa2jERRt4iEA6zg-4,CN->SG,Food,2026-04,0,0.4519851237430574,76,0.3130700414140133,0.3080459770114943
ChIJ1z1rl4YX2jER5Dm8jwFIGjY,CN->SG,Food,2026-05,0,0.5573456394008836,1193,0.3123832158833291,0.2482758620689655
ChIJtaVM0QgZ2jERkD9z0aHNw6A,CN->SG,Food,2026-05,1,0.7853969142111641,2614,0.3098349123184773,0.25057471264367814
ChIJaxCiaK8L3DQROZBWoq742nM,SG->JP,Hotel,2026-04,0,0.1625189294977749,244,0.30965446967229737,0.17307692307692307
ChIJOZ2EOvu5amARQKqfzRIZ4fs,SG->JP,Hotel,2026-05,0,0.2231435513142098,97,0.30858588346868365,0.33653846153846156
ChIJ3XxPrrGLGGARYxqRMDZRI0o,SG->JP,Food,2026-04,1,0.8209805520698301,197,0.30728440975635324,0.2033898305084746
ChIJp9ZrEIka2jERn5mVRHSOsMo,CN->SG,Retail,2026-05,0,0.0,320,0.3072140316031168,0.2857142857142857
ChIJX-0vaTI92jER3JkUjV2Vh9s,CN->SG,Food,2026-05,0,0.4673405118262517,830,0.30686001669126306,0.25287356321839083
ChIJ4w9Rwbwb2jERbaN2kBT1Eqw,CN->SG,Food,2026-05,0,0.5340824859302578,328,0.306663493946023,0.25517241379310346
ChIJz58UwTsY2jERfGVsl8xpUQM,CN->SG,Food,2026-05,0,-0.1150693297847875,945,0.30661698466966775,0.2574712643678161
ChIJBf9ijzgZ2jERVOfl83L9Gfw,CN->SG,Food,2026-04,0,0.3022808718729337,264,0.3063388793630928,0.3103448275862069
ChIJl8MsE7EZ2jERlvkq31CnkIk,CN->SG,Food,2026-05,0,0.2151113796169457,450,0.30539146810068113,0.2597701149425287
ChIJxescUYEa2jERQAF3aQjd56U,CN->SG,Food,2026-04,0,0.2394799706339032,1556,0.30470108857583644,0.31264367816091954
ChIJc7IqA_sP2jERCSZRunFNMoY,CN->SG,Retail,2026-04,1,0.7884573603642702,1042,0.30458705695406757,0.3142857142857143
ChIJM9NDV9gT2jERDIaoRwP9YIw,CN->SG,Food,2026-05,0,0.3234001550538603,959,0.3035390412511409,0.2620689655172414
ChIJqZQBhRAY2jERklBwkZhguHo,CN->SG,Food,2026-05,0,-0.1571855835224123,768,0.30339484336245653,0.26436781609195403
ChIJkSFt868V2jERvdiIQsspXoM,CN->SG,Food,2026-04,0,-0.2280097409653829,1546,0.3031708706886227,0.31494252873563217
ChIJs26k7TE92jER3ujFW9aQHOw,CN->SG,Food,2026-04,0,0.4938142779394541,3925,0.3022770917368474,0.31724137931034485
ChIJ6d8QElVPH2ARxiaxHgic8_I,SG->JP,Food,2026-05,1,0.6931471805599454,188,0.3022099657464118,0.423728813559322
ChIJb78bvik92jERzI0aJUQXHFg,CN->SG,Food,2026-04,1,0.5596157879354227,227,0.30190752518706304,0.3195402298850575
ChIJk_LGIe0V2jER5yxLQws41Vg,CN->SG,Retail,2026-05,0,0.1226023220923324,336,0.3019035603665572,0.2914285714285714
ChIJo8wN5qUa2jERTAxWc0A6fak,CN->SG,Retail,2026-05,0,0.4519851237430572,1028,0.30166310315655825,0.29714285714285715
ChIJn8YtMl0W2jERdScFrkWE5U0,CN->SG,Retail,2026-05,0,0.0555698511548108,616,0.3016593282641529,0.3028571428571429
ChIJp7YVbui2B2ARXX3XzjgSTM0,SG->JP,Retail,2026-04,1,0.4626235219481132,270,0.3016268350315448,0.2
ChIJm03XszAY2jERgzoldDmXeqw,CN->SG,Retail,2026-05,1,0.7146533857809088,1588,0.30159844693099314,0.30857142857142855
ChIJ3cFdbwA92jERqA3tMiwPfJs,CN->SG,Hotel,2026-04,0,0.2006706954621511,162,0.30152092083431203,0.168
ChIJsyKAD4k92jERH0WSmzVbaOk,CN->SG,Food,2026-05,0,0.0,748,0.30151515788783634,0.26666666666666666
ChIJbVBWhGk92jERN4-tigtHkjg,CN->SG,Food,2026-05,0,0.0,90,0.3015060528524478,0.2689655172413793
ChIJKcHQTXcT2jER5apKhqFZd8M,CN->SG,Food,2026-04,0,-0.3364722366212128,73,0.30148199302687156,0.3218390804597701
ChIJV-z_710Z2jERKp2acbLHCwY,CN->SG,Food,2026-04,1,0.7463916950787577,1182,0.3014002212260674,0.32413793103448274
ChIJ2XAPSDYQ2jEROm78Hw5Pgos,CN->SG,Food,2026-04,0,0.4519851237430572,769,0.29992493497979544,0.3264367816091954
ChIJbXfs1r4b2jERe6bLvwyx4Jo,CN->SG,Food,2026-04,1,1.0531499145913523,378,0.29966141241561894,0.32873563218390806
ChIJkV9LSGoj2jERDHJ2ByTr-UM,CN->SG,Retail,2026-05,0,0.5877866649021192,60,0.2996235247571687,0.3142857142857143
ChIJObxVvTAY2jERmDEeKZxKjy8,CN->SG,Hotel,2026-04,1,0.4999559515290865,702,0.299460594595404,0.176
ChIJV_3I1r4b2jERXm75U0No9uo,CN->SG,Food,2026-05,0,0.5007752879124894,411,0.29869153281851646,0.271264367816092
ChIJJzmhDeYcTjURajliGbzj9BQ,SG->JP,Retail,2026-04,0,0.1335313926245228,93,0.2974010296220146,0.20689655172413793
ChIJlXUJlHAY2jER5kvDz4TuTUk,CN->SG,Food,2026-05,0,-0.2097205309820689,699,0.2973490194106748,0.2735632183908046
ChIJ3XwHWncZ2jERxgr5QCa0gDw,CN->SG,Hotel,2026-05,0,0.4666195312614949,700,0.297323748791824,0.152
ChIJuZfHmdQZ2jEROUKKNzDb0ew,CN->SG,Food,2026-04,0,0.1625189294977747,787,0.29597426476365096,0.3310344827586207
ChIJRR8bWM8Z2jER8ml0qU8UFeE,CN->SG,Food,2026-04,0,0.3515693399030324,4760,0.2959708205546802,0.3333333333333333
ChIJAyjVlcs82jERAt-b0q8rhoM,CN->SG,Food,2026-05,0,0.4519851237430574,74,0.29585068804100045,0.27586206896551724
ChIJmfrJMXUZ2jERQxc2VBBowUg,CN->SG,Hotel,2026-04,0,0.3364722366212129,602,0.2945766588513673,0.184
ChIJO6-QXP0V2jERgS2qIeMexJI,CN->SG,Food,2026-05,0,0.4519851237430572,1530,0.2933512860624487,0.27816091954022987
ChIJl0gztCwU2jEREJMD-bby0iI,CN->SG,Food,2026-05,0,-0.0183491386681966,2779,0.29331750203061485,0.28045977011494255
ChIJjSLAppIZ2jERE7RyKgLD2yI,CN->SG,Food,2026-04,1,0.6332490389788763,889,0.2931169782882957,0.335632183908046
ChIJu2JDl44X2jER5aLuetJfw8I,CN->SG,Food,2026-05,0,0.1955667835439749,2163,0.2928448167212854,0.2827586206896552
ChIJNUTrswwW2jERaPHsLwq2RVw,CN->SG,Retail,2026-05,1,0.802346472524937,268,0.29229171488008887,0.32285714285714284
ChIJnyDM7jE92jERSgrwGVlLGWE,CN->SG,Retail,2026-05,1,0.6931471805599454,300,0.29229171488008887,0.32285714285714284
ChIJm03XszAY2jERgzoldDmXeqw,CN->SG,Retail,2026-04,0,0.2513144282809061,1570,0.2917656134817612,0.32
ChIJwyHucfQZ2jERC3mkl-kQWk0,CN->SG,Food,2026-05,0,0.2301775779715895,2046,0.2917656134817612,0.2850574712643678
ChIJtei3y2JzFWARLjc-PIAi7s8,SG->JP,Food,2026-05,0,-0.4054651081081645,94,0.29063095908953956,0.4406779661016949
ChIJydiQ65YZ2jERt_T20MW04xo,CN->SG,Beverage,2026-04,1,0.6592456288842639,344,0.29037841914585594,0.6666666666666666
ChIJMfzHEP8Z2jER47wjTEBYUl8,CN->SG,Food,2026-04,0,0.4434925036974033,914,0.2900736950050544,0.33793103448275863
ChIJAQA0oaSWGGARISLDh9Zmi9A,SG->JP,Retail,2026-04,0,-0.5877866649021193,408,0.2886340970207138,0.21379310344827587
ChIJUaJR8NaOGGARbaGu0XYUkl4,SG->JP,Food,2026-05,0,0.0784716154414955,840,0.2883754180178653,0.4576271186440678
ChIJJSw0vREY2jERpJYzQVeUcMo,CN->SG,Food,2026-04,0,0.2231435513142097,506,0.2876352107492257,0.34022988505747126
ChIJb_o7HiiMGGARn7CfylxH0V0,SG->JP,Food,2026-05,1,0.7514160886839214,414,0.28618005377473077,0.4745762711864407
ChIJDWVe5eUXTjURDIjeEdro8Bk,SG->JP,Retail,2026-05,1,0.7472144018302209,118,0.28569999300704907,0.27586206896551724
ChIJV7R9hsLCHmARoTVbeLEH0Go,SG->JP,Retail,2026-04,0,0.1076306641923654,687,0.28484545719045773,0.2206896551724138
ChIJdzt92QsY2jERbh4sdYZ4Foo,CN->SG,Food,2026-05,1,0.6493445579015522,625,0.2847287159317518,0.28735632183908044
ChIJ3yzWnq0Z2jERsPnwbQa5kq4,CN->SG,Hotel,2026-05,0,0.2876820724517812,934,0.28445421678078336,0.16
ChIJrzj-Gz8Q2jER-z5m4a4uGBM,CN->SG,Retail,2026-05,0,0.4228568508200334,727,0.2834649818865328,0.3314285714285714
ChIJHTeC7DUQ2jERQJ0WFpTQDCs,CN->SG,Food,2026-04,0,0.2809023854664021,694,0.2834649818865328,0.3425287356321839
ChIJAQNEYDnbGGARYmRkysa1CKQ,SG->JP,Retail,2026-05,0,-0.1155128871218442,738,0.2834649243724139,0.2827586206896552
ChIJT8tGlrMZ2jERayt-D2HOn_g,CN->SG,Retail,2026-04,1,0.5720692490067094,944,0.28270061263650625,0.32571428571428573
ChIJye76eFF_RTURpOVixKp8hjU,SG->JP,Hotel,2026-04,1,0.6931471805599456,334,0.2825979523929122,0.18269230769230768
ChIJv8VwWlQR2jER7Tq7qdxh8bs,CN->SG,Food,2026-04,0,0.3513978868378888,307,0.2820636362576176,0.3448275862068966
ChIJJ-zNpysV2jERaYnXPue7600,CN->SG,Retail,2026-05,0,0.1000834585569825,280,0.2820636362576176,0.33714285714285713
ChIJJ-zNpysV2jERaYnXPue7600,CN->SG,Retail,2026-04,0,0.1000834585569825,276,0.2820636362576176,0.3314285714285714
ChIJebuu92kT2jERtBQ6OGhKwH8,CN->SG,Food,2026-05,0,0.5108256237659907,268,0.28178987845149617,0.2896551724137931
ChIJlVRELyEZ2jERY8xomS8JkuY,CN->SG,Retail,2026-05,0,0.4168938039317873,635,0.2812271438120218,0.34285714285714286
ChIJj2KdERs92jERpJ5pIYuFDqE,CN->SG,Food,2026-05,0,0.3760512229018706,2853,0.28067021454255336,0.29195402298850576
ChIJd7g-b7H0ImARbwaUJ562vJo,SG->JP,Food,2026-04,1,0.4054651081081646,297,0.28054326475625835,0.22033898305084745
ChIJUfjIWGga2jERRf0pCDHHK3E,CN->SG,Retail,2026-05,0,0.3829922522561058,207,0.28013671065864215,0.3485714285714286
ChIJWXkyfhER2jERe2ctFxHPaNs,CN->SG,Food,2026-05,0,0.1670540846631663,180,0.2793766933464765,0.2942528735632184
ChIJf0MqSi0T2jER_Hd-6cE8tV8,CN->SG,Retail,2026-05,0,0.3746934494414109,376,0.27850931491085845,0.35428571428571426
ChIJjfDfXwAb2jERsMqlTSv7sD0,CN->SG,Retail,2026-05,0,-0.1541506798272581,70,0.277625151157099,0.36
ChIJsYxQUPwV2jERyrhmjB7DGRc,CN->SG,Retail,2026-05,0,0.5888861702355364,1785,0.27669220031541186,0.3657142857142857
ChIJ9QbHvwShB2ARm_c7tzpaVnw,SG->JP,Hotel,2026-05,1,0.7379977467252972,1887,0.2766716411997958,0.34615384615384615
ChIJi_NZTU4ZTjUREfsRUDkcfJs,SG->JP,Hotel,2026-04,0,0.1072455303535977,1871,0.2766716411997958,0.1971153846153846
ChIJ_yFI-xqhB2AR2OpJrJCqDC8,SG->JP,Hotel,2026-04,0,-0.461034959262975,2036,0.2766716411997958,0.1971153846153846
ChIJedK5PUYT2jERAnGwSFWfmpM,CN->SG,Retail,2026-05,0,0.1053605156578263,221,0.2762962107672781,0.37142857142857144
ChIJedK5PUYT2jERAnGwSFWfmpM,CN->SG,Retail,2026-04,0,0.1053605156578263,215,0.2762962107672781,0.33714285714285713
ChIJIWhO2LgZ2jER5HDOAKsQ1cA,CN->SG,Food,2026-05,0,0.5172565140962808,523,0.2751375415264639,0.296551724137931
ChIJ2QcVw3UZ2jEREjm88AVOKQ4,CN->SG,Retail,2026-05,0,0.532804530484766,1830,0.27458835357602995,0.37714285714285717
ChIJCxTorhMY2jER96kxaVyOcZc,CN->SG,Food,2026-04,0,-0.0434851119397388,753,0.2744881452596,0.3471264367816092
ChIJT2GP0LEZ2jER4VmH4dpvFE8,CN->SG,Hotel,2026-04,1,0.4430030274272298,1408,0.2738694918305912,0.192
ChIJAdJ_1hQ92jERP1rHP9LQY2Q,CN->SG,Food,2026-05,0,0.0666913744986725,566,0.27355441658670876,0.3
ChIJU8Tj1WEQ2jEROPbVZAW14uE,CN->SG,Food,2026-04,1,0.740400065410491,614,0.27355441658670876,0.34942528735632183
ChIJCaCSXqwi2jERDYg02QOWzng,CN->SG,Food,2026-05,1,0.818310323513951,637,0.27355441658670876,0.3
ChIJJQ8x9UWLGGARIumMh_ntBjg,SG->JP,Food,2026-05,0,0.3513978868378888,324,0.27352795041062905,0.4915254237288136
ChIJuc9ztnwW2jER_WrP4ME7jfw,CN->SG,Retail,2026-04,0,0.1603426500751794,427,0.27349914511062146,0.34285714285714286
ChIJuc9ztnwW2jER_WrP4ME7jfw,CN->SG,Retail,2026-05,0,0.2657031657330058,434,0.27349914511062146,0.38285714285714284
ChIJrcigH-E92jERRz8uQOzhH90,CN->SG,Food,2026-04,1,0.5240708505160114,1089,0.273319671500003,0.35172413793103446
ChIJuSfGdA-BGGARHK2v9-Su_b4,SG->JP,Food,2026-05,0,0.441832752279039,156,0.2733134219451599,0.5084745762711864
ChIJq_yPw5MZ2jERU4_IsIN0aKk,CN->SG,Retail,2026-04,0,0.3184537311185346,92,0.273250119631733,0.3485714285714286
ChIJJWyZdjcY2jERc1Im57AB7t8,CN->SG,Hotel,2026-04,0,0.1335313926245228,72,0.2728303748565085,0.2
ChIJs5GOvE-NGGARjVMEAz7wDHM,SG->JP,Food,2026-05,0,0.2411620568168879,115,0.2723186837712248,0.5254237288135594
ChIJ4ctYDaEZ2jERmhYhjWkjIf4,CN->SG,Food,2026-05,0,0.503905180921417,615,0.27189732141679757,0.30344827586206896
ChIJl3AtxBAY2jERX2eT1Y8ZrZE,CN->SG,Food,2026-04,0,0.0772313479359905,2718,0.27172066462837896,0.35402298850574715
ChIJe_Oom44X2jERXUOvGj0BpP4,CN->SG,Food,2026-05,0,0.0702042586732485,918,0.27127797450327606,0.3057471264367816
ChIJSXENi68Z2jERvaPlcGJg1PY,CN->SG,Hotel,2026-04,0,-0.1431008436406733,745,0.27061843503282423,0.208
ChIJ2dQaqIYUBmARy3BIT-_hgns,SG->JP,Retail,2026-04,0,-0.6359887667199966,200,0.27047096596068065,0.22758620689655173
ChIJnyDM7jE92jERSgrwGVlLGWE,CN->SG,Retail,2026-04,0,0.0606246218164348,297,0.2703720632384854,0.35428571428571426
ChIJN9sOMrsZ2jERO_ldHOJI_8U,CN->SG,Hotel,2026-05,1,0.6151856390902335,352,0.26971639250202556,0.168
ChIJ38SghT4Y2jER5Fe3J-Thu8M,CN->SG,Food,2026-05,1,0.719122666963206,352,0.26971639250202556,0.30919540229885056
ChIJTcC3mA8a2jER8_61xS6bFN0,CN->SG,Food,2026-05,1,0.6190392084062235,328,0.26971639250202556,0.30919540229885056
ChIJqZHhhGgX2jERYDhYPfIWG4s,CN->SG,Retail,2026-05,0,0.0,274,0.26971639250202556,0.38857142857142857
ChIJX9Q-djwY2jER3SjFTMOouOg,CN->SG,Food,2026-04,0,-0.2076393647782444,264,0.26971639250202556,0.3563218390804598
ChIJp2UFL20Z2jERJC_y2icO1kg,CN->SG,Food,2026-04,0,0.4274440148269398,368,0.2694841118670075,0.3586206896551724
ChIJqZHhhGgX2jERYDhYPfIWG4s,CN->SG,Retail,2026-04,0,0.4274440148269398,266,0.2694501207439171,0.36
ChIJCVWJpaQi2jERw9mrwsyICjg,CN->SG,Retail,2026-05,1,0.7166776779701396,518,0.2692653064977938,0.3942857142857143
ChIJLyDlx6092jER1ovQGM8BqvA,CN->SG,Food,2026-05,0,0.2277839308707117,662,0.2689985116866646,0.31264367816091954
ChIJfRgJk82HRTURBN2QteMUlho,SG->JP,Retail,2026-05,0,0.4462871026284194,372,0.26890650498556146,0.2896551724137931
ChIJT8faQP4T2jERYXWhxMWmWzw,CN->SG,Food,2026-04,0,0.4653632496892337,1061,0.2682769072980962,0.36091954022988504
ChIJ07kCGPwZ2jERGl-Ek5HhQVY,CN->SG,Retail,2026-05,0,0.693147180559945,632,0.26826522585522106,0.4
ChIJp7YVbui2B2ARXX3XzjgSTM0,SG->JP,Retail,2026-05,0,0.4418327522790393,277,0.26780119199653907,0.296551724137931
ChIJJyodxP0b2jERvwv6K_-NPY8,CN->SG,Food,2026-04,0,0.2937611185281632,822,0.26775503314434146,0.3632183908045977
ChIJ_W2jIrEZ2jERpx5zNEeliOg,CN->SG,Food,2026-05,1,0.757685701697516,614,0.26724232641651713,0.31494252873563217
ChIJ14X4KGwX2jERE6qkZNS2JlY,CN->SG,Retail,2026-05,1,0.6931471805599452,199,0.26710330990656406,0.4057142857142857
ChIJrXZUXmsZ2jERdZPWv7o3QHA,CN->SG,Hotel,2026-04,0,0.0873736302085887,4464,0.2665738997652714,0.216
ChIJRxjdeKYL3DQRBKJEEChwHCM,SG->JP,Food,2026-04,1,0.5108256237659905,108,0.26627779383292327,0.23728813559322035
ChIJbXfs1r4b2jERe6bLvwyx4Jo,CN->SG,Food,2026-05,1,1.0169342576538425,386,0.2658357324123059,0.31724137931034485
ChIJJyodxP0b2jERvwv6K_-NPY8,CN->SG,Food,2026-05,0,0.2461330695389083,836,0.26503750545508353,0.3195402298850575
ChIJd102giTHGGARyPPNfqt0xbA,SG->JP,Retail,2026-04,0,0.1670540846631665,878,0.2648128851441277,0.23448275862068965
ChIJB4XG7fyzSDURAPllKKeARk0,SG->JP,Hotel,2026-04,0,0.0,152,0.2637418524527167,0.21153846153846154
ChIJf1ojlwMZ2jERv8LCqVDIPGs,CN->SG,Food,2026-05,1,0.6931471805599454,631,0.2614440156427136,0.3218390804597701
ChIJscyhaKUZ2jERMoA0Gv3a4iI,CN->SG,Hotel,2026-05,1,0.5408064559779264,1113,0.26138223604873373,0.176
ChIJHeeu2LU92jER_BzfOqfIE0w,CN->SG,Hotel,2026-05,0,0.0423592738391418,7117,0.26086228040196785,0.184
ChIJOSVyOA8ATjURv39i2iiANvw,SG->JP,Hotel,2026-05,0,0.2034010725850086,2142,0.2606659161170875,0.3557692307692308
ChIJeUc5O7EX2jERFrzkwlzbkCE,CN->SG,Retail,2026-05,0,0.1929036661244914,892,0.2605398991405805,0.4114285714285714
ChIJeUc5O7EX2jERFrzkwlzbkCE,CN->SG,Retail,2026-04,0,0.0816780310142673,876,0.2605398991405805,0.36857142857142855
ChIJg9nMZhI92jERS58JBkif8g8,CN->SG,Retail,2026-04,0,0.1218898176090368,880,0.2605398991405805,0.36857142857142855
ChIJP8nsfDy7HzURIJUNp2-zGvA,SG->JP,Retail,2026-05,0,0.2513144282809061,462,0.26018528772519955,0.30344827586206896
ChIJiWh8W6UX2jERDmzImQkKQT4,CN->SG,Food,2026-04,0,0.1103480571688653,1003,0.2599365683918657,0.36551724137931035
ChIJc6s2rage2jERzvX_e5IB_6k,CN->SG,Food,2026-04,0,0.1500938791316439,4172,0.2595901836320736,0.367816091954023
ChIJq98yBAEXBmARs-KlQaCSlE4,SG->JP,Retail,2026-05,0,0.3566749439387324,400,0.2590706702129586,0.3103448275862069
ChIJWX6hZwAT2jERCJjVk3CHRmU,CN->SG,Food,2026-04,0,0.0277795641070754,1370,0.25901619764486594,0.3701149425287356
ChIJfRsaqLYe2jERoKBUK2tvw8Q,CN->SG,Food,2026-05,0,0.320167527596269,956,0.25869070377165404,0.32413793103448274
ChIJfadGmY4X2jERn7fOuwqPpdE,CN->SG,Food,2026-05,0,0.4434925036974033,896,0.2584229836776094,0.3264367816091954
ChIJiVb94HcZ2jER3ozfH2-Ctro,CN->SG,Food,2026-04,0,0.1686227124357926,2216,0.25829858136583433,0.3724137931034483
ChIJ-d2VabkR2jERYQ1K_MKnO1M,CN->SG,Food,2026-04,0,0.3735135083015617,954,0.25822948806626017,0.37471264367816093
ChIJkZnuI0gtHjURO0cteApWMao,SG->JP,Hotel,2026-04,0,-0.2231435513142098,149,0.257330322809466,0.22115384615384615
ChIJMXrGuSo92jERowTcAJXvTlo,CN->SG,Food,2026-05,0,0.5676094356161685,2136,0.257175622810763,0.32873563218390806
ChIJpf6Wl2sa2jER6PON2f0Agl8,CN->SG,Food,2026-05,0,0.2663523056454462,2742,0.2571745052356212,0.3310344827586207
ChIJ4fVxTf8b2jERtNRUV2Ng-0Q,CN->SG,Food,2026-04,0,0.4802888999059092,2991,0.2569411964699342,0.37701149425287356
ChIJMTHI4rcZ2jERvOHSVXCjjJY,CN->SG,Retail,2026-05,0,0.4317824164255377,1122,0.2569350561317267,0.41714285714285715
ChIJU7vB_639UTUR-O0qar1bAEU,SG->JP,Retail,2026-05,1,0.6359887667199966,113,0.25629994669959555,0.31724137931034485
ChIJdzt92QsY2jERbh4sdYZ4Foo,CN->SG,Food,2026-04,0,0.3732042458899429,621,0.25551015648871833,0.3793103448275862
ChIJq87uVLMi2jERG__vNYu1YhQ,CN->SG,Retail,2026-05,0,0.1605815701575492,2786,0.2554363534253749,0.4228571428571429
ChIJd7g-b7H0ImARbwaUJ562vJo,SG->JP,Food,2026-05,0,0.2451224580329851,304,0.25526389168904046,0.5423728813559322
ChIJNW68tAwY2jERLZZoVN5w44M,CN->SG,Food,2026-04,0,0.2295744416445,606,0.25521685472732775,0.3816091954022989
ChIJ2wWIz58i2jERxCC-2zM6RDc,CN->SG,Retail,2026-04,1,0.5340824859302578,246,0.2550815259330445,0.37714285714285717
ChIJtzSvQzgtHjURWM1-kqLXjoQ,SG->JP,Retail,2026-05,0,-0.1112256351102243,290,0.2549551261233414,0.32413793103448274
ChIJ2bHiYZn3UjUR17rpMG4aVso,SG->JP,Hotel,2026-05,1,0.5877866649021188,160,0.2545349025822786,0.36538461538461536
ChIJ4VIYcYM92jER3JjwNuznRrU,CN->SG,Food,2026-04,0,0.238219213719657,6740,0.25448247315384226,0.3839080459770115
ChIJwRQ-uw0Z2jERtffbY4KMOw4,CN->SG,Food,2026-04,0,0.3337731796520478,1056,0.25442227877071655,0.3873563218390805
ChIJ01fgzLUe2jERxlhvImcbZ7g,CN->SG,Food,2026-04,0,0.1405819506211889,999,0.25442227877071655,0.3873563218390805
ChIJV-e6WwD9GGARcdeSovBIODQ,SG->JP,Retail,2026-04,0,-0.2513144282809063,110,0.25437673032948704,0.2413793103448276
ChIJgUPIH4MR2jERde8yxvdgSks,CN->SG,Food,2026-05,1,1.067840630001356,485,0.2538624262100837,0.3333333333333333
ChIJj0hJbewZ2jERHUJfjir_hI4,CN->SG,Food,2026-04,0,0.1670540846631663,162,0.2534854883045773,0.39080459770114945
ChIJjfDfXwAb2jERsMqlTSv7sD0,CN->SG,Retail,2026-04,0,-0.3364722366212128,70,0.25322527079820334,0.38285714285714284
ChIJTy0ppOgZ2jERe6fBEYFCvVY,CN->SG,Food,2026-05,1,0.9592567677575984,942,0.25321090603734947,0.335632183908046
ChIJtQ0tUuCGHzURui3ktKT0BXA,SG->JP,Retail,2026-05,0,0.1177830356563834,82,0.2530169768060894,0.3310344827586207
ChIJCbIvD4YNUjURUhJwARvmrGs,SG->JP,Hotel,2026-05,0,-0.1335313926245227,595,0.25212629495213357,0.375
ChIJf_ZwEGs92jER2UzN0TgMhHY,CN->SG,Retail,2026-05,0,0.3651138125845969,1092,0.25183234419121486,0.42857142857142855
ChIJRR8bWM8Z2jER8ml0qU8UFeE,CN->SG,Food,2026-05,1,0.6315892875605122,4817,0.24986116916060785,0.33793103448275863
ChIJM4JNnaBp5TQRWJoKcE3QxMY,SG->JP,Retail,2026-05,0,0.3566749439387324,926,0.24982806368859822,0.33793103448275863
ChIJd1fxRQCNGGARLhZIVwH8DM0,SG->JP,Food,2026-04,1,0.5340824859302578,358,0.24938762323393984,0.2542372881355932
ChIJMZS0f_kZ2jERS9Z6l2Jnw9g,CN->SG,Food,2026-04,0,0.2135741002980591,771,0.24906003147554936,0.3931034482758621
ChIJDWVe5eUXTjURDIjeEdro8Bk,SG->JP,Retail,2026-04,1,0.6931471805599452,116,0.24845674542110896,0.2482758620689655
ChIJp2UFL20Z2jERJC_y2icO1kg,CN->SG,Food,2026-05,1,0.8472978603872037,370,0.24842129460521425,0.34022988505747126
ChIJB6xToPyKGGARd7v-KYqy2dM,SG->JP,Food,2026-04,0,-0.1743533871447777,342,0.2484097961603625,0.2711864406779661
ChIJl_4mcKYP2jERaQTKAt7D5YU,CN->SG,Food,2026-05,0,0.0,136,0.24819868863193814,0.3425287356321839
ChIJJYCXErI8TjUR0HY8WxRWNH8,SG->JP,Hotel,2026-05,0,0.4104278974502935,984,0.24809440556784826,0.38461538461538464
ChIJc1tfUJYR2jERsNqQ4sFo5dU,CN->SG,Retail,2026-04,0,-0.3272129112084161,679,0.24754991872012938,0.38857142857142857
ChIJK7fG1KQX2jERfuzRLIXnlTM,CN->SG,Retail,2026-04,0,0.3794896217049035,194,0.24728421606969278,0.3942857142857143
ChIJObxCsL4Z2jERF5ZUjJPyIcg,CN->SG,Hotel,2026-05,1,0.5514966634969181,1187,0.24655535993335356,0.192
ChIJw5R6WqAZ2jERDcFBzMX3sC0,CN->SG,Food,2026-05,1,0.6286086594223739,655,0.24619387174783472,0.3448275862068966
ChIJTXT5XbwR2jERL48e-UWy7rQ,CN->SG,Retail,2026-04,0,0.0333364202675916,1010,0.24606304146179653,0.4
ChIJfRsaqLYe2jERoKBUK2tvw8Q,CN->SG,Food,2026-04,0,-0.2231435513142097,950,0.24570998322375223,0.3954022988505747
ChIJdceyxTUZTjURSwOtP6VFKFY,SG->JP,Hotel,2026-05,0,-0.102278849120418,1097,0.24507196195458952,0.3942307692307692
ChIJoTHq2Q0Q2jERB9l7yL-EfVI,CN->SG,Food,2026-05,0,0.0905968953522267,4303,0.24451334107743147,0.3471264367816092
ChIJvySRapM82jERRQTFHA8XoHQ,CN->SG,Hotel,2026-04,1,0.5061086338878518,5594,0.2445062214367839,0.224
ChIJgxdqAJAQ2jER-F11NQ5gnFg,CN->SG,Food,2026-05,0,-0.0333364202675916,1326,0.24397906877871478,0.34942528735632183
ChIJzYo2cqUZ2jERNK5di9Ug7GU,CN->SG,Hotel,2026-04,0,0.0909717782057268,352,0.24390521430651688,0.232
ChIJayxA_-0a2jER8qiMOk6X4tY,CN->SG,Food,2026-04,1,0.5968160716215132,951,0.24356515414314844,0.39770114942528734
ChIJcaXA6Kas-jQRXaVc9XAumGg,SG->JP,Hotel,2026-04,1,0.5753641449035618,111,0.24354069431981232,0.23076923076923078
ChIJwyKcGwCLGGARTZtkTe3qBMI,SG->JP,Hotel,2026-04,0,0.2809023854664021,632,0.24328976771564276,0.2403846153846154
ChIJxRq1VgEW2jERxwnLfpI_vvU,CN->SG,Retail,2026-05,0,0.5705448584676129,547,0.24295917036770745,0.4342857142857143
ChIJmaLZZFnxGGAR7l_PNC1oGnk,SG->JP,Retail,2026-05,0,0.1762792423379919,1321,0.24238890189429324,0.3448275862068966
ChIJ3VFmD-ozTzUR1qHGXwFBp9M,SG->JP,Retail,2026-04,1,0.3794896217049035,192,0.24186621710356612,0.25517241379310346
ChIJUW09i1mkB2ARI_4lFeRz4L4,SG->JP,Retail,2026-05,0,0.3483066942682158,176,0.24186621710356612,0.35172413793103446
ChIJSfoJ4W8W2jERfT3Zh6PA9Mg,CN->SG,Retail,2026-04,0,0.0550597771830272,808,0.24177460818715404,0.4057142857142857
ChIJIbGU73sU2jERDA_nKBo4-oc,CN->SG,Retail,2026-05,0,0.0674412807955322,1521,0.2416621015227526,0.44
ChIJe-ZwN_wF2jER0KBwGkVwwHk,CN->SG,Retail,2026-04,0,-0.0689928714869514,217,0.24143994831554974,0.4114285714285714
ChIJS2s-NswX2jERl8PJLvyATg8,CN->SG,Food,2026-04,0,-0.3364722366212128,64,0.24073681052321547,0.4
ChIJ82KCjowZ2jER37FvW5wmONU,CN->SG,Food,2026-04,0,-0.0312525435041042,2276,0.24072723030649154,0.40229885057471265
ChIJM9NDV9gT2jERDIaoRwP9YIw,CN->SG,Food,2026-04,0,0.2022368664948963,939,0.23956220800547368,0.4045977011494253
ChIJEWyhkrgTImARVc2b5Rp0ILg,SG->JP,Food,2026-05,0,0.1636294237818023,689,0.23940461249537884,0.559322033898305
ChIJ3XxPrrGLGGARYxqRMDZRI0o,SG->JP,Food,2026-05,1,0.9694005571881033,201,0.238899383111094,0.576271186440678
ChIJlw-uOgehB2ARBdq0OgakDRo,SG->JP,Hotel,2026-04,0,-0.1466034741918753,298,0.2388392671685363,0.25
ChIJq3cjkwsZ2jERaZ-Hkji-1mE,CN->SG,Food,2026-05,1,0.7621400520468966,801,0.23882068923157945,0.35172413793103446
ChIJi8wFIbMeTjURpxXXrEgxxIQ,SG->JP,Retail,2026-05,0,0.0500104205746612,621,0.23856254372305796,0.3586206896551724
ChIJ2QcVw3UZ2jEREjm88AVOKQ4,CN->SG,Retail,2026-04,0,0.4093790074293006,1795,0.2383103393554282,0.41714285714285715
ChIJJ4D-iA0W2jERUnMrYe7fnkk,CN->SG,Food,2026-05,0,0.4762341789963713,4375,0.23819083490317297,0.35402298850574715
ChIJXdHIvxEY2jERJNkYJvH_4J8,CN->SG,Food,2026-05,0,0.4653632496892332,607,0.23770397311393457,0.3563218390804598
ChIJy7ZSX9Y92jERyWrpKKxpQwE,CN->SG,Food,2026-04,0,-0.0675932911325283,2689,0.23731663603554157,0.4068965517241379
ChIJl8MsE7EZ2jERlvkq31CnkIk,CN->SG,Food,2026-04,0,0.1381503384808171,443,0.2372834074667467,0.4091954022988506
ChIJEx0kWj0XBmARBWC6ATWnxgA,SG->JP,Hotel,2026-04,0,-0.3022808718729337,295,0.2361061604235787,0.25961538461538464
ChIJJajGausb2jERWTnnTRxm1w8,CN->SG,Food,2026-05,0,0.0,107,0.23599497194644953,0.3586206896551724
ChIJrXZUXmsZ2jERdZPWv7o3QHA,CN->SG,Hotel,2026-05,0,0.3068160270383249,4547,0.23584954575091543,0.2
ChIJT7Abab8R2jERgZYAd7wZGRw,CN->SG,Retail,2026-05,0,0.0,686,0.23478671019025193,0.44571428571428573
ChIJrQAuWKUX2jERshr3uRB1oe0,CN->SG,Hotel,2026-05,0,0.2682639865946794,741,0.2347520533268999,0.208
ChIJB6GpqcIT2jER9K6akoOWj14,CN->SG,Food,2026-04,0,0.3629054936893685,258,0.23431103322039704,0.4114942528735632
ChIJp9ZrEIka2jERn5mVRHSOsMo,CN->SG,Retail,2026-04,0,-0.2451224580329851,315,0.2343109718297382,0.4228571428571429
ChIJlw-uOgehB2ARBdq0OgakDRo,SG->JP,Hotel,2026-05,0,0.0,305,0.23427710323817066,0.40384615384615385
ChIJEWoHAUyjHzURQCUM0jED-Cc,SG->JP,Retail,2026-04,0,-1.0498221244986778,265,0.23427710323817066,0.2620689655172414
ChIJ8TTpmsk92jERNHpupLAkT3Q,CN->SG,Food,2026-04,0,0.3448404862917293,276,0.23427710323817066,0.41379310344827586
ChIJfybIpT0Q2jER6RorLl-26FU,CN->SG,Retail,2026-04,0,0.1221026968009,1296,0.23407922301608408,0.42857142857142855
ChIJF-ddtVIS2jERcC3gBIn-uA8,CN->SG,Retail,2026-05,0,-0.0689928714869512,1395,0.23407922301608408,0.4514285714285714
ChIJiZK1LHMT2jER_eGWISBtLZk,CN->SG,Retail,2026-04,0,0.441832752279039,93,0.23403623515691335,0.4342857142857143
ChIJeeZvMiQZ2jERIigdrN9mSAA,CN->SG,Food,2026-04,1,0.5306282510621703,1029,0.23391322240057982,0.4160919540229885
ChIJjVF5DtMX2jERD4JTapKFcWE,CN->SG,Food,2026-05,0,-0.1335313926245227,258,0.2338409322021654,0.36091954022988504
ChIJraA5MPwa2jERbXtj4LEfXiM,CN->SG,Hotel,2026-04,1,0.5559460590464602,689,0.23292761856285035,0.24
ChIJp_uTpMOLGGARuV0qHAQguMU,SG->JP,Hotel,2026-05,1,0.696367795259988,3190,0.23270769477104739,0.41346153846153844
ChIJp-ACQ225GGARWTGrYAVHGLw,SG->JP,Food,2026-04,0,-0.6061358035703156,110,0.23227805456857517,0.288135593220339
ChIJxyAVvKYX2jERoMQ4HzbxvKs,CN->SG,Food,2026-04,0,0.2735375650656158,2987,0.23183988070172018,0.41839080459770117
ChIJ31zEWooZ2jERhwUgBDWxuok,CN->SG,Food,2026-05,0,0.2348395910774012,573,0.23175813496188663,0.3632183908045977
ChIJw3dYAu6GHzURYm5VtY0Nzq8,SG->JP,Retail,2026-05,0,-0.1823215567939544,155,0.23171416226215016,0.36551724137931035
ChIJ6-ZLYd0iTjURewRjar_4XiU,SG->JP,Retail,2026-04,0,-0.4519851237430574,146,0.23158518073869985,0.2689655172413793
ChIJ8zqkjjkY2jERJzYktAZL5tg,CN->SG,Hotel,2026-04,0,-0.3908663086870114,559,0.2308775118769296,0.248
ChIJhYW77TkY2jER2Uyw5zJgJHM,CN->SG,Hotel,2026-04,0,0.2513144282809061,1535,0.23051556986438973,0.256
ChIJPW1NqYYa2jER5HY0GwG7WsM,CN->SG,Food,2026-04,0,-0.2231435513142097,676,0.23013319771674626,0.4206896551724138
ChIJm2lW36oe2jERYvH_3tPnR5Q,CN->SG,Food,2026-04,0,0.4769240720903092,349,0.22968030689660285,0.42298850574712643
ChIJ9-t6OzsY2jER4mR3gW7x-s8,CN->SG,Food,2026-05,0,0.1112256351102243,258,0.22909076692164718,0.36551724137931035
ChIJf7JfE68b2jERfkjctooUmCA,CN->SG,Food,2026-05,1,0.814099790977608,842,0.22906044726525226,0.367816091954023
ChIJDcdcfX4b2jER4_VtEzPC9wY,CN->SG,Hotel,2026-04,0,-0.262364264467491,186,0.22900281154149438,0.264
ChIJJxuJ8Z4Z2jER4erCmq37t1A,CN->SG,Food,2026-04,0,0.3160372982069059,2154,0.2289995267916248,0.42528735632183906
ChIJiYYOhEEU2jERYpnzIwZXcWU,CN->SG,Retail,2026-04,0,0.1758906664636641,434,0.22883155308757364,0.44
ChIJodUzryIb2jER6ACm5zMG8Uo,CN->SG,Food,2026-05,0,0.5685047353526689,2772,0.22859164337600513,0.3701149425287356
ChIJq6NC6HYZ2jER6RVRp3cIqZg,CN->SG,Hotel,2026-05,0,0.3877655310087635,774,0.22785556489642445,0.216
ChIJLZ1p1vv1TTURO49Os2rjVE8,SG->JP,Hotel,2026-05,0,0.4418327522790388,510,0.22722175137521713,0.4230769230769231
ChIJcx28VwNlTzURJ_cF9311bsE,SG->JP,Retail,2026-04,0,0.4353180712578455,188,0.2272216928092283,0.27586206896551724
ChIJcaXA6Kas-jQRXaVc9XAumGg,SG->JP,Hotel,2026-05,1,0.5877866649021188,114,0.2261526090624164,0.4326923076923077
ChIJAwFUL6QQ2jERRnZAgGX_g1k,CN->SG,Food,2026-05,0,0.5983130778891064,2764,0.22576314876777337,0.3724137931034483
ChIJHygElBE92jERj7OeMeUomuA,CN->SG,Retail,2026-05,0,0.1937068790190803,2136,0.22567306871884815,0.45714285714285713
ChIJV4DVMtg82jERbKVt1VxBZfA,CN->SG,Food,2026-04,1,0.5223294482474756,2203,0.22544961619187479,0.42758620689655175
ChIJpaXv6kIb2jERaR2t1KW20sk,CN->SG,Food,2026-05,0,0.3150810466398952,1481,0.2245105996721738,0.37471264367816093
ChIJpbvU9zkY2jERmz3Firlf-lo,CN->SG,Hotel,2026-05,0,0.441832752279039,151,0.22438898122538536,0.224
ChIJM4JNnaBp5TQRWJoKcE3QxMY,SG->JP,Retail,2026-04,0,0.1823215567939549,911,0.22437710119432383,0.2827586206896552
ChIJJw-iqTgY2jERDj6WjoYM2AQ,CN->SG,Retail,2026-04,0,0.3074846997479605,582,0.22429493349180477,0.44571428571428573
ChIJi7vr4PT9UTURh8LMZ0nlk1w,SG->JP,Hotel,2026-04,0,-0.3184537311185346,124,0.22381578515742104,0.2692307692307692
ChIJ9ciIgO892jERUNJPC3z_jKA,CN->SG,Food,2026-04,0,0.1910552367627094,308,0.22337086720403448,0.4298850574712644
ChIJ-acM4LcZ2jERI5kCVYDvokk,CN->SG,Food,2026-05,0,0.3894647667617235,312,0.22337086720403448,0.37701149425287356
ChIJJ11qGTcY2jER3aUek1VzpTw,CN->SG,Hotel,2026-04,0,0.2451224580329851,264,0.22337086720403448,0.272
ChIJLf4vsobJHzURJQeDkxg_no0,SG->JP,Food,2026-04,0,-0.3513978868378888,378,0.22326985477584477,0.3050847457627119
ChIJAQA0oaSWGGARISLDh9Zmi9A,SG->JP,Retail,2026-05,0,-0.1177830356563838,411,0.22306309751888534,0.3724137931034483
ChIJa50oABgZ2jERveJHp_gMOnQ,CN->SG,Retail,2026-04,0,0.2513144282809063,56,0.22297517643751225,0.4514285714285714
ChIJiU7m7DE92jERLm2Tsy1syyg,CN->SG,Food,2026-05,0,-0.0425596144187956,863,0.22179637828157878,0.38045977011494253
ChIJqYD-_g4Y2jERlBdApP-zGi4,CN->SG,Food,2026-05,0,0.2782033284972369,868,0.22179637828157878,0.38045977011494253
ChIJqQoB8LIZ2jER0IIxCHZXkuY,CN->SG,Food,2026-05,0,-0.0666913744986725,663,0.22176976728198858,0.3839080459770115
ChIJodByDQoZ2jERvBYW3yz9fiI,CN->SG,Food,2026-05,1,0.8938178760220965,2469,0.22167315262305295,0.38620689655172413
ChIJ2TQikGwZ2jERHGPeD2UcWHE,CN->SG,Retail,2026-04,1,0.5389965007326869,1091,0.22041346528747355,0.45714285714285713
ChIJE49v1JAZ2jERWDP05HHNONo,CN->SG,Hotel,2026-04,1,0.6154962463298794,4892,0.21968759978835484,0.28
ChIJC_Bo7lYZ2jERATwK_6d9UUA,CN->SG,Food,2026-05,0,0.4567584024957152,320,0.21949493609180018,0.38850574712643676
ChIJheQjQQoZ2jERykwfyfBI1QA,CN->SG,Hotel,2026-04,0,0.1251631429540061,284,0.21925394927802067,0.288
ChIJ-YcVucUV2jERo4NKS9Wl7WE,CN->SG,Food,2026-04,0,0.0392207131532815,356,0.21910202379646732,0.432183908045977
ChIJ3x67XiIZ2jERNLoiO6raxGU,CN->SG,Food,2026-04,1,0.6380874033769177,1366,0.21899791890458625,0.43448275862068964
ChIJcwwkpSg92jEReBZfkbuYcSQ,CN->SG,Food,2026-05,1,0.6865464965285932,1628,0.2189638550843005,0.39080459770114945
ChIJk3xSmQo92jERtw5qWNPitCY,CN->SG,Food,2026-05,0,0.3426810264538584,6750,0.21844903365998738,0.3931034482758621
ChIJk_OaEA4F2jERK4K76TfkSGc,CN->SG,Food,2026-04,0,0.4519851237430574,276,0.21832484086927378,0.4367816091954023
ChIJZfN4HSMa2jEROlvzGFzspWk,CN->SG,Food,2026-05,0,0.3677247801253172,450,0.21810661443344395,0.3954022988505747
ChIJ9QbHvwShB2ARm_c7tzpaVnw,SG->JP,Hotel,2026-04,1,0.4746656423515474,1854,0.21761663583190724,0.27884615384615385
ChIJXY4jC5ka2jER7-pcR1iUa70,CN->SG,Food,2026-04,0,0.1053605156578263,135,0.2166882484923611,0.43908045977011495
ChIJcc0cRVQ82jERFJjCylFGe_E,CN->SG,Retail,2026-04,0,0.1144103511777441,629,0.21609931508139416,0.46285714285714286
ChIJT7Abab8R2jERgZYAd7wZGRw,CN->SG,Retail,2026-04,0,-0.3150810466398952,676,0.2158088000732428,0.4685714285714286
ChIJ8xJryGclBmARXC9G8KfjTxw,SG->JP,Hotel,2026-05,0,0.4595323293784401,226,0.21563169369987553,0.4423076923076923
ChIJufaZrz0Q2jERjiCKiNsRsh4,CN->SG,Food,2026-05,0,0.1910552367627094,277,0.21532879363089835,0.39770114942528734
ChIJi_Q0SAAR2jERfnOsyaxVed0,CN->SG,Retail,2026-04,0,0.0,69,0.21522433189765805,0.4742857142857143
ChIJL4fcgTkY2jERg7V-al0gtt4,CN->SG,Hotel,2026-05,0,0.4307829160924541,414,0.21520452503046197,0.232
ChIJdxS7gPEa2jERd53GKJ48Dr4,CN->SG,Retail,2026-04,0,0.0504308536268918,843,0.2145636768522901,0.48
ChIJwXjZTPMZ2jERQymyd8VIPhE,CN->SG,Food,2026-05,0,0.503905180921417,628,0.2145595129668048,0.4
ChIJHfUPa50Z2jERGJvm5OXf788,CN->SG,Food,2026-05,0,0.1313360020610874,1056,0.21423456462301008,0.40229885057471265
ChIJb74dxZMX2jERRawUlFtLIsQ,CN->SG,Food,2026-05,0,0.1053605156578263,253,0.21300948142097617,0.4045977011494253
ChIJ6-LwGCgZ2jERLkfMIA8oTwg,CN->SG,Hotel,2026-04,0,-0.1226023220923324,527,0.21300188478429558,0.296
ChIJwUTKu6UZ2jERwt5ctkU4f2Q,CN->SG,Hotel,2026-05,0,-0.0617162398585584,7260,0.21297841786554308,0.24
ChIJo8cvPgsZ2jERzUp0v52SdI0,CN->SG,Hotel,2026-04,1,0.486926054567145,5572,0.21297841786554308,0.304
ChIJcaSNEKBT5TQRnxFmzhn4mUI,SG->JP,Hotel,2026-05,0,-0.1541506798272581,65,0.21285246275951175,0.4519230769230769
ChIJcaSNEKBT5TQRnxFmzhn4mUI,SG->JP,Hotel,2026-04,0,-0.3364722366212128,64,0.21285246275951175,0.28846153846153844
ChIJqUBqNTYQ2jERBBDpYC6v9DY,CN->SG,Food,2026-05,0,0.3794896217049035,642,0.21272112628233675,0.4068965517241379
ChIJjWk9QGg92jERiH2RTxmnpw0,CN->SG,Food,2026-04,0,0.0571584138399485,307,0.21239226782207307,0.4413793103448276
ChIJS2s-NswX2jERl8PJLvyATg8,CN->SG,Food,2026-05,0,-0.5596157879354227,66,0.21220537079116913,0.4091954022988506
ChIJb78bvik92jERzI0aJUQXHFg,CN->SG,Food,2026-05,0,0.4307829160924541,233,0.21197328229798496,0.4114942528735632
ChIJqa5XGDcY2jERIzwinkLz1us,CN->SG,Hotel,2026-05,0,0.0504308536268918,1148,0.21187024194922413,0.248
ChIJKT_1j6UH2jERkLci31GhzzY,CN->SG,Retail,2026-05,0,0.3101549283038394,138,0.21107939833614708,0.46285714285714286
ChIJO9op3n8Z2jERkJtP5VHiksg,CN->SG,Food,2026-04,0,0.2841042511038969,1378,0.2106111280137165,0.4436781609195402
ChIJDyOtkBc82jERkMqi4Nb1gpo,CN->SG,Hotel,2026-05,1,0.615633500559241,3732,0.21010239083428695,0.256
ChIJUUJFJ4oX2jER-SsjZUKoUBI,CN->SG,Food,2026-04,0,0.2484613592984996,674,0.21009583455277417,0.4471264367816092
ChIJwRKXcHYZ2jERSTeVD5ugzaQ,CN->SG,Food,2026-04,0,0.0,681,0.21009583455277417,0.4471264367816092
ChIJGcnc96Cs-jQRfSZca6zCjs4,SG->JP,Hotel,2026-04,0,-0.1053605156578263,276,0.20990701591787328,0.2980769230769231
ChIJa8vLc_4DGWARsUPWovzlXsU,SG->JP,Retail,2026-05,0,0.4635727389154453,644,0.20940450043094885,0.3793103448275862
ChIJKf8-B1IZ2jERKoqDakRkZy0,CN->SG,Food,2026-05,1,0.7198154276421067,631,0.20926827070734902,0.41379310344827586
ChIJ0YMotIdi4TQRi0btX64w3PE,SG->JP,Hotel,2026-05,0,0.2076393647782444,177,0.20879592316277396,0.46153846153846156
ChIJ09w94vg92jERb-r87uDlCOc,CN->SG,Food,2026-05,0,0.0099503308531678,1874,0.20855469603691712,0.4160919540229885
ChIJEeC9UjvTHzURHHZDC2CVRrI,SG->JP,Hotel,2026-04,0,0.0,64,0.20849237964460282,0.3076923076923077
ChIJMZS0f_kZ2jERS9Z6l2Jnw9g,CN->SG,Food,2026-05,0,0.5411309732613194,783,0.20809846881571997,0.41839080459770117
ChIJbSGffjUZTjUR7mMXkOkiuG4,SG->JP,Retail,2026-04,0,-0.0333364202675916,1039,0.20776627416888352,0.2896551724137931
ChIJAWBN5IZT5TQRljvAC0P_bBU,SG->JP,Beverage,2026-04,1,0.3053816495511818,168,0.2077270765780835,0.42857142857142855
ChIJq6NC6HYZ2jER6RVRp3cIqZg,CN->SG,Hotel,2026-04,0,0.3011050927839216,761,0.20760447129775084,0.312
ChIJe_jE8J1T5TQR_EqsP1v4-pI,SG->JP,Food,2026-05,1,0.6592456288842639,226,0.20710641659100243,0.5932203389830508
ChIJJxuJ8Z4Z2jER4erCmq37t1A,CN->SG,Food,2026-05,1,0.7061063252024504,2188,0.20553766434341222,0.4206896551724138
ChIJxVQqvIwZ2jER4WhnK5h7S0g,CN->SG,Food,2026-04,0,0.372239460479844,1038,0.20527986750064803,0.45057471264367815
ChIJ5WxqOhs92jERtMqy7oPoDdQ,CN->SG,Retail,2026-05,0,0.4248831939652662,267,0.20506841877562468,0.4685714285714286
ChIJMX4yLYYX2jERsEEiF3cmpP4,CN->SG,Food,2026-04,0,0.2513144282809063,64,0.20468182942092766,0.4528735632183908
ChIJLyDlx6092jER1ovQGM8BqvA,CN->SG,Food,2026-04,0,-0.0476280489892548,654,0.20464136759490972,0.45517241379310347
ChIJt3FaVB092jERxX-RI0O4Abg,CN->SG,Retail,2026-04,0,0.0813456394539522,1006,0.20460463861057251,0.4857142857142857
ChIJMXdC9yolTjUR4lPuBr2Z34Y,SG->JP,Hotel,2026-04,0,-0.1139442593492181,1141,0.20443801818136867,0.3173076923076923
ChIJoSIklaQZ2jERgKc2lL92rAA,CN->SG,Hotel,2026-05,0,0.496867271515284,1975,0.20404836126160128,0.264
ChIJ9zRx9RklBmARLB7L5mI5nOM,SG->JP,Retail,2026-05,0,0.2035989552412394,589,0.20345493369957252,0.38620689655172413
ChIJ9zRx9RklBmARLB7L5mI5nOM,SG->JP,Retail,2026-04,0,-0.0625203569813339,584,0.20345493369957252,0.296551724137931
ChIJFykj1mEQ2jER50T02kGd1OY,CN->SG,Food,2026-05,1,0.7206466219204959,5148,0.20344551779229358,0.42298850574712643
ChIJEZPa3ckZ2jERfK1TlSGo_Ts,CN->SG,Retail,2026-05,0,0.6007738604289303,252,0.20283105417845454,0.4742857142857143
ChIJRUDR6mOb-jQR9rb_Hva5SFA,SG->JP,Hotel,2026-05,0,0.149035579160488,900,0.20210317308249115,0.47115384615384615
ChIJ-a1KOwAZ2jERbfRMkBGT2Fc,CN->SG,Retail,2026-04,0,0.0,52,0.20205550206655898,0.49142857142857144
ChIJ37tThhEY2jERRBycMYB-rUA,CN->SG,Hotel,2026-04,0,0.3920420877760238,848,0.20194296395683894,0.32
ChIJxRngZDU92jER5wOzmY9J8Os,CN->SG,Food,2026-05,0,0.1072455303535973,776,0.2016894256971761,0.42528735632183906
ChIJicZ_8YAU2jERiWI15ePZYqc,CN->SG,Food,2026-04,0,0.3173578405978974,1857,0.201590612815714,0.4574712643678161
ChIJ3cFdbwA92jERqA3tMiwPfJs,CN->SG,Hotel,2026-05,0,0.2006706954621511,164,0.20158097823373197,0.272
ChIJ-YoHy9oCTjURxr9C5njIJ8k,SG->JP,Retail,2026-04,1,0.2641515750415868,748,0.2014394773681679,0.30344827586206896
ChIJV34W7ecZ2jER_khbLcR0NSQ,CN->SG,Food,2026-05,0,0.4773296693378084,4506,0.2012527885201596,0.42758620689655175
ChIJTXT5XbwR2jERL48e-UWy7rQ,CN->SG,Retail,2026-05,0,-0.1405819506211889,1036,0.20103992195772738,0.48
ChIJ2QyAErEb2jER2La0cesrzwA,CN->SG,Food,2026-05,0,0.1706255170307633,836,0.20075160429427508,0.4298850574712644
ChIJq9GMiesZ2jER4yuwp540AV4,CN->SG,Food,2026-05,0,0.297959655210021,4626,0.2004045240774249,0.432183908045977
ChIJtZSUlLceTjURoA_4ryeyAgA,SG->JP,Retail,2026-05,0,0.3403258059372027,652,0.19973029684652657,0.3931034482758621
ChIJBQL7wAoP2jERx3d8MFX0-os,CN->SG,Retail,2026-05,0,0.1823215567939546,237,0.19928291670043133,0.48857142857142855
ChIJ7x88fqUX2jER7NhWcEMV6lg,CN->SG,Hotel,2026-05,0,0.0,221,0.19928291670043133,0.28
ChIJ7f6S5goY2jERtgx0w1iCz84,CN->SG,Hotel,2026-04,0,0.3364722366212129,238,0.19928291670043133,0.328
ChIJK7fG1KQX2jERfuzRLIXnlTM,CN->SG,Retail,2026-05,0,0.2363887780642304,200,0.19928291670043133,0.48857142857142855
ChIJMV9yuX4YTjURMjszFnNPVOw,SG->JP,Retail,2026-05,0,0.3409265869705931,526,0.19926681860890155,0.4
ChIJAaUa-RcU2jERfUdAHPUblEQ,CN->SG,Food,2026-04,1,0.6778797084291575,3273,0.19906644247813088,0.45977011494252873
ChIJmdToVIoT2jERFcg421N7d68,CN->SG,Hotel,2026-04,0,0.391280473116208,3282,0.19906644247813088,0.336
ChIJOQFtKlLTHzURHUhTz83QHiw,SG->JP,Hotel,2026-04,0,0.0,52,0.19871232452065088,0.3269230769230769
ChIJGVCKbHEY2jERe4sLs53yWvg,CN->SG,Food,2026-04,0,0.3495064544601196,2123,0.19841296410450474,0.46206896551724136
ChIJsRuXFlMF2jERafIFHLChthA,CN->SG,Retail,2026-04,0,0.1177830356563834,71,0.19774599596504194,0.49714285714285716
ChIJ-0DAQI4a2jERVIPajSdgj58,CN->SG,Food,2026-04,0,0.3260009367539176,1854,0.1977084849852352,0.46436781609195404
ChIJ6ZICzEwP2jERlb1OvfWlxrk,CN->SG,Food,2026-04,0,0.3629054936893685,200,0.1974616958532761,0.4666666666666667
ChIJfaJxlqU92jER_iDuf9fDzkA,CN->SG,Retail,2026-04,0,-0.064538521137571,473,0.1968267627896767,0.5028571428571429
ChIJo8cvPgsZ2jERzUp0v52SdI0,CN->SG,Hotel,2026-05,0,0.3744815625881967,5696,0.196791839660964,0.288
ChIJVVURHdymB2ARahi09ZcVCys,SG->JP,Hotel,2026-05,1,0.5543107357057293,402,0.1967579515763441,0.4807692307692308
ChIJ26f-6Z4Z2jERGpsI6a3XdiU,CN->SG,Food,2026-04,0,0.0656952592653947,2770,0.1967424452941598,0.4689655172413793
ChIJEx0kWj0XBmARBWC6ATWnxgA,SG->JP,Hotel,2026-05,0,0.0,300,0.1967169555737843,0.49038461538461536
ChIJ04Bw1zAY2jERYwqFp3RVlg4,CN->SG,Hotel,2026-04,0,0.1670540846631663,152,0.19668386905443266,0.344
ChIJwz3yHMEb2jERolztbVQZjiI,CN->SG,Retail,2026-05,1,0.737598943130779,696,0.1963565685196907,0.49714285714285716
ChIJhf74pKQi2jERCm22IG2N0JE,CN->SG,Food,2026-05,0,-0.1603426500751794,451,0.19625133626916025,0.43448275862068964
ChIJ06Qw3T8qIDUR4Ihq3EpkRSw,SG->JP,Retail,2026-04,0,-0.3364722366212128,63,0.19620477022385444,0.3103448275862069
ChIJ_____zoY2jERaXrZkh3ZXuA,CN->SG,Food,2026-04,1,0.6418538861723948,2443,0.19607116792690152,0.47126436781609193
ChIJew6ckqqlB2ARDPJQY3YW5RU,SG->JP,Hotel,2026-05,0,0.1335313926245228,68,0.19544457612583227,0.5
ChIJDyIL3C6PTTURgvZjo-yjrso,SG->JP,Hotel,2026-04,0,0.1335313926245228,54,0.19544457612583227,0.33653846153846156
ChIJv8VwWlQR2jER7Tq7qdxh8bs,CN->SG,Food,2026-05,0,0.0408219945202552,320,0.1951447478900196,0.4367816091954023
ChIJ4VIYcYM92jER3JjwNuznRrU,CN->SG,Food,2026-05,1,0.6895174125093666,6805,0.19481062624846002,0.43908045977011495
ChIJCxTorhMY2jER96kxaVyOcZc,CN->SG,Food,2026-05,0,-0.2288415724288475,770,0.1947382604641655,0.4413793103448276
ChIJ2bHiYZn3UjUR17rpMG4aVso,SG->JP,Hotel,2026-04,1,0.4700036292457354,157,0.19459141353804413,0.34615384615384615
ChIJkSFt868V2jERvdiIQsspXoM,CN->SG,Food,2026-05,0,0.2569104137850271,1573,0.19371153666611698,0.4436781609195402
ChIJe2Vsq3c1TzURHuJaw2_BsdI,SG->JP,Retail,2026-04,0,0.2513144282809063,64,0.19366724703599075,0.31724137931034485
ChIJO4L-b8EF2jERfcF00jX9Ae8,CN->SG,Food,2026-05,1,0.6729444732424259,480,0.19348322326116868,0.4471264367816092
ChIJR19GINoP2jERIVvcAXcatpg,CN->SG,Food,2026-05,1,0.7323678937132265,401,0.19348322326116868,0.4471264367816092
ChIJ3XwHWncZ2jERxgr5QCa0gDw,CN->SG,Hotel,2026-04,0,0.2937611185281632,688,0.19346875871059457,0.352
ChIJH8LySQkZ2jERFAGAVveJaA0,CN->SG,Food,2026-04,0,0.1841924647297661,1690,0.1930153726332211,0.4735632183908046
ChIJK0hRYHIZ2jERrxw0TDSz0vs,CN->SG,Hotel,2026-05,0,0.167054084663166,468,0.19295564213308297,0.296
ChIJdVMCSTcY2jERpqgFGkQ7VYI,CN->SG,Hotel,2026-04,1,0.5596157879354225,129,0.19238154639469607,0.36
ChIJn66lIy4a2jERq5Jv2SVXkEE,CN->SG,Retail,2026-05,0,0.1365755350057509,688,0.19191356946296648,0.5028571428571429
ChIJ5UCkFuEH2jERbLSqUpAAb4c,CN->SG,Food,2026-04,0,-0.0666913744986725,406,0.19180635222666892,0.47586206896551725
ChIJ5-gaDK8Z2jERSUw9L4HrdK8,CN->SG,Food,2026-05,1,0.7407752295492003,893,0.19111247126902567,0.45057471264367815
ChIJJdZUkWsa2jERge1hfzMuvAY,CN->SG,Food,2026-05,0,-0.4228568508200334,436,0.19099594390592384,0.4528735632183908
ChIJa50oABgZ2jERveJHp_gMOnQ,CN->SG,Retail,2026-05,1,0.7621400520468968,56,0.19085053296583665,0.5085714285714286
ChIJrYMeu5sQ2jERfpA5zK1UM9U,CN->SG,Food,2026-04,0,0.1883482646608154,3321,0.1908148160338581,0.4781609195402299
ChIJJ8s24l8Z2jERmHd_s9Vxa1s,CN->SG,Food,2026-05,0,0.5389965007326871,377,0.19055556496309708,0.45517241379310347
ChIJiW9iJnIY2jERso6iA1vZ360,CN->SG,Food,2026-05,0,-0.1124779834266904,805,0.19003519916862854,0.4574712643678161
ChIJZzTg5yIa2jERNtVXMcuCOFU,CN->SG,Food,2026-04,0,-0.0564413109049519,2991,0.18996820361671518,0.4804597701149425
ChIJCfKnhhIY2jER7fL0siPQ4ac,CN->SG,Hotel,2026-05,0,0.0281708769666964,660,0.189903915934248,0.304
ChIJ5UYXQhgZ2jERQCI74fJWWK0,CN->SG,Hotel,2026-05,0,0.1823215567939546,222,0.18960237635987345,0.312
ChIJpf6Wl2sa2jER6PON2f0Agl8,CN->SG,Food,2026-04,0,0.0805032188490706,2709,0.1893939305091778,0.4827586206896552
ChIJaYVwpDkY2jERbLBVdk2RiOc,CN->SG,Hotel,2026-04,0,0.1670540846631663,173,0.18923989978836328,0.368
ChIJN45D0_8W2jERw1-vlOEIacg,CN->SG,Food,2026-04,0,0.3317773923170053,920,0.18898980332483825,0.4850574712643678
ChIJyV81n4AF2jERnrHVt04CmMU,CN->SG,Retail,2026-04,0,0.1847341031993385,1376,0.18894643147720822,0.5085714285714286
ChIJc6s2rage2jERzvX_e5IB_6k,CN->SG,Food,2026-05,0,0.5211616330966526,4208,0.18893679886465597,0.45977011494252873
ChIJVYEAaEca2jERpxajHtlWFRE,CN->SG,Retail,2026-04,1,0.7110581071264752,2039,0.18876472087211188,0.5142857142857142
ChIJN9BRXyCNGGARm7uxQ7eg0JY,SG->JP,Retail,2026-04,0,-0.7884573603642704,384,0.18869755647534805,0.32413793103448274
ChIJp85ZgUka2jERsvwRR9FvUwA,CN->SG,Food,2026-05,0,-0.0877756108823857,1697,0.18827941001023887,0.46206896551724136
ChIJscyhaKUZ2jERMoA0Gv3a4iI,CN->SG,Hotel,2026-04,0,0.3794896217049039,1097,0.18806972863096796,0.376
ChIJ_____1YW2jERK63bsKwVVXo,CN->SG,Food,2026-04,0,-0.1823215567939544,464,0.18802598617507915,0.48735632183908045
ChIJzXocmetxFWARDZgZO-agxsM,SG->JP,Hotel,2026-05,0,0.2006706954621511,366,0.1878924725067316,0.5096153846153846
ChIJN5U7dJ4Z2jERhI5Md3L9RYM,CN->SG,Hotel,2026-05,1,0.6217536508981247,6232,0.18770732890644304,0.32
ChIJeeZvMiQZ2jERIigdrN9mSAA,CN->SG,Food,2026-05,0,0.5346768395881707,1054,0.18751698914523618,0.46436781609195404
ChIJ5ySHC3IZ2jERu-xiMMTjAVE,CN->SG,Food,2026-04,0,0.4087600040050168,2041,0.18689937398055065,0.4896551724137931
ChIJU8Tj1WEQ2jEROPbVZAW14uE,CN->SG,Food,2026-05,1,0.9105600571651702,626,0.1865633844069329,0.4666666666666667
ChIJHWpH1g0Q2jERAwYNmAwf7_g,CN->SG,Food,2026-04,0,-0.3764775712349122,794,0.1861578816559431,0.49195402298850577
ChIJC_Bo7lYZ2jERATwK_6d9UUA,CN->SG,Food,2026-04,0,-0.6931471805599452,319,0.18601055185242354,0.4942528735632184
ChIJue3QPzsY2jERNukowLKc7HU,CN->SG,Food,2026-05,0,0.5306282510621703,517,0.18596429417493465,0.4689655172413793
ChIJ-YdSW2w8TjURXQqwi5_BYOw,SG->JP,Retail,2026-04,0,0.0,60,0.1859507452009993,0.3310344827586207
ChIJDfXnoY8X2jERliGvwx0x__Y,CN->SG,Food,2026-04,0,0.0,270,0.18522258654613255,0.496551724137931
ChIJb70E4ZL3UjURzGm_nO2ELU8,SG->JP,Retail,2026-04,0,0.0,66,0.18519407975362703,0.33793103448275863
ChIJU_fMik-JGGARrHJBzYB37Ss,SG->JP,Food,2026-05,0,-0.2006706954621511,260,0.1849766530768162,0.6101694915254238
ChIJn8YtMl0W2jERdScFrkWE5U0,CN->SG,Retail,2026-04,0,-0.2295744416445,606,0.18487262543313765,0.52
ChIJgX-VV-EV2jERqNsQc1Dp8H4,CN->SG,Retail,2026-04,0,0.1372011215134851,427,0.18458783061367007,0.5257142857142857
ChIJ6yveHwAR2jER1AW2Ffr0uZ4,CN->SG,Food,2026-04,0,0.2513144282809061,435,0.18458783061367007,0.49885057471264366
ChIJt3FaVB092jERxX-RI0O4Abg,CN->SG,Retail,2026-05,0,0.0,1026,0.18453602660164678,0.5142857142857142
ChIJHeeu2LU92jER_BzfOqfIE0w,CN->SG,Hotel,2026-04,0,0.1928607706821257,6918,0.1840668709531122,0.384
ChIJjeS1cqUZ2jERG8Hwz6rwZ3w,CN->SG,Food,2026-04,0,-0.5804740180558325,1310,0.18336996059721902,0.5011494252873563
ChIJV15mQ6Ub2jERvlB6iB9FrN8,CN->SG,Food,2026-05,0,0.1857171457950928,740,0.1831676885788886,0.47126436781609193
ChIJC4xhdTMxTzURXF_y7u6DGZc,SG->JP,Hotel,2026-04,0,-0.2231435513142097,244,0.1829329915433554,0.3557692307692308
ChIJ06Qw3T8qIDUR4Ihq3EpkRSw,SG->JP,Retail,2026-05,0,-0.1541506798272581,64,0.18235567565738175,0.4103448275862069
ChIJe2Vsq3c1TzURHuJaw2_BsdI,SG->JP,Retail,2026-05,0,0.0,66,0.18235567565738175,0.4103448275862069
ChIJUde_2ogZ2jER9qs3jw1xMgA,CN->SG,Food,2026-05,0,0.318113189654321,5386,0.18231759758748514,0.4735632183908046
ChIJdeB0FI0Z2jERfMMx7jtAfsg,CN->SG,Hotel,2026-05,1,0.6729444732424259,4835,0.18211649126221974,0.328
ChIJw441x4ZT5TQRjZf1AI0AfMg,SG->JP,Food,2026-04,0,-0.2006706954621511,106,0.18197500953425325,0.3220338983050847
ChIJ-0DAQI4a2jERVIPajSdgj58,CN->SG,Food,2026-05,0,0.2902298445305793,1888,0.18175403249482627,0.47586206896551725
ChIJw6HFVGkZ2jER8zoBT70YpAw,CN->SG,Hotel,2026-04,0,-0.2411620568168881,439,0.18162597686240872,0.392
ChIJaYVwpDkY2jERbLBVdk2RiOc,CN->SG,Hotel,2026-05,0,0.287682072451781,177,0.18153663408985748,0.336
ChIJnZO1bGrhHmARdrhjW1ZwmVM,SG->JP,Retail,2026-04,0,-0.5877866649021192,98,0.1808407748772155,0.3448275862068966
ChIJ_a1Lj4gb2jERqZrB0KKNDwU,CN->SG,Food,2026-05,0,0.5549968420791282,1669,0.1806116476534238,0.4781609195402299
ChIJbehm8Jwj2jERleuVMdTkNu8,CN->SG,Hotel,2026-04,0,0.3957089331627994,1699,0.18059802252983578,0.4
ChIJHQALBw8Q2jERTRbxK3smjw0,CN->SG,Food,2026-04,0,0.1656671218888172,1896,0.18059802252983578,0.503448275862069
ChIJTT5t4Ek92jERFUegYdjoYU8,CN->SG,Food,2026-05,0,-0.1010961168713686,1891,0.18059802252983578,0.4804597701149425
ChIJI3M1GGRp5TQRXrTjqFoIWZU,SG->JP,Retail,2026-04,0,-0.0192313619278872,1509,0.18058282090273942,0.35172413793103446
ChIJ01fgzLUe2jERxlhvImcbZ7g,CN->SG,Food,2026-05,0,0.2129219972426717,1023,0.18021886486923408,0.4827586206896552
ChIJz-uVoxoCTjURvVzrdujZDtQ,SG->JP,Hotel,2026-04,0,0.0833816089390508,668,0.18012045028996146,0.36538461538461536
ChIJ4fVxTf8b2jERtNRUV2Ng-0Q,CN->SG,Food,2026-05,0,0.4999559515290865,3055,0.1801158445205165,0.4850574712643678
ChIJ10ST3Vo92jERg2zwKGJ5FKs,CN->SG,Food,2026-05,0,-0.0784716154414955,860,0.1797849819867752,0.48735632183908045
ChIJK3ZOu1IQ2jERXBDsZ-sShE4,CN->SG,Retail,2026-05,0,0.3448404862917293,244,0.17965447958201464,0.52
ChIJEwGRrykdTjUR1Q-xKWgtSWo,SG->JP,Hotel,2026-05,0,-0.0727593542824278,726,0.1788158332155893,0.5192307692307693
ChIJB0_uAA2t-jQRx1c7kFMt7fE,SG->JP,Food,2026-04,0,-0.4700036292457357,72,0.17852706265011734,0.3389830508474576
ChIJhYW77TkY2jER2Uyw5zJgJHM,CN->SG,Hotel,2026-05,0,0.192371892647456,1566,0.1780080616559041,0.344
ChIJp85ZgUka2jERsvwRR9FvUwA,CN->SG,Food,2026-04,0,-0.0741079721537221,1654,0.1773140888617445,0.5057471264367817
ChIJwyKcGwCLGGARTZtkTe3qBMI,SG->JP,Hotel,2026-05,0,0.4307829160924541,644,0.17706606111514708,0.5288461538461539
ChIJrR-yV54Z2jERWC-z85UFpls,CN->SG,Food,2026-05,1,0.6795415285041666,713,0.17578199711082174,0.4896551724137931
ChIJQVa-88ceTjURIsvMKqjl-sE,SG->JP,Retail,2026-05,0,0.0666913744986725,384,0.17556553949420992,0.4206896551724138
ChIJQVa-88ceTjURIsvMKqjl-sE,SG->JP,Retail,2026-04,0,-0.0666913744986725,376,0.17556553949420992,0.3586206896551724
ChIJS2xZIjcY2jER-d7Gd8C9k2I,CN->SG,Hotel,2026-04,0,0.0612436252407184,1516,0.1755230006983991,0.408
ChIJkyvW2pIZ2jERWyYW3DpUgEg,CN->SG,Hotel,2026-04,0,-0.1124779834266895,3335,0.17550216165220497,0.416
ChIJgWQB27M92jERb7jMXRnaWdE,CN->SG,Retail,2026-05,0,0.0984400728132528,495,0.1754647043360919,0.5257142857142857
ChIJ27Nx_BgZ2jER-eTIMZ8ZORM,CN->SG,Food,2026-04,0,0.0953101798043247,481,0.1754647043360919,0.5103448275862069
ChIJIWhO2LgZ2jER5HDOAKsQ1cA,CN->SG,Food,2026-04,0,0.4054651081081646,512,0.1754647043360919,0.5103448275862069
ChIJM-eKedc82jERGtX0Qt-ekFc,CN->SG,Food,2026-04,0,0.3726752852851733,518,0.1754647043360919,0.5103448275862069
ChIJATLPb68L3DQRSK-ddxCIhKk,SG->JP,Food,2026-04,0,-0.4054651081081644,204,0.175373015901205,0.3559322033898305
ChIJnZO1bGrhHmARdrhjW1ZwmVM,SG->JP,Retail,2026-05,0,-0.2513144282809063,98,0.17509104349645085,0.42758620689655175
ChIJ07kCGPwZ2jERGl-Ek5HhQVY,CN->SG,Retail,2026-04,0,0.2113090936672068,625,0.1748109222081725,0.5314285714285715
ChIJnY-o2OwP2jERas6kAZFslVE,CN->SG,Retail,2026-04,0,0.2876820724517808,140,0.17427543811713617,0.5371428571428571
ChIJy64vxOwP2jERGHAwoXFbzZA,CN->SG,Retail,2026-05,1,0.9382696385929304,124,0.17427543811713617,0.5314285714285715
ChIJZYm6guYN2jERdmoxoxm98Kc,CN->SG,Hotel,2026-05,0,0.0,136,0.17427543811713617,0.352
ChIJb_o7HiiMGGARn7CfylxH0V0,SG->JP,Food,2026-04,0,0.1292117314800065,410,0.174269159336249,0.3728813559322034
ChIJAQNEYDnbGGARYmRkysa1CKQ,SG->JP,Retail,2026-04,0,0.0655972824858133,720,0.1738505709082946,0.36551724137931035
ChIJDY2nRIQZ2jERIIYwqhVhqSY,CN->SG,Food,2026-05,0,0.6090640633494036,682,0.17363505289817333,0.49195402298850577
ChIJW34KHmIQ2jERkEZOiUOx5Ik,CN->SG,Food,2026-04,0,-0.7375989431307792,272,0.17321882449521742,0.5149425287356322
ChIJjSLAppIZ2jERE7RyKgLD2yI,CN->SG,Food,2026-05,0,0.5225216635291821,911,0.1724701604795786,0.4942528735632184
ChIJC690iKYi2jERvmTCA-JjDn8,CN->SG,Food,2026-05,0,-0.1603426500751794,431,0.1723848921308302,0.496551724137931
ChIJKaWLnqIi2jER8MCzTNDC7qg,CN->SG,Food,2026-04,0,-0.1226023220923324,416,0.1723848921308302,0.5172413793103449
ChIJ84XXKE892jER1sFk5YAawBg,CN->SG,Retail,2026-04,0,0.1743533871447777,222,0.1721812722466128,0.5428571428571428
ChIJGcnc96Cs-jQRfSZca6zCjs4,SG->JP,Hotel,2026-05,0,0.0,280,0.1714261379047777,0.5384615384615384
ChIJq0q0MvQZ2jERodJdZBEeH3A,CN->SG,Food,2026-04,1,0.5363047090669752,3661,0.17135534460862797,0.5195402298850574
ChIJhf74pKQi2jERCm22IG2N0JE,CN->SG,Food,2026-04,0,-0.55206858230004,447,0.17126224455856817,0.5218390804597701
ChIJFykj1mEQ2jER50T02kGd1OY,CN->SG,Food,2026-04,1,0.6612920143187271,5054,0.1712262466413311,0.5241379310344828
ChIJY5BNN8kZ2jERb4NfPF21dH4,CN->SG,Hotel,2026-04,0,0.0,586,0.1708993374137435,0.424
ChIJtV4cjx8Q2jERMTt5rW87q9Y,CN->SG,Retail,2026-04,1,0.4924764850977938,516,0.17081179674964508,0.5485714285714286
ChIJw3UUciMZTjUR8dHk5MVO-8w,SG->JP,Hotel,2026-04,0,0.2595111954850844,329,0.17055849510722684,0.375
ChIJMz0o57YZ2jEREDiZ5R5MEk0,CN->SG,Hotel,2026-05,0,-0.7884573603642699,346,0.17046931075592917,0.36
ChIJAQAAsAAc2jERbbHzLY1ImcM,CN->SG,Food,2026-04,0,0.0475251418628452,3871,0.17042627139721606,0.5264367816091954
ChIJVfqYW9PLHzURw92DCIdNd9c,SG->JP,Food,2026-04,0,0.2411620568168879,157,0.17014968000488775,0.3898305084745763
ChIJ-zvlIDQZ2jERQmjhYTdSKMg,CN->SG,Food,2026-05,0,0.4499168706789982,812,0.17006664809389593,0.49885057471264366
ChIJlW0um74R2jERJB9IfmT4Qmo,CN->SG,Food,2026-04,0,0.0,1615,0.16998637839141753,0.5287356321839081
ChIJd1fxRQCNGGARLhZIVwH8DM0,SG->JP,Food,2026-05,0,0.3894647667617235,366,0.16997067635546145,0.6271186440677966
ChIJZYm6guYN2jERdmoxoxm98Kc,CN->SG,Hotel,2026-04,0,-0.3184537311185346,135,0.16990051851859644,0.432
ChIJ_ao2NzoY2jERSIS8EdcpG9E,CN->SG,Hotel,2026-05,0,0.4700036292457354,150,0.16989853082677986,0.368
ChIJq378adsR2jERViTMRBdSnlo,CN->SG,Retail,2026-04,0,0.0833816089390508,733,0.1696890182435835,0.5542857142857143
ChIJ1bio5vwV2jERYTVD256o8FQ,CN->SG,Food,2026-04,0,0.0990909026442312,707,0.1696890182435835,0.532183908045977
ChIJraA5MPwa2jERbXtj4LEfXiM,CN->SG,Hotel,2026-05,0,0.4192584302405002,709,0.1696890182435835,0.376
ChIJQVzt58QP2jERTfjYXffX_iQ,CN->SG,Retail,2026-05,0,0.0377403279828469,716,0.1696890182435835,0.5371428571428571
ChIJsyKAD4k92jERH0WSmzVbaOk,CN->SG,Food,2026-04,0,-0.1690763300439339,733,0.1696890182435835,0.532183908045977
ChIJoSIklaQZ2jERgKc2lL92rAA,CN->SG,Hotel,2026-04,0,0.3249262456241517,1948,0.1688253318887414,0.44
ChIJl_sOMpIZ2jERfEyxCP8JIlU,CN->SG,Food,2026-05,0,0.1418301954392178,1541,0.1688253318887414,0.5011494252873563
ChIJ750o-T9TFTURV3BG7OIrVg0,SG->JP,Food,2026-05,1,0.5245244681241528,482,0.1687725889497981,0.6440677966101694
ChIJAbqMFbsi2jEROYuBNPvVbvI,CN->SG,Food,2026-05,0,0.1880522315029398,514,0.1687725889497981,0.503448275862069
ChIJkZFsaaQZ2jERNwIpeScG3vM,CN->SG,Food,2026-05,0,0.1576289442035832,719,0.16859656537003945,0.5057471264367817
ChIJzYOzRgwZ2jERM3h3MIvqrts,CN->SG,Hotel,2026-05,1,0.7328875092094593,754,0.16859656537003945,0.384
ChIJaf1jCYoZ2jEREWP4zlROmdc,CN->SG,Food,2026-05,0,0.4626235219481129,992,0.16848927702956357,0.5080459770114942
ChIJ-QEBJw492jERA4T6m9TNxUo,CN->SG,Retail,2026-04,1,0.4554755286828258,793,0.16843437860829055,0.56
ChIJSSqJZm0Z2jERuHaJHZH3bnE,CN->SG,Food,2026-05,0,0.6165139545390295,1490,0.16837911287584714,0.5103448275862069
ChIJhYVqYZYi2jER9ddB0NENqJs,CN->SG,Food,2026-04,0,0.1713582519966845,9530,0.16820288400806777,0.535632183908046
ChIJZdFGZxgY2jERUcLn_QF2BV4,CN->SG,Food,2026-05,0,0.3772942311414682,329,0.1681171007814017,0.5126436781609195
ChIJ8TTpmsk92jERNHpupLAkT3Q,CN->SG,Food,2026-05,0,0.3715635564324828,280,0.16781701808766983,0.5149425287356322
ChIJBaFPaMEj2jERDH3HboYBSX8,CN->SG,Food,2026-04,0,0.3036824137982217,445,0.1677672826295737,0.5379310344827586
ChIJV-e6WwD9GGARcdeSovBIODQ,SG->JP,Retail,2026-05,0,0.0,110,0.16634153891955455,0.43448275862068964
ChIJ14X4KGwX2jERE6qkZNS2JlY,CN->SG,Retail,2026-04,0,0.3254224004346278,197,0.16592961760654165,0.5657142857142857
ChIJoeV2WKQZ2jERvqFd1_XG4jg,CN->SG,Hotel,2026-04,0,-0.3174317586228419,8250,0.1658407189411743,0.448
ChIJ04Bw1zAY2jERYwqFp3RVlg4,CN->SG,Hotel,2026-05,0,0.3101549283038394,154,0.16561144962427807,0.392
ChIJg8dwrRIZ2jERmQfJ-q43cgA,CN->SG,Food,2026-04,0,0.2809023854664021,556,0.1653833538965884,0.5402298850574713
ChIJha8gn6UZ2jERGvxowvZkPXs,CN->SG,Hotel,2026-05,0,0.1730191641316407,1143,0.16535408339257004,0.4
ChIJzX8R020Q2jER0zdPF20KjmM,CN->SG,Food,2026-04,0,-0.1706255170307633,2560,0.16503985641921515,0.542528735632184
ChIJP8nsfDy7HzURIJUNp2-zGvA,SG->JP,Retail,2026-04,0,0.0327898228229908,458,0.16469839310934423,0.3724137931034483
ChIJc1vpYBEY2jERTT_DlyCDrbg,CN->SG,Food,2026-05,0,-0.2403853577487158,1824,0.16406789185257648,0.5172413793103449
ChIJc1vpYBEY2jERTT_DlyCDrbg,CN->SG,Food,2026-04,0,0.0089686699827606,1781,0.16406789185257648,0.5448275862068965
ChIJ29nxtLmt-jQRblerA0V822Y,SG->JP,Food,2026-04,1,0.4054651081081643,64,0.16371287365267548,0.4067796610169492
ChIJjwbpKRcb2jERcuohX9j8Wog,CN->SG,Food,2026-05,0,0.2933478099874587,2280,0.16356494815597802,0.5195402298850574
ChIJz0r0SnoU2jERiGkHvp7o8qs,CN->SG,Food,2026-05,0,-0.1112256351102243,274,0.16353148488589558,0.5218390804597701
ChIJebuu92kT2jERtBQ6OGhKwH8,CN->SG,Food,2026-04,0,-0.2513144282809061,266,0.16353148488589558,0.5471264367816092
ChIJF-ddtVIS2jERcC3gBIn-uA8,CN->SG,Retail,2026-04,0,-0.1317692776311232,1372,0.1634251721356953,0.5714285714285714
ChIJXwluwgoP2jERulXZRFj8fYY,CN->SG,Food,2026-04,0,0.0,101,0.16336698396056779,0.5494252873563218
ChIJ40uOR4FT5TQRKUdFaS45m5Q,SG->JP,Hotel,2026-05,0,0.0,84,0.16322793037884156,0.5480769230769231
ChIJ40uOR4FT5TQRKUdFaS45m5Q,SG->JP,Hotel,2026-04,0,0.1053605156578263,83,0.16322793037884156,0.38461538461538464
ChIJIUfD8euNGGARieH9N6pncOw,SG->JP,Hotel,2026-04,0,0.1576289442035832,706,0.163111629237161,0.3942307692307692
ChIJMZS0f_kZ2jER_bAUMhCVOyc,CN->SG,Retail,2026-05,0,0.6418538861723946,186,0.16294685256961433,0.5428571428571428
ChIJMfzHEP8Z2jER47wjTEBYUl8,CN->SG,Food,2026-05,0,0.3220834991691133,930,0.162625744304276,0.5241379310344828
ChIJiWyNTIAX2jER2X2fvcjyjmM,CN->SG,Food,2026-04,0,-0.1872115420881464,628,0.1622399314035982,0.5517241379310345
ChIJwSEc38oX2jERi8JrxEosqL0,CN->SG,Food,2026-05,1,0.6720937713621131,759,0.16219512771000036,0.5264367816091954
ChIJH8LySQkZ2jERFAGAVveJaA0,CN->SG,Food,2026-05,0,0.2301775779715895,1714,0.16211173488002298,0.5287356321839081
ChIJZ-o8J58Q2jERTcCpQQpptu8,CN->SG,Retail,2026-05,0,0.0281708769666964,452,0.1616671138885987,0.5485714285714286
ChIJczgzmjQZ2jERMtYxw3Z7OrQ,CN->SG,Food,2026-05,0,-0.1670540846631663,172,0.1616292513880479,0.5310344827586206
ChIJK3ZOu1IQ2jERXBDsZ-sShE4,CN->SG,Retail,2026-04,0,0.0512932943875505,241,0.16107815497136152,0.5771428571428572
ChIJha8gn6UZ2jERGvxowvZkPXs,CN->SG,Hotel,2026-04,0,0.0476280489892548,1117,0.160835757541636,0.456
ChIJs67tvDUZTjUR5dEIVvRKRkU,SG->JP,Hotel,2026-04,0,0.1473247147568583,895,0.16062063212666844,0.40384615384615385
ChIJp-ACQ225GGARWTGrYAVHGLw,SG->JP,Food,2026-05,0,-0.4519851237430574,110,0.16055357102840392,0.6610169491525424
ChIJq0tW03Q92jER9dhmMp6wcWw,CN->SG,Retail,2026-05,0,0.1213608570042672,370,0.16037954662002293,0.5542857142857143
ChIJq0tW03Q92jER9dhmMp6wcWw,CN->SG,Retail,2026-04,0,-0.0689928714869516,364,0.16037954662002293,0.5828571428571429
ChIJAY0sYWYcTjURwu-N5aQFesM,SG->JP,Retail,2026-04,0,-0.2876820724517812,380,0.1603712824207191,0.3793103448275862
ChIJb70E4ZL3UjURzGm_nO2ELU8,SG->JP,Retail,2026-05,1,0.6190392084062237,66,0.16024182225054248,0.4413793103448276
ChIJUUJFJ4oX2jER-SsjZUKoUBI,CN->SG,Food,2026-05,0,0.2090917978585595,690,0.15967294088409084,0.5344827586206896
ChIJwRKXcHYZ2jERSTeVD5ugzaQ,CN->SG,Food,2026-05,0,-0.097638469563916,692,0.15967294088409084,0.5344827586206896
ChIJi7F2RkheUjURVa4qrzcNyHA,SG->JP,Hotel,2026-04,0,0.0487901641694319,294,0.15955952355083647,0.41346153846153844
ChIJIWIoD5gZ2jER2_xl1rm6lwU,CN->SG,Hotel,2026-05,0,-0.0327898228229908,515,0.15955282510789282,0.408
ChIJV0YWiNEZ2jERJCb2BdUtFww,CN->SG,Food,2026-05,1,0.719122666963206,273,0.15936078363416084,0.539080459770115
ChIJ9ciIgO892jERUNJPC3z_jKA,CN->SG,Food,2026-05,0,0.2744368457017603,314,0.15936078363416084,0.539080459770115
ChIJO74wMH0T2jERLSsU6GCXz5M,CN->SG,Food,2026-04,1,0.4995260685120577,4618,0.15931474108958263,0.5540229885057472
ChIJr2vXDu4W2jERC8RbWLTvCYM,CN->SG,Food,2026-05,0,0.1616413515564159,824,0.15930016526870297,0.542528735632184
ChIJqYXtH3AP2jERkVSR2wkqdew,CN->SG,Food,2026-04,0,0.0833816089390508,322,0.1588453399292501,0.5563218390804597
ChIJ34jrBNQi2jER8TS0jo_zrsY,CN->SG,Food,2026-04,0,0.4054651081081641,579,0.15849058085760723,0.5586206896551724
ChIJu5zaGrEZ2jERXBOkYyPAchI,CN->SG,Food,2026-05,0,0.556696077832088,1920,0.15840806031821952,0.5448275862068965
ChIJJYVRv3GwHzURXPp9basX59c,SG->JP,Retail,2026-05,0,0.1823215567939546,220,0.15840079124175613,0.4482758620689655
ChIJhx919j5nUjUR7diMCoXtUmQ,SG->JP,Hotel,2026-04,0,-0.1278333715098849,686,0.1577284963020196,0.4230769230769231
ChIJaf1jCYoZ2jEREWP4zlROmdc,CN->SG,Food,2026-04,0,0.3101549283038394,976,0.1577182092535534,0.5609195402298851
ChIJJ5KlfiSNGGARU-3HkPiyWM4,SG->JP,Beverage,2026-05,0,0.0512932943875505,237,0.1575477724584634,0.5714285714285714
ChIJvSxK3YZT5TQRjcWnlyIJnH4,SG->JP,Food,2026-05,0,0.0,224,0.15730808401360039,0.6779661016949152
ChIJ2Y8ISqI92jERJAkMl3WwlXA,CN->SG,Food,2026-04,0,-0.0833816089390508,356,0.156921797720188,0.5632183908045977
ChIJr7gLwH092jERmisqL5i-QDs,CN->SG,Food,2026-04,0,0.1053605156578263,132,0.15684750924473376,0.5655172413793104
ChIJVUFS5CIa2jERGicUsfSt_2w,CN->SG,Food,2026-05,0,0.0894450603519265,2960,0.15669721182254087,0.5471264367816092
ChIJLSWTTwCPGGAR5UnkDMXvn88,SG->JP,Food,2026-05,0,-0.1177830356563834,105,0.1560029701744258,0.6949152542372882
ChIJ750o-T9TFTURV3BG7OIrVg0,SG->JP,Food,2026-04,1,0.4780358009429997,472,0.15595112759756666,0.423728813559322
ChIJwas0SnUZ2jERZ5k9uwMQX1I,CN->SG,Hotel,2026-05,0,0.3842199994944284,2246,0.1558986699804467,0.416
ChIJwas0SnUZ2jERZ5k9uwMQX1I,CN->SG,Hotel,2026-04,0,0.3648979231191647,2214,0.1558986699804467,0.464
ChIJ93wE0BcY2jERorSvVjCkWN8,CN->SG,Food,2026-05,1,0.6613984822453651,237,0.15586965437803035,0.5494252873563218
ChIJgzcWh1Y92jERSn3vPT2EZ9A,CN->SG,Food,2026-04,0,0.2231435513142097,260,0.1554712946653014,0.5678160919540229
ChIJgzcWh1Y92jERSn3vPT2EZ9A,CN->SG,Food,2026-05,0,0.3629054936893685,264,0.1554712946653014,0.5517241379310345
ChIJRxETRTMZ2jERMjyc5epBSzI,CN->SG,Hotel,2026-04,0,-0.0800427076735363,841,0.1554652064732767,0.472
ChIJizsi_DIa2jERs55gooVkYoo,CN->SG,Food,2026-05,0,0.1743533871447777,336,0.15538451741302015,0.5540229885057472
ChIJB6GpqcIT2jER9K6akoOWj14,CN->SG,Food,2026-05,0,0.4228568508200334,264,0.15525091013375467,0.5563218390804597
ChIJs5GOvE-NGGARjVMEAz7wDHM,SG->JP,Food,2026-04,1,0.3746934494414107,112,0.15522588631433076,0.4406779661016949
ChIJk4yRWh8Y2jER9qcLFos5l1A,CN->SG,Hotel,2026-04,0,-0.0709517359722844,1235,0.1551489821422325,0.48
ChIJjWEM0X4Z2jER_GFbcVs_brU,CN->SG,Retail,2026-05,0,0.6390799592896697,1550,0.1548081493656319,0.56
ChIJCXYS9GMZ2jER3VTObljuSjc,CN->SG,Food,2026-05,0,0.088947486016496,634,0.1547299993128648,0.5586206896551724
ChIJeT6Z21E8TjURxx44W4B2xkY,SG->JP,Retail,2026-05,0,-0.1476359988060647,685,0.15430768025142114,0.45517241379310347
ChIJifzF-ZYZ2jERJuKqhZ4PRi8,CN->SG,Hotel,2026-05,0,-0.2396728532654202,2019,0.1541053663801328,0.424
ChIJAQDANiOhB2ARozB7DE6bPIY,SG->JP,Hotel,2026-05,0,0.1019649266566879,2509,0.15393182931701388,0.5576923076923077
ChIJfaJxlqU92jER_iDuf9fDzkA,CN->SG,Retail,2026-05,0,0.2363887780642302,478,0.1534707439882601,0.5657142857142857
ChIJ1eTVWABT5TQRHpecD-naa20,SG->JP,Food,2026-05,0,-0.4054651081081645,74,0.15318770456538075,0.711864406779661
ChIJayxA_-0a2jER8qiMOk6X4tY,CN->SG,Food,2026-05,0,0.4700036292457357,971,0.15233927950655438,0.5609195402298851
ChIJcwwkpSg92jEReBZfkbuYcSQ,CN->SG,Food,2026-04,0,0.2025242641114739,1609,0.1523131307482459,0.5701149425287356
ChIJHR6ed3892jERM9X9jZyW5EA,CN->SG,Retail,2026-05,0,0.0,60,0.15228594098595355,0.5714285714285714
ChIJRUDR6mOb-jQR9rb_Hva5SFA,SG->JP,Hotel,2026-04,0,0.199128675110336,881,0.15162708010003043,0.4326923076923077
ChIJgyzxhIwa2jER7b7r_1rt5s0,CN->SG,Retail,2026-05,0,-0.2937611185281632,670,0.15147352791269864,0.5771428571428572
ChIJ5-gaDK8Z2jERSUw9L4HrdK8,CN->SG,Food,2026-04,1,0.5062698072301299,886,0.151382916118495,0.5724137931034483
ChIJHQALBw8Q2jERTRbxK3smjw0,CN->SG,Food,2026-05,0,0.2738067259581638,1934,0.15130974697250457,0.5632183908045977
ChIJbehm8Jwj2jERleuVMdTkNu8,CN->SG,Hotel,2026-05,0,0.3377469340532135,1747,0.15130974697250457,0.432
ChIJe4R8RAoZ2jERGK0W6aIiKU4,CN->SG,Food,2026-04,1,0.8381129508101308,2609,0.15130963304913025,0.5747126436781609
ChIJRzWGCABT5TQR-HEl39ElQq8,SG->JP,Hotel,2026-04,1,0.2876820724517808,109,0.15121354352336566,0.4423076923076923
ChIJFzRwWakQ2jERhCPJUvP8VQM,CN->SG,Food,2026-04,0,-0.2006706954621511,110,0.15111169146660447,0.5770114942528736
ChIJjWk9QGg92jERiH2RTxmnpw0,CN->SG,Food,2026-05,0,0.2623642644674913,311,0.1509169029434442,0.5655172413793104
ChIJ38SghT4Y2jER5Fe3J-Thu8M,CN->SG,Food,2026-04,0,0.4754236967150747,348,0.15074086855344113,0.5793103448275863
ChIJdY3lt4wZ2jERUJdXzjIUMwc,CN->SG,Retail,2026-05,0,-0.044451762570834,306,0.15074086855344113,0.5828571428571429
ChIJWQedWBKFGGARU7WDyU8tSGQ,SG->JP,Retail,2026-04,0,0.2231435513142097,703,0.1505083225165631,0.38620689655172413
ChIJB4XG7fyzSDURAPllKKeARk0,SG->JP,Hotel,2026-05,0,-0.1670540846631663,154,0.15042704747177957,0.5673076923076923
ChIJUZqPvv892jERQK0k92dHeo0,CN->SG,Retail,2026-04,0,-0.0350913198112698,471,0.14986811495010624,0.5914285714285714
ChIJZ-o8J58Q2jERTcCpQQpptu8,CN->SG,Retail,2026-04,0,0.2646925542270821,435,0.14986811495010624,0.5914285714285714
ChIJlfOGefcj2jER8Ce0uih53Zo,CN->SG,Food,2026-04,0,0.0402738991379401,1183,0.14972098966277458,0.5827586206896552
ChIJfybIpT0Q2jER6RorLl-26FU,CN->SG,Retail,2026-05,0,0.2052631260363608,1322,0.14972098966277458,0.5885714285714285
ChIJbfDuOGwZ2jER0mtQ4rwdx7Q,CN->SG,Food,2026-04,0,0.0915671935254907,1248,0.14972098966277458,0.5827586206896552
ChIJ74mSCrsi2jERJG7qojkJU-k,CN->SG,Food,2026-05,0,-0.3735135083015617,1268,0.14952667660843813,0.5678160919540229
ChIJi_Q0SAAR2jERfnOsyaxVed0,CN->SG,Retail,2026-05,0,0.3677247801253174,71,0.14905212819630065,0.5942857142857143
ChIJ8UEqOIFT5TQROWxUHSQqdCc,SG->JP,Hotel,2026-04,0,-0.5877866649021192,80,0.14843122782237833,0.4519230769230769
ChIJxyAVvKYX2jERoMQ4HzbxvKs,CN->SG,Food,2026-05,0,0.4269293467764647,3031,0.14813258717875682,0.5701149425287356
ChIJy7ZSX9Y92jERyWrpKKxpQwE,CN->SG,Food,2026-05,1,0.700164753218592,2724,0.14766209294316907,0.5724137931034483
ChIJT9dKN_IZ2jER_JvlIhM97rk,CN->SG,Retail,2026-04,0,0.2814124594381857,799,0.1476039783427114,0.6
ChIJI07EtWMU2jERtBIsqvMyp6E,CN->SG,Food,2026-04,0,-0.0953101798043247,280,0.14756493272720247,0.5862068965517241
ChIJuZfHmdQZ2jEROUKKNzDb0ew,CN->SG,Food,2026-05,0,0.1880522315029398,805,0.1474678071447732,0.5747126436781609
ChIJ1ZD3MgAP2jERQvGVLFKfqVQ,CN->SG,Retail,2026-05,0,-0.3101549283038394,194,0.14721588173082317,0.6
ChIJ1ZD3MgAP2jERQvGVLFKfqVQ,CN->SG,Retail,2026-04,0,-0.1431008436406731,190,0.14721588173082317,0.6057142857142858
ChIJ6wtcjx0Z2jERgop9RFB4BCU,CN->SG,Food,2026-04,0,0.0307716586667541,1005,0.14708229530270983,0.5885057471264368
ChIJ__N6CugZ2jERpeCXKPjrHZo,CN->SG,Food,2026-05,0,0.3844116989103319,692,0.14651235003590868,0.5770114942528736
ChIJWQedWBKFGGARU7WDyU8tSGQ,SG->JP,Retail,2026-05,0,0.2822324676842158,715,0.14643981337367926,0.46206896551724136
ChIJ0zevoBEZ2jER9eYTLSlcX1Q,CN->SG,Food,2026-05,0,0.2113090936672068,320,0.1464254211756707,0.5793103448275863
ChIJN550KU4V2jERoFZ6JduAo4w,CN->SG,Food,2026-05,0,0.2682639865946792,156,0.1459948777971611,0.5816091954022988
ChIJCfKnhhIY2jER7fL0siPQ4ac,CN->SG,Hotel,2026-04,0,0.0,648,0.14553691450316592,0.488
ChIJ40aBt_8W2jERuo-1JPazw4o,CN->SG,Food,2026-04,0,-0.2876820724517808,642,0.1454137057082141,0.5908045977011495
ChIJIWql3dwP2jER2Vofb-ef4Y8,CN->SG,Food,2026-05,0,0.0,2876,0.1446074245680081,0.5839080459770115
ChIJmaLZZFnxGGAR7l_PNC1oGnk,SG->JP,Retail,2026-04,0,0.021978906718775,1296,0.14459138005516464,0.3931034482758621
ChIJx8lJPDoZTjURJrASlhOSI2g,SG->JP,Retail,2026-04,0,-0.1466034741918753,295,0.14430019029815472,0.4
ChIJZzTg5yIa2jERNtVXMcuCOFU,CN->SG,Food,2026-05,0,0.1379594441402547,3016,0.14400539967857312,0.5862068965517241
ChIJJw-iqTgY2jERDj6WjoYM2AQ,CN->SG,Retail,2026-05,0,0.4578330936254802,593,0.14382710903185955,0.6057142857142858
ChIJpc_euAwZ2jER-6AtSZ4spRQ,CN->SG,Hotel,2026-04,0,0.2151113796169457,1490,0.14382321369708448,0.496
ChIJHygElBE92jERj7OeMeUomuA,CN->SG,Retail,2026-04,0,-0.0841920912203475,2101,0.14377559874495674,0.6142857142857143
ChIJsYxQUPwV2jERyrhmjB7DGRc,CN->SG,Retail,2026-04,0,0.007434978487518,1770,0.14377559874495674,0.6142857142857143
ChIJk_LGIe0V2jER5yxLQws41Vg,CN->SG,Retail,2026-04,0,0.0769610411361285,329,0.14366930700798036,0.6228571428571429
ChIJV-z_710Z2jERKp2acbLHCwY,CN->SG,Food,2026-05,0,0.5667332557042863,1211,0.14295710844087223,0.5885057471264368
ChIJNSfmjx2hB2ARepOLRTgMRKw,SG->JP,Retail,2026-04,0,-0.4462871026284194,306,0.1426529218325999,0.4068965517241379
ChIJs26k7TE92jER3ujFW9aQHOw,CN->SG,Food,2026-05,0,0.5603406882933717,4006,0.1425031562102248,0.5908045977011495
ChIJfzJvxoqD-jQRV6DUtrRQOkM,SG->JP,Hotel,2026-04,0,-0.0594234204708006,746,0.14235406672763729,0.46153846153846156
ChIJZ27Ex-cZ2jERvJAsBMsgDak,CN->SG,Food,2026-04,1,0.6225296133459919,762,0.1421899136871477,0.593103448275862
ChIJAclFRFQ82jERhO7Vj2spfr0,CN->SG,Retail,2026-04,0,-0.2567198468478144,730,0.1421899136871477,0.6285714285714286
ChIJw6HFVGkZ2jER8zoBT70YpAw,CN->SG,Hotel,2026-05,0,0.268263986594679,444,0.1421638013760063,0.44
ChIJM-eKedc82jERGtX0Qt-ekFc,CN->SG,Food,2026-05,0,0.5245244681241528,526,0.14216181358062355,0.593103448275862
ChIJZfN4HSMa2jEROlvzGFzspWk,CN->SG,Food,2026-04,0,0.2795848622191612,440,0.14216181358062355,0.5954022988505747
ChIJ3VFmD-ozTzUR1qHGXwFBp9M,SG->JP,Retail,2026-05,0,0.0,198,0.14208452867098792,0.4689655172413793
ChIJkctAQVdT5TQRcsezX7zSMZg,SG->JP,Food,2026-04,0,-0.5877866649021192,118,0.14200067232410601,0.4576271186440678
ChIJZ8jdFCe7HzURW8eeBD0q6hc,SG->JP,Retail,2026-04,0,0.2006706954621511,97,0.1418786773225448,0.41379310344827586
ChIJ0dAP3r-AGGARSjERItlFuLY,SG->JP,Hotel,2026-05,0,0.1397619423751588,320,0.1411085382297632,0.5769230769230769
ChIJoY24zrIZ2jERCX5pMjlIyuw,CN->SG,Food,2026-04,0,-0.0689928714869516,437,0.14102323948331075,0.5977011494252874
ChIJyZRYnbgZ2jERqr6t6jIpjqE,CN->SG,Food,2026-05,0,0.1694181519580464,972,0.1409588484357715,0.5954022988505747
ChIJ50qQPtxT5TQR03W_MWh4Jx0,SG->JP,Food,2026-05,0,0.2468600779315259,268,0.1408580867238631,0.7288135593220338
ChIJzXocmetxFWARDZgZO-agxsM,SG->JP,Hotel,2026-04,0,0.2776317365982796,354,0.14009897060899157,0.47115384615384615
ChIJXYrfjHkZ2jER2CDZHUnyXxs,CN->SG,Food,2026-04,1,0.6514744841593774,657,0.13974675366730913,0.6
ChIJv3oMC7EZ2jER2kSvNGCPTiQ,CN->SG,Hotel,2026-04,0,0.2029408439966902,1366,0.13961812854589162,0.504
ChIJoeV2WKQZ2jERvqFd1_XG4jg,CN->SG,Hotel,2026-05,0,-0.0152342445718476,8395,0.13924768746695354,0.448
ChIJBwvgX8492jERuGqgO6qiZPc,CN->SG,Food,2026-04,1,0.6546808997321492,894,0.13918097933664464,0.6022988505747127
ChIJU_fMik-JGGARrHJBzYB37Ss,SG->JP,Food,2026-04,0,0.2135741002980593,250,0.13915408094336223,0.4745762711864407
ChIJxZ2RNaUZ2jERbiQfyAWjkDU,CN->SG,Food,2026-04,0,0.0522994994028493,2306,0.13893996844468004,0.6045977011494252
ChIJO9op3n8Z2jERkJtP5VHiksg,CN->SG,Food,2026-05,1,0.7631057691668559,1398,0.13877630115731454,0.5977011494252874
ChIJJQ8x9UWLGGARIumMh_ntBjg,SG->JP,Food,2026-04,0,-0.3856624808119846,322,0.1385136405322279,0.4915254237288136
ChIJ5UYXQhgZ2jERQCI74fJWWK0,CN->SG,Hotel,2026-04,0,-0.0645385211375713,219,0.13817021742838198,0.512
ChIJUXAAUEUa2jERTkJUfdD1DXM,CN->SG,Food,2026-04,0,-0.1512309697239233,832,0.13813376997343815,0.6068965517241379
ChIJhYVqYZYi2jER9ddB0NENqJs,CN->SG,Food,2026-05,0,0.2041489598384762,9756,0.13809400155534474,0.6
ChIJlbaBdqAP2jERlLl3ZDlREHY,CN->SG,Food,2026-04,0,-0.1053605156578263,104,0.13808182041699033,0.6091954022988506
ChIJue1QZphT5TQRXIN9P36M-Iw,SG->JP,Hotel,2026-04,1,0.7654678421395715,351,0.13794385741526968,0.4807692307692308
ChIJ10ST3Vo92jERg2zwKGJ5FKs,CN->SG,Food,2026-04,0,-0.035718082602079,836,0.13785199069446616,0.6114942528735632
ChIJq87uVLMi2jERG__vNYu1YhQ,CN->SG,Retail,2026-04,0,-0.0309622256039667,2725,0.1378502358096507,0.6342857142857142
ChIJCaCSXqwi2jERDYg02QOWzng,CN->SG,Food,2026-04,0,0.4780358009429997,628,0.13762318011406294,0.6137931034482759
ChIJ2TQikGwZ2jERHGPeD2UcWHE,CN->SG,Retail,2026-05,0,0.3184537311185349,1123,0.13743125523173613,0.6114285714285714
ChIJmdToVIoT2jERFcg421N7d68,CN->SG,Hotel,2026-05,0,0.3118963305723761,3330,0.1374067892794486,0.456
ChIJJajGausb2jERWTnnTRxm1w8,CN->SG,Food,2026-04,0,-0.5389965007326871,107,0.13656698444136275,0.6160919540229886
ChIJvySRapM82jERRQTFHA8XoHQ,CN->SG,Hotel,2026-05,1,0.6212267947311769,5674,0.1365315016421124,0.464
ChIJt6LDlDAY2jER0FBeXHldcBE,CN->SG,Hotel,2026-04,0,0.1431008436406731,144,0.13649825022688328,0.52
ChIJjXems6cZ2jERep-fc4y_1qA,CN->SG,Hotel,2026-05,0,-0.2231435513142097,317,0.13634588530271916,0.472
ChIJnXZ5BUMa2jERNg_FrwFyWAU,CN->SG,Food,2026-05,0,0.2554212102335595,3334,0.13619519264942134,0.6022988505747127
ChIJN550KU4V2jERoFZ6JduAo4w,CN->SG,Food,2026-04,0,0.1431008436406731,152,0.13618948735192093,0.6183908045977011
ChIJG_JDXXwR2jERpkD5Gvs69tU,CN->SG,Retail,2026-04,0,-0.1133286853070032,425,0.13616088385320319,0.64
ChIJe_jE8J1T5TQR_EqsP1v4-pI,SG->JP,Food,2026-04,0,0.2744368457017603,224,0.13564182492122415,0.5084745762711864
ChIJbwht1dk82jERGOoy1353_1E,CN->SG,Food,2026-04,0,-0.0732034040232947,1432,0.13554951313548064,0.6206896551724138
ChIJU_2KeToY2jER47l6QQxmtoM,CN->SG,Food,2026-05,0,0.099372473813204,2324,0.13518490704475877,0.6045977011494252
ChIJJeb3WfMV2jERwC5HFdWSrI4,CN->SG,Food,2026-05,0,0.3246610756928683,1084,0.13515283183714205,0.6068965517241379
ChIJucjD4T8Q2jERvRGHo178L_c,CN->SG,Food,2026-05,1,0.8737894758341804,3418,0.13506632799557347,0.6091954022988506
ChIJucjD4T8Q2jERvRGHo178L_c,CN->SG,Food,2026-04,1,0.5877866649021195,3370,0.13506632799557347,0.6229885057471264
ChIJmYd8yzAY2jERbDNfE2D1SkI,CN->SG,Food,2026-05,0,-0.1251631429540061,204,0.13471504068812118,0.6114942528735632
ChIJ756pFwsf2jERSX3p6a-SwwI,CN->SG,Food,2026-04,0,0.1823215567939546,222,0.13450859374157823,0.6252873563218391
ChIJ756pFwsf2jERSX3p6a-SwwI,CN->SG,Food,2026-05,0,0.1823215567939546,227,0.13450859374157823,0.6137931034482759
ChIJa7DWQDcY2jERMFNLTD7UWYQ,CN->SG,Hotel,2026-05,0,0.432864082296279,615,0.13443814213879937,0.48
ChIJzX8R020Q2jER0zdPF20KjmM,CN->SG,Food,2026-05,0,-0.0875558910243197,2606,0.13406989475007158,0.6160919540229886
ChIJ0dAP3r-AGGARSjERItlFuLY,SG->JP,Hotel,2026-04,1,0.328504066972036,312,0.13355547520584882,0.49038461538461536
ChIJMdepCAEEBBARWeEP9knjBok,CN->SG,Food,2026-04,0,0.3442695470812444,2627,0.13339611053824044,0.6275862068965518
ChIJ487Dp2oR2jERTV1zM0iJNYo,CN->SG,Food,2026-05,0,0.0418471099355004,1742,0.1333922957179911,0.6183908045977011
ChIJ09w94vg92jERb-r87uDlCOc,CN->SG,Food,2026-04,0,-0.1663212154475135,1845,0.1333922957179911,0.6298850574712643
ChIJF-8-srwZ2jERhn9mpTQylp4,CN->SG,Hotel,2026-04,1,0.751416088683921,1120,0.1332493794349656,0.528
ChIJtWmZcoJp5TQR2A111MP-vzg,SG->JP,Retail,2026-05,0,-0.0555698511548108,1412,0.1332166448156966,0.47586206896551725
ChIJwYhPh30WBmARzpqb-mqeEgM,SG->JP,Hotel,2026-05,0,-0.0388398333162638,1360,0.1332166448156966,0.5865384615384616
ChIJTyzXyCoZ2jERayrg1xKChyA,CN->SG,Retail,2026-05,0,0.3677247801253174,90,0.13254905133349526,0.6171428571428571
ChIJD367XcSATzURKngfmyLJwv8,SG->JP,Retail,2026-04,0,-0.2273898421956608,724,0.13245474993898992,0.4206896551724138
ChIJITBrvHQG2jERcNDnppjqfR8,CN->SG,Food,2026-05,0,-0.2513144282809063,60,0.13241319724241582,0.6206896551724138
ChIJXVW6D9FS5TQR_2iOxRxA508,SG->JP,Food,2026-04,0,-0.0408219945202552,337,0.1321181066133198,0.5254237288135594
ChIJcQBF3xEZTjURNq9-z-T3xRs,SG->JP,Hotel,2026-05,0,0.1521918153419252,947,0.13200221092295716,0.5961538461538461
ChIJi00Z6TYZTjUR_B-qiDgtMcU,SG->JP,Hotel,2026-04,0,-0.1000834585569825,332,0.131928288898632,0.5
ChIJUaJR8NaOGGARbaGu0XYUkl4,SG->JP,Food,2026-04,0,-0.0531098253139483,827,0.13166936892818448,0.5423728813559322
ChIJl3AtxBAY2jERX2eT1Y8ZrZE,CN->SG,Food,2026-05,0,-0.1849223384940121,2776,0.1315396711021068,0.6229885057471264
ChIJI7lMoVkW2jERW5QHvDCXZQw,CN->SG,Retail,2026-05,0,0.3345782966611419,2238,0.1313347960295487,0.6228571428571429
ChIJF-8-srwZ2jERhn9mpTQylp4,CN->SG,Hotel,2026-05,1,0.63304325649024,1143,0.13050417598103956,0.488
ChIJ1-cdD7EZ2jERRwu1YXcr6jk,CN->SG,Food,2026-05,0,0.2068411739682734,3616,0.13011219378711195,0.6252873563218391
ChIJAz309bET2jERjtPg35MXQxA,CN->SG,Retail,2026-04,0,0.4387223298646465,1178,0.12991295153173976,0.6457142857142857
ChIJOQFtKlLTHzURHUhTz83QHiw,SG->JP,Hotel,2026-05,0,-0.287682072451781,54,0.12979799774953232,0.6057692307692307
ChIJP2ybo_AX2jERoJ0YHyCCu4E,CN->SG,Food,2026-04,0,0.1133286853070032,347,0.12949415021710567,0.632183908045977
ChIJa95cA5MP2jERwZ8IsdDiiA0,CN->SG,Retail,2026-05,0,0.6061358035703156,79,0.12928253492865996,0.6285714285714286
ChIJa95cA5MP2jERwZ8IsdDiiA0,CN->SG,Retail,2026-04,0,0.287682072451781,78,0.12928253492865996,0.6514285714285715
ChIJn66lIy4a2jERq5Jv2SVXkEE,CN->SG,Retail,2026-04,0,-0.1984509387238384,678,0.12910220183305707,0.6571428571428571
ChIJ48dSqHQZ2jERezyfMJmZfNA,CN->SG,Hotel,2026-04,1,0.5108256237659909,633,0.1290720409687718,0.536
ChIJB4DN1L4R2jERRJdF4b8bKN8,CN->SG,Beverage,2026-04,0,-0.3022808718729337,328,0.12862778128799046,0.8333333333333334
ChIJjzcVSgoZ2jER6kPcJSDDXS0,CN->SG,Food,2026-05,0,0.2876820724517808,222,0.12844018503619029,0.6275862068965518
ChIJAQDANiOhB2ARozB7DE6bPIY,SG->JP,Hotel,2026-04,0,0.0618754037180879,2460,0.12829103105196182,0.5096153846153846
ChIJRxjdeKYL3DQRBKJEEChwHCM,SG->JP,Food,2026-05,0,-0.1670540846631663,114,0.12807617729799173,0.7457627118644068
ChIJxZ2RNaUZ2jERbiQfyAWjkDU,CN->SG,Food,2026-05,0,0.1126188781081487,2354,0.12722352339472204,0.6298850574712643
ChIJB0Knh_ugB2ARt2oS3Iz6wH8,SG->JP,Hotel,2026-05,0,-0.05218575317057,644,0.12717924112829113,0.6153846153846154
ChIJcc0cRVQ82jERFJjCylFGe_E,CN->SG,Retail,2026-05,0,0.4155154439616657,634,0.12697301574728664,0.6342857142857142
ChIJwYhPh30WBmARzpqb-mqeEgM,SG->JP,Hotel,2026-04,0,0.1144103511777441,1320,0.12697191038207173,0.5192307692307693
ChIJrbKTuQ4Z2jERoROa0AZS-k0,CN->SG,Food,2026-05,0,-0.2363887780642302,596,0.12689644074202847,0.632183908045977
ChIJbxecDwkZ2jER0HC_ulAswUE,CN->SG,Hotel,2026-04,0,-0.0640911939102508,9692,0.12689374744575888,0.544
ChIJw3UUciMZTjUR8dHk5MVO-8w,SG->JP,Hotel,2026-05,0,-0.1431008436406733,340,0.12673426064327345,0.625
ChIJl0h4qfUb2jERSxPt8ytMI28,CN->SG,Hotel,2026-04,0,-0.4519851237430574,134,0.12664324292051,0.552
ChIJa8vLc_4DGWARsUPWovzlXsU,SG->JP,Retail,2026-04,0,-0.4161603972249121,639,0.12543277190048954,0.42758620689655175
ChIJp4zYJ6QZ2jERqGdrsL7QL2Q,CN->SG,Food,2026-05,0,0.4210037115359437,2650,0.12540729238620854,0.6344827586206897
ChIJp4zYJ6QZ2jERqGdrsL7QL2Q,CN->SG,Food,2026-04,1,0.5018969930216892,2598,0.12540729238620854,0.6344827586206897
ChIJZ8jdFCe7HzURW8eeBD0q6hc,SG->JP,Retail,2026-05,0,-0.0953101798043247,102,0.12526517323195618,0.4827586206896552
ChIJo8Nh_Q4Z2jERONS2OMrJ5tA,CN->SG,Food,2026-05,1,0.6260829499793994,3800,0.1252246200372782,0.6367816091954023
ChIJszAzlW_Y4zQR8fHh1HTyz_s,SG->JP,Food,2026-05,0,0.1941560144409575,162,0.12518023915934004,0.7627118644067796
ChIJi7vr4PT9UTURh8LMZ0nlk1w,SG->JP,Hotel,2026-05,0,-0.6190392084062237,128,0.12498614589453223,0.6346153846153846
ChIJbfDuOGwZ2jER0mtQ4rwdx7Q,CN->SG,Food,2026-05,0,0.1133286853070032,1270,0.12467824007513928,0.639080459770115
ChIJUXhrN6MR2jER7xtwryUocpY,CN->SG,Retail,2026-04,0,0.032435275753154,1272,0.12467824007513928,0.6628571428571428
ChIJ2czce3IZ2jERsxb9tAMRD-Q,CN->SG,Food,2026-05,0,0.6007738604289303,259,0.1240638640956901,0.6413793103448275
ChIJYWfo21E92jER0gDo5eXYpA0,CN->SG,Retail,2026-04,0,-0.0968498259899179,935,0.12372709703932469,0.6685714285714286
ChIJQSWvksxo5TQRj8IXr_brL_A,SG->JP,Retail,2026-05,0,0.1431008436406731,160,0.12365551505352193,0.4896551724137931
ChIJ3x67XiIZ2jERNLoiO6raxGU,CN->SG,Food,2026-05,0,0.5306282510621707,1385,0.12298438317606428,0.6436781609195402
ChIJ6d8QElVPH2ARxiaxHgic8_I,SG->JP,Food,2026-04,0,0.3022808718729337,187,0.122685058457745,0.559322033898305
ChIJN6As5IRp5TQRSaKIWYxdHfA,SG->JP,Retail,2026-05,0,0.3444510023530185,1480,0.12215118256286851,0.496551724137931
ChIJ-ZXewTkY2jER7zyN2IJInWg,CN->SG,Hotel,2026-04,0,-0.2513144282809061,197,0.12167801565170183,0.56
ChIJ-ZXewTkY2jER7zyN2IJInWg,CN->SG,Hotel,2026-05,0,-0.1335313926245227,201,0.12167801565170183,0.496
ChIJL7m1cy8Z2jERHtaorNYRzuQ,CN->SG,Food,2026-04,0,0.1608396679780552,4718,0.12155315387595453,0.6367816091954023
ChIJL7m1cy8Z2jERHtaorNYRzuQ,CN->SG,Food,2026-05,0,0.1243837196877359,4810,0.12155315387595453,0.6459770114942529
ChIJk9UYJvQATzURjk8GAXSsLvU,SG->JP,Retail,2026-05,0,-0.2962658161431726,473,0.12132412577806263,0.503448275862069
ChIJV5HqbUw92jERnQ7X4hYoVQU,CN->SG,Food,2026-04,0,0.0263173083173735,1258,0.12120833797181627,0.639080459770115
ChIJr5djliS3B2ARAdi16m_hOJA,SG->JP,Hotel,2026-04,0,0.1762792423379919,1117,0.12116151339831333,0.5288461538461539
ChIJ8_VREaYR2jERtLdaxL0W1Sc,CN->SG,Food,2026-04,0,0.0350913198112698,385,0.12045553181896351,0.6413793103448275
ChIJq98yBAEXBmARs-KlQaCSlE4,SG->JP,Retail,2026-04,0,0.0555698511548108,394,0.11991634566240343,0.43448275862068964
ChIJL4fcgTkY2jERg7V-al0gtt4,CN->SG,Hotel,2026-04,0,0.3600027340314069,406,0.11974639754555702,0.568
ChIJ8VPbCQcY2jER_UWNKLjbjgQ,CN->SG,Food,2026-05,1,0.8919980393051103,537,0.11972533647472126,0.6482758620689655
ChIJryJnfhIZ2jERUCR3eLh90fM,CN->SG,Food,2026-05,0,0.1920777317393196,1329,0.11964780339447993,0.6505747126436782
ChIJq1ymIRMT2jERzTwMeVukiWA,CN->SG,Retail,2026-04,0,-0.0131580845775109,2112,0.11958742848427294,0.6771428571428572
ChIJI7lMoVkW2jERW5QHvDCXZQw,CN->SG,Retail,2026-04,0,0.4127378674372446,2168,0.11958742848427294,0.6771428571428572
ChIJq1ymIRMT2jERzTwMeVukiWA,CN->SG,Retail,2026-05,0,0.012422519998557,2166,0.11958742848427294,0.64
ChIJV1jY_msZ2jER2Nm55hFNYxo,CN->SG,Food,2026-04,1,0.8595379152817055,1176,0.1194868041309186,0.6436781609195402
ChIJRxETRTMZ2jERMjyc5epBSzI,CN->SG,Hotel,2026-05,0,0.4560173872709958,850,0.1194312482985933,0.504
ChIJN5U7dJ4Z2jERhI5Md3L9RYM,CN->SG,Hotel,2026-04,0,0.2868830312586476,6156,0.11939318771807085,0.576
ChIJ9_7w3iQZ2jER7mtoL9cUKdU,CN->SG,Retail,2026-05,0,-0.1022788491204185,2240,0.11900623358752573,0.6457142857142857
ChIJt1JYLbcZ2jERKWJKL4mMLaM,CN->SG,Food,2026-04,0,-0.0776251620305368,3639,0.11880479133639837,0.6459770114942529
ChIJHR8LfugZ2jERUzNAwBJc5sE,CN->SG,Hotel,2026-05,0,0.4958491695764335,2747,0.11879847349469408,0.512
ChIJxWzBi4k0BmARI-8tFk-BWAs,SG->JP,Hotel,2026-05,0,-0.287682072451781,59,0.11848924179687999,0.6442307692307693
ChIJ2e6Uu2kU2jERJNBBNMoMnN8,CN->SG,Beverage,2026-04,0,-0.2108949292380106,2013,0.11832626355874055,1.0
ChIJUcImHLgZ2jER4dEtGLOhpZY,CN->SG,Food,2026-04,0,0.3466246080852309,1242,0.11808729592886262,0.6482758620689655
ChIJcQBF3xEZTjURNq9-z-T3xRs,SG->JP,Hotel,2026-04,0,-0.0512932943875505,928,0.11791398908940422,0.5384615384615384
ChIJE49v1JAZ2jERWDP05HHNONo,CN->SG,Hotel,2026-05,0,0.3314323267511243,5020,0.11786924912454125,0.52
ChIJgZaMD7gX2jERLYP4mN8b0lY,CN->SG,Retail,2026-05,0,-0.0800427076735368,319,0.11771780370504617,0.6514285714285715
ChIJ48dSqHQZ2jERezyfMJmZfNA,CN->SG,Hotel,2026-05,0,0.5292593254548286,651,0.11752438335734049,0.528
ChIJw7KGjXEY2jER0am68tliua4,CN->SG,Hotel,2026-04,0,0.2202407916562485,2049,0.11751213671760632,0.584
ChIJH2EgPRIY2jERKrUAQ90dG9U,CN->SG,Hotel,2026-05,0,0.4866552628381777,1024,0.11729334269400025,0.536
ChIJmwrAvCQZ2jERxzMkadSbf_U,CN->SG,Hotel,2026-05,0,0.4054651081081641,2551,0.11673505771276645,0.544
ChIJ-zvlIDQZ2jERQmjhYTdSKMg,CN->SG,Food,2026-04,0,0.1941560144409573,804,0.11657709537387727,0.6505747126436782
ChIJ_RY5U1mGGGARFfh86D94mcs,SG->JP,Retail,2026-05,0,0.2708749541353996,642,0.11643355074941189,0.5103448275862069
ChIJJdG2aIUX2jERXdYO5DvHju8,CN->SG,Retail,2026-04,0,0.1650797503594487,717,0.11634056610679924,0.6857142857142857
ChIJ__N6CugZ2jERpeCXKPjrHZo,CN->SG,Food,2026-04,0,0.1690763300439339,687,0.11634056610679924,0.6528735632183909
ChIJKf8-B1IZ2jERKoqDakRkZy0,CN->SG,Food,2026-04,0,0.3184537311185345,622,0.11625204757546244,0.6551724137931034
ChIJo_DFwAQY2jEReoIbPM2zBJs,CN->SG,Food,2026-05,0,0.287682072451781,123,0.11551576227113967,0.6528735632183909
ChIJpxh8rgChB2AR9_Mu_CGFFiw,SG->JP,Hotel,2026-05,0,-0.0542768868544376,3536,0.11539460176300738,0.6538461538461539
ChIJfygdFc09TzURPtoHteohVkk,SG->JP,Retail,2026-05,0,0.0454623740767572,651,0.11538161557197232,0.5172413793103449
ChIJ8RbiHzSNGGARPJ9RXa_ITnE,SG->JP,Hotel,2026-04,0,-0.5212969236332863,336,0.1153374566679767,0.5480769230769231
ChIJfQCJZSk9TjURVZvB5ZJrTv8,SG->JP,Retail,2026-05,0,-0.1112256351102243,181,0.11522934277435667,0.5241379310344828
ChIJ2czce3IZ2jERsxb9tAMRD-Q,CN->SG,Food,2026-04,1,0.5947071077466926,253,0.11513958338876211,0.6574712643678161
ChIJIWql3dwP2jER2Vofb-ef4Y8,CN->SG,Food,2026-04,0,-0.4872951263557969,2837,0.114984743029249,0.6597701149425287
ChIJhXc73hAY2jER0F4zrjxDfvI,CN->SG,Hotel,2026-05,0,-0.2348395910774012,1248,0.11490088840963254,0.552
ChIJb8vmsAwZ2jERi38fKF0P_rE,CN->SG,Hotel,2026-04,0,0.3327057538257363,627,0.11468121266907755,0.592
ChIJBf9ijzgZ2jERVOfl83L9Gfw,CN->SG,Food,2026-05,0,0.55206858230004,268,0.11451747864614518,0.6563218390804598
ChIJBxcAf-IZ2jERpPV_h8SXdXk,CN->SG,Food,2026-05,0,0.1397619423751588,298,0.11451747864614518,0.6563218390804598
ChIJO9s3Udgb2jERJBygjJQgDsA,CN->SG,Retail,2026-05,1,0.7308875085427924,274,0.11448433748329262,0.6571428571428571
ChIJnY-o2OwP2jERas6kAZFslVE,CN->SG,Retail,2026-05,0,0.5108256237659905,141,0.11406057629264897,0.6628571428571428
ChIJt1JYLbcZ2jERKWJKL4mMLaM,CN->SG,Food,2026-05,0,0.1211443833590877,3712,0.11371750651777703,0.6597701149425287
ChIJMbxelGgV2jERft64o8N23NQ,CN->SG,Food,2026-05,0,0.0303053494953284,1076,0.11356142263993958,0.6620689655172414
ChIJdY3lt4wZ2jERUJdXzjIUMwc,CN->SG,Retail,2026-04,0,-0.4989911661189878,304,0.11335181162289212,0.6914285714285714
ChIJrz0R-NQZ2jERXz6RyhbELLg,CN->SG,Hotel,2026-04,1,0.5837133395144831,1472,0.11326805260126416,0.6
ChIJiYGgrJ8Z2jERgiIOxtAZAOg,CN->SG,Hotel,2026-04,0,0.2247171157616403,3188,0.11292941907460888,0.608
ChIJHcaYLpMP2jERjhDMRZ9A7-k,CN->SG,Food,2026-05,0,-0.4975510925572948,5812,0.11287915308918132,0.664367816091954
ChIJHcaYLpMP2jERjhDMRZ9A7-k,CN->SG,Food,2026-04,0,-0.4043857771884882,5714,0.11287915308918132,0.6620689655172414
ChIJh_JccECt-jQRCwxCcLC9VD8,SG->JP,Hotel,2026-05,0,0.1823215567939544,106,0.11224648291300397,0.6634615384615384
ChIJxWzBi4k0BmARI-8tFk-BWAs,SG->JP,Hotel,2026-04,0,-0.1335313926245228,58,0.11198904812793392,0.5576923076923077
ChIJr5djliS3B2ARAdi16m_hOJA,SG->JP,Hotel,2026-05,0,0.0,1151,0.11155002540646174,0.6730769230769231
ChIJVVWlLu0Z2jERANZMbF0JwJY,CN->SG,Hotel,2026-04,0,0.1298116115219909,1398,0.11148564113193576,0.616
ChIJQUiWh1SfGWARIusTE1UGB50,SG->JP,Hotel,2026-04,0,-0.1910552367627094,630,0.11126866278542498,0.5673076923076923
ChIJAxy-azYQ2jERaHfp-09JBoY,CN->SG,Retail,2026-05,0,0.1335313926245227,492,0.11120522135738084,0.6685714285714286
ChIJ6eoOW7mSGGARoZPieUTuwqI,SG->JP,Food,2026-05,0,0.268263986594679,350,0.11111831334920998,0.7796610169491526
ChIJ6fCnsDUjTjUR_-tCLCX2MCA,SG->JP,Retail,2026-05,0,0.2076393647782444,327,0.11097424750156427,0.5310344827586206
ChIJta18CyQj2jERKFkUvOiLDJQ,CN->SG,Retail,2026-05,0,0.1823215567939544,125,0.11089838542744693,0.6742857142857143
ChIJtei3y2JzFWARLjc-PIAi7s8,SG->JP,Food,2026-04,0,-0.4054651081081643,92,0.11006552936630677,0.576271186440678
ChIJQSWvksxo5TQRj8IXr_brL_A,SG->JP,Retail,2026-04,0,-0.3101549283038394,158,0.10960579132506898,0.4413793103448276
ChIJ9y7Rbo4a2jERLC1BGHJVV_w,CN->SG,Food,2026-04,1,0.6729444732424259,1172,0.10940254049431887,0.664367816091954
ChIJp3kFgDkY2jER7ijI2SjP9G8,CN->SG,Hotel,2026-04,0,-0.2513144282809063,95,0.10932961345267572,0.624
ChIJDfXnoY8X2jERliGvwx0x__Y,CN->SG,Food,2026-05,0,0.0,276,0.1091312550923937,0.6666666666666666
ChIJo8Nh_Q4Z2jERONS2OMrJ5tA,CN->SG,Food,2026-04,0,0.3561940591013819,3748,0.10881775441704608,0.6666666666666666
ChIJheQjQQoZ2jERykwfyfBI1QA,CN->SG,Hotel,2026-05,0,0.2113090936672068,290,0.10820842534681638,0.56
ChIJQfIUTlo92jER7J4LNZtEFWA,CN->SG,Retail,2026-04,0,-0.150282203049338,606,0.10810988973482902,0.6971428571428572
ChIJuScwyhQZ2jERirvNvi2XHAg,CN->SG,Food,2026-04,0,0.0370412716803487,822,0.10807542370285907,0.6689655172413793
ChIJfRgJk82HRTURBN2QteMUlho,SG->JP,Retail,2026-04,0,0.1397619423751588,365,0.10797463371355395,0.4482758620689655
ChIJ_ao2NzoY2jERSIS8EdcpG9E,CN->SG,Hotel,2026-04,0,0.1823215567939544,146,0.10790518208253669,0.632
ChIJAQAUNeVFTzUR2VraKIbsGmg,SG->JP,Retail,2026-04,0,0.0,180,0.10784635173756718,0.45517241379310347
ChIJDc8qzwkZ2jERhTL-WDLdqMk,CN->SG,Food,2026-04,0,0.2682639865946792,182,0.10770376890337796,0.671264367816092
ChIJMZS0f_kZ2jER_bAUMhCVOyc,CN->SG,Retail,2026-04,0,0.2231435513142097,184,0.10770376890337796,0.7028571428571428
ChIJhYB_Y5kP2jER2c0QSdbUyvA,CN->SG,Retail,2026-05,0,0.2783796797894671,1002,0.10754548348825524,0.68
ChIJF9WwooMa2jERojSmCo5p7XQ,CN->SG,Retail,2026-04,0,0.287682072451781,188,0.10751610379464781,0.7085714285714285
ChIJ84XXKE892jER1sFk5YAawBg,CN->SG,Retail,2026-05,0,-0.2744368457017603,232,0.10745384682769898,0.6857142857142857
ChIJVzhOFlEQ2jER3n2PjmRDbbk,CN->SG,Food,2026-04,0,0.0689928714869516,682,0.10708889235843799,0.6735632183908046
ChIJAaUa-RcU2jERfUdAHPUblEQ,CN->SG,Food,2026-05,1,0.6627497033755745,3334,0.10655974824726663,0.6689655172413793
ChIJ_bws6xEa2jERYE2B5blZocI,CN->SG,Food,2026-05,0,-0.0289875368732523,953,0.10647584429710208,0.671264367816092
ChIJdVMCSTcY2jERpqgFGkQ7VYI,CN->SG,Hotel,2026-05,1,0.5389965007326871,132,0.10585930321407173,0.568
ChIJR8qLTngb2jERncHT3pQir5o,CN->SG,Food,2026-05,0,-0.1941560144409575,203,0.10509518723037711,0.6735632183908046
ChIJadtiSWsY2jERrQniipDfcQA,CN->SG,Food,2026-05,0,0.3364722366212127,116,0.10494855496802097,0.6758620689655173
ChIJUcImHLgZ2jER4dEtGLOhpZY,CN->SG,Food,2026-05,0,0.4660897299245996,1262,0.10480417388120877,0.6781609195402298
ChIJU5hYEDs82jERwKQU9YNLjmc,CN->SG,Hotel,2026-04,0,0.0279087881170765,1403,0.10465053867251281,0.64
ChIJvU7-YQ0Y2jERwWWTcxRlhsg,CN->SG,Food,2026-04,0,-0.3545450176809073,3613,0.10438824120710032,0.6758620689655173
ChIJaXaqRyQH2jERsidCj1nXpT4,CN->SG,Retail,2026-05,0,0.3677247801253174,99,0.10415089976760751,0.6914285714285714
ChIJr2vXDu4W2jERC8RbWLTvCYM,CN->SG,Food,2026-04,0,0.0377403279828469,803,0.10413977476562983,0.6781609195402298
ChIJVzhOFlEQ2jER3n2PjmRDbbk,CN->SG,Food,2026-05,0,-0.1206279877886147,697,0.10413977476562983,0.6804597701149425
ChIJodUzryIb2jER6ACm5zMG8Uo,CN->SG,Food,2026-04,0,0.3442695470812444,2720,0.10393421532552251,0.6816091954022988
ChIJQ7ONulgZ2jERMHtVg8e4VHg,CN->SG,Food,2026-04,0,-0.0168071183163807,3517,0.10393421532552251,0.6816091954022988
ChIJlbaBdqAP2jERlLl3ZDlREHY,CN->SG,Food,2026-05,0,0.262364264467491,105,0.10345985760840919,0.6827586206896552
ChIJJUKV97gb2jERKbp1AJJ9f4w,CN->SG,Food,2026-05,0,0.5533852381847866,324,0.1031655478383282,0.6850574712643678
ChIJN4xfgXIY2jERK64qoJawCrY,CN->SG,Food,2026-05,0,0.2032282416132682,1095,0.10310161947297726,0.6873563218390805
ChIJZ6-xRBiNGGAR9dp_Aq2HeJI,SG->JP,Hotel,2026-05,0,-0.3746934494414107,132,0.10307717812606805,0.6826923076923077
ChIJ2XAPSDYQ2jEROm78Hw5Pgos,CN->SG,Food,2026-05,0,-0.0763729787845739,799,0.10279113575893153,0.6896551724137931
ChIJvWnM-E4Q2jERrcEc1xul0NA,CN->SG,Food,2026-05,1,0.6332490389788763,666,0.10197323387705096,0.6919540229885057
ChIJG_JDXXwR2jERpkD5Gvs69tU,CN->SG,Retail,2026-05,0,0.0,430,0.1018111324729571,0.6971428571428572
ChIJC690iKYi2jERvmTCA-JjDn8,CN->SG,Food,2026-04,0,0.0363676441708746,419,0.1018111324729571,0.6850574712643678
ChIJCSu9KUIQ2jERmAlWHXSKk9U,CN->SG,Food,2026-04,0,0.1251631429540061,601,0.10159893149302424,0.6873563218390805
ChIJue1QZphT5TQRXIN9P36M-Iw,SG->JP,Hotel,2026-05,1,0.5780778507751578,362,0.101461731870247,0.6923076923076923
ChIJS2xZIjcY2jER-d7Gd8C9k2I,CN->SG,Hotel,2026-05,0,0.118951942861365,1544,0.10124448998119086,0.576
ChIJQVzt58QP2jERTfjYXffX_iQ,CN->SG,Retail,2026-04,0,0.2384110234449985,694,0.10112258510141732,0.7142857142857143
ChIJj2KdERs92jERpJ5pIYuFDqE,CN->SG,Food,2026-04,0,-0.0565122102633424,2809,0.10095482331796712,0.6896551724137931
ChIJifzF-ZYZ2jERJuKqhZ4PRi8,CN->SG,Hotel,2026-04,0,-0.3319025409311473,1996,0.10094212664936682,0.648
ChIJF-cgTgAfGWARIoirtlrQve0,SG->JP,Retail,2026-05,0,0.4519851237430574,64,0.1008132514986381,0.5379310344827586
ChIJdceyxTUZTjURSwOtP6VFKFY,SG->JP,Hotel,2026-04,0,-0.3079667436232869,1078,0.10028247692276429,0.5769230769230769
ChIJtyVFlKMX2jERzI-QksGIDzk,CN->SG,Retail,2026-05,0,0.5648928450362667,671,0.10027932098661789,0.7028571428571428
ChIJ5-yYEcsi2jERkzNohBuXwi8,CN->SG,Retail,2026-04,0,0.1636294237818023,634,0.0999135712392115,0.72
ChIJ9coFPjQY2jERbycvhMP_z-w,CN->SG,Food,2026-04,0,-0.6814511407967538,1030,0.0996896261865589,0.6919540229885057
ChIJV34W7ecZ2jER_khbLcR0NSQ,CN->SG,Food,2026-04,0,0.2306240350234594,4410,0.0995540723594294,0.6942528735632184
ChIJtTzN1mkZTjURFU3V1_zwIOI,SG->JP,Retail,2026-04,0,0.1823215567939544,252,0.09927940525030919,0.46206896551724136
ChIJ6w20tYcP2jERTgGjpchB0Ng,CN->SG,Food,2026-05,0,0.0253178079842899,606,0.09908648132933866,0.6942528735632184
ChIJryJnfhIZ2jERUCR3eLh90fM,CN->SG,Food,2026-04,0,-0.1916674192121923,1299,0.09904921814772928,0.696551724137931
ChIJv14IenFWTzURu8nIlsyxYp8,SG->JP,Retail,2026-04,0,-0.3677247801253174,140,0.09900519475463783,0.4689655172413793
ChIJJY6vwBsZ2jERCkA10qyoLB8,CN->SG,Food,2026-04,0,0.1247034785009573,2394,0.09899798940865868,0.6988505747126437
ChIJFZItt4EU2jERs4G5nrj3tTk,CN->SG,Food,2026-04,0,-0.0259754864032606,633,0.09880487449504118,0.7011494252873564
ChIJHfUPa50Z2jERGJvm5OXf788,CN->SG,Food,2026-04,0,-0.1313360020610874,1044,0.09879890521485571,0.7034482758620689
ChIJsSmdkRM92jERrmjHq_mOda4,CN->SG,Hotel,2026-05,0,-0.5819215454497209,353,0.09861554762683013,0.584
ChIJ9_7w3iQZ2jER7mtoL9cUKdU,CN->SG,Retail,2026-04,0,-0.2876820724517812,2207,0.09850574214998063,0.7257142857142858
ChIJHenLA_ET2jERbOlUI2JLLOc,CN->SG,Food,2026-04,0,-0.1091992919649915,300,0.09834576692385179,0.7057471264367816
ChIJHTeC7DUQ2jERQJ0WFpTQDCs,CN->SG,Food,2026-05,0,0.2708749541353996,708,0.09833896006800508,0.696551724137931
ChIJO9s3Udgb2jERJBygjJQgDsA,CN->SG,Retail,2026-04,0,0.2113090936672068,272,0.09814957136830009,0.7314285714285714
ChIJ26f-6Z4Z2jERGpsI6a3XdiU,CN->SG,Food,2026-05,0,-0.356674943938732,2853,0.09799642303769941,0.6988505747126437
ChIJFddDpJQZTjURyW6MN_sW8RQ,SG->JP,Retail,2026-05,0,0.1431008436406731,186,0.09781746365549579,0.5448275862068965
ChIJQUiWh1SfGWARIusTE1UGB50,SG->JP,Hotel,2026-05,0,-0.1397619423751588,641,0.09778080010074269,0.7019230769230769
ChIJB0Knh_ugB2ARt2oS3Iz6wH8,SG->JP,Hotel,2026-04,0,0.1286173778220933,620,0.09732085749578062,0.5865384615384616
ChIJ72cAtWKD-jQRyYS6Kh3IQfY,SG->JP,Retail,2026-05,1,0.5705448584676129,165,0.09729797972665503,0.5517241379310345
ChIJwRQ-uw0Z2jERtffbY4KMOw4,CN->SG,Food,2026-05,0,0.5074300347648526,1078,0.09715138777933244,0.7011494252873564
ChIJf3_kfrAX2jERPyxegJC3-Cw,CN->SG,Food,2026-05,0,0.4274440148269396,663,0.0970888236318618,0.7034482758620689
ChIJYWfo21E92jER0gDo5eXYpA0,CN->SG,Retail,2026-05,0,0.0563529365511317,957,0.09705541414304338,0.7085714285714285
ChIJDbm1IFMS2jERU6smv4NKIkY,CN->SG,Retail,2026-05,0,0.3001045924503378,556,0.09635289664373689,0.7142857142857143
ChIJi7sbeG0V2jERNW3Fv7w85uk,CN->SG,Food,2026-05,0,0.4212134650763035,577,0.09635289664373689,0.7057471264367816
ChIJi7sbeG0V2jERNW3Fv7w85uk,CN->SG,Food,2026-04,0,-0.0512932943875505,567,0.09635289664373689,0.7080459770114943
ChIJVVWlLu0Z2jERANZMbF0JwJY,CN->SG,Hotel,2026-05,0,-0.167054084663166,1442,0.09594645735803439,0.592
ChIJc7IqA_sP2jERCSZRunFNMoY,CN->SG,Retail,2026-05,0,0.3150810466398952,1094,0.09563897707290973,0.72
ChIJyULPPDsY2jER38AapqZYPGc,CN->SG,Food,2026-04,0,-0.0896121586896869,467,0.09542836228982668,0.7103448275862069
ChIJZ4UHIGoa2jER3WcV7kOWmKY,CN->SG,Retail,2026-04,0,0.1124779834266904,660,0.09480856395572816,0.7371428571428571
ChIJPaoohUEQ2jERHN__b997Zak,CN->SG,Retail,2026-04,0,-0.1155128871218442,684,0.09480718560076706,0.7428571428571429
ChIJTT5t4Ek92jERFUegYdjoYU8,CN->SG,Food,2026-04,0,-0.0978557900037588,1855,0.0946978372550158,0.7126436781609196
ChIJl4mMAFs92jERKIHPBGU34EE,CN->SG,Retail,2026-04,0,0.1758906664636641,1642,0.0946978372550158,0.7485714285714286
ChIJVaxrUIoZ2jER2XUwyAC7Svw,CN->SG,Retail,2026-05,0,0.4462871026284194,789,0.09453324328357486,0.7257142857142858
ChIJVaxrUIoZ2jER2XUwyAC7Svw,CN->SG,Retail,2026-04,0,0.1625189294977747,783,0.09453324328357486,0.7542857142857143
ChIJq6qqqhahB2ARkWhiWtlTpxE,SG->JP,Hotel,2026-04,0,-0.0229895182246986,593,0.0942874445227298,0.5961538461538461
ChIJQ04b4ZL3UjURXk0ZQ0QoE4o,SG->JP,Retail,2026-04,1,0.6190392084062237,128,0.09397013623249197,0.47586206896551725
ChIJDcdcfX4b2jER4_VtEzPC9wY,CN->SG,Hotel,2026-05,0,-0.3101549283038394,189,0.0937101540829021,0.6
ChIJTyu1bwwZ2jERFtScJqploZY,CN->SG,Food,2026-04,0,0.2572228649670722,1350,0.0936509661142593,0.7149425287356321
ChIJFdruaMEb2jERMCmyEfu4Tws,CN->SG,Food,2026-05,0,0.2206713621688205,1436,0.0936509661142593,0.7080459770114943
ChIJJ2b_-MM92jERX9O7FKfuL6s,CN->SG,Food,2026-05,0,-0.044451762570834,288,0.0931783151078518,0.7114942528735633
ChIJ1ceJAYIZ2jERBDq8G-PB1Ck,CN->SG,Food,2026-05,0,0.3302416868705768,303,0.0931783151078518,0.7114942528735633
ChIJ8SYKih8cTjURd_mAMtiF7Ug,SG->JP,Retail,2026-04,0,0.1251631429540061,570,0.09315230328436883,0.4827586206896552
ChIJH2EgPRIY2jERKrUAQ90dG9U,CN->SG,Hotel,2026-04,0,0.3172408746933257,1016,0.09300314650970108,0.656
ChIJH-Wn-f2gB2ARS4TWH95okbI,SG->JP,Hotel,2026-04,0,-0.0277795641070754,986,0.09299448128974913,0.6057692307692307
ChIJ09xRq0IX2jER80us2CFZbLY,CN->SG,Retail,2026-04,0,-0.6931471805599452,357,0.09267829226168037,0.7628571428571429
ChIJv4lMoQ8X2jERzyrm9dPMbK0,CN->SG,Retail,2026-04,0,0.3101549283038398,319,0.09267829226168037,0.7628571428571429
ChIJV0ib2HIZ2jER_Zg0TzVzKeU,CN->SG,Food,2026-04,0,0.3613273172824529,3628,0.09261765953508148,0.7172413793103448
ChIJA17IiV4X2jERbNjg85Wi4NU,CN->SG,Food,2026-04,0,0.0953101798043247,114,0.09241047206729473,0.7195402298850575
ChIJ5XjbxhgQ2jERM4SnMVct6-Q,CN->SG,Food,2026-04,0,0.4158278951437109,2077,0.09212768957775046,0.7218390804597701
ChIJicZ_8YAU2jERiWI15ePZYqc,CN->SG,Food,2026-05,0,0.11466290832014,1903,0.0920729522599153,0.7149425287356321
ChIJI3M1GGRp5TQRXrTjqFoIWZU,SG->JP,Retail,2026-05,0,-0.101782694309942,1541,0.0920643649101922,0.5586206896551724
ChIJEZPa3ckZ2jERfK1TlSGo_Ts,CN->SG,Retail,2026-04,0,0.3227733922630509,250,0.09199323087715287,0.7714285714285715
ChIJlQSK8XYX2jERQt2--tWx2Vk,CN->SG,Food,2026-05,0,0.0266682470821613,584,0.09164316813491952,0.7172413793103448
ChIJo1wSuqLlGGARjSl_GxYHUsM,SG->JP,Retail,2026-04,0,-0.287682072451781,68,0.09116872214299832,0.4896551724137931
ChIJyZM2LoFT5TQRVO_Yn_LkotU,SG->JP,Hotel,2026-04,0,-0.287682072451781,93,0.09110479451995904,0.6153846153846154
ChIJ7cdaWf2gB2ARcnkVTXB6-k8,SG->JP,Retail,2026-05,0,-0.035718082602079,804,0.09106726235139927,0.5655172413793104
ChIJgUPIH4MR2jERde8yxvdgSks,CN->SG,Food,2026-04,1,0.5705448584676129,483,0.09083264348408203,0.7241379310344828
ChIJ98EW-_g92jERT1piAsJAnow,CN->SG,Food,2026-04,0,-0.0235304974101944,510,0.09079954064432144,0.7264367816091954
ChIJv4lMoQ8X2jERzyrm9dPMbK0,CN->SG,Retail,2026-05,0,0.3908663086870114,326,0.09059133429965056,0.7314285714285714
ChIJI07EtWMU2jERtBIsqvMyp6E,CN->SG,Food,2026-05,0,-0.2451224580329851,286,0.09059133429965056,0.7195402298850575
ChIJc777GbIX2jERP7cqMBsaxi0,CN->SG,Retail,2026-04,0,-0.2231435513142098,124,0.09050820878567775,0.7771428571428571
ChIJkyvW2pIZ2jERWyYW3DpUgEg,CN->SG,Hotel,2026-05,0,-0.3698474724952714,3435,0.09025221652927984,0.608
ChIJqzan7vpxFWARY6slAYJTgyI,SG->JP,Hotel,2026-05,0,-0.2411620568168879,146,0.09024134656538686,0.7115384615384616
ChIJJ11qGTcY2jER3aUek1VzpTw,CN->SG,Hotel,2026-05,0,-0.0953101798043247,272,0.09011994068834106,0.616
ChIJH2qMV_Ab2jERmx2LbOg0S1Y,CN->SG,Food,2026-05,0,0.1278333715098849,285,0.08990516404331,0.7218390804597701
ChIJBwvgX8492jERuGqgO6qiZPc,CN->SG,Food,2026-05,0,0.598656337139023,917,0.08988388038975315,0.7241379310344828
ChIJ9-t6OzsY2jER4mR3gW7x-s8,CN->SG,Food,2026-04,0,-0.2113090936672068,254,0.089572771593607,0.728735632183908
ChIJ1_EJz8cZ2jERdsetNXi_zHc,CN->SG,Food,2026-05,0,0.4869054400483383,1911,0.08952966201078964,0.7264367816091954
ChIJ1_EJz8cZ2jERdsetNXi_zHc,CN->SG,Food,2026-04,0,0.1035406789408401,1875,0.08952966201078964,0.7310344827586207
ChIJq378adsR2jERViTMRBdSnlo,CN->SG,Retail,2026-05,0,-0.4940185054496093,756,0.0893582091048875,0.7371428571428571
ChIJhYwcCp4Z2jERjvc_bd6Iy9g,CN->SG,Food,2026-04,0,0.166126870873974,1401,0.0891545376621455,0.7333333333333333
ChIJ8b-IBu3FGGAROsH3lBLT9Tw,SG->JP,Hotel,2026-05,0,0.6466271649250523,206,0.08896188329318798,0.7211538461538461
ChIJwz3yHMEb2jERolztbVQZjiI,CN->SG,Retail,2026-04,0,0.4321333551903255,684,0.0887652606177036,0.7828571428571428
ChIJKzu_XBgY2jERkZA-RarKtt8,CN->SG,Food,2026-04,0,-0.1476359988060647,811,0.0886338005147375,0.7367816091954023
ChIJObxVvTAY2jERmDEeKZxKjy8,CN->SG,Hotel,2026-05,0,0.1310282624064038,720,0.0886338005147375,0.624
ChIJFw8zxhQY2jER2QJnMRERk90,CN->SG,Food,2026-04,0,0.2113090936672068,702,0.0886338005147375,0.7367816091954023
ChIJZ27Ex-cZ2jERvJAsBMsgDak,CN->SG,Food,2026-05,0,0.6007738604289301,784,0.0886338005147375,0.7298850574712644
ChIJKzu_XBgY2jERkZA-RarKtt8,CN->SG,Food,2026-05,0,0.0384662808277962,822,0.0886338005147375,0.7298850574712644
ChIJifw-i1L_5DQRDb-V7Bu6pEo,SG->JP,Hotel,2026-04,0,0.1703453657472389,1033,0.0883746997986902,0.625
ChIJ23Ty8lA-TjURHd89nkstaTQ,SG->JP,Hotel,2026-04,0,-0.0339015516756813,781,0.0882766276644947,0.6346153846153846
ChIJ5wAyHX9i4TQRmd_7XZ7CoYo,SG->JP,Hotel,2026-05,0,0.0689928714869514,154,0.08809780971367626,0.7307692307692307
ChIJVYEAaEca2jERpxajHtlWFRE,CN->SG,Retail,2026-05,0,0.3468709438421111,2099,0.08792389357000091,0.7428571428571429
ChIJu5zaGrEZ2jERXBOkYyPAchI,CN->SG,Food,2026-04,0,0.1872115420881464,1891,0.08792389357000091,0.7402298850574712
ChIJc_CtvrAZ2jERZhmZq1rHkXQ,CN->SG,Hotel,2026-05,0,0.2682639865946792,214,0.08784293364420133,0.632
ChIJKYPoKcEZ2jERBoqvT--ppEQ,CN->SG,Hotel,2026-05,0,-0.0533459807052927,1122,0.08781233988346916,0.64
ChIJW5fQKXOMTTURBV_MZRrRJjI,SG->JP,Retail,2026-04,0,-0.2006706954621511,290,0.08773454798223135,0.496551724137931
ChIJiZI9ky0a2jERkfpCgUqARNE,CN->SG,Retail,2026-05,0,-0.4119797891293579,1164,0.08767560890202593,0.7485714285714286
ChIJ8aSMC60i2jERLtNlU4lxnO8,CN->SG,Retail,2026-05,0,-0.2006706954621511,410,0.08753761663077225,0.7542857142857143
ChIJqZQBhRAY2jERklBwkZhguHo,CN->SG,Food,2026-04,0,-0.2344007058388437,746,0.08663789188081443,0.7425287356321839
ChIJjzcVSgoZ2jER6kPcJSDDXS0,CN->SG,Food,2026-04,0,-0.1625189294977749,219,0.08650440364515478,0.7448275862068966
ChIJxY6ci7nsGGAREIgRSHIT4Ek,SG->JP,Retail,2026-05,0,0.3715635564324828,342,0.08607730652021789,0.5724137931034483
ChIJoY24zrIZ2jERCX5pMjlIyuw,CN->SG,Food,2026-05,0,0.0984400728132528,445,0.08596420333052886,0.7333333333333333
ChIJ72cAtWKD-jQRyYS6Kh3IQfY,SG->JP,Retail,2026-04,0,0.1251631429540061,163,0.08594928053638817,0.503448275862069
ChIJ1VWOUQ492jERT6ShQTPTOZc,CN->SG,Retail,2026-04,0,-0.1790482314489856,2512,0.08576524612888341,0.7885714285714286
ChIJVYq7b7Mi2jER384kemjPuyI,CN->SG,Retail,2026-05,0,0.2006706954621515,2449,0.08576524612888341,0.76
ChIJ9x9VF4it-jQRSZWsZaekQ-w,SG->JP,Beverage,2026-04,0,-0.2513144282809063,48,0.0857630760430264,0.5714285714285714
ChIJ2QyAErEb2jER2La0cesrzwA,CN->SG,Food,2026-04,0,-0.1636294237818023,824,0.08570314072746542,0.7471264367816092
ChIJy6rv-54Z2jERnd34-vJP7mM,CN->SG,Food,2026-04,0,0.1038995950181513,2142,0.08537274498384263,0.7494252873563219
ChIJyZRYnbgZ2jERqr6t6jIpjqE,CN->SG,Food,2026-04,0,-0.2399506696305908,958,0.08537185062893618,0.7517241379310344
ChIJi00Z6TYZTjUR_B-qiDgtMcU,SG->JP,Hotel,2026-05,0,0.4418327522790393,334,0.08519245785711241,0.7403846153846154
ChIJUZqPvv892jERQK0k92dHeo0,CN->SG,Retail,2026-05,0,0.3364722366212125,475,0.0850925474657849,0.7657142857142857
ChIJN4xfgXIY2jERK64qoJawCrY,CN->SG,Food,2026-04,0,-0.106767975425706,1076,0.08507634273026206,0.7540229885057471
ChIJ7x88fqUX2jER7NhWcEMV6lg,CN->SG,Hotel,2026-04,0,-0.287682072451781,219,0.08492790710487234,0.664
ChIJryFkhMoX2jER24OPF5ajj58,CN->SG,Food,2026-04,0,-0.287682072451781,213,0.08492790710487234,0.7563218390804598
ChIJby1qk0sZ2jERl1EX_MTwMrA,CN->SG,Hotel,2026-04,0,0.3364722366212129,226,0.08463827673685943,0.672
ChIJbZKrq7JxFWARpLyVOzp8xgQ,SG->JP,Hotel,2026-04,0,0.0,238,0.08459425309893587,0.6442307692307693
ChIJyZM2LoFT5TQRVO_Yn_LkotU,SG->JP,Hotel,2026-05,0,0.2513144282809063,94,0.08444523483763544,0.75
ChIJXY4jC5ka2jER7-pcR1iUa70,CN->SG,Food,2026-05,0,-0.4519851237430574,138,0.0843859930886681,0.735632183908046
ChIJJYCXErI8TjUR0HY8WxRWNH8,SG->JP,Hotel,2026-04,0,0.0652405218684011,968,0.08421633162763831,0.6538461538461539
ChIJi06pUZYZ2jERW8krXJbsl5Q,CN->SG,Hotel,2026-05,0,0.8472978603872037,764,0.08328548616075149,0.648
ChIJ5ySHC3IZ2jERu-xiMMTjAVE,CN->SG,Food,2026-05,0,0.5285252008653911,2068,0.0831129179651414,0.7379310344827587
ChIJTcC3mA8a2jER8_61xS6bFN0,CN->SG,Food,2026-04,0,0.4754236967150747,320,0.08309552165930845,0.7586206896551724
ChIJjxSX5PMBTjURQfaMzShY-nE,SG->JP,Retail,2026-04,0,-0.5245244681241528,570,0.08308628028931786,0.5103448275862069
ChIJgRt__K892jERLK-wMiITUc4,CN->SG,Retail,2026-04,0,-0.0882926071456782,1079,0.08307846135676304,0.7942857142857143
ChIJ9f-_lNPlGGARboPYg1dKWa4,SG->JP,Retail,2026-05,0,-0.0953101798043247,1126,0.08249874081871097,0.5793103448275863
ChIJgyzxhIwa2jER7b7r_1rt5s0,CN->SG,Retail,2026-04,0,-0.6143663027068307,664,0.08226700686079143,0.8
ChIJZ6-xRBiNGGAR9dp_Aq2HeJI,SG->JP,Hotel,2026-04,0,-0.3483066942682158,128,0.08214455776914657,0.6634615384615384
ChIJ1TIAJCMa2jERxEA9Zo_-TMs,CN->SG,Food,2026-04,0,0.2578291093020999,769,0.08210681697690034,0.7609195402298851
ChIJ31zEWooZ2jERhwUgBDWxuok,CN->SG,Food,2026-04,0,0.2282586519809801,560,0.08205267705080196,0.7632183908045977
ChIJY5BNN8kZ2jERb4NfPF21dH4,CN->SG,Hotel,2026-05,0,0.0235304974101944,599,0.08205267705080196,0.656
ChIJIaxr1fQYTjURMiAMyZIRfFM,SG->JP,Retail,2026-05,0,-0.233614851181505,266,0.08201951483383853,0.5862068965517241
ChIJFddDpJQZTjURyW6MN_sW8RQ,SG->JP,Retail,2026-04,0,-0.3101549283038394,184,0.08177987372871813,0.5172413793103449
ChIJyfiXtHE92jERVnTdeuYDCmY,CN->SG,Food,2026-05,0,0.0515873687904928,2660,0.08161333898855501,0.7402298850574712
ChIJyfiXtHE92jERVnTdeuYDCmY,CN->SG,Food,2026-04,0,-0.0225998319172404,2594,0.08161333898855501,0.7655172413793103
ChIJ_____zoY2jERaXrZkh3ZXuA,CN->SG,Food,2026-05,0,0.5164436160702137,2494,0.081040930816592,0.7425287356321839
ChIJaXz5QqgZ2jERrq2spRELQ4c,CN->SG,Food,2026-05,0,-0.2063364329978285,694,0.08099195141656608,0.7448275862068966
ChIJJYVRv3GwHzURXPp9basX59c,SG->JP,Retail,2026-04,0,-0.2682639865946792,217,0.0803551736334143,0.5241379310344828
ChIJjWEM0X4Z2jER_GFbcVs_brU,CN->SG,Retail,2026-04,0,0.1603426500751794,1533,0.07997744269556638,0.8057142857142857
ChIJrz0R-NQZ2jERXz6RyhbELLg,CN->SG,Hotel,2026-05,0,0.2769867833350328,1513,0.07997744269556638,0.664
ChIJS5xE8tmMGGARqy1MPhrsvI4,SG->JP,Food,2026-05,0,-0.0953101798043247,443,0.079725398897527,0.7966101694915254
ChIJS5xE8tmMGGARqy1MPhrsvI4,SG->JP,Food,2026-04,0,0.1251631429540056,433,0.079725398897527,0.5932203389830508
ChIJlQSK8XYX2jERQt2--tWx2Vk,CN->SG,Food,2026-04,0,-0.0500104205746612,575,0.07960412243695376,0.767816091954023
ChIJVYq7b7Mi2jER384kemjPuyI,CN->SG,Retail,2026-04,0,0.1290302597437307,2404,0.07959471769275218,0.8114285714285714
ChIJLZ9DYnIZ2jERQ51Am7WzJLM,CN->SG,Food,2026-04,0,0.0865092429092824,2671,0.07957410635816674,0.7701149425287356
ChIJndAszrAZ2jERdXYoJaKBQfw,CN->SG,Hotel,2026-04,0,0.3389753668393318,794,0.07955159500896514,0.68
ChIJcx28VwNlTzURJ_cF9311bsE,SG->JP,Retail,2026-05,1,0.8472978603872034,191,0.07953250914533916,0.593103448275862
ChIJcysh2TYY2jEROOPaqjhaKV4,CN->SG,Hotel,2026-04,0,-0.0400053346136992,688,0.07948259728931964,0.688
ChIJT9dKN_IZ2jER_JvlIhM97rk,CN->SG,Retail,2026-05,0,0.4872951263557965,809,0.07921530297822726,0.7714285714285715
ChIJJ8s24l8Z2jERmHd_s9Vxa1s,CN->SG,Food,2026-04,0,0.4924764850977943,370,0.079129221428146,0.7724137931034483
ChIJnYBuE-6NGGAROr_Ei9Y8Ju0,SG->JP,Food,2026-04,0,-0.479573080261886,136,0.07903658448639454,0.6101694915254238
ChIJ7cdaWf2gB2ARcnkVTXB6-k8,SG->JP,Retail,2026-04,0,-0.3042113744029913,790,0.07897860333352993,0.5310344827586206
ChIJrR-yV54Z2jERWC-z85UFpls,CN->SG,Food,2026-04,0,0.2818511521409874,695,0.07894320631876313,0.774712643678161
ChIJuSSIDBEZ2jER7Rj7S1OIj1A,CN->SG,Retail,2026-04,1,0.6539264674066638,188,0.07877916453308265,0.8171428571428572
ChIJqzSN0KkeTjURW_TUZoKDuU4,SG->JP,Retail,2026-04,0,-0.5306282510621703,818,0.07840047473656664,0.5379310344827586
ChIJFw8zxhQY2jER2QJnMRERk90,CN->SG,Food,2026-05,0,0.2553466918088447,718,0.07829878181914549,0.7471264367816092
ChIJJY6vwBsZ2jERCkA10qyoLB8,CN->SG,Food,2026-05,0,0.5560675878793253,2417,0.0780139346614086,0.7505747126436781
ChIJe4R8RAoZ2jERGK0W6aIiKU4,CN->SG,Food,2026-05,1,1.0101568681062465,2647,0.0780139346614086,0.7505747126436781
ChIJC4p6u00X2jERvdPg-FGB6-M,CN->SG,Food,2026-05,0,0.2719337154836416,199,0.0779868665313158,0.7540229885057471
ChIJC4p6u00X2jERvdPg-FGB6-M,CN->SG,Food,2026-04,0,0.1541506798272582,196,0.0779868665313158,0.7770114942528735
ChIJ8b-IBu3FGGAROsH3lBLT9Tw,SG->JP,Hotel,2026-04,0,0.4595323293784401,203,0.07785962886384558,0.6730769230769231
ChIJH-Eq6s5hTzURotHgKhIRr_w,SG->JP,Retail,2026-05,0,0.0531098253139483,713,0.07775675447182163,0.6
ChIJxRngZDU92jER5wOzmY9J8Os,CN->SG,Food,2026-04,0,-0.1358015411590618,756,0.07757904672398218,0.7793103448275862
ChIJr7gLwH092jERmisqL5i-QDs,CN->SG,Food,2026-05,0,0.0,135,0.07748549206808668,0.7563218390804598
ChIJcyu5cP4j2jERbTd6frhD34Y,CN->SG,Food,2026-04,0,0.4353180712578455,160,0.07740158200902336,0.7816091954022989
ChIJu9l_ois8TzURpfW7pjFlDDM,SG->JP,Hotel,2026-05,0,-0.044451762570834,341,0.07714215842934123,0.7596153846153846
ChIJFS_GYhIY2jERaLhL-4yv_vg,CN->SG,Retail,2026-04,1,0.4700036292457357,1217,0.07712491065503882,0.8228571428571428
ChIJhXc73hAY2jER0F4zrjxDfvI,CN->SG,Hotel,2026-04,0,-0.5072478024181066,1231,0.07712491065503882,0.696
ChIJFS_GYhIY2jERaLhL-4yv_vg,CN->SG,Retail,2026-05,0,-0.2772107725844854,1279,0.07712491065503882,0.7771428571428571
ChIJV4DVMtg82jERbKVt1VxBZfA,CN->SG,Food,2026-05,0,0.5414625932278803,2251,0.07697084434456382,0.7586206896551724
ChIJ8_VREaYR2jERtLdaxL0W1Sc,CN->SG,Food,2026-05,0,0.0327898228229908,393,0.07694113652685114,0.7609195402298851
ChIJIUfD8euNGGARieH9N6pncOw,SG->JP,Hotel,2026-05,0,0.1823215567939544,718,0.07681753072590415,0.7692307692307693
ChIJxY4MbFsTBmARcaa14Mizlog,SG->JP,Retail,2026-05,0,-0.1541506798272585,577,0.07671768153165534,0.6068965517241379
ChIJ42-HtKmLGGAR5Va23PeTTtk,SG->JP,Food,2026-05,0,0.5108256237659905,71,0.0767066999709115,0.8135593220338984
ChIJ9XeUhJRxFWARGhpqYX-Tk3Q,SG->JP,Retail,2026-05,0,-0.0253178079842899,508,0.07658798939454207,0.6137931034482759
ChIJdchlr7wZ2jERLaqo-KWYuaY,CN->SG,Hotel,2026-05,0,0.2513144282809065,4310,0.0765732063038167,0.672
ChIJ2Y8ISqI92jERJAkMl3WwlXA,CN->SG,Food,2026-05,0,-0.2151113796169457,366,0.07650780091191077,0.7632183908045977
ChIJuScwyhQZ2jERirvNvi2XHAg,CN->SG,Food,2026-05,0,0.2231435513142101,836,0.07646722290239359,0.7655172413793103
ChIJGZCQyVXyHmARjnDKwWsuKIo,SG->JP,Retail,2026-04,0,0.1941560144409577,583,0.07613301018614693,0.5448275862068965
ChIJ-5vUSgsZ2jER8xAGp9SfK68,CN->SG,Food,2026-04,0,-0.5193002507569631,1110,0.07608912762048647,0.7839080459770115
ChIJG4HBP5M82jERqbo7uo6pc-g,CN->SG,Food,2026-05,0,0.1603426500751794,1215,0.07608599895407019,0.767816091954023
ChIJZ5EV6CwY2jERVDWnLvbwFQA,CN->SG,Food,2026-04,0,0.8842024173226548,630,0.07591949300485568,0.7862068965517242
ChIJmfR_XA0Y2jERCJdRzpmVhus,CN->SG,Food,2026-05,0,0.1226023220923324,274,0.07576856367260273,0.7701149425287356
ChIJYwXEqqgeTjURKMUdeAFk71A,SG->JP,Retail,2026-05,0,-0.1251631429540061,186,0.07576716431159873,0.6206896551724138
ChIJ4UUIyR05nycRcMOPUohvvrk,CN->SG,Retail,2026-05,0,-0.4054651081081645,69,0.0755191436071377,0.7828571428571428
ChIJhx919j5nUjUR7diMCoXtUmQ,SG->JP,Hotel,2026-05,0,-0.3163373282121569,704,0.0754764465601023,0.7788461538461539
ChIJhetLvt892jERcApqrWqLIdg,CN->SG,Retail,2026-04,0,-0.2006706954621511,150,0.0753988842261882,0.8285714285714286
ChIJhetLvt892jERcApqrWqLIdg,CN->SG,Retail,2026-05,0,-0.2006706954621511,152,0.0753988842261882,0.7885714285714286
ChIJy0ZILzcY2jERM6xKJmTOaUE,CN->SG,Hotel,2026-05,0,-0.2513144282809063,92,0.07537891989628631,0.68
ChIJB4DN1L4R2jERRJdF4b8bKN8,CN->SG,Beverage,2026-05,0,-0.6190392084062237,336,0.07535384230655871,0.8333333333333334
ChIJsSfBLDIaTjURZLm1JIX2mhg,SG->JP,Retail,2026-04,0,-0.5596157879354227,255,0.07528081638963577,0.5517241379310345
ChIJtTzN1mkZTjURFU3V1_zwIOI,SG->JP,Retail,2026-05,0,-0.1397619423751588,263,0.07527748415759862,0.6275862068965518
ChIJ7f6S5goY2jERtgx0w1iCz84,CN->SG,Hotel,2026-05,0,0.1910552367627094,246,0.0752478930264462,0.688
ChIJAz309bET2jERjtPg35MXQxA,CN->SG,Retail,2026-05,0,0.3260915205666523,1212,0.07494679643196663,0.7942857142857143
ChIJ306Qsh9gTzURYfi1LFCBlhM,SG->JP,Retail,2026-04,1,0.4274440148269396,401,0.07493852219314961,0.5586206896551724
ChIJLZ1p1vv1TTURO49Os2rjVE8,SG->JP,Hotel,2026-04,0,0.0870113769896296,506,0.07493852219314961,0.6826923076923077
ChIJd0jKulUF2jERzRvrkyRc5ao,CN->SG,Food,2026-04,0,0.0487901641694321,678,0.07472062740026023,0.7885057471264367
ChIJSYGeCXIY2jERMf3CjkFvA8E,CN->SG,Food,2026-05,0,-0.1443423087287385,2471,0.07433853305732689,0.7724137931034483
ChIJ9x9VF4it-jQRSZWsZaekQ-w,SG->JP,Beverage,2026-05,0,-0.7884573603642703,50,0.07433121988308729,0.7142857142857143
ChIJ2cHrHK8P2jERrEVc8kgYqmg,CN->SG,Food,2026-04,0,-0.0953101798043247,108,0.07428862903420268,0.7908045977011494
ChIJUyJylxh3QDUR1L1-bVenKuw,SG->JP,Food,2026-05,0,-0.5389965007326871,108,0.07385210883136967,0.8305084745762712
ChIJ5XjbxhgQ2jERM4SnMVct6-Q,CN->SG,Food,2026-05,0,0.2559333741372005,2115,0.07381204420482705,0.774712643678161
ChIJA6N-hJm6HzURlLE4zhIVQxQ,SG->JP,Retail,2026-05,0,0.0,86,0.07353725651724112,0.6344827586206897
ChIJiZI9ky0a2jERkfpCgUqARNE,CN->SG,Retail,2026-04,0,-0.3364722366212129,1146,0.07347209904982323,0.8342857142857143
ChIJBUNpgbAX2jERZR8GXn-t9-o,CN->SG,Food,2026-05,0,-0.3685605511727132,3344,0.07330789083605205,0.7770114942528735
ChIJHR8LfugZ2jERUzNAwBJc5sE,CN->SG,Hotel,2026-04,0,0.1071446374513271,2709,0.07329994054086103,0.704
ChIJxY6ci7nsGGAREIgRSHIT4Ek,SG->JP,Retail,2026-04,0,0.1484200051182731,335,0.07275826723996616,0.5655172413793104
ChIJ0YMotIdi4TQRi0btX64w3PE,SG->JP,Hotel,2026-04,0,-0.5753641449035618,176,0.07267450632791726,0.6923076923076923
ChIJu2JDl44X2jER5aLuetJfw8I,CN->SG,Food,2026-04,0,-0.5337745567515348,2141,0.07263905146664248,0.7931034482758621
ChIJdchlr7wZ2jERLaqo-KWYuaY,CN->SG,Hotel,2026-04,0,-0.2697396386086428,4265,0.07262603239375315,0.712
ChIJw7KGjXEY2jER0am68tliua4,CN->SG,Hotel,2026-05,0,0.2499986386173862,2115,0.07246574346009856,0.696
ChIJW75AJsoZ2jERuRo3qs5Otpk,CN->SG,Hotel,2026-04,0,-0.1139442593492181,923,0.07225030954679718,0.72
ChIJMYZm8oEZ2jERFzqcK7DK5rw,CN->SG,Retail,2026-05,0,0.2162231084696362,855,0.07206562167188058,0.8
ChIJQ1ZsCjWETzURB-b5fg1AIJo,SG->JP,Retail,2026-04,0,-0.2513144282809063,333,0.07185661112062355,0.5724137931034483
ChIJOSVyOA8ATjURv39i2iiANvw,SG->JP,Hotel,2026-04,0,-0.1701059690258302,2103,0.07171337995951861,0.7019230769230769
ChIJA6N-hJm6HzURlLE4zhIVQxQ,SG->JP,Retail,2026-04,0,0.1053605156578263,84,0.07164993073903633,0.5793103448275863
ChIJ48Vict4b2jERkC8mMbyY8_o,CN->SG,Food,2026-04,0,0.0,61,0.07163161240677339,0.7954022988505747
ChIJ2Zxh8XIY2jERm5xQHVxhv60,CN->SG,Retail,2026-04,0,0.8109302162163287,167,0.07147026904788059,0.84
ChIJD367XcSATzURKngfmyLJwv8,SG->JP,Retail,2026-05,0,-0.3894647667617237,738,0.07141929578920898,0.6413793103448275
ChIJb74dxZMX2jERRawUlFtLIsQ,CN->SG,Food,2026-04,0,-0.0465200156348928,250,0.07126656110577183,0.7977011494252874
ChIJ9y7Rbo4a2jERLC1BGHJVV_w,CN->SG,Food,2026-05,0,0.2744368457017603,1212,0.0711969604266113,0.7793103448275862
ChIJeT6Z21E8TjURxx44W4B2xkY,SG->JP,Retail,2026-04,0,-0.7270487322356267,675,0.07114544626002003,0.5862068965517241
ChIJ1z1rl4YX2jER5Dm8jwFIGjY,CN->SG,Food,2026-04,0,0.3406044739061231,1164,0.0711433957623543,0.8
ChIJ93wE0BcY2jERorSvVjCkWN8,CN->SG,Food,2026-04,0,0.233614851181505,235,0.07105788973776123,0.8022988505747126
ChIJh_JccECt-jQRCwxCcLC9VD8,SG->JP,Hotel,2026-04,0,-0.1823215567939544,104,0.07101600172467944,0.7115384615384616
ChIJvVsiOBIU2jERTrBUwq7V8dE,CN->SG,Retail,2026-05,0,0.5610874585468792,1192,0.0706438662701996,0.8057142857142857
ChIJ1UPefHIZ2jERNw75Jntk0oM,CN->SG,Food,2026-04,0,-0.0411580724935074,2084,0.07053027820738106,0.8045977011494253
ChIJ4-VvVKQZ2jERpID4oMNCeLU,CN->SG,Food,2026-05,0,0.3860470222510628,1611,0.07053027820738106,0.7816091954022989
ChIJ487Dp2oR2jERTV1zM0iJNYo,CN->SG,Food,2026-04,0,-0.2308064240597787,1716,0.07019436433327393,0.8068965517241379
ChIJM2PUltsX2jERK0R6qABWtgo,CN->SG,Retail,2026-05,0,0.0,110,0.07014798832142477,0.8114285714285714
ChIJM2PUltsX2jERK0R6qABWtgo,CN->SG,Retail,2026-04,0,0.1670540846631663,108,0.07014798832142477,0.8457142857142858
ChIJvVsiOBIU2jERTrBUwq7V8dE,CN->SG,Retail,2026-04,0,0.3136575588550414,1173,0.07007258402779107,0.8514285714285714
ChIJgfFl2wsZ2jERpA7kKbAsJkM,CN->SG,Food,2026-04,0,0.3395071403163672,713,0.06980995352975436,0.8091954022988506
ChIJgfFl2wsZ2jERpA7kKbAsJkM,CN->SG,Food,2026-05,0,0.4924764850977943,722,0.06980995352975436,0.7839080459770115
ChIJCzqSjTE92jERCxig5QFo4o8,CN->SG,Food,2026-04,0,0.0621317811070061,1194,0.06972959373980127,0.8114942528735632
ChIJIaxr1fQYTjURMiAMyZIRfFM,SG->JP,Retail,2026-04,0,-0.0425596144187956,259,0.06963254039527683,0.593103448275862
ChIJd8vAz3A92jERlZeAeNiNjLk,CN->SG,Food,2026-04,1,0.5254244231871437,1535,0.06951780342066863,0.8137931034482758
ChIJd8vAz3A92jERlZeAeNiNjLk,CN->SG,Food,2026-05,1,0.8642115828292658,1552,0.06951780342066863,0.7862068965517242
ChIJLfRqV6AG2jERjP1FABo-jd0,CN->SG,Retail,2026-05,0,0.0540672212702757,176,0.06946286249685812,0.8171428571428572
ChIJq0q0MvQZ2jERodJdZBEeH3A,CN->SG,Food,2026-05,0,0.3670556599932935,3735,0.06936691398314662,0.7885057471264367
ChIJ50qQPtxT5TQR03W_MWh4Jx0,SG->JP,Food,2026-04,0,0.2231435513142101,256,0.06936135997713554,0.6271186440677966
ChIJc990b3vzImARqggIJ2NCSsY,SG->JP,Food,2026-04,0,-0.044451762570834,261,0.06935287212103255,0.6440677966101694
ChIJbwht1dk82jERGOoy1353_1E,CN->SG,Food,2026-05,0,0.0899482366629396,1454,0.06926508396563574,0.7908045977011494
ChIJZ4UHIGoa2jER3WcV7kOWmKY,CN->SG,Retail,2026-05,0,-0.2135741002980591,679,0.06924441793909081,0.8228571428571428
ChIJwSEc38oX2jERi8JrxEosqL0,CN->SG,Food,2026-04,0,0.1251631429540061,748,0.06904213813675533,0.8160919540229885
ChIJITBrvHQG2jERcNDnppjqfR8,CN->SG,Food,2026-04,0,0.0,58,0.06900994167280364,0.8183908045977012
ChIJo3EXjvAZ2jERRdFfHa-rqT8,CN->SG,Food,2026-04,0,0.0299167610379926,7600,0.0689728101362142,0.8206896551724138
ChIJo3EXjvAZ2jERRdFfHa-rqT8,CN->SG,Food,2026-05,0,-0.1309055705468553,7775,0.0689728101362142,0.7931034482758621
ChIJF9WwooMa2jERojSmCo5p7XQ,CN->SG,Retail,2026-05,0,0.0,194,0.06894249232873088,0.8285714285714286
ChIJX-0vaTI92jER3JkUjV2Vh9s,CN->SG,Food,2026-04,0,-0.0344861760711694,814,0.06874451358103353,0.8229885057471265
ChIJk4yRWh8Y2jER9qcLFos5l1A,CN->SG,Hotel,2026-05,0,-0.2726441950872407,1259,0.06864774701001519,0.704
ChIJl_sOMpIZ2jERfEyxCP8JIlU,CN->SG,Food,2026-04,0,-0.267062785249045,1528,0.0684191958682495,0.825287356321839
ChIJrccu6fUa2jERtI5L2Txe-_g,CN->SG,Food,2026-04,0,-0.5663954749208016,492,0.06838912481124444,0.8275862068965517
ChIJUfjIWGga2jERRf0pCDHHK3E,CN->SG,Retail,2026-04,0,-0.1112256351102243,204,0.06801929330993466,0.8571428571428571
ChIJyd5nY4oQ2jERRdOues0DbgE,CN->SG,Food,2026-04,0,-0.0330608622608883,1248,0.06798979482117169,0.8298850574712644
ChIJyd5nY4oQ2jERRdOues0DbgE,CN->SG,Food,2026-05,0,0.2556201399921178,1267,0.06798979482117169,0.7954022988505747
ChIJUW09i1mkB2ARI_4lFeRz4L4,SG->JP,Retail,2026-04,0,-0.4054651081081641,174,0.06787264615317339,0.6
ChIJGVSBpjcZTjURer2CV3JBARE,SG->JP,Hotel,2026-04,0,0.1234441910911217,1980,0.06770577824447094,0.7211538461538461
ChIJGVSBpjcZTjURer2CV3JBARE,SG->JP,Hotel,2026-05,0,0.4450742462032102,2002,0.06770577824447094,0.7884615384615384
ChIJGVCKbHEY2jERe4sLs53yWvg,CN->SG,Food,2026-05,0,-0.078893942469663,2196,0.06718175694699074,0.7977011494252874
ChIJP2I30Pkb2jERYT5EAFJ1QtQ,CN->SG,Retail,2026-05,0,0.1865859555804121,542,0.06706196704397874,0.8342857142857143
ChIJsRuXFlMF2jERafIFHLChthA,CN->SG,Retail,2026-05,0,-0.4519851237430574,75,0.06701670387596807,0.84
ChIJV0ib2HIZ2jER_Zg0TzVzKeU,CN->SG,Food,2026-05,0,0.3713985535445578,3708,0.06691177628534442,0.8
ChIJ6WJrhG0Z2jERFtVbDrD08jM,CN->SG,Food,2026-04,0,0.4321333551903255,596,0.06674018073503916,0.832183908045977
ChIJY8m93RIW2jERzp_MpU1xStM,CN->SG,Retail,2026-05,0,0.0,411,0.06643995998585651,0.8457142857142858
ChIJ80ZPPvUR2jERsK-jEZy1Owc,CN->SG,Food,2026-05,0,0.4554755286828253,316,0.06638132089085182,0.8022988505747126
ChIJRRFsll4ATzUR7IDU9DPK4CA,SG->JP,Retail,2026-05,0,0.0540672212702757,205,0.06627258135209346,0.6482758620689655
ChIJtWmZcoJp5TQR2A111MP-vzg,SG->JP,Retail,2026-04,0,-0.1498122782286604,1382,0.06604486747204838,0.6068965517241379
ChIJ4UUIyR05nycRcMOPUohvvrk,CN->SG,Retail,2026-04,0,-0.4054651081081645,67,0.06594901027505348,0.8628571428571429
ChIJSYGeCXIY2jERMf3CjkFvA8E,CN->SG,Food,2026-04,0,0.0771896386911299,2386,0.06576984736753778,0.8344827586206897
ChIJxzbY1z4Q2jERHEKnSUZd9vM,CN->SG,Food,2026-05,0,0.0548766102258344,3013,0.06539375173880724,0.8045977011494253
ChIJxzbY1z4Q2jERHEKnSUZd9vM,CN->SG,Food,2026-04,0,-0.1689399880981228,2961,0.06539375173880724,0.8367816091954023
ChIJ4-VvVKQZ2jERpID4oMNCeLU,CN->SG,Food,2026-04,0,0.2630447680663956,1582,0.06537747259802906,0.8390804597701149
ChIJm2lW36oe2jERYvH_3tPnR5Q,CN->SG,Food,2026-05,0,0.0800427076735368,359,0.06532273517019235,0.8068965517241379
ChIJE0M5ac8F2jER4VyguvgqOAg,CN->SG,Food,2026-05,0,0.0,71,0.06519673902601895,0.8091954022988506
ChIJAQAUNeVFTzUR2VraKIbsGmg,SG->JP,Retail,2026-05,0,-0.4353180712578455,184,0.06516915747816948,0.6586206896551724
ChIJwdAayV6hTzURWFw0TWLU7r4,SG->JP,Retail,2026-04,0,0.0,176,0.06516915747816948,0.6137931034482759
ChIJwdAayV6hTzURWFw0TWLU7r4,SG->JP,Retail,2026-05,0,-0.3254224004346278,182,0.06516915747816948,0.6586206896551724
ChIJKbm3dodi4TQRNgM8EDT2c9I,SG->JP,Food,2026-04,1,0.5108256237659905,76,0.06508758174547938,0.6610169491525424
ChIJV_3I1r4b2jERXm75U0No9uo,CN->SG,Food,2026-04,0,-0.6931471805599454,410,0.06506606173601606,0.8413793103448276
ChIJ3_zCA-E92jERMg-ZGMoqa14,CN->SG,Retail,2026-05,0,0.1335313926245228,88,0.06504933989500697,0.8514285714285714
ChIJJ12oOwAF2jER1c9sOEh17uE,CN->SG,Food,2026-04,0,-0.5198754592859087,450,0.06501857495740732,0.8436781609195402
ChIJe-ZwN_wF2jER0KBwGkVwwHk,CN->SG,Retail,2026-05,0,0.0,219,0.06470398329302642,0.8571428571428571
ChIJvU7-YQ0Y2jERwWWTcxRlhsg,CN->SG,Food,2026-05,0,0.0837308929104683,3661,0.06469819255206337,0.8114942528735632
ChIJBf0-UJTSHzURIp-0VjAfCeo,SG->JP,Hotel,2026-05,0,-0.4054651081081643,101,0.06465541231311436,0.7980769230769231
ChIJ5WxqOhs92jERtMqy7oPoDdQ,CN->SG,Retail,2026-04,0,-0.044451762570834,264,0.06465344753309679,0.8685714285714285
ChIJVfqYW9PLHzURw92DCIdNd9c,SG->JP,Food,2026-05,0,0.1541506798272582,159,0.06456859365138694,0.847457627118644
ChIJ27Nx_BgZ2jER-eTIMZ8ZORM,CN->SG,Food,2026-05,0,0.0555698511548108,489,0.06455437563148929,0.8137931034482758
ChIJ502VRHwZ2jERn80qua87iWE,CN->SG,Retail,2026-04,0,0.1397619423751588,562,0.06452755387337733,0.8742857142857143
ChIJ8aSMC60i2jERLtNlU4lxnO8,CN->SG,Retail,2026-04,0,-0.5663954749208016,406,0.06443646547486374,0.88
ChIJuywYZSxT5TQRjs7tEWz70QA,SG->JP,Hotel,2026-04,0,-0.1112256351102243,198,0.06438849667400842,0.7307692307692307
ChIJbxecDwkZ2jER0HC_ulAswUE,CN->SG,Hotel,2026-05,0,-0.0867264361129329,9883,0.06430092233969467,0.712
ChIJL3YtUCI92jERwCp52oQhVSo,CN->SG,Food,2026-04,0,-0.0512932943875505,210,0.06420385234855772,0.8459770114942529
ChIJBcVP76MZ2jEROyOCv2NE8v4,CN->SG,Food,2026-04,0,-0.7884573603642703,82,0.06413999773079385,0.8482758620689655
ChIJi6Pne0QZ2jERgENRFplyufU,CN->SG,Food,2026-04,0,-0.1084806429940696,1335,0.06395186890311746,0.8505747126436781
ChIJi6Pne0QZ2jERgENRFplyufU,CN->SG,Food,2026-05,0,-0.1954920199836993,1381,0.06395186890311746,0.8160919540229885
ChIJmfrJMXUZ2jERQxc2VBBowUg,CN->SG,Hotel,2026-05,0,-0.2282586519809801,626,0.06387651295667401,0.72
ChIJ48Vict4b2jERkC8mMbyY8_o,CN->SG,Food,2026-05,0,-0.0953101798043247,63,0.06378236806602895,0.8183908045977012
ChIJQ7ONulgZ2jERMHtVg8e4VHg,CN->SG,Food,2026-05,0,0.0,3575,0.06376533176238147,0.8206896551724138
ChIJaXz5QqgZ2jERrq2spRELQ4c,CN->SG,Food,2026-04,0,-0.2353140869344652,673,0.06363588445587277,0.8528735632183908
ChIJdYKgAVm5amARjwlDWcY3yV0,SG->JP,Hotel,2026-04,0,-0.4519851237430574,97,0.06340523953515971,0.7403846153846154
ChIJIWIoD5gZ2jER2_xl1rm6lwU,CN->SG,Hotel,2026-04,0,-0.3364722366212129,504,0.0633653785560966,0.728
ChIJfXL2ZqQ92jERMW-BJZM1HH4,CN->SG,Food,2026-05,0,-0.2451224580329851,290,0.0633162559227917,0.8229885057471265
ChIJKw9mi8YZ2jERk7DUCxp57LY,CN->SG,Food,2026-05,0,0.564529802737852,578,0.06331603059836616,0.825287356321839
ChIJPTigtosZ2jEROGhm4E1Gbm8,CN->SG,Food,2026-04,0,-0.0953101798043247,89,0.06325368474176968,0.8551724137931035
ChIJMdepCAEEBBARWeEP9knjBok,CN->SG,Food,2026-05,0,0.3788980807234425,2695,0.06309570743181413,0.8275862068965517
ChIJoTHq2Q0Q2jERB9l7yL-EfVI,CN->SG,Food,2026-04,0,-0.394946603916944,4257,0.06305630030171676,0.8574712643678161
ChIJ2cHrHK8P2jERrEVc8kgYqmg,CN->SG,Food,2026-05,0,-0.5389965007326871,111,0.06281946046937058,0.8298850574712644
ChIJUZQWQPEZ2jERTACV9N1eJe4,CN->SG,Food,2026-05,0,-0.1603426500751794,351,0.06265158302614136,0.832183908045977
ChIJg-tFGTcY2jERYfQGM3B9q9Q,CN->SG,Hotel,2026-04,0,0.3074846997479605,288,0.06265158302614136,0.736
ChIJR7kZRvUP2jER5WSA9lbb-oM,CN->SG,Food,2026-04,0,-0.1718502569266591,454,0.0626394429422975,0.8597701149425288
ChIJJ2b_-MM92jERX9O7FKfuL6s,CN->SG,Food,2026-04,0,-0.2513144282809063,285,0.06253691602122352,0.8620689655172413
ChIJLZ9DYnIZ2jERQ51Am7WzJLM,CN->SG,Food,2026-05,0,-0.1782482314063189,2751,0.06248425659337453,0.8344827586206897
ChIJU5hYEDs82jERwKQU9YNLjmc,CN->SG,Hotel,2026-05,0,0.1629613095094133,1430,0.06233877616611586,0.728
ChIJPTigtosZ2jEROGhm4E1Gbm8,CN->SG,Food,2026-05,0,-0.0953101798043247,93,0.06231532991432109,0.8367816091954023
ChIJ2Zxh8XIY2jERm5xQHVxhv60,CN->SG,Retail,2026-05,0,0.2411620568168879,174,0.06221540528642942,0.8628571428571429
ChIJ5wAyHX9i4TQRmd_7XZ7CoYo,SG->JP,Hotel,2026-04,1,0.3794896217049035,149,0.06209789349668656,0.75
ChIJ6c_XS6oV2jERnoFBMjB_LbE,CN->SG,Food,2026-04,0,0.2744368457017603,216,0.06198510505268919,0.864367816091954
ChIJkcR9eDkY2jERn0fkzmgGYZo,CN->SG,Hotel,2026-04,0,0.9808292530117264,84,0.06196055804461249,0.744
ChIJJUKV97gb2jERKbp1AJJ9f4w,CN->SG,Food,2026-04,0,0.1967102942460541,318,0.061823304111055875,0.8666666666666667
ChIJ-QEBJw492jERA4T6m9TNxUo,CN->SG,Retail,2026-05,0,0.0303053494953284,823,0.06167106619184531,0.8685714285714285
ChIJy1na-6X-UTURLUuDuI2DXf4,SG->JP,Hotel,2026-04,1,0.7308875085427924,172,0.06161840420138311,0.7596153846153846
ChIJQ1ZsCjWETzURB-b5fg1AIJo,SG->JP,Retail,2026-05,0,-0.0425596144187956,339,0.061471728437558014,0.6689655172413793
ChIJAXBY2D0U2jERZWpNAYMidOw,CN->SG,Food,2026-05,0,-0.4578330936254802,634,0.0612134585206679,0.8390804597701149
ChIJkZqJeBgY2jERx_AR7wwXndk,CN->SG,Food,2026-05,1,0.6931471805599452,169,0.06117635045989417,0.8413793103448276
ChIJpZjQAAQX2jERpBAPeovphN4,CN->SG,Food,2026-04,0,-0.4177352006999784,444,0.06105729490209626,0.8689655172413793
ChIJgX-VV-EV2jERqNsQc1Dp8H4,CN->SG,Retail,2026-05,0,-0.192371892647456,440,0.06105729490209626,0.8742857142857143
ChIJk_OaEA4F2jERK4K76TfkSGc,CN->SG,Food,2026-05,0,0.1484200051182731,284,0.06095131719046036,0.8436781609195402
ChIJydiQ65YZ2jERt_T20MW04xo,CN->SG,Beverage,2026-05,0,0.3429447511268306,355,0.06090847836247249,1.0
ChIJczgzmjQZ2jERMtYxw3Z7OrQ,CN->SG,Food,2026-04,0,-0.6359887667199966,170,0.06045900839961647,0.871264367816092
ChIJl0gztCwU2jEREJMD-bby0iI,CN->SG,Food,2026-04,0,-0.0100000833345834,2697,0.06044545775946693,0.8735632183908046
ChIJmb2-YY0Z2jERUxx5nU1r6F4,CN->SG,Retail,2026-05,0,-0.0476280489892548,652,0.059785393078595976,0.88
ChIJy1na-6X-UTURLUuDuI2DXf4,SG->JP,Hotel,2026-05,0,0.4462871026284194,178,0.059779218442313854,0.8076923076923077
ChIJ1eTVWABT5TQRHpecD-naa20,SG->JP,Food,2026-04,0,-0.5389965007326871,73,0.0596372312997761,0.6779661016949152
ChIJsbjsjijKTzURkTXaxVfKfm0,SG->JP,Hotel,2026-04,0,-0.5877866649021192,52,0.05947755113472151,0.7692307692307693
ChIJsbjsjijKTzURkTXaxVfKfm0,SG->JP,Hotel,2026-05,0,-0.5877866649021192,54,0.05947755113472151,0.8173076923076923
ChIJiZK1LHMT2jER_eGWISBtLZk,CN->SG,Retail,2026-05,0,-0.1670540846631663,98,0.05940982890012952,0.8857142857142857
ChIJwdNgut4P2jERADBq9nQIGc8,CN->SG,Food,2026-05,0,0.0,78,0.05935063526695391,0.8459770114942529
ChIJy_2CZvcX2jERw0LdDu1lGZk,CN->SG,Retail,2026-05,0,-0.0615578929994331,1008,0.059323629735170566,0.8914285714285715
ChIJ-d2VabkR2jERYQ1K_MKnO1M,CN->SG,Food,2026-05,0,-0.0909717782057266,992,0.059238463811357604,0.8482758620689655
ChIJtV4cjx8Q2jERMTt5rW87q9Y,CN->SG,Retail,2026-05,0,0.5368011101692516,524,0.05920582059449117,0.8971428571428571
ChIJT2GP0LEZ2jER4VmH4dpvFE8,CN->SG,Hotel,2026-05,0,0.0232568621642674,1448,0.059191165739011856,0.736
ChIJlW0um74R2jERJB9IfmT4Qmo,CN->SG,Food,2026-05,0,-0.1764564373415567,1662,0.05876560224167005,0.8505747126436781
ChIJ___jhUwZTjURCWpR3u1AXTo,SG->JP,Hotel,2026-05,0,-0.064538521137571,668,0.05870015101922659,0.8269230769230769
ChIJRY0iDMAZ2jERv4i-yL80Of4,CN->SG,Hotel,2026-04,0,-0.2006706954621511,86,0.05869159945033198,0.752
ChIJLQ-16_4Z2jERFj2nuT9QXas,CN->SG,Food,2026-04,0,-0.2554789319571462,3710,0.05869027905640858,0.8758620689655172
ChIJFZItt4EU2jERs4G5nrj3tTk,CN->SG,Food,2026-05,0,0.0219789067187754,642,0.05859607957206134,0.8528735632183908
ChIJ_2LlXg0Y2jERFJRp4jdBFTA,CN->SG,Food,2026-04,0,-0.7621400520468968,145,0.05853045639566894,0.8781609195402299
ChIJBUNpgbAX2jERZR8GXn-t9-o,CN->SG,Food,2026-04,0,-0.8641616664392084,3303,0.05849269711366168,0.8804597701149425
ChIJDbcktlQ92jER_Ao30nl1TYs,CN->SG,Food,2026-05,0,0.1029479692524422,1110,0.05842222549826348,0.8551724137931035
ChIJDbcktlQ92jER_Ao30nl1TYs,CN->SG,Food,2026-04,0,-0.0903840614682689,1095,0.05842222549826348,0.8827586206896552
ChIJ978lPHYP2jERf2c1HxrwMsQ,CN->SG,Food,2026-04,0,0.0,74,0.058385547930147046,0.8850574712643678
ChIJPevMtzMP2jERtAMYoTk2QM4,CN->SG,Retail,2026-04,0,0.2411620568168879,150,0.05836727079209431,0.8857142857142857
ChIJew6ckqqlB2ARDPJQY3YW5RU,SG->JP,Hotel,2026-04,0,-0.2513144282809063,68,0.05829971090599827,0.7788461538461539
ChIJB-LJuxssHjUR9ZfkIgQexxw,SG->JP,Food,2026-04,0,-0.0953101798043247,75,0.05807355708892983,0.6949152542372882
ChIJCzqSjTE92jERCxig5QFo4o8,CN->SG,Food,2026-05,0,0.1557545294092328,1212,0.05806896887014128,0.8574712643678161
ChIJpbpdPPwa2jER3qzoPX12xE8,CN->SG,Food,2026-05,0,0.0553987793897885,1791,0.05793590087782958,0.8597701149425288
ChIJFzRwWakQ2jERhCPJUvP8VQM,CN->SG,Food,2026-05,0,-0.3677247801253174,112,0.05771142772488745,0.8620689655172413
ChIJHQKd0cRxFWARH8nkmYlQobU,SG->JP,Hotel,2026-05,0,-0.1698990367953974,369,0.05760301330285116,0.8365384615384616
ChIJq2U9WPxVTzURwmR2N0XcaQE,SG->JP,Retail,2026-04,0,-0.3364722366212129,242,0.057599471474409705,0.6206896551724138
ChIJpc_euAwZ2jER-6AtSZ4spRQ,CN->SG,Hotel,2026-05,0,0.2331938871677112,1524,0.05754737559718268,0.744
ChIJhYwcCp4Z2jERjvc_bd6Iy9g,CN->SG,Food,2026-05,0,0.1492123981866755,1422,0.05754626723305439,0.864367816091954
ChIJDc8qzwkZ2jERhTL-WDLdqMk,CN->SG,Food,2026-05,0,-0.1112256351102243,188,0.057519036706764885,0.8666666666666667
ChIJnXZ5BUMa2jERNg_FrwFyWAU,CN->SG,Food,2026-04,0,-0.2027115124970038,3290,0.057331448610673436,0.8873563218390804
ChIJTyu1bwwZ2jERFtScJqploZY,CN->SG,Food,2026-05,0,0.4013413909243022,1373,0.05715892995418027,0.8689655172413793
ChIJqUBqNTYQ2jERBBDpYC6v9DY,CN->SG,Food,2026-04,0,0.0816780310142673,632,0.056893464932605414,0.8896551724137931
ChIJw3dYAu6GHzURYm5VtY0Nzq8,SG->JP,Retail,2026-04,0,-0.4353180712578455,153,0.056845129358927673,0.6275862068965518
ChIJXYrfjHkZ2jER2CDZHUnyXxs,CN->SG,Food,2026-05,0,-0.0923733201310148,695,0.05682445429615402,0.871264367816092
ChIJAbqMFbsi2jEROYuBNPvVbvI,CN->SG,Food,2026-04,0,-0.3462762367178338,510,0.05674765599983508,0.8919540229885058
ChIJJeb3WfMV2jERwC5HFdWSrI4,CN->SG,Food,2026-04,0,0.0,1065,0.05665814705149549,0.8942528735632184
ChIJAY0sYWYcTjURwu-N5aQFesM,SG->JP,Retail,2026-05,0,-0.1880522315029398,388,0.056646737814983264,0.6758620689655173
ChIJU7vB_639UTUR-O0qar1bAEU,SG->JP,Retail,2026-04,0,0.1541506798272582,111,0.05653811405877901,0.6344827586206897
ChIJS-8OKV-hTzURYHn-Ae8dpCg,SG->JP,Hotel,2026-04,0,-0.3227733922630509,347,0.05627084892886433,0.7884615384615384
ChIJ56RKQILY4zQRYiohotJp6LI,SG->JP,Food,2026-04,0,-0.3566749439387326,56,0.05619950676291815,0.711864406779661
ChIJg-tFGTcY2jERYfQGM3B9q9Q,CN->SG,Hotel,2026-05,0,0.2962658161431726,297,0.05619215888731701,0.752
ChIJsSmdkRM92jERrmjHq_mOda4,CN->SG,Hotel,2026-04,0,-0.268263986594679,341,0.05619215888731701,0.76
ChIJW75AJsoZ2jERuRo3qs5Otpk,CN->SG,Hotel,2026-05,0,0.0148150857851407,936,0.05596666782384875,0.76
ChIJYyJ2-vXSHzUR-w461bsiy_w,SG->JP,Hotel,2026-05,0,-0.5280674302004966,417,0.055933375383944654,0.8461538461538461
ChIJrYMeu5sQ2jERfpA5zK1UM9U,CN->SG,Food,2026-05,0,0.0702042586732485,3400,0.05586203121687061,0.8735632183908046
ChIJTyzXyCoZ2jERayrg1xKChyA,CN->SG,Retail,2026-04,0,0.0,88,0.05561906240918205,0.8914285714285715
ChIJ_8C8mKcf2jERc7enpi1mU2Q,CN->SG,Hotel,2026-04,0,-0.1053605156578263,88,0.055565924103577434,0.768
ChIJMYZm8oEZ2jERFzqcK7DK5rw,CN->SG,Retail,2026-04,0,0.0,843,0.055257453286591075,0.8971428571428571
ChIJOwd4LIFT5TQRrMlKXR7C0Kw,SG->JP,Food,2026-04,0,-0.6190392084062237,90,0.0552107817606705,0.7288135593220338
ChIJ_2LlXg0Y2jERFJRp4jdBFTA,CN->SG,Food,2026-05,0,-0.1541506798272582,146,0.05511388554443355,0.8758620689655172
ChIJ9coFPjQY2jERbycvhMP_z-w,CN->SG,Food,2026-05,0,-0.6157605169445253,1044,0.05511328307924232,0.8781609195402299
ChIJbZenkHYU2jERhSvELnsoFhI,CN->SG,Food,2026-04,0,0.2146569374368909,931,0.05511073467771277,0.8977011494252873
ChIJcwkC8Co92jERxiPJ0rflF9c,CN->SG,Food,2026-04,0,-0.0563529365511317,948,0.05511073467771277,0.8977011494252873
ChIJcyu5cP4j2jERbTd6frhD34Y,CN->SG,Food,2026-05,0,0.1251631429540061,166,0.05507911600179488,0.8804597701149425
ChIJUXhrN6MR2jER7xtwryUocpY,CN->SG,Retail,2026-05,0,-0.2527023535557542,1305,0.05496935568329094,0.9028571428571428
ChIJKYPoKcEZ2jERBoqvT--ppEQ,CN->SG,Hotel,2026-04,0,-0.1459539126230797,1104,0.05491903666524574,0.776
ChIJuSSIDBEZ2jER7Rj7S1OIj1A,CN->SG,Retail,2026-05,0,0.1112256351102243,196,0.05481486380110763,0.9085714285714286
ChIJU3zvvIZT5TQRuJ08DJ4fN_8,SG->JP,Hotel,2026-05,0,-0.3677247801253174,114,0.05457653434845458,0.8557692307692307
ChIJl0h4qfUb2jERSxPt8ytMI28,CN->SG,Hotel,2026-05,0,-0.4519851237430574,136,0.05451366651092584,0.768
ChIJqb2jphoF2jERDiStSMJ99FU,CN->SG,Food,2026-05,0,0.4054651081081645,69,0.054285161279516714,0.8827586206896552
ChIJv14IenFWTzURu8nIlsyxYp8,SG->JP,Retail,2026-05,0,0.0,142,0.05408914111374237,0.6827586206896552
ChIJp4zYJ6QZ2jER9SRcNdNCCIo,CN->SG,Food,2026-04,0,0.2682639865946794,1375,0.053817842079955644,0.9011494252873563
ChIJV1jY_msZ2jER2Nm55hFNYxo,CN->SG,Food,2026-05,0,0.5933967777928855,1212,0.053817842079955644,0.8850574712643678
ChIJ1TIAJCMa2jERxEA9Zo_-TMs,CN->SG,Food,2026-05,0,0.2066142493629992,790,0.053807591113951704,0.8873563218390804
ChIJgZaMD7gX2jERLYP4mN8b0lY,CN->SG,Retail,2026-04,0,-0.8574502318512218,318,0.05375247099125601,0.9028571428571428
ChIJLfD_pN8j2jERCH3WFHh6RN8,CN->SG,Food,2026-04,0,-0.0408219945202557,3135,0.05369911429515801,0.903448275862069
ChIJcZaxb326HzURceczpIooGo0,SG->JP,Retail,2026-04,0,-0.2076393647782444,138,0.053691338541144516,0.6413793103448275
ChIJpxh8rgChB2AR9_Mu_CGFFiw,SG->JP,Hotel,2026-04,0,-0.550698015013368,3469,0.05364370575095302,0.7980769230769231
ChIJCeHWq2W6HzURoOE98n4fIBU,SG->JP,Retail,2026-04,0,-0.5596157879354227,62,0.053612553441959324,0.6482758620689655
ChIJ_bws6xEa2jERYE2B5blZocI,CN->SG,Food,2026-04,0,0.097638469563916,925,0.05352824124527479,0.9057471264367816
ChIJo_DFwAQY2jEReoIbPM2zBJs,CN->SG,Food,2026-04,0,-0.3746934494414107,123,0.05351697674500914,0.9080459770114943
ChIJy_2CZvcX2jERw0LdDu1lGZk,CN->SG,Retail,2026-04,0,-0.2757058814050652,990,0.05342932029779778,0.9085714285714286
ChIJqygdacQZ2jERdAWn-LllLbs,CN->SG,Hotel,2026-04,0,-0.5925036547802578,948,0.05342932029779778,0.784
ChIJ60i8_RYY2jER0Ah_GzYBzeY,CN->SG,Food,2026-05,0,-0.2045941924030776,3330,0.05331112217241227,0.8896551724137931
ChIJq2U9WPxVTzURwmR2N0XcaQE,SG->JP,Retail,2026-05,0,-0.5705448584676129,248,0.053219273149420356,0.6896551724137931
ChIJy6rv-54Z2jERnd34-vJP7mM,CN->SG,Food,2026-05,0,-0.3683255611587079,2211,0.05320349749096915,0.8919540229885058
ChIJiYGgrJ8Z2jERgiIOxtAZAOg,CN->SG,Hotel,2026-05,0,0.4127378674372446,3252,0.05299879145985283,0.776
ChIJ_zN7PjcY2jER8S9wD3oL9QE,CN->SG,Hotel,2026-04,0,0.6466271649250523,150,0.052987772827513775,0.792
ChIJl_4mcKYP2jERaQTKAt7D5YU,CN->SG,Food,2026-04,0,-0.3101549283038394,134,0.052816076102898825,0.9103448275862069
ChIJg9nMZhI92jERS58JBkif8g8,CN->SG,Retail,2026-05,0,0.0294138852062935,905,0.05271961643480687,0.9142857142857143
ChIJfbkFnB2kB2ARd9yoo2a4LHk,SG->JP,Retail,2026-04,0,0.1670540846631663,126,0.05270964978854126,0.6551724137931034
ChIJZ-5Yq0wZTjURuRxXKNlraY8,SG->JP,Hotel,2026-04,0,0.1670540846631663,164,0.052671926414170706,0.8076923076923077
ChIJGZCQyVXyHmARjnDKwWsuKIo,SG->JP,Retail,2026-05,0,0.1900436028878647,598,0.05265961337645826,0.696551724137931
ChIJZ3NBuFeLGGARyHA2c70MusY,SG->JP,Beverage,2026-04,1,0.4519851237430572,223,0.05262815699589766,0.7142857142857143
ChIJmb2-YY0Z2jERUxx5nU1r6F4,CN->SG,Retail,2026-04,0,-0.5245244681241528,646,0.05255531288761308,0.9142857142857143
ChIJBf0-UJTSHzURIp-0VjAfCeo,SG->JP,Hotel,2026-04,0,-0.916290731874155,101,0.05249707630657985,0.8173076923076923
ChIJEWPGC6LyGGARq8NKk17BIFo,SG->JP,Retail,2026-04,0,-0.1335313926245228,84,0.052312941523897184,0.6620689655172414
ChIJYyJ2-vXSHzUR-w461bsiy_w,SG->JP,Hotel,2026-04,0,-0.2162231084696362,407,0.052258433572950916,0.8269230769230769
ChIJsUEFzcGATzURB6iXXZYxsqM,SG->JP,Retail,2026-05,0,0.0870113769896296,142,0.052224697469273364,0.7034482758620689
ChIJl6XhVzcY2jER8wHTnTNvCIg,CN->SG,Hotel,2026-04,0,0.5596157879354227,668,0.05218228653443022,0.8
ChIJsxDt6sweTjURuMM3UVzvol4,SG->JP,Retail,2026-05,0,-0.1872115420881464,362,0.05201327090022348,0.7103448275862069
ChIJt6LDlDAY2jER0FBeXHldcBE,CN->SG,Hotel,2026-05,0,-0.1431008436406731,147,0.051981977567479076,0.784
ChIJdxS7gPEa2jERd53GKJ48Dr4,CN->SG,Retail,2026-05,0,-0.2926696139628197,867,0.05173654256841602,0.92
ChIJQ-phSKMT2jERS9sYVgPP-gk,CN->SG,Retail,2026-05,0,0.097638469563916,496,0.05165798247532747,0.9257142857142857
ChIJQ-phSKMT2jERS9sYVgPP-gk,CN->SG,Retail,2026-04,0,-0.1372011215134851,490,0.05165798247532747,0.92
ChIJbRuWbPs2TjURNDqcC0sVZqA,SG->JP,Retail,2026-04,0,-0.2006706954621511,96,0.051514817003215946,0.6689655172413793
ChIJJ5KlfiSNGGARU-3HkPiyWM4,SG->JP,Beverage,2026-04,0,-0.4462871026284194,233,0.051412925999693625,0.8571428571428571
ChIJRY0iDMAZ2jERv4i-yL80Of4,CN->SG,Hotel,2026-05,0,0.0,86,0.05117199179841642,0.792
ChIJq9GMiesZ2jER4yuwp540AV4,CN->SG,Food,2026-04,0,-0.3429447511268302,4580,0.05107146640423097,0.9126436781609195
ChIJjXems6cZ2jERep-fc4y_1qA,CN->SG,Hotel,2026-04,0,-0.3429447511268306,309,0.05089675008640662,0.808
ChIJ1VWOUQ492jERT6ShQTPTOZc,CN->SG,Retail,2026-05,0,-0.6163600373461748,2576,0.05089598882562856,0.9314285714285714
ChIJswRqCegZ2jERkzvdDnu8ero,CN->SG,Food,2026-04,0,-0.2662679779479644,1012,0.05085013074284071,0.9149425287356322
ChIJLSWTTwCPGGAR5UnkDMXvn88,SG->JP,Food,2026-04,0,-0.6190392084062237,105,0.05070569798061944,0.7457627118644068
ChIJP2ybo_AX2jERoJ0YHyCCu4E,CN->SG,Food,2026-05,0,0.1335313926245227,354,0.05059981343389211,0.8942528735632184
ChIJ1UPefHIZ2jERNw75Jntk0oM,CN->SG,Food,2026-05,0,0.1441339015837868,2122,0.05059692438456774,0.896551724137931
ChIJzQ8_2Is82jERDedahbH33Nw,CN->SG,Hotel,2026-05,0,0.0638514719865326,1264,0.05057587552250429,0.8
ChIJcZaxb326HzURceczpIooGo0,SG->JP,Retail,2026-05,0,-0.2076393647782444,140,0.05054207497433254,0.7172413793103448
ChIJJ12oOwAF2jER1c9sOEh17uE,CN->SG,Food,2026-05,0,-0.6021754023542183,460,0.05053571735859624,0.8988505747126436
ChIJH2qMV_Ab2jERmx2LbOg0S1Y,CN->SG,Food,2026-04,0,-0.1278333715098849,283,0.05050123540337204,0.9172413793103448
ChIJgRt__K892jERLK-wMiITUc4,CN->SG,Retail,2026-05,0,-0.1776811772374524,1108,0.050380965893601616,0.9371428571428572
ChIJvSxK3YZT5TQRjcWnlyIJnH4,SG->JP,Food,2026-04,0,-0.1910552367627094,220,0.050356999429551984,0.7627118644067796
ChIJMbxelGgV2jERft64o8N23NQ,CN->SG,Food,2026-04,0,-0.4870149750722721,1064,0.050259369771974975,0.9195402298850575
ChIJzX1Gn26MTTURnXV2kmbEcgI,SG->JP,Retail,2026-05,0,-1.0986122886681098,73,0.05017788365857623,0.7241379310344828
ChIJoeZ5XT5gGGAR7xPGHIzSYAo,SG->JP,Retail,2026-05,0,0.7259370033829362,735,0.05007399811260858,0.7310344827586207
ChIJK0hRYHIZ2jERrxw0TDSz0vs,CN->SG,Hotel,2026-04,0,0.0,454,0.050028057946559026,0.816
ChIJO5nouNF_ImARp3MybeuOK6Y,SG->JP,Food,2026-04,0,0.0,170,0.04998753870930397,0.7796610169491526
ChIJS_dwpM1OTjURe-R64xTtOBo,SG->JP,Retail,2026-05,0,0.0909717782057268,321,0.04998302209651555,0.7379310344827587
ChIJO5nouNF_ImARp3MybeuOK6Y,SG->JP,Food,2026-05,0,0.1053605156578263,174,0.0498827357144773,0.864406779661017
ChIJ78jOqDkY2jER6Dug5gnIsaI,CN->SG,Hotel,2026-04,0,0.1335313926245227,161,0.04980786066704176,0.824
ChIJ78jOqDkY2jER6Dug5gnIsaI,CN->SG,Hotel,2026-05,0,0.0,163,0.04980786066704176,0.808
ChIJ1bio5vwV2jERYTVD256o8FQ,CN->SG,Food,2026-05,0,-0.5158131652770295,739,0.04962436031048171,0.9011494252873563
ChIJ9f-_lNPlGGARboPYg1dKWa4,SG->JP,Retail,2026-04,1,0.4372138064227449,1072,0.04947379514672453,0.6758620689655173
ChIJHQKd0cRxFWARH8nkmYlQobU,SG->JP,Hotel,2026-04,0,-0.2468600779315259,362,0.04940990650644475,0.8365384615384616
ChIJhYB_Y5kP2jER2c0QSdbUyvA,CN->SG,Retail,2026-04,0,0.0295588022415445,972,0.049385646110921916,0.9257142857142857
ChIJS-8OKV-hTzURYHn-Ae8dpCg,SG->JP,Hotel,2026-05,0,-0.6109090823229733,355,0.049324812306376094,0.8653846153846154
ChIJpZjQAAQX2jERpBAPeovphN4,CN->SG,Food,2026-05,0,-0.5780778507751578,452,0.04932271195603418,0.903448275862069
ChIJCXYS9GMZ2jER3VTObljuSjc,CN->SG,Food,2026-04,0,-0.2090917978585595,622,0.049320966607098025,0.9218390804597701
ChIJfbkFnB2kB2ARd9yoo2a4LHk,SG->JP,Retail,2026-05,0,0.5753641449035618,127,0.04922000255526069,0.7448275862068966
ChIJ9XeUhJRxFWARGhpqYX-Tk3Q,SG->JP,Retail,2026-04,0,-0.150282203049338,498,0.04920877033441337,0.6827586206896552
ChIJo1wSuqLlGGARjSl_GxYHUsM,SG->JP,Retail,2026-05,0,0.1541506798272581,68,0.049098612126890186,0.7517241379310344
ChIJsxDt6sweTjURuMM3UVzvol4,SG->JP,Retail,2026-04,0,0.0,346,0.048998493145443085,0.6931034482758621
ChIJ6fCnsDUjTjUR_-tCLCX2MCA,SG->JP,Retail,2026-04,0,0.1017826943099424,319,0.048998493145443085,0.6931034482758621
ChIJDxsfxWYZ2jER66T76Wy5Stw,CN->SG,Food,2026-04,0,-0.0659579677917974,622,0.04875210674357757,0.9241379310344827
ChIJ___jhUwZTjURCWpR3u1AXTo,SG->JP,Hotel,2026-04,1,0.369747025506085,645,0.04872511718096426,0.8461538461538461
ChIJRRFsll4ATzUR7IDU9DPK4CA,SG->JP,Retail,2026-04,0,-0.1625189294977749,203,0.04857736920979725,0.7034482758620689
ChIJs67tvDUZTjUR5dEIVvRKRkU,SG->JP,Hotel,2026-05,0,0.1209526104176625,918,0.04841545689470028,0.875
ChIJszAzlW_Y4zQR8fHh1HTyz_s,SG->JP,Food,2026-04,0,0.1718502569266591,158,0.04840727899754831,0.7966101694915254
ChIJAQAAsAAc2jERbbHzLY1ImcM,CN->SG,Food,2026-05,0,-0.0668224962454013,3945,0.04836820707058457,0.9057471264367816
ChIJbZKrq7JxFWARpLyVOzp8xgQ,SG->JP,Hotel,2026-05,0,-0.1743533871447777,247,0.04819891113852822,0.8846153846153846
ChIJfQCJZSk9TjURVZvB5ZJrTv8,SG->JP,Retail,2026-04,0,-0.6505875661411495,180,0.048194222576977315,0.7103448275862069
ChIJu1_G5ggZ2jER_LJ4SRQX9JQ,CN->SG,Food,2026-04,0,-0.1335313926245227,220,0.048130101912897016,0.9264367816091954
ChIJN2Lu08lT5TQRuQqXf49TPsE,SG->JP,Hotel,2026-05,0,-0.1823215567939544,93,0.048113410639992554,0.8942307692307693
ChIJCSu9KUIQ2jERmAlWHXSKk9U,CN->SG,Food,2026-05,0,-0.6592456288842636,626,0.04804007106567745,0.9080459770114943
ChIJ34jrBNQi2jER8TS0jo_zrsY,CN->SG,Food,2026-05,0,0.2559333741372009,597,0.048031549445365564,0.9103448275862069
ChIJTddN4yCNGGAR_ErtcrSpxl8,SG->JP,Food,2026-04,0,0.1335313926245227,114,0.047616920568347154,0.8135593220338984
ChIJp4zYJ6QZ2jER9SRcNdNCCIo,CN->SG,Food,2026-05,0,0.1712717206073697,1400,0.047493130256888005,0.9126436781609195
ChIJp_uTpMOLGGARuV0qHAQguMU,SG->JP,Hotel,2026-04,0,0.1650797503594487,3160,0.047351150551082716,0.8557692307692307
ChIJpbpdPPwa2jER3qzoPX12xE8,CN->SG,Food,2026-04,0,-0.2979596552100214,1756,0.047344119954534865,0.9287356321839081
ChIJQfIUTlo92jER7J4LNZtEFWA,CN->SG,Retail,2026-05,0,-0.3953127366441462,620,0.04716469623975594,0.9428571428571428
ChIJyULPPDsY2jER38AapqZYPGc,CN->SG,Food,2026-05,0,-0.2348395910774012,479,0.04707830842949548,0.9149425287356322
ChIJDbm1IFMS2jERU6smv4NKIkY,CN->SG,Retail,2026-04,0,-0.3448404862917296,552,0.046546748017345,0.9314285714285714
ChIJqYmrdtRhTzUR8YmcNBWIdxo,SG->JP,Hotel,2026-05,0,-0.0953101798043247,180,0.04644994649639422,0.9038461538461539
ChIJ6c_XS6oV2jERnoFBMjB_LbE,CN->SG,Food,2026-05,0,0.231801614057324,222,0.04643554110140142,0.9172413793103448
ChIJw-YN6tYYTjURiVYXBTInQ38,SG->JP,Retail,2026-04,0,0.5340824859302578,264,0.04636484130064544,0.7172413793103448
ChIJQ04b4ZL3UjURXk0ZQ0QoE4o,SG->JP,Retail,2026-05,0,0.3677247801253174,130,0.046311907610021165,0.7586206896551724
ChIJ6eoOW7mSGGARoZPieUTuwqI,SG->JP,Food,2026-04,0,-0.1758906664636641,344,0.046175310194327156,0.8305084745762712
ChIJi8wFIbMeTjURpxXXrEgxxIQ,SG->JP,Retail,2026-04,0,-0.1365755350057509,605,0.046042960122649086,0.7241379310344828
ChIJb8vmsAwZ2jERi38fKF0P_rE,CN->SG,Hotel,2026-05,0,-0.0833816089390508,647,0.04597814321303026,0.816
ChIJcwkC8Co92jERxiPJ0rflF9c,CN->SG,Food,2026-05,0,-0.2911970145592253,975,0.04577447734444884,0.9195402298850575
ChIJKbm3dodi4TQRNgM8EDT2c9I,SG->JP,Food,2026-05,0,-0.1670540846631663,84,0.04571850102935435,0.8813559322033898
ChIJJ61VBzMY2jERbkfeEDW0nRc,CN->SG,Retail,2026-04,0,-0.369747025506085,556,0.04556588756023604,0.9371428571428572
ChIJy0ZILzcY2jERM6xKJmTOaUE,CN->SG,Hotel,2026-04,0,-0.2513144282809063,90,0.04551725519153625,0.832
ChIJF9leE50Z2jER4uEdueSxtsM,CN->SG,Food,2026-05,0,-0.1313360020610874,835,0.04550847401321986,0.9218390804597701
ChIJBaFPaMEj2jERDH3HboYBSX8,CN->SG,Food,2026-05,0,0.1690763300439339,459,0.0454880375519153,0.9241379310344827
ChIJQYPmbysY2jERWY6H8h83tn4,CN->SG,Food,2026-04,0,0.4054651081081643,98,0.04546363021580083,0.9310344827586207
ChIJuywYZSxT5TQRjs7tEWz70QA,SG->JP,Hotel,2026-05,0,-0.1910552367627094,204,0.04542066982880492,0.9134615384615384
ChIJ98EW-_g92jERT1piAsJAnow,CN->SG,Food,2026-05,0,-0.7102416139192456,537,0.045419117872325325,0.9264367816091954
ChIJUZQWQPEZ2jERTACV9N1eJe4,CN->SG,Food,2026-04,0,-0.5436154465889818,348,0.04534744652329063,0.9333333333333333
ChIJr41LK4FT5TQRk7UIXjCSuIA,SG->JP,Food,2026-04,0,-0.6931471805599453,105,0.04528829822345604,0.847457627118644
ChIJu1_G5ggZ2jER_LJ4SRQX9JQ,CN->SG,Food,2026-05,0,-0.1251631429540061,226,0.04526473722327148,0.9287356321839081
ChIJj9NVTyI92jERWBB5iR4rnmg,CN->SG,Retail,2026-04,0,0.1201443118420635,546,0.045198404546891384,0.9428571428571428
ChIJj9NVTyI92jERWBB5iR4rnmg,CN->SG,Retail,2026-05,0,-0.2135741002980591,566,0.045198404546891384,0.9514285714285714
ChIJJ61VBzMY2jERbkfeEDW0nRc,CN->SG,Retail,2026-05,0,-0.0384662808277962,562,0.045198404546891384,0.9514285714285714
ChIJddKNzn4W2jERVGrDRcd5OxY,CN->SG,Food,2026-04,0,-0.1810723373935232,5156,0.04514530777623376,0.9356321839080459
ChIJHwZEaooQ2jERl-shndvFq7I,CN->SG,Food,2026-05,0,0.287682072451781,289,0.04499566125844285,0.9310344827586207
ChIJq_yPw5MZ2jERU4_IsIN0aKk,CN->SG,Retail,2026-05,0,-0.4519851237430574,96,0.044965845361369446,0.96
ChIJOzIVm4AF2jERKcrCdeHuGAM,CN->SG,Food,2026-05,0,0.3856624808119846,252,0.04492230346948538,0.9333333333333333
ChIJD8FUeWBNTzURIG4ljh12NUg,SG->JP,Retail,2026-05,0,-0.4519851237430574,62,0.04484537780338376,0.7655172413793103
ChIJOSoWVm-PGGARUbLJBMPl55E,SG->JP,Food,2026-04,0,-0.1670540846631663,124,0.04480794617779257,0.864406779661017
ChIJOSoWVm-PGGARUbLJBMPl55E,SG->JP,Food,2026-05,0,0.0,126,0.04480794617779257,0.8983050847457628
ChIJPzGlh8SIGGARdv51MeB1cTw,SG->JP,Food,2026-05,0,0.0953101798043247,261,0.044806491996664005,0.9152542372881356
ChIJ8YbaUH4-TzURRY60AklFWwk,SG->JP,Retail,2026-05,0,-0.1718502569266591,169,0.044800958479204026,0.7724137931034483
ChIJqYmrdtRhTzUR8YmcNBWIdxo,SG->JP,Hotel,2026-04,0,0.2744368457017603,170,0.044800958479204026,0.8653846153846154
ChIJBWVwtLcCTjURxdn43SPnwaw,SG->JP,Retail,2026-04,0,-0.1603426500751794,354,0.04476188402345248,0.7310344827586207
ChIJqzan7vpxFWARY6slAYJTgyI,SG->JP,Hotel,2026-04,0,-0.8266785731844681,144,0.04461373582014557,0.875
ChIJzQOO3UsZTjURy_YZI0iLfTc,SG->JP,Hotel,2026-05,0,-0.4054651081081641,486,0.04458905585796171,0.9230769230769231
ChIJQQwlkXwZ2jERhgDDkxHH1Vc,CN->SG,Food,2026-05,0,0.088947486016496,579,0.04446016411183122,0.9356321839080459
ChIJu3mTX4MZ2jERLCptOU3zEXQ,CN->SG,Retail,2026-05,0,0.2052631260363608,1138,0.04445727781886958,0.9657142857142857
ChIJ3_zCA-E92jERMg-ZGMoqa14,CN->SG,Retail,2026-04,0,0.287682072451781,86,0.044130540326359546,0.9485714285714286
ChIJu9l_ois8TzURpfW7pjFlDDM,SG->JP,Hotel,2026-04,0,-0.5877866649021193,338,0.04411258293300496,0.8846153846153846
ChIJsUEFzcGATzURB6iXXZYxsqM,SG->JP,Retail,2026-04,0,0.0870113769896296,141,0.04387104168265988,0.7379310344827587
ChIJLfD_pN8j2jERCH3WFHh6RN8,CN->SG,Food,2026-05,0,-0.1118281052559702,3222,0.043845848225403716,0.9379310344827586
ChIJd0jKulUF2jERzRvrkyRc5ao,CN->SG,Food,2026-05,0,-0.2022368664948963,701,0.04376967197746791,0.9402298850574713
ChIJ37tThhEY2jERRBycMYB-rUA,CN->SG,Hotel,2026-05,0,-0.1931912290308588,882,0.04376967197746791,0.824
ChIJ60i8_RYY2jER0Ah_GzYBzeY,CN->SG,Food,2026-04,0,-0.3231719574337317,3280,0.04352577432760158,0.9379310344827586
ChIJzQ8_2Is82jERDedahbH33Nw,CN->SG,Hotel,2026-04,0,-0.2699196161119404,1246,0.04349511673754288,0.84
ChIJGV_ZOoi6HzUReOTw-0gvGBc,SG->JP,Retail,2026-04,0,0.1541506798272581,52,0.04339482547432089,0.7448275862068966
ChIJGV_ZOoi6HzUReOTw-0gvGBc,SG->JP,Retail,2026-05,0,0.0,53,0.04339482547432089,0.7793103448275862
ChIJk9UYJvQATzURjk8GAXSsLvU,SG->JP,Retail,2026-04,0,-0.4547361571149468,461,0.043321774422449146,0.7517241379310344
ChIJgbsEHOsP2jERI7yaT9xZU_Y,CN->SG,Food,2026-04,0,-0.7563260821814768,564,0.043214176280222304,0.9402298850574713
ChIJgbsEHOsP2jERI7yaT9xZU_Y,CN->SG,Food,2026-05,0,-0.2542341383842408,571,0.043214176280222304,0.9425287356321839
ChIJo9sY6-IV2jER16JxVW7stl8,CN->SG,Retail,2026-04,0,0.4054651081081644,296,0.043157649913599196,0.9542857142857143
ChIJEWNnq5of2jER69_bjd4nzlg,CN->SG,Food,2026-05,0,-0.4376222197426958,939,0.043153436528525706,0.9448275862068966
ChIJCbIvD4YNUjURUhJwARvmrGs,SG->JP,Hotel,2026-04,0,-0.5108256237659905,587,0.04293938927527533,0.8942307692307693
ChIJ-5vUSgsZ2jER8xAGp9SfK68,CN->SG,Food,2026-05,0,-0.0857668217574252,1118,0.042918262471247574,0.9471264367816092
ChIJtS6uDv4bTjURmOhzO1WSDUg,SG->JP,Retail,2026-04,0,-0.154150679827258,352,0.042909335089956056,0.7586206896551724
ChIJddKNzn4W2jERVGrDRcd5OxY,CN->SG,Food,2026-05,0,-0.1636294237818019,5224,0.04256124295180361,0.9494252873563218
ChIJtyVFlKMX2jERzI-QksGIDzk,CN->SG,Retail,2026-04,0,-0.0141846349919565,668,0.04249018523061022,0.96
ChIJEwGRrykdTjUR1Q-xKWgtSWo,SG->JP,Hotel,2026-04,0,-0.3621146672345507,714,0.0424860059091812,0.9038461538461539
ChIJOzIVm4AF2jERKcrCdeHuGAM,CN->SG,Food,2026-04,0,0.3022808718729337,248,0.04226441535436284,0.9425287356321839
ChIJIycjiMYeTjUR_TJ-PX1LG08,SG->JP,Retail,2026-05,0,0.4054651081081643,123,0.0422329300915785,0.7862068965517242
ChIJNX-LGjcY2jERoD8kXMt-TSQ,CN->SG,Hotel,2026-04,0,0.7884573603642703,148,0.042070047671230515,0.848
ChIJeQ4IKDiNGGARcLA1OEXQXfw,SG->JP,Food,2026-04,0,0.1335313926245227,145,0.04205195531789584,0.8813559322033898
ChIJeQ4IKDiNGGARcLA1OEXQXfw,SG->JP,Food,2026-05,0,-0.3254224004346278,152,0.04205195531789584,0.9322033898305084
ChIJuSfGdA-BGGARHK2v9-Su_b4,SG->JP,Food,2026-04,0,-0.1335313926245227,155,0.04201435139637805,0.8983050847457628
ChIJk-PNMzgZTjURg6gBLSY3kgI,SG->JP,Hotel,2026-05,0,0.4519851237430572,332,0.04196273532997978,0.9326923076923077
ChIJD8FUeWBNTzURIG4ljh12NUg,SG->JP,Retail,2026-04,0,-0.4519851237430574,60,0.04194718489035261,0.7655172413793103
ChIJndAszrAZ2jERdXYoJaKBQfw,CN->SG,Hotel,2026-05,0,0.0563529365511317,822,0.04194132300412823,0.832
ChIJtS6uDv4bTjURmOhzO1WSDUg,SG->JP,Retail,2026-05,0,0.0,361,0.04193921840882273,0.7931034482758621
ChIJl6XhVzcY2jER8wHTnTNvCIg,CN->SG,Hotel,2026-05,0,0.485507815781701,679,0.041770547691172145,0.84
ChIJEVP4-TsQ2jERgoJNF34c_Hs,CN->SG,Food,2026-05,0,-0.1133286853070032,838,0.041466711154613846,0.9517241379310345
ChIJ_Ulh3zctHjURVwTSQAD_a68,SG->JP,Hotel,2026-05,0,0.441832752279039,100,0.04129299600938618,0.9423076923076923
ChIJoeZ5XT5gGGAR7xPGHIzSYAo,SG->JP,Retail,2026-04,0,0.3237870770938973,727,0.041231586772784413,0.7724137931034483
ChIJbRuWbPs2TjURNDqcC0sVZqA,SG->JP,Retail,2026-05,0,-0.2876820724517808,97,0.04110982917775149,0.8
ChIJWdLw7TAY2jERXBXiRLDjIgQ,CN->SG,Hotel,2026-05,0,0.8150369981689818,706,0.04093165011953026,0.848
ChIJXYIF8zkY2jERIMVQABHx2F0,CN->SG,Hotel,2026-05,0,0.6359887667199966,130,0.0408201776832002,0.856
ChIJXYIF8zkY2jERIMVQABHx2F0,CN->SG,Hotel,2026-04,0,0.3677247801253174,128,0.0408201776832002,0.856
ChIJi06pUZYZ2jERW8krXJbsl5Q,CN->SG,Hotel,2026-04,0,0.4446858212614457,758,0.04052268429037204,0.864
ChIJu3mTX4MZ2jERLCptOU3zEXQ,CN->SG,Retail,2026-04,0,0.0809690625336672,1117,0.040518940363152206,0.9657142857142857
ChIJp6Le2zYY2jERIyzHaNF7g8E,CN->SG,Hotel,2026-05,0,0.1177830356563834,90,0.04026784359992933,0.864
ChIJbQyg6umt-jQRAfe6ChZIePc,SG->JP,Beverage,2026-05,0,-0.4418327522790393,200,0.040174805260057275,0.8571428571428571
ChIJaeIO2TFyFWARVUi1aPczROw,SG->JP,Hotel,2026-04,0,0.0,58,0.04014159329918351,0.9134615384615384
ChIJEVP4-TsQ2jERgoJNF34c_Hs,CN->SG,Food,2026-04,0,-0.2025242641114739,828,0.040128914456034656,0.9448275862068966
ChIJW5UmLTY92jERHKQ3LeLjDEs,CN->SG,Food,2026-04,0,-0.2513144282809061,770,0.04009594387393421,0.9471264367816092
ChIJEbQ9xpYZ2jERyBrI8a2FtEY,CN->SG,Food,2026-04,0,-0.5877866649021188,194,0.039890908786879134,0.9494252873563218
ChIJAxy-azYQ2jERaHfp-09JBoY,CN->SG,Retail,2026-04,0,-0.2803019651541585,485,0.03985970417578973,0.9742857142857143
ChIJY8m93RIW2jERzp_MpU1xStM,CN->SG,Retail,2026-04,0,-0.3844116989103319,405,0.03985970417578973,0.9742857142857143
ChIJCzL6GnwW2jERtpXp_2IKVbI,CN->SG,Food,2026-05,0,0.549107810337008,1680,0.03975249358152068,0.9540229885057471
ChIJ_8Nv80wZTjURkqn_-tJbRKM,SG->JP,Hotel,2026-05,0,1.3350010667323402,115,0.039696815009783885,0.9519230769230769
ChIJ-b2mGjgT2jERStYhYNjd0eU,CN->SG,Food,2026-05,0,0.1431008436406733,562,0.03960175651150138,0.9563218390804598
ChIJgwJlSXMZ2jERGrsN1WJyQjs,CN->SG,Food,2026-04,0,-0.1204461530758669,1693,0.03941255113351758,0.9517241379310345
ChIJCzL6GnwW2jERtpXp_2IKVbI,CN->SG,Food,2026-04,0,0.6931471805599454,1637,0.03939325155806632,0.9540229885057471
ChIJN-UyNaciTjUR3mMhE2WId9s,SG->JP,Retail,2026-04,0,0.6931471805599453,105,0.03938584366965852,0.7793103448275862
ChIJ_RY5U1mGGGARFfh86D94mcs,SG->JP,Retail,2026-04,0,-0.1251631429540061,626,0.03934908544399879,0.7862068965517242
ChIJ0xUUj2Y7BmARvUOhVoTdjqY,SG->JP,Retail,2026-05,0,-0.2411620568168879,127,0.03913217073714749,0.8068965517241379
ChIJ0xUUj2Y7BmARvUOhVoTdjqY,SG->JP,Retail,2026-04,0,-0.2231435513142097,124,0.03913217073714749,0.7931034482758621
ChIJAXBY2D0U2jERZWpNAYMidOw,CN->SG,Food,2026-04,0,-0.4321333551903255,622,0.03882275208688547,0.9563218390804598
ChIJL3YtUCI92jERwCp52oQhVSo,CN->SG,Food,2026-05,0,-0.1823215567939544,216,0.038774252975330964,0.9586206896551724
ChIJF9leE50Z2jER4uEdueSxtsM,CN->SG,Food,2026-04,0,-0.3629054936893685,820,0.03866685229021264,0.9586206896551724
ChIJEWNnq5of2jER69_bjd4nzlg,CN->SG,Food,2026-04,0,-0.3856624808119844,917,0.038658413228677434,0.960919540229885
ChIJU3zvvIZT5TQRuJ08DJ4fN_8,SG->JP,Hotel,2026-04,0,-0.5108256237659905,112,0.038627720189502536,0.9230769230769231
ChIJy0tmZskZ2jER8OTBC1Aiuxw,CN->SG,Hotel,2026-04,0,1.1486227092427708,368,0.038580484161949535,0.872
ChIJgwJlSXMZ2jERGrsN1WJyQjs,CN->SG,Food,2026-05,0,0.0795120629277339,1730,0.03800515288269512,0.960919540229885
ChIJfXL2ZqQ92jERMW-BJZM1HH4,CN->SG,Food,2026-04,0,-0.6931471805599454,286,0.03799413140674717,0.9632183908045977
ChIJheAl4uUZTjUR4PHEuYFwrZk,SG->JP,Retail,2026-04,0,-0.8472978603872036,120,0.03788165240474978,0.8
ChIJkcR9eDkY2jERn0fkzmgGYZo,CN->SG,Hotel,2026-05,0,0.6061358035703156,87,0.037850381240769976,0.872
ChIJvSNUrQq6B2AR3H349NlLqHM,SG->JP,Retail,2026-05,0,0.3101549283038394,218,0.03781262021097514,0.8137931034482758
ChIJ4SkXHigZ2jERe_tpWCuslzs,CN->SG,Food,2026-05,0,0.0,125,0.03779318358329499,0.9632183908045977
ChIJa7DWQDcY2jERMFNLTD7UWYQ,CN->SG,Hotel,2026-04,0,0.0155041865359657,598,0.03770730697741107,0.88
ChIJ8YbaUH4-TzURRY60AklFWwk,SG->JP,Retail,2026-04,0,-0.0512932943875505,166,0.03770235321338263,0.8068965517241379
ChIJ4SkXHigZ2jERe_tpWCuslzs,CN->SG,Food,2026-04,0,-0.2006706954621511,124,0.03765107473536996,0.9655172413793104
ChIJs0T4LfHtGGARliHWfKaeYug,SG->JP,Retail,2026-05,0,0.0,97,0.0376436902971484,0.8206896551724138
ChIJs0T4LfHtGGARliHWfKaeYug,SG->JP,Retail,2026-04,0,-0.2231435513142098,97,0.0376436902971484,0.8137931034482758
ChIJEbQ9xpYZ2jERyBrI8a2FtEY,CN->SG,Food,2026-05,0,-0.7472144018302209,198,0.03753544890685552,0.9655172413793104
ChIJzX1Gn26MTTURnXV2kmbEcgI,SG->JP,Retail,2026-04,0,-0.6190392084062237,70,0.037476261182685204,0.8206896551724138
ChIJl5S5fT0Y2jERwJsMUEULTa0,CN->SG,Hotel,2026-04,0,0.1743533871447777,248,0.03744939061462017,0.888
ChIJr41LK4FT5TQRk7UIXjCSuIA,SG->JP,Food,2026-05,0,-0.4855078157817009,107,0.03736100870107051,0.9491525423728814
ChIJIRFAdjr6GGARZ0ug1rN3PTQ,SG->JP,Retail,2026-05,0,0.7282385003712153,239,0.03725815384721351,0.8275862068965517
ChIJZ5EV6CwY2jERVDWnLvbwFQA,CN->SG,Food,2026-05,0,0.9315582040049436,642,0.037159702193793054,0.967816091954023
ChIJk-PNMzgZTjURg6gBLSY3kgI,SG->JP,Hotel,2026-04,0,-0.3053816495511818,330,0.03712713926745268,0.9326923076923077
ChIJTWB9KCuLGGAR_bvE0ilkH2A,SG->JP,Food,2026-05,0,-0.2876820724517808,603,0.03709739477694139,0.9661016949152542
ChIJPzGlh8SIGGARdv51MeB1cTw,SG->JP,Food,2026-04,0,-0.3794896217049035,258,0.036889753867263064,0.9152542372881356
ChIJE8Ua3jsX2jERAG8RxkneTfg,CN->SG,Food,2026-05,0,-0.0909717782057268,320,0.036875658902033766,0.9701149425287356
ChIJHwZEaooQ2jERl-shndvFq7I,CN->SG,Food,2026-04,0,-0.1910552367627094,286,0.036875658902033766,0.967816091954023
ChIJ99TNbQ0Z2jERRn54Uqk3ojc,CN->SG,Food,2026-05,0,0.6443570163905135,412,0.03675189989495664,0.9724137931034482
ChIJZ3NBuFeLGGARyHA2c70MusY,SG->JP,Beverage,2026-05,0,0.0512932943875505,231,0.03644685386094753,1.0
ChIJxY4MbFsTBmARcaa14Mizlog,SG->JP,Retail,2026-04,0,0.075507552508145,559,0.03633827820151191,0.8275862068965517
ChIJW5UmLTY92jERHKQ3LeLjDEs,CN->SG,Food,2026-05,0,0.2363887780642302,774,0.03604166846235909,0.9747126436781609
ChIJ2a-inzYY2jERLUhmFqKO46I,CN->SG,Hotel,2026-04,0,0.2876820724517808,289,0.03598304126529989,0.896
ChIJ42-HtKmLGGAR5Va23PeTTtk,SG->JP,Food,2026-04,0,-0.1053605156578263,70,0.0359694686186448,0.9322033898305084
ChIJ978lPHYP2jERf2c1HxrwMsQ,CN->SG,Food,2026-05,0,-0.2513144282809063,76,0.03592685838899093,0.9770114942528736
ChIJNX-LGjcY2jERoD8kXMt-TSQ,CN->SG,Hotel,2026-05,0,1.0986122886681096,148,0.03587427932631042,0.88
ChIJA17IiV4X2jERbNjg85Wi4NU,CN->SG,Food,2026-05,0,-0.262364264467491,118,0.035696794937926345,0.9793103448275862
ChIJzQOO3UsZTjURy_YZI0iLfTc,SG->JP,Hotel,2026-04,0,-0.2578291093020999,474,0.035529960288164776,0.9423076923076923
ChIJQQwlkXwZ2jERhgDDkxHH1Vc,CN->SG,Food,2026-04,0,0.0851578083403068,569,0.03524254937411539,0.9701149425287356
ChIJESFr2k0Z2jERrLN54MLYQoM,CN->SG,Hotel,2026-04,0,-0.2231435513142098,105,0.035137872106557895,0.904
ChIJdzYEE3MZ2jERGuVTH_L6nTw,CN->SG,Hotel,2026-04,0,0.0148150857851407,1063,0.03505182986027612,0.912
ChIJo9sY6-IV2jER16JxVW7stl8,CN->SG,Retail,2026-05,0,0.4519851237430572,301,0.03464479713403808,0.9714285714285714
ChIJWdLw7TAY2jERXBXiRLDjIgQ,CN->SG,Hotel,2026-04,0,0.6418538861723944,694,0.03440818645588944,0.92
ChIJbQyg6umt-jQRAfe6ChZIePc,SG->JP,Beverage,2026-04,0,-0.5679840376059395,194,0.034370174742331894,1.0
ChIJzS4a-JU92jERtXlh9tIkG64,CN->SG,Food,2026-05,0,0.287682072451781,82,0.034098081959406064,0.9816091954022989
ChIJE0M5ac8F2jER4VyguvgqOAg,CN->SG,Food,2026-04,0,-0.4054651081081644,71,0.033890343762265636,0.9724137931034482
ChIJJTKmXAAZ2jERH_XyGM1KmqM,CN->SG,Retail,2026-04,0,0.0,118,0.03380476925413151,0.9828571428571429
ChIJw-YN6tYYTjURiVYXBTInQ38,SG->JP,Retail,2026-05,0,0.5877866649021193,268,0.033677283968892545,0.8344827586206897
ChIJN2Lu08lT5TQRuQqXf49TPsE,SG->JP,Hotel,2026-04,0,-0.8266785731844681,93,0.03361272610549626,0.9519230769230769
ChIJdzYEE3MZ2jERGuVTH_L6nTw,CN->SG,Hotel,2026-05,0,0.0548082364949946,1084,0.03349231837232325,0.888
ChIJ_zN7PjcY2jER8S9wD3oL9QE,CN->SG,Hotel,2026-05,0,0.3254224004346278,153,0.03325402465678069,0.896
ChIJayQQ_q8R2jERLJbAEjVYqk0,CN->SG,Food,2026-05,0,0.8754687373538996,133,0.03290796051321297,0.9839080459770115
ChIJrWmr6hkV2jERPhqHEs7MqVw,CN->SG,Retail,2026-04,0,0.0953101798043247,126,0.03290796051321297,0.9885714285714285
ChIJrWmr6hkV2jERPhqHEs7MqVw,CN->SG,Retail,2026-05,0,0.3677247801253174,127,0.03290796051321297,0.9771428571428571
ChIJ1e3y99sZ2jERjIm62pEnUS4,CN->SG,Hotel,2026-04,0,0.1823215567939544,128,0.03283893202849532,0.928
ChIJUyJylxh3QDUR1L1-bVenKuw,SG->JP,Food,2026-04,0,-0.5108256237659905,105,0.032656248841268734,0.9491525423728814
ChIJmbSiPDEY2jERwY-f9Lgy128,CN->SG,Hotel,2026-04,0,0.0870113769896296,134,0.03247854803128972,0.936
ChIJ2zixJNi6HzURx0sOJNDVpDE,SG->JP,Retail,2026-04,0,0.4054651081081641,111,0.032262428186296765,0.8344827586206897
ChIJ2zixJNi6HzURx0sOJNDVpDE,SG->JP,Retail,2026-05,0,0.5877866649021188,113,0.032262428186296765,0.8413793103448276
ChIJeYZiLeNVTzURTN1yZ0UAuGo,SG->JP,Hotel,2026-05,0,0.3364722366212129,200,0.03216351382916762,0.9615384615384616
ChIJqb2jphoF2jERDiStSMJ99FU,CN->SG,Food,2026-04,0,0.2513144282809063,68,0.03173342161278065,0.9747126436781609
ChIJrT_wz7YZ2jER-lLS7atyJsk,CN->SG,Hotel,2026-04,0,0.0210534091978322,750,0.03167803929000747,0.944
ChIJoTeOiaQiTjURisFKPxRQa7A,SG->JP,Retail,2026-04,0,-0.2682639865946792,188,0.031524997428222415,0.8413793103448276
ChIJ6WJrhG0Z2jERFtVbDrD08jM,CN->SG,Food,2026-05,0,0.1035406789408401,622,0.03142539490383364,0.9862068965517241
ChIJ_Ulh3zctHjURVwTSQAD_a68,SG->JP,Hotel,2026-04,0,0.2006706954621511,99,0.03135928534836027,0.9615384615384616
ChIJ2RYvmDE92jERydbpoKoXNZ4,CN->SG,Hotel,2026-05,0,0.9985288301111273,202,0.03135709365851028,0.904
ChIJS_dwpM1OTjURe-R64xTtOBo,SG->JP,Retail,2026-04,0,0.1670540846631665,314,0.031256395315686254,0.8482758620689655
ChIJrT_wz7YZ2jER-lLS7atyJsk,CN->SG,Hotel,2026-05,0,0.3184537311185345,765,0.0311907219141323,0.912
ChIJJTKmXAAZ2jERH_XyGM1KmqM,CN->SG,Retail,2026-05,0,-0.5877866649021192,120,0.030996533728604617,0.9828571428571429
ChIJmbSiPDEY2jERwY-f9Lgy128,CN->SG,Hotel,2026-05,0,0.4700036292457354,135,0.030996533728604617,0.92
ChIJk2hjGKAP2jERtZYCT0TDDOc,CN->SG,Food,2026-05,0,0.5187937934151674,525,0.030786402434276515,0.9885057471264368
ChIJV-UWEcWlGWARXQYpVkvGb4Q,SG->JP,Retail,2026-04,0,-0.7259370033829362,767,0.030747779310141315,0.8551724137931035
ChIJeYZiLeNVTzURTN1yZ0UAuGo,SG->JP,Hotel,2026-04,0,0.0540672212702757,199,0.03067371459201219,0.9711538461538461
ChIJIRFAdjr6GGARZ0ug1rN3PTQ,SG->JP,Retail,2026-04,0,0.1625189294977749,237,0.030449498041680994,0.8620689655172413
ChIJjadGkvsZ2jERWeClIDAZ0NA,CN->SG,Hotel,2026-04,0,0.0,117,0.03040553281325432,0.952
ChIJtajWmHTyGGAR6xYKsY1PeMw,SG->JP,Retail,2026-05,0,0.4054651081081641,113,0.030289262544988305,0.8482758620689655
ChIJ-b2mGjgT2jERStYhYNjd0eU,CN->SG,Food,2026-04,0,-0.2058520542041488,558,0.030198147286096922,0.9770114942528736
ChIJg6GQnwKhB2ARtfMvOw6GAUY,SG->JP,Hotel,2026-05,0,-0.4855078157817009,196,0.0299644461370166,0.9711538461538461
ChIJ2RYvmDE92jERydbpoKoXNZ4,CN->SG,Hotel,2026-04,0,0.3364722366212127,201,0.029900604586136567,0.96
ChIJE8Ua3jsX2jERAG8RxkneTfg,CN->SG,Food,2026-04,0,-0.489548225318706,316,0.029764848648900742,0.9793103448275862
ChIJZxhtw-0R2jERG0NQyn6zY_E,CN->SG,Retail,2026-04,0,0.4054651081081645,85,0.0295751739724583,0.9942857142857143
ChIJTWB9KCuLGGAR_bvE0ilkH2A,SG->JP,Food,2026-04,0,-0.1251631429540061,585,0.0295076328574105,0.9661016949152542
ChIJESUyve-JRTURP7aubyL11ZE,SG->JP,Retail,2026-04,0,-0.3184537311185346,123,0.02907963467002567,0.8689655172413793
ChIJ3QOMkwkZ2jER48gyfhfXUA8,CN->SG,Hotel,2026-04,0,0.0,235,0.029028351268651914,0.968
ChIJ_8Nv80wZTjURkqn_-tJbRKM,SG->JP,Hotel,2026-04,0,0.6931471805599454,115,0.02901639497555848,0.9807692307692307
ChIJwdNgut4P2jERADBq9nQIGc8,CN->SG,Food,2026-04,0,0.8754687373539,74,0.028758641945490767,0.9816091954022989
ChIJg6GQnwKhB2ARtfMvOw6GAUY,SG->JP,Hotel,2026-04,0,-0.8472978603872036,195,0.02858797587631746,0.9903846153846154
ChIJVcTbzycP2jERsdR9HVEL2fY,CN->SG,Food,2026-05,0,0.1541506798272581,65,0.028577741579508802,0.9908045977011494
ChIJQUiaH9IZ2jERI30MhK2ro10,CN->SG,Hotel,2026-04,0,0.0,171,0.028487541543437293,0.976
ChIJQUiaH9IZ2jERI30MhK2ro10,CN->SG,Hotel,2026-05,0,0.6061358035703155,173,0.028487541543437293,0.928
ChIJVedckhqSGGAREwZac8equvw,SG->JP,Retail,2026-04,0,-0.1823215567939546,69,0.028408064785090868,0.8758620689655172
ChIJt7FDHlYcTjURVLARPslTdQM,SG->JP,Retail,2026-05,0,-0.0540672212702757,249,0.028277624859805547,0.8551724137931035
ChIJnb-ocDkY2jERqMhvbUmQH8s,CN->SG,Hotel,2026-05,0,0.3101549283038394,160,0.02817626914604843,0.936
ChIJeWBIKsb8GGAR8VecLdb1-2A,SG->JP,Retail,2026-05,0,0.492476485097794,148,0.028085141420745034,0.8620689655172413
ChIJ7eycVVEX2jERh6RO7RYJc58,CN->SG,Retail,2026-05,0,-0.4054651081081645,70,0.02806218606854394,0.9885714285714285
ChIJm42uSbMeTjURuZdjMDVfGGA,SG->JP,Hotel,2026-05,0,-1.0986122886681098,78,0.027728581496765756,0.9807692307692307
ChIJMduSTzgQ2jEROj60t5-zEL8,CN->SG,Food,2026-04,0,0.1431008436406731,156,0.02770689319719844,0.9839080459770115
ChIJayQQ_q8R2jERLJbAEjVYqk0,CN->SG,Food,2026-04,0,0.9985288301111273,130,0.027567877438700383,0.9862068965517241
ChIJ__9PVN5YGGAR53mTFlnQLDo,SG->JP,Retail,2026-05,0,0.4519851237430574,98,0.027432051224067833,0.8689655172413793
ChIJ99TNbQ0Z2jERRn54Uqk3ojc,CN->SG,Food,2026-04,0,0.4177352006999784,406,0.027182890784003832,0.9885057471264368
ChIJc6VJNdJeGGARxk2psHxPies,SG->JP,Retail,2026-04,0,0.0800427076735366,151,0.026734776806246637,0.8827586206896552
ChIJn1OEhQKTGGAR0jREHfO2ILc,SG->JP,Food,2026-04,0,-0.1335313926245225,226,0.026593021402087406,0.9830508474576272
ChIJv1ESuGbsGGARYeEJM0OK1tM,SG->JP,Retail,2026-04,0,-0.2641515750415868,564,0.02654717872624823,0.8896551724137931
ChIJV-UWEcWlGWARXQYpVkvGb4Q,SG->JP,Retail,2026-05,0,-0.3677247801253172,782,0.02587947131189213,0.8758620689655172
ChIJVcTbzycP2jERsdR9HVEL2fY,CN->SG,Food,2026-04,0,0.3364722366212128,64,0.02586927355493311,0.9908045977011494
ChIJy0tmZskZ2jER8OTBC1Aiuxw,CN->SG,Hotel,2026-05,0,0.3150810466398952,382,0.02573667287848379,0.944
ChIJvSNUrQq6B2AR3H349NlLqHM,SG->JP,Retail,2026-04,0,-0.5108256237659907,215,0.0257174651944406,0.896551724137931
ChIJoTeOiaQiTjURisFKPxRQa7A,SG->JP,Retail,2026-05,0,-0.5465437063680698,194,0.0257174651944406,0.8827586206896552
ChIJPevMtzMP2jERtAMYoTk2QM4,CN->SG,Retail,2026-05,0,0.4054651081081641,153,0.02569814770351945,0.9942857142857143
ChIJ1e3y99sZ2jERjIm62pEnUS4,CN->SG,Hotel,2026-05,0,0.6931471805599453,130,0.025677343190776244,0.952
ChIJn1OEhQKTGGAR0jREHfO2ILc,SG->JP,Food,2026-05,0,0.3364722366212129,227,0.02562053182460718,0.9830508474576272
ChIJCeHWq2W6HzURoOE98n4fIBU,SG->JP,Retail,2026-05,0,0.1823215567939546,62,0.025518867387970386,0.8896551724137931
ChIJ2a-inzYY2jERLUhmFqKO46I,CN->SG,Hotel,2026-05,0,-0.3856624808119846,300,0.02537528609698302,0.96
ChIJ4S9I8FgYTjUR1Y1j8ARObq8,SG->JP,Retail,2026-05,0,0.1541506798272582,179,0.025227763379341926,0.896551724137931
ChIJk2hjGKAP2jERtZYCT0TDDOc,CN->SG,Food,2026-04,0,0.3215836241274625,513,0.02494267361532304,0.993103448275862
ChIJj9ZCQAwHUjURpny6kqOtTAY,SG->JP,Retail,2026-04,0,-0.2006706954621511,96,0.024942312827414485,0.903448275862069
ChIJESFr2k0Z2jERrLN54MLYQoM,CN->SG,Hotel,2026-05,0,-0.4519851237430574,106,0.024673967881558446,0.968
ChIJt7FDHlYcTjURVLARPslTdQM,SG->JP,Retail,2026-04,0,-0.1823215567939546,244,0.02461046777059767,0.9103448275862069
ChIJ4S9I8FgYTjUR1Y1j8ARObq8,SG->JP,Retail,2026-04,0,0.2411620568168879,175,0.024566769215705782,0.9172413793103448
ChIJESUyve-JRTURP7aubyL11ZE,SG->JP,Retail,2026-05,0,0.3184537311185346,125,0.024551808861908817,0.903448275862069
ChIJAWzvAQccTjURjn3xQayT-o4,SG->JP,Retail,2026-05,0,-0.4238142467763608,647,0.024396434849173716,0.9103448275862069
ChIJ__9PVN5YGGAR53mTFlnQLDo,SG->JP,Retail,2026-04,0,0.4519851237430574,96,0.02424465265810744,0.9241379310344827
ChIJ3QOMkwkZ2jER48gyfhfXUA8,CN->SG,Hotel,2026-05,0,0.0,239,0.023842528605608516,0.976
ChIJv1ESuGbsGGARYeEJM0OK1tM,SG->JP,Retail,2026-05,0,-0.1612681475961221,576,0.023819551735086705,0.9172413793103448
ChIJnRywEBI92jERWqCDxYWJXzc,CN->SG,Food,2026-04,0,0.1929036661244914,564,0.02381775882084499,0.9954022988505747
ChIJQYPmbysY2jERWY6H8h83tn4,CN->SG,Food,2026-05,0,-0.2876820724517808,102,0.023645977352963924,0.993103448275862
ChIJc6VJNdJeGGARxk2psHxPies,SG->JP,Retail,2026-05,0,0.2411620568168879,152,0.023404198573461328,0.9241379310344827
ChIJjadGkvsZ2jERWeClIDAZ0NA,CN->SG,Hotel,2026-05,0,0.0,118,0.02262409141756327,0.984
ChIJowu_pTIZTjURYsZr7zEtEWo,SG->JP,Retail,2026-05,0,0.0476280489892548,434,0.022487410160226914,0.9310344827586207
ChIJowu_pTIZTjURYsZr7zEtEWo,SG->JP,Retail,2026-04,0,-0.2795848622191612,422,0.022487410160226914,0.9310344827586207
ChIJZxhtw-0R2jERG0NQyn6zY_E,CN->SG,Retail,2026-05,0,0.4054651081081643,88,0.022423199019649905,1.0
ChIJMduSTzgQ2jEROj60t5-zEL8,CN->SG,Food,2026-05,0,-0.0741079721537216,161,0.0224133304290404,0.9954022988505747
ChIJmcHdP0xnGGAR4PA_pkxyAag,SG->JP,Retail,2026-05,0,0.4054651081081645,64,0.022364559339250165,0.9379310344827586
ChIJj9ZCQAwHUjURpny6kqOtTAY,SG->JP,Retail,2026-05,0,0.5108256237659905,96,0.022074611415583766,0.9448275862068966
ChIJ-ciDSZKIGGARK3ruxPUTLyw,SG->JP,Retail,2026-05,0,0.0,84,0.022026769945400787,0.9517241379310345
ChIJN-UyNaciTjUR3mMhE2WId9s,SG->JP,Retail,2026-05,0,1.1786549963416464,105,0.021984733529814376,0.9586206896551724
ChIJl5S5fT0Y2jERwJsMUEULTa0,CN->SG,Hotel,2026-05,0,-0.1743533871447777,254,0.02146993213683252,0.992
ChIJEWPGC6LyGGARq8NKk17BIFo,SG->JP,Retail,2026-05,0,0.1541506798272581,85,0.021172049178560047,0.9655172413793104
ChIJZ-5Yq0wZTjURuRxXKNlraY8,SG->JP,Hotel,2026-05,0,-0.0870113769896296,168,0.0207787839005037,0.9903846153846154
ChIJIycjiMYeTjUR_TJ-PX1LG08,SG->JP,Retail,2026-04,0,-0.3483066942682158,120,0.020697742534259257,0.9379310344827586
ChIJMyQRVfPrGGAR7x3nAqQS1vM,SG->JP,Retail,2026-04,0,-0.2006706954621511,88,0.020606679385898306,0.9448275862068966
ChIJMyQRVfPrGGAR7x3nAqQS1vM,SG->JP,Retail,2026-05,0,0.0,88,0.020606679385898306,0.9724137931034482
ChIJnbVsoVfATzURBPd35TALWN4,SG->JP,Retail,2026-04,0,-0.3677247801253174,100,0.020444370206446724,0.9517241379310345
ChIJnbVsoVfATzURBPd35TALWN4,SG->JP,Retail,2026-05,0,-0.1670540846631663,102,0.020444370206446724,0.9793103448275862
ChIJAWzvAQccTjURjn3xQayT-o4,SG->JP,Retail,2026-04,0,-0.6466271649250523,641,0.020218183567514036,0.9586206896551724
ChIJnRywEBI92jERWqCDxYWJXzc,CN->SG,Food,2026-05,0,0.1512309697239233,574,0.019782529397748386,0.9977011494252873
ChIJmcHdP0xnGGAR4PA_pkxyAag,SG->JP,Retail,2026-04,0,0.1541506798272581,63,0.019486575893596956,0.9655172413793104
ChIJn1-b2CU92jER7pvyLYfEfWQ,CN->SG,Hotel,2026-04,0,0.287682072451781,125,0.01898025753769822,0.984
ChIJnb-ocDkY2jERqMhvbUmQH8s,CN->SG,Hotel,2026-04,0,0.0,158,0.018926970785518173,0.992
ChIJn1-b2CU92jER7pvyLYfEfWQ,CN->SG,Hotel,2026-05,0,-0.5465437063680698,132,0.018851939038414436,1.0
ChIJtajWmHTyGGAR6xYKsY1PeMw,SG->JP,Retail,2026-04,0,-0.0870113769896296,110,0.018328151510608882,0.9724137931034482
ChIJkShVOKeLGGARcYDRvE0Xl3U,SG->JP,Food,2026-04,0,0.4274440148269398,247,0.01825370181826705,1.0
ChIJaeIO2TFyFWARVUi1aPczROw,SG->JP,Hotel,2026-05,0,0.4700036292457357,58,0.018174519066457485,1.0
ChIJm42uSbMeTjURuZdjMDVfGGA,SG->JP,Hotel,2026-04,0,-1.4663370687934272,78,0.018080716481907073,1.0
ChIJIacjNXAYTjURAVqJPAkOOws,SG->JP,Retail,2026-04,0,-0.1823215567939544,216,0.01773644757047477,0.9793103448275862
ChIJp6Le2zYY2jERIyzHaNF7g8E,CN->SG,Hotel,2026-04,0,-0.1177830356563834,90,0.017703206200570726,1.0
ChIJ-ciDSZKIGGARK3ruxPUTLyw,SG->JP,Retail,2026-04,0,0.0741079721537216,80,0.017455612180691468,0.9862068965517241
ChIJzS4a-JU92jERtXlh9tIkG64,CN->SG,Food,2026-04,0,1.2992829841302609,79,0.017346941349911986,0.9977011494252873
ChIJVedckhqSGGAREwZac8equvw,SG->JP,Retail,2026-05,0,0.1541506798272581,69,0.017203775504285146,0.9862068965517241
ChIJM5XhS5IP2jEROHYnmj2eHMA,CN->SG,Food,2026-05,0,0.9162907318741552,76,0.01711242229216761,1.0
ChIJM5XhS5IP2jEROHYnmj2eHMA,CN->SG,Food,2026-04,0,0.4054651081081644,75,0.01711242229216761,1.0
ChIJkShVOKeLGGARcYDRvE0Xl3U,SG->JP,Food,2026-05,0,0.7282385003712153,252,0.01616113685637613,1.0
ChIJeWBIKsb8GGAR8VecLdb1-2A,SG->JP,Retail,2026-04,0,-0.1431008436406731,146,0.01560435815402719,0.993103448275862
ChIJPR_i4_IBTjUR1qbPFkqACZA,SG->JP,Retail,2026-04,0,-0.1625189294977749,145,0.01513639714038347,1.0
ChIJPR_i4_IBTjUR1qbPFkqACZA,SG->JP,Retail,2026-05,0,-0.3829922522561058,152,0.014554617471454263,0.993103448275862
ChIJIacjNXAYTjURAVqJPAkOOws,SG->JP,Retail,2026-05,0,-0.7576857016975167,227,0.01349302553850312,1.0
ChIJ7eycVVEX2jERh6RO7RYJc58,CN->SG,Retail,2026-04,0,0.1335313926245228,67,0.013408620867038942,1.0
